{"a": 0.7, "b": 0.3, "communities0": [[0, 164], [1, 116], [2, 36], [176, 3], [4, 133, 75, 107, 142, 144, 178, 56, 26, 61], [132, 5, 6, 17, 22, 151, 165, 44, 45, 51, 179, 57, 58, 62, 63, 64, 66, 68, 87, 97, 105, 123], [80, 7], [32, 8, 40, 137, 141, 14, 111, 18, 114], [9, 10, 11, 139, 23, 152, 27, 156, 29, 163, 37, 171, 70, 82, 84, 89, 90, 96, 104, 109, 115, 119, 121, 124, 125], [162, 12], [13, 159], [150, 15], [16, 53], [91, 67, 19], [41, 20], [169, 21], [24, 135], [25, 155], [177, 28], [110, 30], [143, 31], [33, 172], [34, 126], [74, 35, 85], [43, 38], [170, 39], [88, 42], [153, 46], [92, 47], [48, 167], [49, 77], [50, 106], [131, 52], [54, 127], [161, 55], [59, 86], [60, 101], [65, 140], [108, 69], [145, 71], [72, 83], [73, 100], [76, 174], [78, 95], [128, 79], [81, 138], [113, 93, 166, 103], [98, 94], [99, 157], [154, 102], [112, 158], [130, 117], [149, 118], [120, 134], [122, 173], [168, 129], [136, 175], [146, 147], [160, 148]], "q0": 0.47637657905349273, "f0": 0.8647061437393548}