{"a": 0.8, "b": 0.2, "communities0": [[0, 62], [1, 165], [2, 107], [3, 93], [41, 4], [5, 111], [6, 95], [59, 7], [8, 187], [160, 9], [10, 179], [184, 11, 222], [19, 12], [176, 13], [131, 14], [205, 15], [16, 33], [17, 117], [18, 223], [49, 20], [74, 21], [29, 22], [219, 70, 23], [24, 35], [25, 147], [26, 69], [200, 27], [28, 102], [67, 30], [162, 31], [32, 215], [145, 34], [36, 182], [201, 37], [60, 38], [166, 39], [40, 58, 96], [192, 42], [43, 76], [44, 229], [84, 45], [154, 46], [217, 47], [48, 193], [50, 174], [51, 149], [52, 214], [65, 53], [109, 54], [130, 55], [56, 173], [72, 57], [73, 61], [202, 87, 63], [64, 140], [66, 118], [68, 231], [168, 71], [144, 75, 196], [210, 77], [114, 78], [135, 169, 79], [80, 194], [81, 153], [178, 82], [83, 86], [85, 151], [88, 228], [89, 125], [224, 90], [91, 156], [211, 92, 230], [158, 94], [97, 227], [105, 98], [99, 163], [100, 213], [101, 207], [137, 199, 103], [104, 152], [106, 157], [226, 108], [209, 110], [112, 183], [113, 177], [115, 133], [136, 116], [132, 119], [120, 141], [121, 170], [122, 167], [123, 189], [124, 221], [155, 126], [220, 127], [128, 171], [129, 164], [186, 134], [208, 138], [139, 148], [216, 142], [195, 143], [146, 172], [150, 175], [181, 159], [161, 198], [232, 180], [185, 188], [218, 190], [212, 191], [204, 197], [203, 206], [225, 233]], "q0": 0.4975445246736903, "f0": 0.9397938840489491}