{"a": 0.4, "b": 0.6, "communities0": [[0, 20], [144, 1], [8, 2], [3, 109], [4, 117], [5, 87], [182, 6], [53, 7], [9, 55], [17, 10], [11, 148], [12, 36], [88, 13, 143], [14, 159], [147, 15], [16, 100], [18, 99], [57, 19], [42, 140, 145, 21, 89, 92, 31], [33, 162, 22], [152, 116, 23], [24, 151], [65, 25], [26, 154], [27, 126], [28, 29], [46, 30], [32, 170], [34, 173], [98, 35, 122], [105, 37, 38], [41, 39], [40, 60, 111, 84], [43, 171], [44, 150], [45, 181], [165, 166, 108, 155, 47, 114, 51, 91, 156, 158], [48, 74], [96, 49], [50, 62], [113, 52], [77, 54], [56, 177, 125, 135], [58, 83], [121, 59], [161, 61], [97, 63], [64, 103], [66, 110], [67, 68], [168, 69], [90, 70], [132, 71], [72, 172], [73, 118], [75, 141], [115, 76], [94, 78], [124, 79], [80, 174], [81, 163], [82, 157], [128, 85], [93, 86], [102, 95], [179, 101], [104, 123], [106, 183], [107, 134], [112, 133], [129, 119], [120, 127], [130, 139], [169, 131], [136, 176], [137, 146], [138, 164], [180, 142], [178, 149], [153, 167], [160, 175]], "q0": 0.49340012451108384, "f0": 0.9226519440312891}