{"a": 0.7, "b": 0.3, "communities0": [[0, 151], [112, 1, 61, 79], [129, 2, 13, 19, 20, 21, 164, 169, 43, 56, 59, 202, 208, 89, 219, 220, 233, 110, 113, 116, 126], [3, 133, 134, 135, 147, 24, 25, 163, 45, 179, 55, 193, 195, 201, 215, 97, 225, 100, 234, 236, 238, 239], [4, 132, 9, 10, 138, 139, 15, 18, 149, 150, 153, 26, 155, 35, 38, 166, 40, 167, 168, 170, 46, 175, 176, 177, 51, 52, 54, 184, 185, 186, 190, 63, 191, 66, 67, 194, 196, 199, 203, 76, 77, 78, 210, 85, 213, 217, 231, 105, 111, 114, 244, 121, 122], [161, 5, 12, 172, 240, 81, 30], [104, 6], [131, 69, 230, 7, 27, 41, 141, 206, 214, 91], [8, 136], [11, 174, 212, 22, 93], [226, 101, 70, 107, 14, 207, 209, 57, 125], [34, 227, 16, 48, 181, 118, 159], [17, 124, 109], [235, 237, 144, 146, 243, 245, 23, 158, 95], [96, 99, 228, 232, 42, 204, 28, 189], [32, 102, 39, 198, 73, 83, 87, 123, 29], [65, 137, 205, 50, 211, 31], [33, 171, 157, 58, 221], [218, 36, 82], [72, 37], [90, 187, 44, 98], [128, 68, 75, 108, 47, 143, 53, 154], [200, 49], [242, 180, 60], [160, 62], [64, 80], [216, 71], [74, 156], [88, 188, 120, 84], [86, 103], [92, 173], [224, 94, 142], [106, 130], [145, 115], [162, 117], [119, 223], [229, 127], [178, 140, 165], [148, 183], [152, 241], [197, 182], [192, 222]], "q0": 0.45384428357995554, "f0": 0.9264656422884395}