{"a": 0.8, "b": 0.2, "communities0": [[0, 19], [1, 130], [9, 2], [3, 95], [4, 102], [5, 77], [162, 6], [43, 7], [8, 107, 31], [16, 10], [11, 135], [32, 12], [13, 134], [70, 14], [82, 87, 86, 15], [17, 85], [18, 46], [147, 20, 30], [137, 21], [139, 22], [113, 23], [24, 25], [26, 39], [27, 38, 79], [28, 71], [154, 29], [33, 34, 90], [35, 36], [155, 37], [40, 61], [41, 51, 140], [42, 99], [64, 44], [112, 123, 45, 158], [72, 47], [48, 106], [73, 97, 49], [50, 148], [88, 52], [96, 53], [54, 55], [56, 152], [80, 57], [120, 58], [59, 103], [60, 84], [128, 62], [101, 63], [65, 110], [66, 156], [145, 67], [132, 68], [69, 143], [74, 117], [75, 115], [83, 76], [131, 78], [81, 94], [89, 109], [91, 163], [122, 92], [142, 93, 150, 141], [121, 98], [144, 100], [104, 116], [105, 114], [161, 108], [146, 111], [118, 127], [153, 119], [124, 157], [125, 133], [149, 126], [160, 129], [136, 159], [138, 151]], "q0": 0.4948785230965954, "f0": 0.9131614927426654}