{
  "transactionTimestamps": [
    1706087283471,
    1706087284337,
    1706087285358,
    1706087286189,
    1706087286855,
    1706087287613,
    1706087288437,
    1706087289428,
    1706087290121,
    1706087290928,
    1706087291771
  ],
  "blockTimestamps": [
    1706087286730,
    1706087289732,
    1706087292727,
    1706087295727
  ],
  "blockTimes": [
    1706087286,
    1706087289,
    1706087292,
    1706087295
  ],
  "blockTransactions": [
    1,
    3,
    4,
    3
  ],
  "Delays": [
    3259,
    5395,
    4374,
    3543,
    5872,
    5114,
    4290,
    3299,
    5606,
    4799,
    3956
  ],
  "Throughputs": [
    0.3068425897514575,
    0.6388755789809935,
    0.8643042350907519,
    0.8975195822454308
  ],
  "AverageDelays": [
    3259,
    4142.75,
    4393.25,
    4500.636363636364
  ]
}