{
  "transactionTimestamps": [
    1706087038195,
    1706087038349,
    1706087038994,
    1706087039705,
    1706087040759,
    1706087041810,
    1706087042522,
    1706087043251,
    1706087043326,
    1706087044422,
    1706087045510,
    1706087046639,
    1706087047542,
    1706087048491
  ],
  "blockTimestamps": [
    1706087043732,
    1706087046737,
    1706087049738,
    1706087052727
  ],
  "blockTimes": [
    1706087043,
    1706087046,
    1706087049,
    1706087052
  ],
  "blockTransactions": [
    4,
    5,
    2,
    3
  ],
  "Delays": [
    5537,
    5383,
    4738,
    4027,
    5978,
    4927,
    4215,
    3486,
    3411,
    5316,
    4228,
    6088,
    5185,
    4236
  ],
  "Throughputs": [
    0.7224128589488893,
    1.0536174198080075,
    0.9529585029888245,
    0.9633911368015414
  ],
  "AverageDelays": [
    4921.25,
    4633.555555555556,
    4658.727272727273,
    4768.214285714285
  ]
}