{
  "transactionTimestamps": [
    1706087103356,
    1706087103356,
    1706087104473,
    1706087104021,
    1706087104750,
    1706087105510,
    1706087105755,
    1706087106323,
    1706087106616,
    1706087107080,
    1706087107563,
    1706087107839
  ],
  "blockTimestamps": [
    1706087106729,
    1706087110335,
    1706087112728
  ],
  "blockTimes": [
    1706087106,
    1706087109,
    1706087112
  ],
  "blockTransactions": [
    2,
    6,
    4
  ],
  "Delays": [
    3373,
    3373,
    5862,
    6314,
    5585,
    4825,
    4580,
    4012,
    6112,
    5648,
    5165,
    4889
  ],
  "Throughputs": [
    0.5929439667951378,
    1.1462960309499928,
    1.2804097311139564
  ],
  "AverageDelays": [
    3373,
    4740.5,
    4978.166666666667
  ]
}