{
  "transactionTimestamps": [
    1706087268471,
    1706087268471,
    1706087269152,
    1706087269184,
    1706087269973,
    1706087270269,
    1706087270704,
    1706087271149,
    1706087271381,
    1706087271889,
    1706087272474,
    1706087272783
  ],
  "blockTimestamps": [
    1706087271737,
    1706087274739,
    1706087277729
  ],
  "blockTimes": [
    1706087271,
    1706087274,
    1706087277
  ],
  "blockTransactions": [
    2,
    7,
    3
  ],
  "Delays": [
    3266,
    3266,
    5587,
    5555,
    4766,
    4470,
    4035,
    3590,
    3358,
    5840,
    5255,
    4946
  ],
  "Throughputs": [
    0.612369871402327,
    1.4358647096362476,
    1.2961762799740766
  ],
  "AverageDelays": [
    3266,
    4210.333333333333,
    4494.5
  ]
}