{
  "transactionTimestamps": [
    1706086864308,
    1706086864307,
    1706086864309,
    1706086865372,
    1706086865451,
    1706086865481,
    1706086866351,
    1706086866475,
    1706086866196,
    1706086866908,
    1706086867315,
    1706086867362,
    1706086867623,
    1706086868326,
    1706086868326,
    1706086868621,
    1706086869368,
    1706086869399,
    1706086869585,
    1706086870298,
    1706086870439,
    1706086870580,
    1706086871077,
    1706086871451,
    1706086871543,
    1706086871762,
    1706086872303,
    1706086872335
  ],
  "blockTimestamps": [
    1706086867419,
    1706086872747,
    1706086875731
  ],
  "blockTimes": [
    1706086866,
    1706086872,
    1706086875
  ],
  "blockTransactions": [
    10,
    8,
    10
  ],
  "Delays": [
    3111,
    3112,
    3110,
    2047,
    1968,
    1938,
    1068,
    944,
    1223,
    511,
    5432,
    5385,
    5124,
    4421,
    4421,
    4126,
    3379,
    3348,
    6146,
    5433,
    5292,
    5151,
    4654,
    4280,
    4188,
    3969,
    3428,
    3396
  ],
  "Throughputs": [
    3.214400514304082,
    2.132954141485958,
    2.4511949575418015
  ],
  "AverageDelays": [
    1903.2,
    3037.1111111111113,
    3593.035714285714
  ]
}