{
  "transactionTimestamps": [
    1706087403534,
    1706087403534,
    1706087404376,
    1706087404656,
    1706087405400,
    1706087405635,
    1706087406032,
    1706087406282,
    1706087407033,
    1706087407390,
    1706087408428,
    1706087407901
  ],
  "blockTimestamps": [
    1706087409731,
    1706087412735,
    1706087415738
  ],
  "blockTimes": [
    1706087409,
    1706087412,
    1706087415
  ],
  "blockTransactions": [
    8,
    3,
    1
  ],
  "Delays": [
    6197,
    6197,
    5355,
    5075,
    4331,
    4096,
    3699,
    3449,
    5702,
    5345,
    4307,
    7837
  ],
  "Throughputs": [
    1.2909472325318703,
    1.1955222258450169,
    0.983284169124877
  ],
  "AverageDelays": [
    4799.875,
    4886.636363636364,
    5132.5
  ]
}