{
  "transactionTimestamps": [
    1706087118362,
    1706087118360,
    1706087119030,
    1706087119389,
    1706087119995,
    1706087119888,
    1706087120986,
    1706087121001,
    1706087121602,
    1706087121943,
    1706087122543,
    1706087122666,
    1706087123314,
    1706087123590,
    1706087124224,
    1706087124642,
    1706087125309,
    1706087125093,
    1706087126204,
    1706087127193
  ],
  "blockTimestamps": [
    1706087121733,
    1706087124731,
    1706087127734,
    1706087130737
  ],
  "blockTimes": [
    1706087121,
    1706087124,
    1706087127,
    1706087130
  ],
  "blockTransactions": [
    2,
    6,
    7,
    5
  ],
  "Delays": [
    3371,
    3373,
    5701,
    5342,
    4736,
    4843,
    3745,
    3730,
    6132,
    5791,
    5191,
    5068,
    4420,
    4144,
    3510,
    6095,
    5428,
    5644,
    4533,
    3544
  ],
  "Throughputs": [
    0.5932957579353307,
    1.2560841576385617,
    1.6005121638924455,
    1.6161616161616161
  ],
  "AverageDelays": [
    3372,
    4355.125,
    4606.466666666666,
    4717.05
  ]
}