{
  "transactionTimestamps": [
    1706087292715,
    1706087298483,
    1706087298484,
    1706087299353,
    1706087299554,
    1706087300160,
    1706087300177,
    1706087300933,
    1706087301178,
    1706087301720,
    1706087301968,
    1706087302573,
    1706087302804
  ],
  "blockTimestamps": [
    1706087298733,
    1706087301724,
    1706087304727,
    1706087307728
  ],
  "blockTimes": [
    1706087298,
    1706087301,
    1706087304,
    1706087307
  ],
  "blockTransactions": [
    1,
    2,
    6,
    4
  ],
  "Delays": [
    6018,
    3241,
    3240,
    5374,
    5173,
    4567,
    4550,
    3794,
    3549,
    6008,
    5760,
    5155,
    4924
  ],
  "Throughputs": [
    0.16616816218012628,
    0.333000333000333,
    0.7492507492507492,
    0.8659162059548391
  ],
  "AverageDelays": [
    6018,
    4166.333333333333,
    4389.555555555556,
    4719.461538461538
  ]
}