{
  "transactionTimestamps": [
    1706087433552,
    1706087433552,
    1706087434291,
    1706087434490,
    1706087435308,
    1706087435542,
    1706087436191,
    1706087436583,
    1706087437016,
    1706087437698,
    1706087438021,
    1706087438576
  ],
  "blockTimestamps": [
    1706087439733,
    1706087442728
  ],
  "blockTimes": [
    1706087439,
    1706087442
  ],
  "blockTransactions": [
    7,
    5
  ],
  "Delays": [
    6181,
    6181,
    5442,
    5243,
    4425,
    4191,
    3542,
    6145,
    5712,
    5030,
    4707,
    4152
  ],
  "Throughputs": [
    1.1325028312570782,
    1.3077593722755012
  ],
  "AverageDelays": [
    5029.285714285715,
    5079.25
  ]
}