{
  "transactionTimestamps": [
    1706086902814,
    1706086903046,
    1706086903356,
    1706086903418,
    1706086903728,
    1706086903731,
    1706086904134,
    1706086904259,
    1706086904508,
    1706086904539,
    1706086905171,
    1706086905189,
    1706086905482,
    1706086905668,
    1706086905913,
    1706086906131,
    1706086906211,
    1706086906754,
    1706086907218,
    1706086907280,
    1706086907803,
    1706086908004,
    1706086908236,
    1706086908237,
    1706086908358,
    1706086908649,
    1706086908805,
    1706086909069,
    1706086909271,
    1706086909288,
    1706086909583,
    1706086909736,
    1706086909768,
    1706086910124,
    1706086910185,
    1706086910385,
    1706086910493,
    1706086911067,
    1706086911175,
    1706086911205,
    1706086911388,
    1706086911871,
    1706086912053,
    1706086912129,
    1706086912237,
    1706086912718,
    1706086912751,
    1706086913043,
    1706086913308,
    1706086913553,
    1706086914186,
    1706086914248,
    1706086915079,
    1706086915170,
    1706086916070
  ],
  "blockTimestamps": [
    1706086908744,
    1706086911742,
    1706086914744,
    1706086917731,
    1706086920734
  ],
  "blockTimes": [
    1706086908,
    1706086911,
    1706086914,
    1706086917,
    1706086920
  ],
  "blockTransactions": [
    13,
    12,
    16,
    10,
    4
  ],
  "Delays": [
    5930,
    5698,
    5388,
    5326,
    5016,
    5013,
    4610,
    4485,
    4236,
    4205,
    3573,
    3555,
    3262,
    6074,
    5829,
    5611,
    5531,
    4988,
    4524,
    4462,
    3939,
    3738,
    3506,
    3505,
    3384,
    6095,
    5939,
    5675,
    5473,
    5456,
    5161,
    5008,
    4976,
    4620,
    4559,
    4359,
    4251,
    3677,
    3569,
    3539,
    3356,
    5860,
    5678,
    5602,
    5494,
    5013,
    4980,
    4688,
    4423,
    4178,
    3545,
    6486,
    5655,
    5564,
    4664
  ],
  "Throughputs": [
    2.1922428330522767,
    2.800179211469534,
    3.4367141659681475,
    3.418918013005296,
    3.0691964285714284
  ],
  "AverageDelays": [
    4638.2307692307695,
    4615.52,
    4661,
    4716.901960784314,
    4780.563636363637
  ]
}