{
  "transactionTimestamps": [
    1706087373521,
    1706087374542,
    1706087375253,
    1706087376040,
    1706087377109,
    1706087378107
  ],
  "blockTimestamps": [
    1706087376740,
    1706087379736,
    1706087382731
  ],
  "blockTimes": [
    1706087376,
    1706087379,
    1706087382
  ],
  "blockTransactions": [
    1,
    3,
    2
  ],
  "Delays": [
    3219,
    5194,
    4483,
    3696,
    5622,
    4624
  ],
  "Throughputs": [
    0.3106554830692762,
    0.6436041834271923,
    0.6514657980456026
  ],
  "AverageDelays": [
    3219,
    4148,
    4473
  ]
}