{
  "transactionTimestamps": [
    1706087448559,
    1706087448559,
    1706087449297,
    1706087449452,
    1706087450087,
    1706087450087,
    1706087450722,
    1706087451124,
    1706087451713,
    1706087451760,
    1706087452627,
    1706087452765
  ],
  "blockTimestamps": [
    1706087454735,
    1706087457733
  ],
  "blockTimes": [
    1706087454,
    1706087457
  ],
  "blockTransactions": [
    8,
    4
  ],
  "Delays": [
    6176,
    6176,
    5438,
    5283,
    4648,
    4648,
    4013,
    3611,
    6020,
    5973,
    5106,
    4968
  ],
  "Throughputs": [
    1.2953367875647668,
    1.3080444735120995
  ],
  "AverageDelays": [
    4999.125,
    5171.666666666667
  ]
}