{
  "transactionTimestamps": [
    1706087217978,
    1706087218783,
    1706087223437,
    1706087223442,
    1706087224366,
    1706087224398,
    1706087225031,
    1706087225046,
    1706087225637,
    1706087226024,
    1706087226287,
    1706087227045,
    1706087227199,
    1706087228092
  ],
  "blockTimestamps": [
    1706087223726,
    1706087226727,
    1706087230337,
    1706087232732
  ],
  "blockTimes": [
    1706087223,
    1706087226,
    1706087229,
    1706087232
  ],
  "blockTransactions": [
    2,
    2,
    7,
    3
  ],
  "Delays": [
    5748,
    4943,
    3290,
    3285,
    5971,
    5939,
    5306,
    5291,
    4700,
    4313,
    4050,
    5687,
    5533,
    4640
  ],
  "Throughputs": [
    0.34794711203897005,
    0.45719510801234425,
    0.8900396472206489,
    0.9488952148569879
  ],
  "AverageDelays": [
    5345.5,
    4316.5,
    4803.272727272727,
    4906.857142857143
  ]
}