{
  "transactionTimestamps": [
    1706086962359,
    1706086963207,
    1706086963362,
    1706086963750,
    1706086964320,
    1706086964459,
    1706086964629,
    1706086963165,
    1706086965076,
    1706086965139,
    1706086965263,
    1706086965793,
    1706086966145,
    1706086966190,
    1706086966578,
    1706086966979,
    1706086967644,
    1706086968013,
    1706086968258,
    1706086968275,
    1706086967073,
    1706086969029,
    1706086969029,
    1706086969133,
    1706086969658,
    1706086969752,
    1706086969802,
    1706086970460,
    1706086970475,
    1706086970735,
    1706086970857,
    1706086971228,
    1706086969986,
    1706086971472,
    1706086971609,
    1706086971947,
    1706086972052,
    1706086972222,
    1706086972285,
    1706086972593,
    1706086972898,
    1706086973023,
    1706086973426,
    1706086973841,
    1706086973872,
    1706086974831,
    1706086974723,
    1706086974195,
    1706086975640,
    1706086975670,
    1706086976304,
    1706086976503,
    1706086976963,
    1706086977315,
    1706086977378,
    1706086977579
  ],
  "blockTimestamps": [
    1706086968733,
    1706086971741,
    1706086974737,
    1706086977735,
    1706086980731
  ],
  "blockTimes": [
    1706086968,
    1706086971,
    1706086974,
    1706086977,
    1706086980
  ],
  "blockTransactions": [
    11,
    9,
    14,
    11,
    11
  ],
  "Delays": [
    6374,
    5526,
    5371,
    4983,
    4413,
    4274,
    4104,
    5568,
    3657,
    3594,
    3470,
    5948,
    5596,
    5551,
    5163,
    4762,
    4097,
    3728,
    3483,
    3466,
    7664,
    5708,
    5708,
    5604,
    5079,
    4985,
    4935,
    4277,
    4262,
    4002,
    3880,
    3509,
    4751,
    3265,
    6126,
    5788,
    5683,
    5513,
    5450,
    5142,
    4837,
    4712,
    4309,
    3894,
    3863,
    5900,
    6008,
    6536,
    5091,
    5061,
    4427,
    4228,
    3768,
    3416,
    3353,
    3152
  ],
  "Throughputs": [
    1.7257609036711643,
    2.131741632914091,
    2.7468088544191307,
    2.926638917793965,
    3.04811669932506
  ],
  "AverageDelays": [
    4666.727272727273,
    4656.4,
    4728.14705882353,
    4801.644444444444,
    4768.107142857143
  ]
}