{
  "transactionTimestamps": [
    1706087163389,
    1706087164243,
    1706087164851,
    1706087165488,
    1706087166200,
    1706087166942,
    1706087170085
  ],
  "blockTimestamps": [
    1706087166724,
    1706087169730,
    1706087172727,
    1706087175724
  ],
  "blockTimes": [
    1706087166,
    1706087169,
    1706087172,
    1706087175
  ],
  "blockTransactions": [
    1,
    4,
    1,
    1
  ],
  "Delays": [
    3335,
    5487,
    4879,
    4242,
    3530,
    5785,
    5639
  ],
  "Throughputs": [
    0.29985007496251875,
    0.7885191610156127,
    0.6425358749196831,
    0.5674908796108633
  ],
  "AverageDelays": [
    3335,
    4294.6,
    4543,
    4699.571428571428
  ]
}