{
  "transactionTimestamps": [
    1706086887842,
    1706086888029,
    1706086888323,
    1706086888785,
    1706086888800,
    1706086889109,
    1706086889712,
    1706086889774,
    1706086889896,
    1706086890531,
    1706086890622,
    1706086890774,
    1706086891238,
    1706086891376,
    1706086891436,
    1706086891930,
    1706086892054,
    1706086892425,
    1706086892830,
    1706086893032,
    1706086893232,
    1706086893401,
    1706086893819,
    1706086893835,
    1706086894189,
    1706086894604,
    1706086894790,
    1706086894915,
    1706086895467,
    1706086895529,
    1706086895591,
    1706086894281,
    1706086896148,
    1706086896226,
    1706086896549,
    1706086896911,
    1706086896951,
    1706086897576,
    1706086897745,
    1706086897981,
    1706086897982,
    1706086898473,
    1706086898724,
    1706086898819,
    1706086898865,
    1706086897076,
    1706086899143,
    1706086899419,
    1706086899769,
    1706086899789,
    1706086899819,
    1706086900308,
    1706086900571,
    1706086900632,
    1706086900742,
    1706086901130,
    1706086901410,
    1706086901548,
    1706086901394,
    1706086901981,
    1706086902292,
    1706086902309,
    1706086902399
  ],
  "blockTimestamps": [
    1706086893738,
    1706086896737,
    1706086899748,
    1706086902746,
    1706086905738
  ],
  "blockTimes": [
    1706086893,
    1706086896,
    1706086899,
    1706086902,
    1706086905
  ],
  "blockTransactions": [
    10,
    12,
    13,
    13,
    15
  ],
  "Delays": [
    5896,
    5709,
    5415,
    4953,
    4938,
    4629,
    4026,
    3964,
    3842,
    3207,
    6115,
    5963,
    5499,
    5361,
    5301,
    4807,
    4683,
    4312,
    3907,
    3705,
    3505,
    3336,
    5929,
    5913,
    5559,
    5144,
    4958,
    4833,
    4281,
    4219,
    4157,
    5467,
    3600,
    3522,
    3199,
    5835,
    5795,
    5170,
    5001,
    4765,
    4764,
    4273,
    4022,
    3927,
    3881,
    5670,
    3603,
    3327,
    5969,
    5949,
    5919,
    5430,
    5167,
    5106,
    4996,
    4608,
    4328,
    4190,
    4344,
    3757,
    3446,
    3429,
    3339
  ],
  "Throughputs": [
    1.6960651289009498,
    2.4732996065205173,
    2.9396942717957333,
    3.2206119162640903,
    3.520339740724184
  ],
  "AverageDelays": [
    4657.9,
    4685.136363636364,
    4681.542857142857,
    4664.3125,
    4664.507936507936
  ]
}