{
  "transactionTimestamps": [
    1706087208420,
    1706087209488,
    1706087210455,
    1706087211560,
    1706087212447,
    1706087213416,
    1706087214512,
    1706087215348,
    1706087216338,
    1706087217281
  ],
  "blockTimestamps": [
    1706087211727,
    1706087214731,
    1706087217739,
    1706087220726
  ],
  "blockTimes": [
    1706087211,
    1706087214,
    1706087217,
    1706087220
  ],
  "blockTransactions": [
    1,
    3,
    3,
    3
  ],
  "Delays": [
    3307,
    5243,
    4276,
    3171,
    5292,
    4323,
    3227,
    5378,
    4388,
    3445
  ],
  "Throughputs": [
    0.3023888720895071,
    0.633813975598162,
    0.7511535572486318,
    0.8126117341134407
  ],
  "AverageDelays": [
    3307,
    3999.25,
    4119.857142857143,
    4205
  ]
}