{
  "transactionTimestamps": [
    1706087080812,
    1706087083202,
    1706087084189,
    1706087085249,
    1706087088349,
    1706087089025,
    1706087090029,
    1706087090985,
    1706087091649,
    1706087092573
  ],
  "blockTimestamps": [
    1706087088731,
    1706087091738,
    1706087094732,
    1706087097740
  ],
  "blockTimes": [
    1706087088,
    1706087091,
    1706087094,
    1706087097
  ],
  "blockTransactions": [
    4,
    1,
    3,
    2
  ],
  "Delays": [
    7919,
    5529,
    4542,
    3482,
    3389,
    5707,
    4703,
    3747,
    6091,
    5167
  ],
  "Throughputs": [
    0.5051142821063266,
    0.45762401610836534,
    0.5747126436781609,
    0.5907372400756143
  ],
  "AverageDelays": [
    5368,
    4972.2,
    4877.25,
    5027.6
  ]
}