{
  "transactionTimestamps": [
    1706087148378,
    1706087148378,
    1706087149146,
    1706087149518,
    1706087149858,
    1706087150419,
    1706087150695,
    1706087151194,
    1706087151429,
    1706087151999,
    1706087152431,
    1706087153095
  ],
  "blockTimestamps": [
    1706087152331,
    1706087154731,
    1706087157735
  ],
  "blockTimes": [
    1706087151,
    1706087154,
    1706087157
  ],
  "blockTransactions": [
    2,
    7,
    3
  ],
  "Delays": [
    3953,
    3953,
    5585,
    5213,
    4873,
    4312,
    4036,
    3537,
    3302,
    5736,
    5304,
    4640
  ],
  "Throughputs": [
    0.5059448520111308,
    1.4166535495041712,
    1.2824623276691247
  ],
  "AverageDelays": [
    3953,
    4307.111111111111,
    4537
  ]
}