{
  "transactionTimestamps": [
    1706087022700,
    1706087028316,
    1706087028319,
    1706087028320,
    1706087029091,
    1706087029258,
    1706087029415,
    1706087029705,
    1706087030060,
    1706087030152,
    1706087030569,
    1706087030769,
    1706087031110,
    1706087031467,
    1706087031819,
    1706087031990,
    1706087032423,
    1706087032561,
    1706087032914,
    1706087033646,
    1706087033906,
    1706087034274,
    1706087034903,
    1706087035276,
    1706087035726,
    1706087036204,
    1706087036609,
    1706087037255,
    1706087037411
  ],
  "blockTimestamps": [
    1706087028735,
    1706087031733,
    1706087034741,
    1706087037741,
    1706087040736
  ],
  "blockTimes": [
    1706087028,
    1706087031,
    1706087034,
    1706087037,
    1706087040
  ],
  "blockTransactions": [
    1,
    3,
    10,
    8,
    7
  ],
  "Delays": [
    6035,
    3417,
    3414,
    3413,
    5650,
    5483,
    5326,
    5036,
    4681,
    4589,
    4172,
    3972,
    3631,
    3274,
    5922,
    5751,
    5318,
    5180,
    4827,
    4095,
    3835,
    3467,
    5833,
    5460,
    5010,
    4532,
    4127,
    3481,
    3325
  ],
  "Throughputs": [
    0.16570008285004142,
    0.442820768294033,
    1.1626941283946515,
    1.4626687055381955,
    1.6078953204701707
  ],
  "AverageDelays": [
    6035,
    4069.75,
    4435.214285714285,
    4567.636363636364,
    4560.551724137931
  ]
}