{
  "transactionTimestamps": [
    1706087353240,
    1706087358506,
    1706087359345,
    1706087360241,
    1706087360946,
    1706087361797,
    1706087362818
  ],
  "blockTimestamps": [
    1706087358731,
    1706087361729,
    1706087364727,
    1706087367727
  ],
  "blockTimes": [
    1706087358,
    1706087361,
    1706087364,
    1706087367
  ],
  "blockTransactions": [
    1,
    1,
    3,
    2
  ],
  "Delays": [
    5491,
    3223,
    5382,
    4486,
    3781,
    5930,
    4909
  ],
  "Throughputs": [
    0.1821161901293025,
    0.23559901048415594,
    0.4352746583093932,
    0.48319182715538067
  ],
  "AverageDelays": [
    5491,
    4357,
    4472.6,
    4743.142857142857
  ]
}