{
  "transactionTimestamps": [
    1706086872842,
    1706086873120,
    1706086873334,
    1706086873678,
    1706086873878,
    1706086874095,
    1706086874495,
    1706086874711,
    1706086874866,
    1706086875470,
    1706086875594,
    1706086875904,
    1706086876167,
    1706086876461,
    1706086876664,
    1706086877038,
    1706086877098,
    1706086877652,
    1706086877995,
    1706086878103,
    1706086878227,
    1706086878227,
    1706086878749,
    1706086878765,
    1706086879013,
    1706086879091,
    1706086879338,
    1706086879661,
    1706086879677,
    1706086879692,
    1706086880000,
    1706086880046,
    1706086880293,
    1706086880309,
    1706086880468,
    1706086880725,
    1706086880971,
    1706086881186,
    1706086881202,
    1706086881308,
    1706086881414,
    1706086881695,
    1706086882265,
    1706086882296,
    1706086881818,
    1706086881895,
    1706086882388,
    1706086882638,
    1706086882699,
    1706086883135,
    1706086883338,
    1706086883709,
    1706086883816,
    1706086884266,
    1706086884715,
    1706086884872,
    1706086885089,
    1706086885458,
    1706086885785,
    1706086886018,
    1706086886401,
    1706086886710,
    1706086886865,
    1706086887360,
    1706086887483
  ],
  "blockTimestamps": [
    1706086878738,
    1706086881735,
    1706086884737,
    1706086887731,
    1706086890742
  ],
  "blockTimes": [
    1706086878,
    1706086881,
    1706086884,
    1706086887,
    1706086890
  ],
  "blockTransactions": [
    10,
    12,
    19,
    13,
    11
  ],
  "Delays": [
    5896,
    5618,
    5404,
    5060,
    4860,
    4643,
    4243,
    4027,
    3872,
    3268,
    6141,
    5831,
    5568,
    5274,
    5071,
    4697,
    4637,
    4083,
    3740,
    3632,
    3508,
    3508,
    5988,
    5972,
    5724,
    5646,
    5399,
    5076,
    5060,
    5045,
    4737,
    4691,
    4444,
    4428,
    4269,
    4012,
    3766,
    3551,
    3535,
    3429,
    3323,
    6036,
    5466,
    5435,
    5913,
    5836,
    5343,
    5093,
    5032,
    4596,
    4393,
    4022,
    3915,
    3465,
    6027,
    5870,
    5653,
    5284,
    4957,
    4724,
    4341,
    4032,
    3877,
    3382,
    3259
  ],
  "Throughputs": [
    1.6960651289009498,
    2.473855841673226,
    3.44682639764607,
    3.6268386056820474,
    3.6312849162011176
  ],
  "AverageDelays": [
    4689.1,
    4662.772727272727,
    4650.634146341464,
    4726.314814814815,
    4717.338461538461
  ]
}