{
  "transactionTimestamps": [
    1706087193417,
    1706087193417,
    1706087194084,
    1706087194530,
    1706087195040,
    1706087195408,
    1706087195789,
    1706087196208,
    1706087196730,
    1706087197220,
    1706087197725,
    1706087198095
  ],
  "blockTimestamps": [
    1706087196742,
    1706087199734,
    1706087202727
  ],
  "blockTimes": [
    1706087196,
    1706087199,
    1706087202
  ],
  "blockTransactions": [
    2,
    6,
    4
  ],
  "Delays": [
    3325,
    3325,
    5650,
    5204,
    4694,
    4326,
    3945,
    3526,
    5997,
    5507,
    5002,
    4632
  ],
  "Throughputs": [
    0.6015037593984962,
    1.2664239354123792,
    1.2889366272824918
  ],
  "AverageDelays": [
    3325,
    4249.375,
    4594.416666666667
  ]
}