{
  "transactionTimestamps": [
    1706086998301,
    1706086998301,
    1706086999414,
    1706086999414,
    1706087000111,
    1706087000175,
    1706087000874,
    1706087001154,
    1706087001944,
    1706087001960,
    1706087002606,
    1706087002822
  ],
  "blockTimestamps": [
    1706087001724,
    1706087004728,
    1706087007738
  ],
  "blockTimes": [
    1706087001,
    1706087004,
    1706087007
  ],
  "blockTransactions": [
    2,
    6,
    4
  ],
  "Delays": [
    3423,
    3423,
    5314,
    5314,
    4617,
    4553,
    3854,
    3574,
    5794,
    5778,
    5132,
    4916
  ],
  "Throughputs": [
    0.5842827928717499,
    1.2447487163528863,
    1.2715905478435945
  ],
  "AverageDelays": [
    3423,
    4259,
    4641
  ]
}