{
  "transactionTimestamps": [
    1706087073337,
    1706087074326,
    1706087075342,
    1706087076253,
    1706087076907,
    1706087077572,
    1706087078553,
    1706087081471,
    1706087082139
  ],
  "blockTimestamps": [
    1706087076764,
    1706087079727,
    1706087082739,
    1706087085739
  ],
  "blockTimes": [
    1706087076,
    1706087079,
    1706087082,
    1706087085
  ],
  "blockTransactions": [
    1,
    3,
    2,
    3
  ],
  "Delays": [
    3427,
    5401,
    4385,
    3474,
    5832,
    5167,
    7186,
    4268,
    3600
  ],
  "Throughputs": [
    0.29180040852057193,
    0.6259780907668232,
    0.6381620931716656,
    0.725689404934688
  ],
  "AverageDelays": [
    3427,
    4171.75,
    4614.333333333333,
    4748.888888888889
  ]
}