{
  "transactionTimestamps": [
    1706086938256,
    1706086938973,
    1706086939923,
    1706086940989,
    1706086941606,
    1706086942677,
    1706086943549,
    1706086944267,
    1706086944993,
    1706086945690,
    1706086946372
  ],
  "blockTimestamps": [
    1706086941728,
    1706086944737,
    1706086947734,
    1706086950728
  ],
  "blockTimes": [
    1706086941,
    1706086944,
    1706086947,
    1706086950
  ],
  "blockTransactions": [
    1,
    3,
    4,
    3
  ],
  "Delays": [
    3472,
    5764,
    4814,
    3748,
    6128,
    5057,
    4185,
    3467,
    5735,
    5038,
    4356
  ],
  "Throughputs": [
    0.28801843317972353,
    0.6171887054466904,
    0.8440599282549062,
    0.881975625400898
  ],
  "AverageDelays": [
    3472,
    4449.5,
    4579.375,
    4705.818181818182
  ]
}