{
  "transactionTimestamps": [
    1706087343498,
    1706087344313,
    1706087345028,
    1706087346067,
    1706087346843,
    1706087347880,
    1706087348825,
    1706087349827,
    1706087350830,
    1706087351570,
    1706087352188
  ],
  "blockTimestamps": [
    1706087346727,
    1706087349729,
    1706087352730,
    1706087355730
  ],
  "blockTimes": [
    1706087346,
    1706087349,
    1706087352,
    1706087355
  ],
  "blockTransactions": [
    1,
    3,
    3,
    4
  ],
  "Delays": [
    3229,
    5416,
    4701,
    3662,
    5887,
    4850,
    3905,
    5903,
    4900,
    4160,
    3542
  ],
  "Throughputs": [
    0.3096934035305048,
    0.6419515326592843,
    0.7582322357019065,
    0.8992805755395684
  ],
  "AverageDelays": [
    3229,
    4252,
    4521.428571428572,
    4559.545454545455
  ]
}