{
  "transactionTimestamps": [
    1706087253462,
    1706087254552,
    1706087255452,
    1706087256479,
    1706087260378,
    1706087259421,
    1706087261016
  ],
  "blockTimestamps": [
    1706087256725,
    1706087259733,
    1706087262730,
    1706087265725
  ],
  "blockTimes": [
    1706087256,
    1706087259,
    1706087262,
    1706087265
  ],
  "blockTransactions": [
    1,
    2,
    1,
    3
  ],
  "Delays": [
    3263,
    5181,
    4281,
    6251,
    5347,
    6304,
    4709
  ],
  "Throughputs": [
    0.30646644192460926,
    0.4783926008611067,
    0.4315925766076823,
    0.570822800293566
  ],
  "AverageDelays": [
    3263,
    4241.666666666667,
    4744,
    5048
  ]
}