{
  "transactionTimestamps": [
    1706087410988,
    1706087418544,
    1706087418545,
    1706087419470,
    1706087419454,
    1706087420166,
    1706087420538,
    1706087421097,
    1706087421591,
    1706087422194,
    1706087422411,
    1706087422924,
    1706087423400
  ],
  "blockTimestamps": [
    1706087418732,
    1706087421732,
    1706087424734,
    1706087427727
  ],
  "blockTimes": [
    1706087418,
    1706087421,
    1706087424,
    1706087427
  ],
  "blockTransactions": [
    1,
    1,
    6,
    5
  ],
  "Delays": [
    7744,
    3188,
    6189,
    5264,
    5280,
    4568,
    4196,
    3637,
    6136,
    5533,
    5316,
    4803,
    4327
  ],
  "Throughputs": [
    0.1291322314049587,
    0.18615040953090098,
    0.5819874872690237,
    0.7766294282812592
  ],
  "AverageDelays": [
    7744,
    5466,
    5008.25,
    5090.846153846154
  ]
}