{
  "transactionTimestamps": [
    1706087013315,
    1706087014194,
    1706087015153,
    1706087015925,
    1706087016670,
    1706087017270,
    1706087018149,
    1706087018974,
    1706087019988,
    1706087020864,
    1706087021621
  ],
  "blockTimestamps": [
    1706087016731,
    1706087019733,
    1706087022731,
    1706087025743
  ],
  "blockTimes": [
    1706087016,
    1706087019,
    1706087022,
    1706087025
  ],
  "blockTransactions": [
    1,
    3,
    4,
    3
  ],
  "Delays": [
    3416,
    5539,
    4580,
    3808,
    6061,
    5461,
    4582,
    3757,
    5755,
    4879,
    4122
  ],
  "Throughputs": [
    0.2927400468384075,
    0.6232471174820816,
    0.8496176720475785,
    0.8850981654328934
  ],
  "AverageDelays": [
    3416,
    4335.75,
    4650.5,
    4723.636363636364
  ]
}