{
  "transactionTimestamps": [
    1706087128168,
    1706087128526,
    1706087127614,
    1706087129405,
    1706087130430,
    1706087133364,
    1706087133364,
    1706087134161,
    1706087134193,
    1706087133365,
    1706087135211,
    1706087135226,
    1706087135983,
    1706087136014,
    1706087136703,
    1706087136779,
    1706087136920,
    1706087137397,
    1706087136045,
    1706087137552,
    1706087137799,
    1706087138291,
    1706087139077,
    1706087139709
  ],
  "blockTimestamps": [
    1706087133729,
    1706087136735,
    1706087139729,
    1706087142741,
    1706087145728
  ],
  "blockTimes": [
    1706087133,
    1706087136,
    1706087139,
    1706087142,
    1706087145
  ],
  "blockTransactions": [
    5,
    2,
    7,
    9,
    1
  ],
  "Delays": [
    5561,
    5203,
    6115,
    4324,
    3299,
    3371,
    3371,
    5568,
    5536,
    6364,
    4518,
    4503,
    3746,
    3715,
    6038,
    5962,
    5821,
    5344,
    6696,
    5189,
    4942,
    4450,
    3664,
    6019
  ],
  "Throughputs": [
    0.8991188635137566,
    0.8170888292284346,
    1.2109679093504022,
    1.5782611679132643,
    1.3667425968109341
  ],
  "AverageDelays": [
    4900.4,
    4463.428571428572,
    4656.714285714285,
    4926.086956521739,
    4971.625
  ]
}