{
  "transactionTimestamps": [
    1706087478582,
    1706087479723,
    1706087480512,
    1706087481348,
    1706087482399,
    1706087483092
  ],
  "blockTimestamps": [
    1706087484739,
    1706087487734
  ],
  "blockTimes": [
    1706087484,
    1706087487
  ],
  "blockTransactions": [
    4,
    2
  ],
  "Delays": [
    6157,
    5016,
    4227,
    3391,
    5335,
    4642
  ],
  "Throughputs": [
    0.6496670456391099,
    0.6555944055944056
  ],
  "AverageDelays": [
    4697.75,
    4794.666666666667
  ]
}