{
  "transactionTimestamps": [
    1706087493594,
    1706087494644,
    1706087495429,
    1706087496449,
    1706087497327,
    1706087498099,
    1706087497943
  ],
  "blockTimestamps": [
    1706087499726,
    1706087502737
  ],
  "blockTimes": [
    1706087499,
    1706087502
  ],
  "blockTransactions": [
    4,
    3
  ],
  "Delays": [
    6132,
    5082,
    4297,
    3277,
    5410,
    4638,
    4794
  ],
  "Throughputs": [
    0.6523157208088716,
    0.7656130372962922
  ],
  "AverageDelays": [
    4697,
    4804.285714285715
  ]
}