{
  "transactionTimestamps": [
    1706087463565,
    1706087464443,
    1706087465447,
    1706087466501,
    1706087467318,
    1706087468345
  ],
  "blockTimestamps": [
    1706087469737,
    1706087472726
  ],
  "blockTimes": [
    1706087469,
    1706087472
  ],
  "blockTransactions": [
    4,
    2
  ],
  "Delays": [
    6172,
    5294,
    4290,
    3236,
    5408,
    4381
  ],
  "Throughputs": [
    0.6480881399870383,
    0.6549503329330859
  ],
  "AverageDelays": [
    4748,
    4796.833333333333
  ]
}