{
  "transactionTimestamps": [
    1706086947244,
    1706086953266,
    1706086953267,
    1706086953979,
    1706086953267,
    1706086954957,
    1706086954182,
    1706086956042,
    1706086956429,
    1706086956943,
    1706086955692,
    1706086957456,
    1706086957749,
    1706086958200,
    1706086958339,
    1706086958709,
    1706086958987,
    1706086957444,
    1706086959294,
    1706086959495,
    1706086960299,
    1706086960593,
    1706086961213,
    1706086961307,
    1706086960080,
    1706086962140
  ],
  "blockTimestamps": [
    1706086953738,
    1706086956732,
    1706086959733,
    1706086962735,
    1706086965761
  ],
  "blockTimes": [
    1706086953,
    1706086956,
    1706086959,
    1706086962,
    1706086965
  ],
  "blockTransactions": [
    1,
    2,
    6,
    11,
    6
  ],
  "Delays": [
    6494,
    3466,
    3465,
    5754,
    6466,
    4776,
    5551,
    3691,
    3304,
    5792,
    7043,
    5279,
    4986,
    4535,
    4396,
    4026,
    3748,
    5291,
    3441,
    3240,
    5462,
    5168,
    4548,
    4454,
    5681,
    3621
  ],
  "Throughputs": [
    0.1539882968894364,
    0.31618887015177066,
    0.7206341580590919,
    1.2910722354915758,
    1.4041151374412701
  ],
  "AverageDelays": [
    6494,
    4475,
    4774.111111111111,
    4737.2,
    4756.846153846154
  ]
}