{
  "transactionTimestamps": [
    1706087178403,
    1706087179344,
    1706087179995,
    1706087180930,
    1706087181800,
    1706087182701
  ],
  "blockTimestamps": [
    1706087181725,
    1706087184728,
    1706087187725
  ],
  "blockTimes": [
    1706087181,
    1706087184,
    1706087187
  ],
  "blockTransactions": [
    1,
    3,
    2
  ],
  "Delays": [
    3322,
    5384,
    4733,
    3798,
    5925,
    5024
  ],
  "Throughputs": [
    0.30102347983142685,
    0.6324110671936759,
    0.6436387041407424
  ],
  "AverageDelays": [
    3322,
    4309.25,
    4697.666666666667
  ]
}