{
  "transactionTimestamps": [
    1706087313493,
    1706087313493,
    1706087314374,
    1706087314483,
    1706087315069,
    1706087315319,
    1706087315955,
    1706087315987,
    1706087316718,
    1706087316824,
    1706087317457,
    1706087317675
  ],
  "blockTimestamps": [
    1706087317329,
    1706087319730,
    1706087322727
  ],
  "blockTimes": [
    1706087316,
    1706087319,
    1706087322
  ],
  "blockTransactions": [
    2,
    6,
    4
  ],
  "Delays": [
    3836,
    3836,
    5356,
    5247,
    4661,
    4411,
    3775,
    3743,
    6009,
    5903,
    5270,
    5052
  ],
  "Throughputs": [
    0.5213764337851929,
    1.282667949334616,
    1.299545159194282
  ],
  "AverageDelays": [
    3836,
    4358.125,
    4758.25
  ]
}