{
  "transactionTimestamps": [
    1705996668246,
    1705996668913,
    1705996668246,
    1705996670018,
    1705996670002,
    1705996671002,
    1705996671033,
    1705996671858,
    1705996672077,
    1705996672966,
    1705996672982,
    1705996675417,
    1705996674434
  ],
  "blockTimestamps": [
    1705996669512,
    1705996673091,
    1705996674427,
    1705996678545
  ],
  "blockTimes": [
    1705996668,
    1705996671,
    1705996672,
    1705996673
  ],
  "blockTransactions": [
    3,
    4,
    2,
    4
  ],
  "Delays": [
    1266,
    599,
    1266,
    3073,
    3089,
    2089,
    2058,
    2569,
    2350,
    5579,
    5563,
    3128,
    4111
  ],
  "Throughputs": [
    2.3696682464454977,
    1.4447884416924666,
    1.4560750687591004,
    1.2622584716962812
  ],
  "AverageDelays": [
    1043.6666666666667,
    1920,
    2039.888888888889,
    2826.153846153846
  ]
}