{
  "transactionTimestamps": [
    1705996628225,
    1705996628225,
    1705996629247,
    1705996628226,
    1705996629558,
    1705996630183,
    1705996630292,
    1705996630432,
    1705996630950,
    1705996631104,
    1705996631369,
    1705996631697,
    1705996629548,
    1705996632086,
    1705996632164,
    1705996632784,
    1705996632892,
    1705996633047,
    1705996633658
  ],
  "blockTimestamps": [
    1705996631922,
    1705996633853,
    1705996636012
  ],
  "blockTimes": [
    1705996631,
    1705996632,
    1705996633
  ],
  "blockTransactions": [
    5,
    8,
    6
  ],
  "Delays": [
    3697,
    3697,
    2675,
    3696,
    2364,
    3670,
    3561,
    3421,
    2903,
    2749,
    2484,
    2156,
    4305,
    3926,
    3848,
    3228,
    3120,
    2965,
    2354
  ],
  "Throughputs": [
    1.352447930754666,
    2.3098791755508175,
    2.439964042635161
  ],
  "AverageDelays": [
    3225.8,
    3182.923076923077,
    3201
  ]
}