{
  "transactionTimestamps": [
    1705996459638,
    1705996459638,
    1705996460684,
    1705996460793,
    1705996461385,
    1705996461823,
    1705996462165,
    1705996462912,
    1705996463239,
    1705996463694,
    1705996463958,
    1705996464486,
    1705996465454,
    1705996466514,
    1705996467213,
    1705996468198,
    1705996468973,
    1705996469813
  ],
  "blockTimestamps": [
    1705996547293
  ],
  "blockTimes": [
    1705996453
  ],
  "blockTransactions": [
    18
  ],
  "Delays": [
    87655,
    87655,
    86609,
    86500,
    85908,
    85470,
    85128,
    84381,
    84054,
    83599,
    83335,
    82807,
    81839,
    80779,
    80080,
    79095,
    78320,
    77480
  ],
  "Throughputs": [
    0.20535052193257658
  ],
  "AverageDelays": [
    83371.88888888889
  ]
}