{
  "transactionTimestamps": [
    1705996598501,
    1705996598502,
    1705996599885,
    1705996599978,
    1705996600712,
    1705996600774,
    1705996601789,
    1705996601804,
    1705996602521,
    1705996602552,
    1705996603457,
    1705996603644
  ],
  "blockTimestamps": [
    1705996601191,
    1705996602061,
    1705996602475,
    1705996607137
  ],
  "blockTimes": [
    1705996596,
    1705996600,
    1705996601,
    1705996603
  ],
  "blockTransactions": [
    1,
    5,
    2,
    4
  ],
  "Delays": [
    2690,
    3559,
    2176,
    2083,
    1349,
    1287,
    686,
    671,
    4616,
    4585,
    3680,
    3493
  ],
  "Throughputs": [
    0.3717472118959108,
    1.6853932584269662,
    2.0130850528434827,
    1.3895321908290876
  ],
  "AverageDelays": [
    2690,
    2190.6666666666665,
    1812.625,
    2572.9166666666665
  ]
}