{
  "transactionTimestamps": [
    1705996645031,
    1705996645031,
    1705996645687,
    1705996646076,
    1705996646325,
    1705996647133,
    1705996647256,
    1705996648132,
    1705996648195,
    1705996648833,
    1705996648958,
    1705996649817,
    1705996650954
  ],
  "blockTimestamps": [
    1705996645876,
    1705996648677,
    1705996648716,
    1705996651809,
    1705996664625
  ],
  "blockTimes": [
    1705996645,
    1705996647,
    1705996648,
    1705996649,
    1705996653
  ],
  "blockTransactions": [
    2,
    2,
    5,
    3,
    1
  ],
  "Delays": [
    845,
    845,
    2990,
    2601,
    2391,
    1583,
    1460,
    584,
    521,
    2976,
    2851,
    1992,
    13671
  ],
  "Throughputs": [
    2.366863905325444,
    1.0970927043335161,
    2.4423337856173677,
    1.7704337562702863,
    0.6634684086965397
  ],
  "AverageDelays": [
    845,
    1820.25,
    1535.5555555555557,
    1803.25,
    2716.153846153846
  ]
}