{
  "transactionTimestamps": [
    1705996685749,
    1705996686716,
    1705996687509,
    1705996688617,
    1705996689320,
    1705996690008,
    1705996691099,
    1705996692053,
    1705996693070,
    1705996694081,
    1705996694718,
    1705996695810
  ],
  "blockTimestamps": [
    1705996686436,
    1705996687567,
    1705996689046,
    1705996691005,
    1705996695866,
    1705996696097,
    1705996698008
  ],
  "blockTimes": [
    1705996685,
    1705996687,
    1705996689,
    1705996690,
    1705996691,
    1705996695,
    1705996696
  ],
  "blockTransactions": [
    1,
    1,
    1,
    1,
    5,
    2,
    1
  ],
  "Delays": [
    687,
    851,
    1537,
    2388,
    6546,
    5858,
    4767,
    3813,
    2796,
    2016,
    1379,
    2198
  ],
  "Throughputs": [
    1.455604075691412,
    1.1001100110011002,
    0.9099181073703366,
    0.76103500761035,
    0.8895917762182465,
    1.0630073444143795,
    0.9788726649808304
  ],
  "AverageDelays": [
    687,
    769,
    1025,
    1365.75,
    3249.222222222222,
    2967.090909090909,
    2903
  ]
}