{
  "transactionTimestamps": [
    1705996556685,
    1705996556685,
    1705996557785,
    1705996558719,
    1705996557598,
    1705996559611,
    1705996559735,
    1705996560485,
    1705996560624,
    1705996558884,
    1705996561263,
    1705996561434,
    1705996562180
  ],
  "blockTimestamps": [
    1705996586424
  ],
  "blockTimes": [
    1705996545
  ],
  "blockTransactions": [
    13
  ],
  "Delays": [
    29739,
    29739,
    28639,
    27705,
    28826,
    26813,
    26689,
    25939,
    25800,
    27540,
    25161,
    24990,
    24244
  ],
  "Throughputs": [
    0.4371364201889774
  ],
  "AverageDelays": [
    27063.384615384617
  ]
}