{
  "transactionTimestamps": [
    1706152501930,
    1706152503580,
    1706152504059,
    1706152505150,
    1706152505320,
    1706152504106,
    1706152507549,
    1706152507551,
    1706152508799,
    1706152509073,
    1706152509943,
    1706152510547,
    1706152511311,
    1706152512060,
    1706152512511,
    1706152513444,
    1706152513679,
    1706152514798,
    1706152515935,
    1706152514581,
    1706152517179,
    1706152518600,
    1706152520845,
    1706152522060,
    1706152521468,
    1706152523427
  ],
  "blockTimestamps": [
    1706152509155,
    1706152512156,
    1706152515147,
    1706152518155,
    1706152521147,
    1706152524154,
    1706152527150
  ],
  "blockTimes": [
    1706152509,
    1706152512,
    1706152515,
    1706152518,
    1706152521,
    1706152524,
    1706152527
  ],
  "blockTransactions": [
    6,
    3,
    4,
    5,
    3,
    2,
    3
  ],
  "Delays": [
    7225,
    5575,
    5096,
    4005,
    3835,
    5049,
    4607,
    4605,
    3357,
    6074,
    5204,
    4600,
    3836,
    6095,
    5644,
    4711,
    4476,
    3357,
    5212,
    6566,
    3968,
    5554,
    3309,
    5090,
    5682,
    3723
  ],
  "Throughputs": [
    0.8304498269896194,
    0.8801095247408566,
    0.9835817507755164,
    1.1093990755007703,
    1.0927824322214705,
    1.0349172066234702,
    1.0309278350515465
  ],
  "AverageDelays": [
    5130.833333333333,
    4817.111111111111,
    4851.384615384615,
    4852.833333333333,
    4909.380952380952,
    4867.826086956522,
    4863.653846153846
  ]
}