{
  "transactionTimestamps": [
    1706152244082,
    1706152245232,
    1706152244672,
    1706152246601,
    1706152247433,
    1706152247433,
    1706152248189,
    1706152248592,
    1706152248621,
    1706152249631,
    1706152249922,
    1706152250091,
    1706152251238,
    1706152251436,
    1706152252420,
    1706152252938,
    1706152253659,
    1706152254181,
    1706152254859,
    1706152255672,
    1706152256441,
    1706152257061,
    1706152257737,
    1706152258204,
    1706152259050,
    1706152259378,
    1706152260337,
    1706152261905
  ],
  "blockTimestamps": [
    1706152248149,
    1706152251148,
    1706152254149,
    1706152257152,
    1706152260154,
    1706152263162,
    1706152266149
  ],
  "blockTimes": [
    1706152248,
    1706152251,
    1706152254,
    1706152257,
    1706152260,
    1706152263,
    1706152266
  ],
  "blockTransactions": [
    1,
    5,
    6,
    5,
    4,
    5,
    2
  ],
  "Delays": [
    4067,
    5916,
    6476,
    4547,
    3715,
    3715,
    5960,
    5557,
    5528,
    4518,
    4227,
    4058,
    5914,
    5716,
    4732,
    4214,
    3493,
    5973,
    5295,
    4482,
    3713,
    6101,
    5425,
    4958,
    4112,
    3784,
    5812,
    4244
  ],
  "Throughputs": [
    0.24588148512417013,
    0.8491367110104727,
    1.1920135094864408,
    1.3006885998469777,
    1.3066202090592336,
    1.3626834381551365,
    1.2688630081116599
  ],
  "AverageDelays": [
    4067,
    4739.333333333333,
    4857,
    4844.294117647059,
    4848.380952380952,
    4853.692307692308,
    4866.142857142857
  ]
}