{
  "transactionTimestamps": [
    1706152543046,
    1706152544437,
    1706152545841,
    1706152546949,
    1706152547566,
    1706152547569,
    1706152548823,
    1706152548871,
    1706152548498,
    1706152550062,
    1706152550276,
    1706152551656,
    1706152551825,
    1706152553062,
    1706152553234,
    1706152554389,
    1706152554603,
    1706152554604,
    1706152555753,
    1706152555922,
    1706152556045,
    1706152555182,
    1706152557131,
    1706152557315,
    1706152557452,
    1706152558513,
    1706152558666,
    1706152559644,
    1706152559792,
    1706152558866,
    1706152560972,
    1706152561171,
    1706152562359,
    1706152562451
  ],
  "blockTimestamps": [
    1706152548152,
    1706152551151,
    1706152554148,
    1706152557155,
    1706152560159,
    1706152563147,
    1706152566159
  ],
  "blockTimes": [
    1706152548,
    1706152551,
    1706152554,
    1706152557,
    1706152560,
    1706152563,
    1706152566
  ],
  "blockTransactions": [
    2,
    4,
    5,
    4,
    7,
    7,
    5
  ],
  "Delays": [
    5106,
    3715,
    5310,
    4202,
    3585,
    3582,
    5325,
    5277,
    5650,
    4086,
    3872,
    5499,
    5330,
    4093,
    3921,
    5770,
    5556,
    5555,
    4406,
    4237,
    4114,
    4977,
    6016,
    5832,
    5695,
    4634,
    4481,
    3503,
    3355,
    7293,
    5187,
    4988,
    3800,
    3708
  ],
  "Throughputs": [
    0.39169604386995693,
    0.7402837754472548,
    0.9908124662223022,
    1.06315118009781,
    1.2855723718810261,
    1.4427142928212526,
    1.471033617444728
  ],
  "AverageDelays": [
    4410.5,
    4250,
    4519.090909090909,
    4570.2,
    4689.454545454545,
    4713.241379310345,
    4754.705882352941
  ]
}