{
  "transactionTimestamps": [
    1706152103193,
    1706152104626,
    1706152105074,
    1706152105793,
    1706152106181,
    1706152104871,
    1706152104763,
    1706152105168,
    1706152105762,
    1706152107360,
    1706152107360,
    1706152107361,
    1706152107366,
    1706152108618,
    1706152108618,
    1706152107081,
    1706152108898,
    1706152108929,
    1706152110068,
    1706152110099,
    1706152110160,
    1706152108803,
    1706152109801,
    1706152111462,
    1706152111722,
    1706152111462,
    1706152110965,
    1706152112984,
    1706152113092,
    1706152111707,
    1706152114112,
    1706152113015,
    1706152114436,
    1706152114003,
    1706152115377,
    1706152115552,
    1706152116922,
    1706152117064,
    1706152117204,
    1706152115844,
    1706152118275,
    1706152118305,
    1706152118596,
    1706152117359,
    1706152118611,
    1706152118149,
    1706152119728,
    1706152119976,
    1706152118197,
    1706152120208,
    1706152119358,
    1706152119854,
    1706152121496
  ],
  "blockTimestamps": [
    1706152110149,
    1706152113157,
    1706152116173,
    1706152119156,
    1706152122153,
    1706152125159
  ],
  "blockTimes": [
    1706152110,
    1706152113,
    1706152116,
    1706152119,
    1706152122,
    1706152125
  ],
  "blockTransactions": [
    8,
    10,
    10,
    8,
    9,
    8
  ],
  "Delays": [
    6956,
    5523,
    5075,
    4356,
    3968,
    5278,
    5386,
    4981,
    7395,
    5797,
    5797,
    5796,
    5791,
    4539,
    4539,
    6076,
    4259,
    4228,
    6105,
    6074,
    6013,
    7370,
    6372,
    4711,
    4451,
    4711,
    5208,
    3189,
    6064,
    7449,
    5044,
    6141,
    4720,
    5153,
    3779,
    3604,
    5231,
    5089,
    4949,
    6309,
    3878,
    3848,
    3557,
    4794,
    3542,
    7010,
    5431,
    5183,
    6962,
    4951,
    5801,
    5305,
    3663
  ],
  "Throughputs": [
    1.1500862564692351,
    1.8065034122842232,
    2.157164869029276,
    2.25521518511558,
    2.373417721518987,
    2.412819812437403
  ],
  "AverageDelays": [
    5190.375,
    5318.888888888889,
    5355.142857142857,
    5330.5,
    5179.888888888889,
    5233.981132075472
  ]
}