{
  "transactionTimestamps": [
    1706152323298,
    1706152322549,
    1706152324433,
    1706152325052,
    1706152327462,
    1706152327460,
    1706152325842,
    1706152326200,
    1706152328750,
    1706152328967,
    1706152330151,
    1706152328422,
    1706152329030,
    1706152331415,
    1706152330492,
    1706152332830,
    1706152332831,
    1706152333977,
    1706152334069,
    1706152333468,
    1706152335131,
    1706152335597,
    1706152336547,
    1706152336658,
    1706152335259,
    1706152335877,
    1706152337723,
    1706152337892,
    1706152336934,
    1706152337151,
    1706152339147,
    1706152339301,
    1706152340422,
    1706152341787,
    1706152342720,
    1706152340904,
    1706152342955
  ],
  "blockTimestamps": [
    1706152329204,
    1706152332203,
    1706152335153,
    1706152338155,
    1706152341167,
    1706152344157,
    1706152347157
  ],
  "blockTimes": [
    1706152329,
    1706152332,
    1706152335,
    1706152338,
    1706152341,
    1706152344,
    1706152347
  ],
  "blockTransactions": [
    4,
    5,
    6,
    5,
    8,
    5,
    4
  ],
  "Delays": [
    5906,
    6655,
    4771,
    4152,
    4741,
    4743,
    6361,
    6003,
    3453,
    6186,
    5002,
    6731,
    6123,
    3738,
    4661,
    5325,
    5324,
    4178,
    4086,
    4687,
    6036,
    5570,
    4620,
    4509,
    5908,
    5290,
    3444,
    3275,
    7223,
    7006,
    5010,
    4856,
    3735,
    5370,
    4437,
    6253,
    4202
  ],
  "Throughputs": [
    0.6772773450728073,
    1.0106681639528357,
    1.2652889076339098,
    1.3461667900652892,
    1.5669595388661928,
    1.5820509132748453,
    1.5507774843874427
  ],
  "AverageDelays": [
    5371,
    5198.333333333333,
    5281.733333333334,
    5141.3,
    5052.785714285715,
    5130.545454545455,
    5123.513513513513
  ]
}