{
  "transactionTimestamps": [
    1706152422930,
    1706152424460,
    1706152427510,
    1706152427511,
    1706152427510,
    1706152428749,
    1706152428948,
    1706152429043,
    1706152430053,
    1706152430094,
    1706152430536,
    1706152431373,
    1706152431465,
    1706152431714,
    1706152431157,
    1706152432667,
    1706152432819,
    1706152433021,
    1706152433937,
    1706152434173,
    1706152434621,
    1706152435359,
    1706152435547,
    1706152435764,
    1706152436841,
    1706152437035,
    1706152437099,
    1706152438211,
    1706152438351,
    1706152438368,
    1706152439479,
    1706152439866,
    1706152439881
  ],
  "blockTimestamps": [
    1706152428160,
    1706152431148,
    1706152434151,
    1706152437153,
    1706152440155,
    1706152443163
  ],
  "blockTimes": [
    1706152428,
    1706152431,
    1706152434,
    1706152437,
    1706152440,
    1706152443
  ],
  "blockTransactions": [
    1,
    4,
    5,
    9,
    6,
    8
  ],
  "Delays": [
    5230,
    6688,
    3638,
    3637,
    3638,
    5402,
    5203,
    5108,
    4098,
    4057,
    6617,
    5780,
    5688,
    5439,
    5996,
    4486,
    4334,
    4132,
    3216,
    5982,
    5534,
    4796,
    4608,
    4391,
    3314,
    6128,
    6064,
    4952,
    4812,
    4795,
    3684,
    3297,
    3282
  ],
  "Throughputs": [
    0.19120458891013384,
    0.6084205402774397,
    0.8911861687906604,
    1.3358644449131687,
    1.4513788098693758,
    1.6309988632432164
  ],
  "AverageDelays": [
    5230,
    4566.2,
    4669.9,
    4862.473684210527,
    4840.48,
    4788.666666666667
  ]
}