{
  "transactionTimestamps": [
    1706151723366,
    1706151723566,
    1706151724854,
    1706151724155,
    1706151726128,
    1706151727175,
    1706151727499,
    1706151728288,
    1706151728616,
    1706151727174,
    1706151729632,
    1706151730159,
    1706151730787,
    1706151732134,
    1706151731281,
    1706151733547,
    1706151733625,
    1706151734299,
    1706151737129,
    1706151738499,
    1706151739541,
    1706151739618,
    1706151737940,
    1706151741052,
    1706151740385,
    1706151739823,
    1706151740432,
    1706151740805,
    1706151742506
  ],
  "blockTimestamps": [
    1706151729154,
    1706151732166,
    1706151735149,
    1706151738156,
    1706151741149,
    1706151744160,
    1706151747158
  ],
  "blockTimes": [
    1706151729,
    1706151732,
    1706151735,
    1706151738,
    1706151741,
    1706151744,
    1706151747
  ],
  "blockTransactions": [
    4,
    5,
    4,
    3,
    3,
    4,
    6
  ],
  "Delays": [
    5788,
    5588,
    4300,
    4999,
    6038,
    4991,
    4667,
    3878,
    3550,
    7975,
    5517,
    4990,
    4362,
    6022,
    6875,
    4609,
    7524,
    6850,
    4020,
    5661,
    4619,
    4542,
    6220,
    6106,
    6773,
    7335,
    6726,
    6353,
    4652
  ],
  "Throughputs": [
    0.691085003455425,
    1.0227272727272727,
    1.103284392769244,
    1.0818120351588911,
    1.0684361468818533,
    1.1060882947003943,
    1.218897108271688
  ],
  "AverageDelays": [
    5168.75,
    4866.555555555556,
    5126.384615384615,
    5259.3125,
    5397,
    5373.260869565217,
    5570
  ]
}