{
  "transactionTimestamps": [
    1706152382088,
    1706152387492,
    1706152386622,
    1706152388813,
    1706152388907,
    1706152387382,
    1706152390257,
    1706152390303,
    1706152389419,
    1706152391420,
    1706152392852,
    1706152393053,
    1706152394000,
    1706152394359,
    1706152393750,
    1706152395530,
    1706152396822,
    1706152395765,
    1706152398082,
    1706152399436,
    1706152400679,
    1706152401813,
    1706152401967
  ],
  "blockTimestamps": [
    1706152389753,
    1706152392160,
    1706152395155,
    1706152398154,
    1706152401153,
    1706152404149,
    1706152407150
  ],
  "blockTimes": [
    1706152389,
    1706152392,
    1706152395,
    1706152398,
    1706152401,
    1706152404,
    1706152407
  ],
  "blockTransactions": [
    1,
    4,
    5,
    4,
    4,
    3,
    2
  ],
  "Delays": [
    7665,
    4668,
    5538,
    3347,
    3253,
    7773,
    4898,
    4852,
    5736,
    3735,
    5302,
    5101,
    4154,
    3795,
    7403,
    5623,
    4331,
    5388,
    6067,
    4713,
    3470,
    5337,
    5183
  ],
  "Throughputs": [
    0.1304631441617743,
    0.4964257347100874,
    0.7652865998316369,
    0.8714054525084028,
    0.9441384736428009,
    0.9519060786002448,
    0.9177240443699625
  ],
  "AverageDelays": [
    7665,
    4894.2,
    5146.5,
    4986.928571428572,
    5142.333333333333,
    5086.285714285715,
    5101.391304347826
  ]
}