{
  "transactionTimestamps": [
    1706152044152,
    1706152042688,
    1706152043388,
    1706152047338,
    1706152047679,
    1706152048999,
    1706152047338,
    1706152048517,
    1706152048813,
    1706152050579,
    1706152051947,
    1706152053295,
    1706152053836,
    1706152054878,
    1706152054986,
    1706152054660,
    1706152055483,
    1706152056045,
    1706152060714,
    1706152061088,
    1706152061539
  ],
  "blockTimestamps": [
    1706152050152,
    1706152053143,
    1706152056233,
    1706152059197,
    1706152062211,
    1706152065172
  ],
  "blockTimes": [
    1706152050,
    1706152053,
    1706152056,
    1706152059,
    1706152062,
    1706152065
  ],
  "blockTransactions": [
    3,
    4,
    4,
    2,
    5,
    3
  ],
  "Delays": [
    6000,
    7464,
    6764,
    5805,
    5464,
    4144,
    5805,
    7716,
    7420,
    5654,
    4286,
    5902,
    5361,
    7333,
    7225,
    7551,
    6728,
    6166,
    4458,
    4084,
    3633
  ],
  "Throughputs": [
    0.5,
    0.7785563341118897,
    0.9105206522638855,
    0.8640744433366567,
    0.9967329309485574,
    0.9990485252140818
  ],
  "AverageDelays": [
    6742.666666666667,
    5920.857142857143,
    6047.454545454545,
    5983.461538461538,
    6266,
    5950.619047619048
  ]
}