{
  "transactionTimestamps": [
    1706152402859,
    1706152403265,
    1706152407493,
    1706152407493,
    1706152407494,
    1706152407974,
    1706152408739,
    1706152408770,
    1706152408784,
    1706152408973,
    1706152409299,
    1706152409939,
    1706152408551,
    1706152410280,
    1706152410327,
    1706152410528,
    1706152410542,
    1706152411069,
    1706152409643,
    1706152411631,
    1706152411708,
    1706152411943,
    1706152412205,
    1706152412916,
    1706152412978,
    1706152411879,
    1706152413535,
    1706152413551,
    1706152414346,
    1706152414376,
    1706152414779,
    1706152414857,
    1706152415569,
    1706152415914,
    1706152415929,
    1706152416724,
    1706152417122,
    1706152417525,
    1706152417603,
    1706152418096,
    1706152418451,
    1706152418764,
    1706152419261,
    1706152420239,
    1706152418468,
    1706152421808
  ],
  "blockTimestamps": [
    1706152410150,
    1706152413150,
    1706152416158,
    1706152419157,
    1706152422154,
    1706152425151
  ],
  "blockTimes": [
    1706152410,
    1706152413,
    1706152416,
    1706152419,
    1706152422,
    1706152425
  ],
  "blockTransactions": [
    2,
    11,
    12,
    10,
    6,
    5
  ],
  "Delays": [
    7291,
    6885,
    5657,
    5657,
    5656,
    5176,
    4411,
    4380,
    4366,
    4177,
    3851,
    3211,
    4599,
    5878,
    5831,
    5630,
    5616,
    5089,
    6515,
    4527,
    4450,
    4215,
    3953,
    3242,
    3180,
    7278,
    5622,
    5606,
    4811,
    4781,
    4378,
    4300,
    3588,
    3243,
    3228,
    5430,
    5032,
    4629,
    4551,
    4058,
    3703,
    6387,
    5890,
    4912,
    6683,
    3343
  ],
  "Throughputs": [
    0.274310794129749,
    1.2632397240307065,
    1.879840589518009,
    2.147502761074979,
    2.1249028245659494,
    2.06352054548717
  ],
  "AverageDelays": [
    7088,
    5024.384615384615,
    4937.72,
    4865.085714285714,
    4821.487804878048,
    4889.04347826087
  ]
}