{
  "transactionTimestamps": [
    1706151688005,
    1706151688068,
    1706151689313,
    1706151690514,
    1706151689497,
    1706151691633,
    1706151692786,
    1706151693888,
    1706151695386,
    1706151696752,
    1706151695865,
    1706151698018,
    1706151696459,
    1706151699282
  ],
  "blockTimestamps": [
    1706151693154,
    1706151696158,
    1706151699148,
    1706151702156,
    1706151705150
  ],
  "blockTimes": [
    1706151693,
    1706151696,
    1706151699,
    1706151702,
    1706151705
  ],
  "blockTransactions": [
    3,
    4,
    2,
    4,
    1
  ],
  "Delays": [
    5149,
    5086,
    3841,
    5644,
    6661,
    4525,
    3372,
    5260,
    3762,
    5404,
    6291,
    4138,
    5697,
    5868
  ],
  "Throughputs": [
    0.5826374053214216,
    0.8585796639273886,
    0.8076819527954769,
    0.9186629920146986,
    0.8165645960921551
  ],
  "AverageDelays": [
    4692,
    4896.857142857143,
    4811.111111111111,
    4986.923076923077,
    5049.857142857143
  ]
}