{
  "transactionTimestamps": [
    1706152000464,
    1706152002829,
    1706152002876,
    1706152002040,
    1706152002521,
    1706152001807,
    1706152004101,
    1706152004132,
    1706152004257,
    1706152003078,
    1706152005467,
    1706152005574,
    1706152005636,
    1706152004955,
    1706152004912,
    1706152006921,
    1706152006920,
    1706152006937,
    1706152007327,
    1706152007323,
    1706152005867,
    1706152007956,
    1706152006703,
    1706152008249,
    1706152008655,
    1706152007445,
    1706152008825,
    1706152009135,
    1706152009367,
    1706152009584,
    1706152008810,
    1706152009927,
    1706152010396,
    1706152010846,
    1706152010316,
    1706152011415,
    1706152010332,
    1706152011992,
    1706152012024,
    1706152012707,
    1706152011539,
    1706152013328,
    1706152013516,
    1706152013858,
    1706152013173,
    1706152014624,
    1706152014809,
    1706152013826,
    1706152015056,
    1706152015971,
    1706152016033,
    1706152016140,
    1706152016416,
    1706152017097,
    1706152017421,
    1706152017594,
    1706152017655,
    1706152018432,
    1706152016956,
    1706152018870,
    1706152018933,
    1706152018933,
    1706152019580,
    1706152020201,
    1706152020339,
    1706152019085,
    1706152021334,
    1706152019734
  ],
  "blockTimestamps": [
    1706152008159,
    1706152011158,
    1706152014152,
    1706152017155,
    1706152020161,
    1706152023754,
    1706152026146
  ],
  "blockTimes": [
    1706152008,
    1706152011,
    1706152014,
    1706152017,
    1706152020,
    1706152023,
    1706152026
  ],
  "blockTransactions": [
    10,
    12,
    12,
    10,
    9,
    10,
    5
  ],
  "Delays": [
    7695,
    5330,
    5283,
    6119,
    5638,
    6352,
    4058,
    4027,
    3902,
    5081,
    5691,
    5584,
    5522,
    6203,
    6246,
    4237,
    4238,
    4221,
    3831,
    3835,
    5291,
    3202,
    7449,
    5903,
    5497,
    6707,
    5327,
    5017,
    4785,
    4568,
    5342,
    4225,
    3756,
    3306,
    6839,
    5740,
    6823,
    5163,
    5131,
    4448,
    5616,
    3827,
    3639,
    3297,
    6988,
    5537,
    5352,
    6335,
    5105,
    4190,
    4128,
    4021,
    3745,
    6657,
    6333,
    6160,
    6099,
    5322,
    6798,
    4884,
    4821,
    4821,
    4174,
    5945,
    5807,
    7061,
    4812,
    6412
  ],
  "Throughputs": [
    1.299545159194282,
    2.0572283523471104,
    2.483927527761543,
    2.636151219219939,
    2.690765091130629,
    2.7050236152855303,
    2.6477688653531657
  ],
  "AverageDelays": [
    5348.5,
    5072.090909090909,
    5102,
    5090.704545454545,
    5082.867924528302,
    5166.047619047619,
    5227.911764705882
  ]
}