{
  "transactionTimestamps": [
    1706152062212,
    1706152061631,
    1706152061492,
    1706152063147,
    1706152062511,
    1706152062571,
    1706152063446,
    1706152064285,
    1706152067345,
    1706152069430,
    1706152070832,
    1706152070928,
    1706152069320,
    1706152070006,
    1706152069960,
    1706152072392,
    1706152072549,
    1706152071409,
    1706152074038,
    1706152073663,
    1706152074115,
    1706152074848,
    1706152076245,
    1706152076915,
    1706152077680,
    1706152080372,
    1706152079702,
    1706152081535,
    1706152079827,
    1706152080651,
    1706152080681,
    1706152082793
  ],
  "blockTimestamps": [
    1706152068153,
    1706152071168,
    1706152074193,
    1706152077155,
    1706152080153,
    1706152083149,
    1706152086152
  ],
  "blockTimes": [
    1706152068,
    1706152071,
    1706152074,
    1706152077,
    1706152080,
    1706152083,
    1706152086
  ],
  "blockTransactions": [
    7,
    1,
    4,
    6,
    5,
    2,
    7
  ],
  "Delays": [
    5941,
    6522,
    6661,
    5006,
    5642,
    5582,
    4707,
    6883,
    6848,
    4763,
    3361,
    3265,
    7835,
    7149,
    7195,
    4763,
    4606,
    5746,
    6115,
    6490,
    6038,
    5305,
    3908,
    6234,
    5469,
    5780,
    6450,
    4617,
    6325,
    5501,
    5471,
    3359
  ],
  "Throughputs": [
    1.178252819390675,
    0.8932559178204557,
    1.0015858442534011,
    1.2045773940975708,
    1.2819798227523551,
    1.1940583655729091,
    1.3366750208855471
  ],
  "AverageDelays": [
    5723,
    5868,
    5431.75,
    5693.055555555556,
    5666.565217391304,
    5681.36,
    5610.53125
  ]
}