{
  "transactionTimestamps": [
    1706152227417,
    1706152227123,
    1706152228917,
    1706152227417,
    1706152228115,
    1706152230365,
    1706152231921,
    1706152233054,
    1706152233271,
    1706152233535,
    1706152234435,
    1706152234792,
    1706152234171,
    1706152235804,
    1706152233907,
    1706152236288,
    1706152237159,
    1706152238545,
    1706152237546,
    1706152239792
  ],
  "blockTimestamps": [
    1706152233155,
    1706152236153,
    1706152239161,
    1706152242157,
    1706152245149
  ],
  "blockTimes": [
    1706152233,
    1706152236,
    1706152239,
    1706152242,
    1706152245
  ],
  "blockTransactions": [
    5,
    2,
    8,
    3,
    2
  ],
  "Delays": [
    5738,
    6032,
    4238,
    5738,
    5040,
    5788,
    4232,
    6107,
    5890,
    5626,
    4726,
    4369,
    4990,
    3357,
    5254,
    5869,
    4998,
    3612,
    7603,
    5357
  ],
  "Throughputs": [
    0.8713837574067619,
    0.8012820512820512,
    1.2772479564032697,
    1.2211668928086838,
    1.1279043537108053
  ],
  "AverageDelays": [
    5357.2,
    5258,
    5141.666666666667,
    5089.111111111111,
    5228.2
  ]
}