{
  "transactionTimestamps": [
    1706152465053,
    1706152466422,
    1706152467537,
    1706152467542,
    1706152468003,
    1706152468796,
    1706152469121,
    1706152467989,
    1706152469340,
    1706152467540,
    1706152470231,
    1706152468502,
    1706152470372,
    1706152470539,
    1706152471478,
    1706152471817,
    1706152471925,
    1706152472793,
    1706152473244,
    1706152473259,
    1706152474255,
    1706152474324,
    1706152474378,
    1706152474548,
    1706152475773,
    1706152475791,
    1706152474330,
    1706152475868,
    1706152475929,
    1706152474859,
    1706152475001,
    1706152477200,
    1706152477262,
    1706152477509,
    1706152476965,
    1706152478414,
    1706152478614,
    1706152479052,
    1706152479849,
    1706152480133,
    1706152480319,
    1706152481479,
    1706152480535
  ],
  "blockTimestamps": [
    1706152470148,
    1706152473156,
    1706152476156,
    1706152479155,
    1706152482157,
    1706152485161
  ],
  "blockTimes": [
    1706152470,
    1706152473,
    1706152476,
    1706152479,
    1706152482,
    1706152485
  ],
  "blockTransactions": [
    2,
    8,
    8,
    12,
    7,
    6
  ],
  "Delays": [
    5095,
    3726,
    5619,
    5614,
    5153,
    4360,
    4035,
    5167,
    3816,
    5616,
    5925,
    7654,
    5784,
    5617,
    4678,
    4339,
    4231,
    3363,
    5911,
    5896,
    4900,
    4831,
    4777,
    4607,
    3382,
    3364,
    4825,
    3287,
    3226,
    4296,
    7156,
    4957,
    4895,
    4648,
    5192,
    3743,
    3543,
    6109,
    5312,
    5028,
    4842,
    3682,
    4626
  ],
  "Throughputs": [
    0.39254170755642787,
    1.2341108231519191,
    1.621183463928668,
    2.1273578215855906,
    2.1632366697848457,
    2.138452357270738
  ],
  "AverageDelays": [
    4410.5,
    4820.1,
    4988.444444444444,
    4769.8,
    4789.945945945946,
    4809.930232558139
  ]
}