{
  "transactionTimestamps": [
    1706152081347,
    1706152084320,
    1706152083618,
    1706152085921,
    1706152084428,
    1706152087355,
    1706152087152,
    1706152086278,
    1706152086750,
    1706152087479,
    1706152087356,
    1706152089460,
    1706152088482,
    1706152090349,
    1706152093514,
    1706152094213,
    1706152092657,
    1706152093422,
    1706152095057,
    1706152094042,
    1706152095289,
    1706152095503,
    1706152096422,
    1706152094886,
    1706152096671,
    1706152096792,
    1706152095843,
    1706152097938,
    1706152097922,
    1706152099302,
    1706152098031,
    1706152099193,
    1706152100614,
    1706152099873,
    1706152101824,
    1706152103771
  ],
  "blockTimestamps": [
    1706152089164,
    1706152092159,
    1706152095152,
    1706152098148,
    1706152101753,
    1706152104154,
    1706152107146
  ],
  "blockTimes": [
    1706152089,
    1706152092,
    1706152095,
    1706152098,
    1706152101,
    1706152104,
    1706152107
  ],
  "blockTransactions": [
    5,
    5,
    4,
    4,
    10,
    5,
    3
  ],
  "Delays": [
    7817,
    4844,
    5546,
    3243,
    4736,
    4804,
    5007,
    5881,
    5409,
    4680,
    7796,
    5692,
    6670,
    4803,
    4634,
    3935,
    5491,
    4726,
    6696,
    7711,
    6464,
    6250,
    5331,
    6867,
    5082,
    4961,
    5910,
    3815,
    6232,
    4852,
    6123,
    4961,
    3540,
    7273,
    5322,
    3375
  ],
  "Throughputs": [
    0.6396315722144045,
    0.924898261191269,
    1.0141253169141615,
    1.0713647997143028,
    1.3721454474174264,
    1.4469241899416847,
    1.395402922593899
  ],
  "AverageDelays": [
    5237.2,
    5196.7,
    5494.857142857143,
    5317.444444444444,
    5528.607142857143,
    5469.969696969697,
    5457.75
  ]
}