{
  "transactionTimestamps": [
    1706152022737,
    1706152024964,
    1706152025553,
    1706152027331,
    1706152027332,
    1706152028450,
    1706152028588,
    1706152028886,
    1706152029660,
    1706152030155,
    1706152031105,
    1706152029971,
    1706152031432,
    1706152029767,
    1706152030918,
    1706152032360,
    1706152032765,
    1706152031448,
    1706152033542,
    1706152034287,
    1706152034656,
    1706152035756,
    1706152036143,
    1706152037278,
    1706152035523,
    1706152037384,
    1706152036536,
    1706152036672,
    1706152038533,
    1706152038810,
    1706152037507,
    1706152040051,
    1706152041327,
    1706152042657,
    1706152041858
  ],
  "blockTimestamps": [
    1706152029149,
    1706152032152,
    1706152035151,
    1706152038151,
    1706152041149,
    1706152044154,
    1706152047153
  ],
  "blockTimes": [
    1706152029,
    1706152032,
    1706152035,
    1706152038,
    1706152041,
    1706152044,
    1706152047
  ],
  "blockTransactions": [
    1,
    7,
    6,
    7,
    7,
    4,
    3
  ],
  "Delays": [
    6412,
    7188,
    6599,
    4821,
    4820,
    3702,
    3564,
    3266,
    5491,
    4996,
    4046,
    5180,
    3719,
    5384,
    7233,
    5791,
    5386,
    6703,
    4609,
    3864,
    3495,
    5393,
    5006,
    3871,
    5626,
    3765,
    4613,
    4477,
    5621,
    5344,
    6647,
    4103,
    5826,
    4496,
    5295
  ],
  "Throughputs": [
    0.15595757953836556,
    0.849707912904939,
    1.127758981794748,
    1.3623978201634879,
    1.5207473386921573,
    1.4941401690246066,
    1.43348623853211
  ],
  "AverageDelays": [
    6412,
    5046.5,
    4942,
    5060.428571428572,
    4965,
    5022.96875,
    5038.628571428571
  ]
}