{
  "transactionTimestamps": [
    1706151702176,
    1706151703392,
    1706151702972,
    1706151704838,
    1706151706368,
    1706151707160,
    1706151707164,
    1706151707164,
    1706151707779,
    1706151707159,
    1706151708665,
    1706151708727,
    1706151709351,
    1706151709923,
    1706151708695,
    1706151710141,
    1706151710744,
    1706151711289,
    1706151711396,
    1706151712636,
    1706151712665,
    1706151712806,
    1706151713954,
    1706151714033,
    1706151714296,
    1706151714591,
    1706151713544,
    1706151715213,
    1706151715443,
    1706151715660,
    1706151715724,
    1706151716381,
    1706151716707,
    1706151717052,
    1706151715569,
    1706151717872,
    1706151718164,
    1706151718459,
    1706151717079,
    1706151719266,
    1706151719589,
    1706151720054,
    1706151720659,
    1706151722261
  ],
  "blockTimestamps": [
    1706151708154,
    1706151711156,
    1706151714156,
    1706151717150,
    1706151720163,
    1706151723170,
    1706151726155
  ],
  "blockTimes": [
    1706151708,
    1706151711,
    1706151714,
    1706151717,
    1706151720,
    1706151723,
    1706151726
  ],
  "blockTransactions": [
    4,
    5,
    8,
    6,
    10,
    8,
    3
  ],
  "Delays": [
    5978,
    4762,
    5182,
    3316,
    4788,
    3996,
    3992,
    3992,
    3377,
    6997,
    5491,
    5429,
    4805,
    4233,
    5461,
    4015,
    3412,
    5861,
    5754,
    4514,
    4485,
    4344,
    3196,
    6130,
    5867,
    5572,
    6619,
    4950,
    4720,
    4503,
    4439,
    3782,
    3456,
    6118,
    7601,
    5298,
    5006,
    4711,
    6091,
    3904,
    3581,
    6101,
    5496,
    3894
  ],
  "Throughputs": [
    0.6691201070592172,
    1.0022271714922049,
    1.4190317195325541,
    1.5359957259249366,
    1.8346583643742704,
    1.9529389349337907,
    1.834938904875099
  ],
  "AverageDelays": [
    4809.5,
    4375.888888888889,
    4660.35294117647,
    4668.695652173913,
    4770.242424242424,
    4871.414634146341,
    4891.340909090909
  ]
}