{
  "transactionTimestamps": [
    1706152263070,
    1706152264480,
    1706152265607,
    1706152267179,
    1706152267440,
    1706152267441,
    1706152268360,
    1706152268622,
    1706152268622,
    1706152269759,
    1706152269790,
    1706152269958,
    1706152271031,
    1706152271079,
    1706152271420,
    1706152272241,
    1706152272750,
    1706152274270,
    1706152272501,
    1706152275765,
    1706152277182,
    1706152278956,
    1706152278753,
    1706152279796
  ],
  "blockTimestamps": [
    1706152269150,
    1706152272161,
    1706152275148,
    1706152278156,
    1706152281149,
    1706152284154,
    1706152287154
  ],
  "blockTimes": [
    1706152269,
    1706152272,
    1706152275,
    1706152278,
    1706152281,
    1706152284,
    1706152287
  ],
  "blockTransactions": [
    3,
    6,
    6,
    4,
    2,
    2,
    1
  ],
  "Delays": [
    6080,
    4670,
    3543,
    4982,
    4721,
    4720,
    3801,
    3539,
    3539,
    5389,
    5358,
    5190,
    4117,
    4069,
    3728,
    5915,
    5406,
    3886,
    5655,
    5384,
    3967,
    5198,
    5401,
    7358
  ],
  "Throughputs": [
    0.4934210526315789,
    0.9899901000989991,
    1.2419274714356683,
    1.2594458438287153,
    1.1615686708335637,
    1.0908745968506925,
    0.9965122072745392
  ],
  "AverageDelays": [
    4764.333333333333,
    4399.444444444444,
    4496.4,
    4647.789473684211,
    4650.428571428572,
    4706.869565217391,
    4817.333333333333
  ]
}