{
  "transactionTimestamps": [
    1706152447527,
    1706152447530,
    1706152447527,
    1706152448924,
    1706152449002,
    1706152450382,
    1706152450429,
    1706152448767,
    1706152451831,
    1706152451970,
    1706152453291,
    1706152453354,
    1706152454452,
    1706152454737,
    1706152455977,
    1706152456103,
    1706152455389,
    1706152457085,
    1706152455977,
    1706152457477,
    1706152458297,
    1706152458950,
    1706152459605,
    1706152460411,
    1706152460971,
    1706152462276,
    1706152461390,
    1706152461981,
    1706152463766
  ],
  "blockTimestamps": [
    1706152452153,
    1706152455161,
    1706152458145,
    1706152461157,
    1706152464163,
    1706152467157
  ],
  "blockTimes": [
    1706152452,
    1706152455,
    1706152458,
    1706152461,
    1706152464,
    1706152467
  ],
  "blockTransactions": [
    5,
    5,
    4,
    6,
    5,
    4
  ],
  "Delays": [
    4626,
    4623,
    4626,
    3229,
    3151,
    4779,
    4732,
    6394,
    3330,
    3191,
    4854,
    4791,
    3693,
    3408,
    5180,
    5054,
    5768,
    4072,
    5180,
    3680,
    5866,
    5213,
    4558,
    3752,
    3192,
    4881,
    5767,
    5176,
    3391
  ],
  "Throughputs": [
    1.0808473843493298,
    1.3099292638197537,
    1.3185157280090412,
    1.4673514306676447,
    1.502765087761481,
    1.477330616403464
  ],
  "AverageDelays": [
    4051,
    4268.1,
    4244.785714285715,
    4418.05,
    4437.68,
    4488.172413793103
  ]
}