{
  "transactionTimestamps": [
    1706152602367,
    1706152602835,
    1706152603598,
    1706152604031,
    1706152605276,
    1706152607592,
    1706152608762,
    1706152610070,
    1706152616550,
    1706152617951,
    1706152617251,
    1706152619556,
    1706152620757
  ],
  "blockTimestamps": [
    1706152608147,
    1706152611148,
    1706152614151,
    1706152617147,
    1706152620156,
    1706152623155,
    1706152626145
  ],
  "blockTimes": [
    1706152608,
    1706152611,
    1706152614,
    1706152617,
    1706152620,
    1706152623,
    1706152626
  ],
  "blockTransactions": [
    4,
    2,
    1,
    1,
    1,
    3,
    1
  ],
  "Delays": [
    5780,
    5312,
    4549,
    4116,
    5872,
    3556,
    5389,
    7077,
    3606,
    5204,
    5904,
    3599,
    5388
  ],
  "Throughputs": [
    0.6920415224913494,
    0.683293474547318,
    0.5940257976917854,
    0.5412719891745602,
    0.5059306312889987,
    0.5772561092938233,
    0.5467238623938094
  ],
  "AverageDelays": [
    4939.25,
    4864.166666666667,
    4939.142857142857,
    5206.375,
    5028.555555555556,
    4997,
    5027.076923076923
  ]
}