{
  "transactionTimestamps": [
    1706152143617,
    1706152143123,
    1706152142624,
    1706152145087,
    1706152145255,
    1706152147371,
    1706152147370,
    1706152148598,
    1706152148800,
    1706152148895,
    1706152149917,
    1706152150337,
    1706152150382,
    1706152151039,
    1706152149546,
    1706152151849,
    1706152152575,
    1706152153042,
    1706152151895,
    1706152154065,
    1706152154348,
    1706152155902,
    1706152157026,
    1706152158362,
    1706152158457,
    1706152159950,
    1706152160043,
    1706152159094,
    1706152161453,
    1706152162931
  ],
  "blockTimestamps": [
    1706152149149,
    1706152152161,
    1706152155155,
    1706152158153,
    1706152161145,
    1706152164167,
    1706152167155
  ],
  "blockTimes": [
    1706152149,
    1706152152,
    1706152155,
    1706152158,
    1706152161,
    1706152164,
    1706152167
  ],
  "blockTransactions": [
    4,
    6,
    6,
    5,
    2,
    5,
    2
  ],
  "Delays": [
    5532,
    6026,
    6525,
    4062,
    6906,
    4790,
    4791,
    3563,
    3361,
    3266,
    5238,
    4818,
    4773,
    4116,
    5609,
    3306,
    5578,
    5111,
    6258,
    4088,
    3805,
    5243,
    4119,
    5805,
    5710,
    4217,
    4124,
    5073,
    5702,
    4224
  ],
  "Throughputs": [
    0.7230657989877078,
    1.1704119850187265,
    1.3867221355520887,
    1.4446890478811227,
    1.312186216339571,
    1.362530413625304,
    1.274534794799898
  ],
  "AverageDelays": [
    5536.25,
    4882.2,
    4792.625,
    4834.380952380952,
    4821.04347826087,
    4850.464285714285,
    4857.966666666666
  ]
}