{
  "transactionTimestamps": [
    1706152182026,
    1706152187276,
    1706152187386,
    1706152187388,
    1706152188570,
    1706152188755,
    1706152188801,
    1706152188274,
    1706152189924,
    1706152189986,
    1706152190202,
    1706152191446,
    1706152191708,
    1706152191321,
    1706152192933,
    1706152192932,
    1706152194229,
    1706152194492,
    1706152195812,
    1706152196078,
    1706152197052,
    1706152197297,
    1706152197622,
    1706152198446,
    1706152198649,
    1706152198802,
    1706152197746,
    1706152199787,
    1706152199973,
    1706152200284,
    1706152201313,
    1706152202797
  ],
  "blockTimestamps": [
    1706152188151,
    1706152191754,
    1706152194145,
    1706152197146,
    1706152200150,
    1706152203154,
    1706152206749
  ],
  "blockTimes": [
    1706152188,
    1706152191,
    1706152194,
    1706152197,
    1706152200,
    1706152203,
    1706152206
  ],
  "blockTransactions": [
    1,
    3,
    7,
    5,
    4,
    9,
    3
  ],
  "Delays": [
    6125,
    4478,
    4368,
    4366,
    5575,
    5390,
    5344,
    5871,
    4221,
    4159,
    3943,
    5700,
    5438,
    5825,
    4213,
    4214,
    5921,
    5658,
    4338,
    4072,
    6102,
    5857,
    5532,
    4708,
    4505,
    4352,
    5408,
    3367,
    3181,
    6465,
    5436,
    3952
  ],
  "Throughputs": [
    0.16326530612244897,
    0.4111842105263158,
    0.907665648980939,
    1.0582010582010584,
    1.1035091591260209,
    1.3725861416130254,
    1.2943413016219716
  ],
  "AverageDelays": [
    6125,
    4834.25,
    4894.545454545455,
    4951.875,
    4960.95,
    4904.517241379311,
    4940.125
  ]
}