{
  "transactionTimestamps": [
    1706152342098,
    1706152344239,
    1706152344346,
    1706152343665,
    1706152347375,
    1706152347471,
    1706152347471,
    1706152348825,
    1706152348900,
    1706152349071,
    1706152348310,
    1706152350239,
    1706152350379,
    1706152350485,
    1706152351481,
    1706152351545,
    1706152351744,
    1706152352703,
    1706152352908,
    1706152353139,
    1706152354043,
    1706152354168,
    1706152354744,
    1706152355427,
    1706152355707,
    1706152355987,
    1706152356986,
    1706152357172,
    1706152357280,
    1706152358504,
    1706152358596,
    1706152358801,
    1706152360120,
    1706152360167,
    1706152359761,
    1706152361694
  ],
  "blockTimestamps": [
    1706152350165,
    1706152353161,
    1706152356156,
    1706152359158,
    1706152362155,
    1706152365156
  ],
  "blockTimes": [
    1706152350,
    1706152353,
    1706152356,
    1706152359,
    1706152362,
    1706152365
  ],
  "blockTransactions": [
    4,
    7,
    8,
    7,
    6,
    4
  ],
  "Delays": [
    8067,
    5926,
    5819,
    6500,
    5786,
    5690,
    5690,
    4336,
    4261,
    4090,
    4851,
    5917,
    5777,
    5671,
    4675,
    4611,
    4412,
    3453,
    3248,
    6019,
    5115,
    4990,
    4414,
    3731,
    3451,
    3171,
    5169,
    4983,
    4875,
    3651,
    3559,
    3354,
    5036,
    4989,
    5395,
    3462
  ],
  "Throughputs": [
    0.49584727903805625,
    0.9943053421314291,
    1.3515436050647318,
    1.5240328253223916,
    1.5954529590666602,
    1.56128024980484
  ],
  "AverageDelays": [
    6578,
    5546.909090909091,
    5198.9473684210525,
    4987.346153846154,
    4851.9375,
    4837.333333333333
  ]
}