{
  "transactionTimestamps": [
    1706152584785,
    1706152586313,
    1706152585519,
    1706152587577,
    1706152587580,
    1706152587607,
    1706152586719,
    1706152589175,
    1706152590359,
    1706152589221,
    1706152591462,
    1706152592600,
    1706152595633,
    1706152597157,
    1706152596504,
    1706152598417,
    1706152598544,
    1706152599533,
    1706152599982,
    1706152599286,
    1706152601012,
    1706152601545
  ],
  "blockTimestamps": [
    1706152590154,
    1706152593163,
    1706152596151,
    1706152599155,
    1706152602197,
    1706152605153
  ],
  "blockTimes": [
    1706152590,
    1706152593,
    1706152596,
    1706152599,
    1706152602,
    1706152605
  ],
  "blockTransactions": [
    3,
    5,
    3,
    2,
    4,
    5
  ],
  "Delays": [
    5369,
    3841,
    4635,
    5586,
    5583,
    5556,
    6444,
    3988,
    5792,
    6930,
    4689,
    6555,
    3522,
    5040,
    5693,
    3780,
    3653,
    5620,
    5171,
    5867,
    4141,
    3608
  ],
  "Throughputs": [
    0.5587632706276774,
    0.95488183337312,
    0.9677986978708429,
    0.9046624913013223,
    0.976338157592465,
    1.0801256873527103
  ],
  "AverageDelays": [
    4615,
    5125.25,
    5310.272727272727,
    5268.461538461538,
    5097.411764705882,
    5048.318181818182
  ]
}