{
  "transactionTimestamps": [
    1706152626717,
    1706152627607,
    1706152628027,
    1706152628818,
    1706152627417,
    1706152629620,
    1706152630227,
    1706152630775,
    1706152631569,
    1706152632050,
    1706152632941,
    1706152633344,
    1706152634374,
    1706152634827,
    1706152635989,
    1706152637142,
    1706152635557,
    1706152638450,
    1706152639772,
    1706152641053,
    1706152641428,
    1706152642575,
    1706152642683,
    1706152643933,
    1706152642419
  ],
  "blockTimestamps": [
    1706152632155,
    1706152635154,
    1706152638158,
    1706152641150,
    1706152644143,
    1706152647153
  ],
  "blockTimes": [
    1706152632,
    1706152635,
    1706152638,
    1706152641,
    1706152644,
    1706152647
  ],
  "blockTransactions": [
    4,
    5,
    5,
    3,
    2,
    6
  ],
  "Delays": [
    5438,
    4548,
    4128,
    3337,
    7737,
    5534,
    4927,
    4379,
    3585,
    6108,
    5217,
    4814,
    3784,
    3331,
    5161,
    4008,
    5593,
    5693,
    4371,
    6100,
    5725,
    4578,
    4470,
    3220,
    4734
  ],
  "Throughputs": [
    0.735564545788893,
    1.0667298802892025,
    1.2236692596800978,
    1.1778563015312131,
    1.0903248020199703,
    1.2233313760031317
  ],
  "AverageDelays": [
    4362.75,
    4845.888888888889,
    4776.214285714285,
    4801.705882352941,
    4825.9473684210525,
    4820.8
  ]
}