{
  "transactionTimestamps": [
    1706152285005,
    1706152285037,
    1706152285534,
    1706152287445,
    1706152285720,
    1706152287446,
    1706152286605,
    1706152288675,
    1706152288784,
    1706152289979,
    1706152289918,
    1706152291311,
    1706152291910,
    1706152292491,
    1706152293020,
    1706152294082,
    1706152292831,
    1706152295635,
    1706152295368,
    1706152296990,
    1706152296540,
    1706152298353,
    1706152299784,
    1706152300934,
    1706152301338
  ],
  "blockTimestamps": [
    1706152290160,
    1706152293151,
    1706152296161,
    1706152299155,
    1706152302145,
    1706152305150
  ],
  "blockTimes": [
    1706152290,
    1706152293,
    1706152296,
    1706152299,
    1706152302,
    1706152305
  ],
  "blockTransactions": [
    3,
    7,
    4,
    4,
    4,
    3
  ],
  "Delays": [
    5155,
    5123,
    4626,
    5706,
    7431,
    5705,
    6546,
    4476,
    4367,
    3172,
    6243,
    4850,
    4251,
    3670,
    6135,
    5073,
    6324,
    3520,
    6777,
    5155,
    5605,
    3792,
    5366,
    4216,
    3812
  ],
  "Throughputs": [
    0.5819592628516004,
    1.2275963663147555,
    1.254930082466834,
    1.2720848056537102,
    1.2835472578763127,
    1.2410027302060065
  ],
  "AverageDelays": [
    4968,
    5230.7,
    5094.357142857143,
    5131.833333333333,
    5168.272727272727,
    5083.84
  ]
}