{
  "transactionTimestamps": [
    1706152524969,
    1706152527562,
    1706152528712,
    1706152530048,
    1706152536141,
    1706152537735,
    1706152536819,
    1706152539149,
    1706152540513,
    1706152541653
  ],
  "blockTimestamps": [
    1706152530143,
    1706152533146,
    1706152536162,
    1706152542148,
    1706152545152
  ],
  "blockTimes": [
    1706152530,
    1706152533,
    1706152536,
    1706152542,
    1706152545
  ],
  "blockTransactions": [
    1,
    2,
    1,
    3,
    3
  ],
  "Delays": [
    5174,
    5584,
    4434,
    6114,
    6007,
    4413,
    5329,
    6003,
    4639,
    3499
  ],
  "Throughputs": [
    0.19327406262079627,
    0.3668827198238963,
    0.35736621102474764,
    0.40747424180685726,
    0.4954664816925135
  ],
  "AverageDelays": [
    5174,
    5064,
    5326.5,
    5293.571428571428,
    5119.6
  ]
}