{
  "transactionTimestamps": [
    1706152363187,
    1706152364509,
    1706152367481,
    1706152367482,
    1706152366612,
    1706152368716,
    1706152369075,
    1706152369933,
    1706152370541,
    1706152370665,
    1706152371412,
    1706152372050,
    1706152372097,
    1706152372996,
    1706152371320,
    1706152373571,
    1706152374530,
    1706152373214,
    1706152375178,
    1706152375938,
    1706152376578,
    1706152377539,
    1706152378053,
    1706152378972,
    1706152379390,
    1706152379438,
    1706152380180,
    1706152380848,
    1706152380242,
    1706152380645
  ],
  "blockTimestamps": [
    1706152368156,
    1706152371150,
    1706152374149,
    1706152377149,
    1706152380152,
    1706152383145,
    1706152386155
  ],
  "blockTimes": [
    1706152368,
    1706152371,
    1706152374,
    1706152377,
    1706152380,
    1706152383,
    1706152386
  ],
  "blockTransactions": [
    1,
    4,
    5,
    6,
    5,
    5,
    4
  ],
  "Delays": [
    4969,
    6641,
    3669,
    3668,
    4538,
    5433,
    5074,
    4216,
    3608,
    3484,
    5737,
    5099,
    5052,
    4153,
    5829,
    3578,
    5622,
    6938,
    4974,
    4214,
    3574,
    5606,
    5092,
    4173,
    3755,
    3707,
    5975,
    5307,
    5913,
    5510
  ],
  "Throughputs": [
    0.2012477359629704,
    0.6279040562602034,
    0.9122422915526364,
    1.1459676264145537,
    1.237842617152962,
    1.3027357450646357,
    1.3061650992685476
  ],
  "AverageDelays": [
    4969,
    4697,
    4530,
    4671.75,
    4765.238095238095,
    4707.807692307692,
    4836.933333333333
  ]
}