{
  "transactionTimestamps": [
    1706152164154,
    1706152165551,
    1706152167386,
    1706152167386,
    1706152168823,
    1706152168931,
    1706152170313,
    1706152170313,
    1706152171432,
    1706152172926,
    1706152171540,
    1706152172116,
    1706152174152,
    1706152175521,
    1706152176999,
    1706152177778,
    1706152178154,
    1706152179102,
    1706152179676,
    1706152178357,
    1706152180671
  ],
  "blockTimestamps": [
    1706152170149,
    1706152173752,
    1706152176150,
    1706152179148,
    1706152182161,
    1706152185146
  ],
  "blockTimes": [
    1706152170,
    1706152173,
    1706152176,
    1706152179,
    1706152182,
    1706152185
  ],
  "blockTransactions": [
    2,
    4,
    5,
    3,
    3,
    4
  ],
  "Delays": [
    5995,
    4598,
    6366,
    6366,
    4929,
    4821,
    5837,
    5837,
    4718,
    3224,
    4610,
    7032,
    4996,
    3627,
    5162,
    4383,
    4007,
    6044,
    5470,
    6789,
    4475
  ],
  "Throughputs": [
    0.3336113427856547,
    0.625130235465722,
    0.916972324108036,
    0.9337068160597572,
    0.9440773032709501,
    1.0003810975609755
  ],
  "AverageDelays": [
    5296.5,
    5512.5,
    5209.181818181818,
    5211.142857142857,
    5088.705882352941,
    5204.0952380952385
  ]
}