{
  "transactionTimestamps": [
    1706152563721,
    1706152564839,
    1706152565168,
    1706152565416,
    1706152567569,
    1706152567569,
    1706152568920,
    1706152568952,
    1706152570086,
    1706152570103,
    1706152570867,
    1706152571240,
    1706152571240,
    1706152571705,
    1706152571970,
    1706152572479,
    1706152572857,
    1706152571829,
    1706152573119,
    1706152571984,
    1706152573198,
    1706152573664,
    1706152574101,
    1706152574275,
    1706152574519,
    1706152575031,
    1706152575310,
    1706152575715,
    1706152575948,
    1706152576443,
    1706152576503,
    1706152577270,
    1706152577377,
    1706152577900,
    1706152578072,
    1706152578397,
    1706152579264,
    1706152578536,
    1706152579748
  ],
  "blockTimestamps": [
    1706152569146,
    1706152572153,
    1706152575158,
    1706152578157,
    1706152581153,
    1706152584154,
    1706152587158
  ],
  "blockTimes": [
    1706152569,
    1706152572,
    1706152575,
    1706152578,
    1706152581,
    1706152584,
    1706152587
  ],
  "blockTransactions": [
    1,
    7,
    7,
    10,
    9,
    4,
    1
  ],
  "Delays": [
    5425,
    7314,
    6985,
    6737,
    4584,
    4584,
    3233,
    3201,
    5072,
    5055,
    4291,
    3918,
    3918,
    3453,
    3188,
    5678,
    5300,
    6328,
    5038,
    6173,
    4959,
    4493,
    4056,
    3882,
    3638,
    6122,
    5843,
    5438,
    5205,
    4710,
    4650,
    3883,
    3776,
    3253,
    6082,
    5757,
    4890,
    5618,
    7410
  ],
  "Throughputs": [
    0.18433179723502305,
    0.9487666034155597,
    1.311532744600857,
    1.7317816569686895,
    1.9504359798072513,
    1.8597367004355698,
    1.6640354994239877
  ],
  "AverageDelays": [
    5425,
    5257.875,
    4730.533333333334,
    4820.12,
    4805.382352941177,
    4887.631578947368,
    4952.307692307692
  ]
}