{
  "transactionTimestamps": [
    1706152481425,
    1706152482918,
    1706152482950,
    1706152484423,
    1706152484502,
    1706152483565,
    1706152485637,
    1706152486748,
    1706152485952,
    1706152487140,
    1706152487542,
    1706152487542,
    1706152488209,
    1706152488520,
    1706152488706,
    1706152488737,
    1706152487510,
    1706152489480,
    1706152490073,
    1706152490135,
    1706152490273,
    1706152491580,
    1706152491595,
    1706152491672,
    1706152493149,
    1706152493179,
    1706152492351,
    1706152494292,
    1706152495720,
    1706152494698,
    1706152497279,
    1706152501417,
    1706152502771
  ],
  "blockTimestamps": [
    1706152488149,
    1706152491150,
    1706152494166,
    1706152497151,
    1706152500150,
    1706152503173,
    1706152506154
  ],
  "blockTimes": [
    1706152488,
    1706152491,
    1706152494,
    1706152497,
    1706152500,
    1706152503,
    1706152506
  ],
  "blockTransactions": [
    6,
    6,
    9,
    6,
    3,
    1,
    2
  ],
  "Delays": [
    6724,
    5231,
    5199,
    3726,
    3647,
    4584,
    5513,
    4402,
    5198,
    4010,
    3608,
    3608,
    5957,
    5646,
    5460,
    5429,
    6656,
    4686,
    4093,
    4031,
    3893,
    5571,
    5556,
    5479,
    4002,
    3972,
    4800,
    5858,
    4430,
    5452,
    5894,
    4737,
    3383
  ],
  "Throughputs": [
    0.892325996430696,
    1.2339331619537275,
    1.648222274546739,
    1.7169019458222052,
    1.6021361815754338,
    1.4254184292808534,
    1.3344656071818513
  ],
  "AverageDelays": [
    4851.833333333333,
    4620.833333333333,
    4823.857142857143,
    4840.037037037037,
    4880.7,
    4913.387096774193,
    4861.666666666667
  ]
}