{"a": 0.5, "b": 0.5, "communities0": [[0, 48], [1, 189], [2, 84], [3, 126], [216, 4], [5, 110], [90, 6], [171, 7], [153, 164, 69, 38, 8, 169, 55, 57, 188, 62], [9, 61], [49, 10, 165], [11, 163], [114, 12], [116, 13], [211, 14], [138, 15], [16, 66, 102], [17, 194], [18, 77], [196, 134, 78, 19, 95], [75, 20, 47], [161, 21], [34, 179, 22], [87, 23], [24, 219], [25, 99], [32, 26], [218, 27], [28, 46], [177, 29], [136, 30], [207, 31], [33, 53], [56, 35], [83, 36], [37, 79], [45, 39], [40, 86], [89, 41], [42, 154], [43, 132], [193, 44, 63], [50, 212], [170, 51], [52, 183], [115, 54], [121, 58], [59, 85], [209, 60], [64, 186, 98, 147], [65, 158], [67, 71], [192, 68], [214, 70], [72, 217], [73, 195], [74, 203], [76, 92], [80, 180], [81, 145], [82, 197], [88, 206], [91, 111], [185, 93], [122, 94], [96, 107], [208, 97, 106], [100, 181], [101, 141], [157, 103], [104, 174], [144, 105, 190], [113, 108], [162, 109], [112, 213], [117, 159], [150, 118], [191, 119], [120, 151], [123, 139], [184, 124], [130, 125], [140, 127], [128, 135], [129, 210], [131, 143], [176, 133], [137, 172], [142, 199], [146, 173], [148, 198], [187, 149], [152, 156], [155, 167], [160, 178], [182, 166], [168, 175], [200, 205], [201, 202], [204, 215]], "q0": 0.49520833333333336, "f0": 0.9408216122208893}