{"a": 0.6, "b": 0.4, "communities0": [[0, 24, 28, 29], [1, 43], [2, 34, 4, 50, 19, 52, 25], [3, 5, 9, 10, 12, 13, 14, 15, 20, 21, 31, 32, 35, 37, 40, 46, 48, 49, 51], [36, 6, 44, 45, 17, 23, 26, 30], [33, 7, 41, 22, 27], [8, 54], [42, 11], [16, 18], [38, 47], [53, 39]], "q0": 0.43660356949702545, "f0": 0.8955150551269272}