{"a": 0.4, "b": 0.6, "communities0": [[0, 8, 38, 7], [1, 3, 4, 9, 13, 18, 20, 24, 25, 26, 30, 33, 34, 37, 39, 40, 45, 46, 47, 48], [2, 5, 6, 10, 11, 12, 14, 15, 16, 17, 19, 21, 22, 23, 31, 35, 41, 42, 43, 44, 49, 50], [32, 27, 36], [28, 29]], "q0": 0.349279345567867, "f0": 0.8895477560561039}