{
  "transactionTimestamps": [
    1705931049434,
    1705931049434,
    1705931050142,
    1705931050343,
    1705931051105,
    1705931051383,
    1705931051992,
    1705931052415,
    1705931053023,
    1705931053038,
    1705931053660,
    1705931053628,
    1705931054269,
    1705931055080,
    1705931055823,
    1705931058187,
    1705931059156,
    1705931057641,
    1705931060124
  ],
  "blockTimestamps": [
    1705931050468,
    1705931050690,
    1705931050843,
    1705931053706,
    1705931054638,
    1705931055895,
    1705931061922,
    1705931064856
  ],
  "blockTimes": [
    1705931050,
    1705931051,
    1705931052,
    1705931054,
    1705931055,
    1705931056,
    1705931057,
    1705931061
  ],
  "blockTransactions": [
    2,
    1,
    1,
    1,
    5,
    3,
    3,
    3
  ],
  "Delays": [
    1034,
    1034,
    548,
    500,
    2601,
    3255,
    2646,
    2223,
    1615,
    1600,
    2235,
    2267,
    1626,
    6842,
    6099,
    3735,
    5700,
    7215,
    4732
  ],
  "Throughputs": [
    1.9342359767891681,
    2.388535031847134,
    2.8388928317955995,
    1.1704119850187265,
    1.9215987701767872,
    2.0120724346076457,
    1.2812299807815504,
    1.2320062248735573
  ],
  "AverageDelays": [
    1034,
    872,
    779,
    1143.4,
    1705.6,
    1783.3846153846155,
    2491.25,
    3026.684210526316
  ]
}