{
  "transactionTimestamps": [
    1705931037829,
    1705931037828,
    1705931038766,
    1705931038844,
    1705931039578,
    1705931039578,
    1705931040370,
    1705931040665,
    1705931041225,
    1705931041740,
    1705931041973,
    1705931042549
  ],
  "blockTimestamps": [
    1705931041559,
    1705931041933,
    1705931045974
  ],
  "blockTimes": [
    1705931035,
    1705931040,
    1705931041
  ],
  "blockTransactions": [
    4,
    4,
    4
  ],
  "Delays": [
    3730,
    3731,
    2793,
    2715,
    2355,
    2355,
    1563,
    1268,
    4749,
    4234,
    4001,
    3425
  ],
  "Throughputs": [
    1.0723860589812333,
    1.949317738791423,
    1.4732965009208103
  ],
  "AverageDelays": [
    3242.25,
    2563.75,
    3076.5833333333335
  ]
}