{
  "transactionTimestamps": [
    1705931148436,
    1705931148436,
    1705931149988,
    1705931149383,
    1705931150753,
    1705931151420,
    1705931151687,
    1705931150544,
    1705931152296,
    1705931152763,
    1705931153229,
    1705931153572,
    1705931154228
  ],
  "blockTimestamps": [
    1705931152677,
    1705931163389
  ],
  "blockTimes": [
    1705931147,
    1705931152
  ],
  "blockTransactions": [
    4,
    9
  ],
  "Delays": [
    4241,
    4241,
    2689,
    3294,
    12636,
    11969,
    11702,
    12845,
    11093,
    10626,
    10160,
    9817,
    9161
  ],
  "Throughputs": [
    0.9431737797689225,
    0.8693907577074835
  ],
  "AverageDelays": [
    3616.25,
    8805.692307692309
  ]
}