{
  "transactionTimestamps": [
    1705931128418,
    1705931128418,
    1705931129186,
    1705931129483,
    1705931130091,
    1705931130452,
    1705931131198,
    1705931131524,
    1705931132087,
    1705931132384,
    1705931133070,
    1705931133178
  ],
  "blockTimestamps": [
    1705931131519,
    1705931138590
  ],
  "blockTimes": [
    1705931128,
    1705931131
  ],
  "blockTransactions": [
    6,
    6
  ],
  "Delays": [
    3101,
    3101,
    2333,
    2036,
    1428,
    1067,
    7392,
    7066,
    6503,
    6206,
    5520,
    5412
  ],
  "Throughputs": [
    1.9348597226701065,
    1.1797090051120722
  ],
  "AverageDelays": [
    2177.6666666666665,
    4263.75
  ]
}