{
  "transactionTimestamps": [
    1705931167000,
    1705931167000,
    1705931167835,
    1705931168753,
    1705931169800,
    1705931168131,
    1705931170580,
    1705931170596,
    1705931171250,
    1705931169922,
    1705931171405,
    1705931172031,
    1705931173031
  ],
  "blockTimestamps": [
    1705931170482,
    1705931173284,
    1705931175833
  ],
  "blockTimes": [
    1705931169,
    1705931170,
    1705931172
  ],
  "blockTransactions": [
    4,
    8,
    1
  ],
  "Delays": [
    3482,
    3482,
    2647,
    1729,
    3484,
    5153,
    2704,
    2688,
    2034,
    3362,
    1879,
    1253,
    2802
  ],
  "Throughputs": [
    1.1487650775416427,
    1.9096117122851688,
    1.4717536510811728
  ],
  "AverageDelays": [
    2835,
    2824.75,
    2823
  ]
}