{
  "transactionTimestamps": [
    1705931018847,
    1705931018846,
    1705931019603,
    1705931019869,
    1705931020524,
    1705931020695,
    1705931021395,
    1705931021659,
    1705931022283,
    1705931022471,
    1705931023002,
    1705931023111
  ],
  "blockTimestamps": [
    1705931021271,
    1705931022743,
    1705931022816,
    1705931025789
  ],
  "blockTimes": [
    1705931019,
    1705931020,
    1705931022,
    1705931024
  ],
  "blockTransactions": [
    2,
    4,
    4,
    2
  ],
  "Delays": [
    2424,
    2425,
    3140,
    2874,
    2219,
    2048,
    1421,
    1157,
    533,
    345,
    2787,
    2678
  ],
  "Throughputs": [
    0.8250825082508251,
    1.540041067761807,
    2.5195263290501386,
    1.7286084701815039
  ],
  "AverageDelays": [
    2424.5,
    2521.6666666666665,
    1858.6,
    2004.25
  ]
}