{
  "transactionTimestamps": [
    1705930998335,
    1705930999258,
    1705931000225,
    1705931001204,
    1705931002201,
    1705931003214,
    1705931004102,
    1705931004915,
    1705931005616,
    1705931006365,
    1705931007457,
    1705931008342,
    1705931009679
  ],
  "blockTimestamps": [
    1705931000670,
    1705931008192,
    1705931012895
  ],
  "blockTimes": [
    1705930997,
    1705931000,
    1705931007
  ],
  "blockTransactions": [
    2,
    8,
    3
  ],
  "Delays": [
    2335,
    1412,
    7967,
    6988,
    5991,
    4978,
    4090,
    3277,
    2576,
    1827,
    5438,
    4553,
    3216
  ],
  "Throughputs": [
    0.8565310492505354,
    1.0145074566298062,
    0.8928571428571428
  ],
  "AverageDelays": [
    1873.5,
    4144.1,
    4203.692307692308
  ]
}