{
  "transactionTimestamps": [
    1705931073308,
    1705931073308,
    1705931074034,
    1705931074066,
    1705931075001,
    1705931075110,
    1705931075734,
    1705931076030,
    1705931076512,
    1705931077073,
    1705931077321,
    1705931077901
  ],
  "blockTimestamps": [
    1705931075610,
    1705931076236,
    1705931078897,
    1705931081784
  ],
  "blockTimes": [
    1705931073,
    1705931074,
    1705931075,
    1705931078
  ],
  "blockTransactions": [
    4,
    2,
    2,
    4
  ],
  "Delays": [
    2302,
    2302,
    1576,
    1544,
    1235,
    1126,
    3163,
    2867,
    5272,
    4711,
    4463,
    3883
  ],
  "Throughputs": [
    1.737619461337967,
    2.0491803278688523,
    1.4313830738951512,
    1.4157621519584709
  ],
  "AverageDelays": [
    1931,
    1680.8333333333333,
    2014.375,
    2870.3333333333335
  ]
}