{
  "transactionTimestamps": [
    1705930694628,
    1705930694601,
    1705930696002,
    1705930696046,
    1705930696901,
    1705930696996,
    1705930697742,
    1705930697883,
    1705930698399,
    1705930698538,
    1705930699392,
    1705930699377
  ],
  "blockTimestamps": [
    1705930699733,
    1705930705377
  ],
  "blockTimes": [
    1705930695,
    1705930699
  ],
  "blockTransactions": [
    10,
    2
  ],
  "Delays": [
    5105,
    5132,
    3731,
    3687,
    2832,
    2737,
    1991,
    1850,
    1334,
    1195,
    5985,
    6000
  ],
  "Throughputs": [
    1.958863858961802,
    1.116382919341334
  ],
  "AverageDelays": [
    2959.4,
    3464.9166666666665
  ]
}