{
  "transactionTimestamps": [
    1705931029189,
    1705931029189,
    1705931029190,
    1705931029969,
    1705931030109,
    1705931030406,
    1705931030998,
    1705931031138,
    1705931030982,
    1705931031590,
    1705931032057,
    1705931032010,
    1705931032509,
    1705931032776,
    1705931033010,
    1705931033229,
    1705931033900,
    1705931033993
  ],
  "blockTimestamps": [
    1705931034841,
    1705931036442
  ],
  "blockTimes": [
    1705931030,
    1705931034
  ],
  "blockTransactions": [
    12,
    6
  ],
  "Delays": [
    5652,
    5652,
    5651,
    4872,
    4732,
    4435,
    3843,
    3703,
    3859,
    3251,
    2784,
    2831,
    3933,
    3666,
    3432,
    3213,
    2542,
    2449
  ],
  "Throughputs": [
    2.1231422505307855,
    2.481731697228733
  ],
  "AverageDelays": [
    4272.083333333333,
    3916.6666666666665
  ]
}