{
  "transactionTimestamps": [
    1705931089415,
    1705931089415,
    1705931090270,
    1705931090316,
    1705931091032,
    1705931091390,
    1705931092077,
    1705931092468,
    1705931092798,
    1705931093281,
    1705931093405,
    1705931094183
  ],
  "blockTimestamps": [
    1705931096054
  ],
  "blockTimes": [
    1705931088
  ],
  "blockTransactions": [
    12
  ],
  "Delays": [
    6639,
    6639,
    5784,
    5738,
    5022,
    4664,
    3977,
    3586,
    3256,
    2773,
    2649,
    1871
  ],
  "Throughputs": [
    1.807501129688206
  ],
  "AverageDelays": [
    4383.166666666667
  ]
}