{
  "transactionTimestamps": [
    1705930732127,
    1705930732124,
    1705930733455,
    1705930733112,
    1705930735123,
    1705930735884,
    1705930734297,
    1705930734252,
    1705930736854,
    1705930736900,
    1705930737770,
    1705930736315,
    1705930737957,
    1705930738486
  ],
  "blockTimestamps": [
    1705930735415,
    1705930737377,
    1705930738809,
    1705930740659
  ],
  "blockTimes": [
    1705930730,
    1705930734,
    1705930736,
    1705930738
  ],
  "blockTransactions": [
    3,
    2,
    2,
    7
  ],
  "Delays": [
    3288,
    3291,
    1960,
    4265,
    2254,
    2925,
    4512,
    6407,
    3805,
    3759,
    2889,
    4344,
    2702,
    2173
  ],
  "Throughputs": [
    0.9124087591240877,
    0.9523809523809523,
    1.0475905417539657,
    1.6408813877168307
  ],
  "AverageDelays": [
    2846.3333333333335,
    3011.6,
    3213.5714285714284,
    3469.5714285714284
  ]
}