{
  "transactionTimestamps": [
    1705931105101,
    1705931105957,
    1705931106910,
    1705931107580,
    1705931108264,
    1705931109342,
    1705931110341,
    1705931111232,
    1705931111854,
    1705931112866,
    1705931113819,
    1705931116409,
    1705931115569
  ],
  "blockTimestamps": [
    1705931110305,
    1705931112969,
    1705931114211,
    1705931115562,
    1705931119717
  ],
  "blockTimes": [
    1705931105,
    1705931109,
    1705931112,
    1705931113,
    1705931114
  ],
  "blockTransactions": [
    5,
    1,
    3,
    1,
    3
  ],
  "Delays": [
    5204,
    4348,
    3395,
    2725,
    2041,
    3627,
    3870,
    2979,
    2357,
    2696,
    5898,
    3308,
    4148
  ],
  "Throughputs": [
    0.9607993850883936,
    0.762582613116421,
    0.9879253567508234,
    0.9559315553006404,
    0.8894362342638205
  ],
  "AverageDelays": [
    3542.6,
    3556.6666666666665,
    3394,
    3324.2,
    3584.3076923076924
  ]
}