{"a": 0.4, "b": 0.6, "communities0": [[0, 32, 2, 6, 11, 47, 19, 20, 26, 31], [1, 34, 38, 39, 41, 17, 22, 23], [3, 51], [8, 24, 4, 14], [25, 5], [35, 7], [9, 42, 16, 57, 59, 30], [10, 58, 29], [13, 12, 21], [60, 15], [27, 18, 43, 52], [56, 28], [33, 44, 49, 53, 54], [40, 50, 48, 36], [37, 46], [45, 55]], "q0": 0.45913639873427314, "f0": 0.7708093478141154}