{
  "transactionTimestamps": [
    1706076059786,
    1706076059817,
    1706076059834,
    1706076061145,
    1706076061222,
    1706076061293,
    1706076062576,
    1706076062639,
    1706076062514,
    1706076064021,
    1706076064242,
    1706076064588,
    1706076065326,
    1706076065296,
    1706076065651,
    1706076066813,
    1706076067278,
    1706076067901,
    1706076067438
  ],
  "blockTimestamps": [
    1706076066762,
    1706076069733,
    1706076072738
  ],
  "blockTimes": [
    1706076066,
    1706076069,
    1706076072
  ],
  "blockTransactions": [
    6,
    6,
    7
  ],
  "Delays": [
    6976,
    6945,
    6928,
    5617,
    5540,
    5469,
    7157,
    7094,
    7219,
    5712,
    5491,
    5145,
    7412,
    7442,
    7087,
    5925,
    5460,
    4837,
    5300
  ],
  "Throughputs": [
    0.8600917431192661,
    1.206393887604303,
    1.4669549104385424
  ],
  "AverageDelays": [
    6245.833333333333,
    6274.416666666667,
    6250.315789473684
  ]
}