{
  "transactionTimestamps": [
    1706076128500,
    1706076128665,
    1706076127915,
    1706076128180,
    1706076128938,
    1706076129620,
    1706076129884,
    1706076130393,
    1706076129285,
    1706076129252,
    1706076129918,
    1706076129952,
    1706076131053,
    1706076130979,
    1706076130690,
    1706076131216,
    1706076131487,
    1706076131415,
    1706076131683,
    1706076132312,
    1706076132824,
    1706076132343,
    1706076132958,
    1706076132695,
    1706076132743,
    1706076133060,
    1706076133992,
    1706076134072,
    1706076133867,
    1706076133717,
    1706076134425,
    1706076134292,
    1706076134326,
    1706076134071,
    1706076134573,
    1706076134070,
    1706076134857,
    1706076135476,
    1706076135570,
    1706076135139,
    1706076135827,
    1706076135424,
    1706076135376,
    1706076135948,
    1706076136060,
    1706076136202,
    1706076136666,
    1706076137107,
    1706076136784,
    1706076137386,
    1706076137029,
    1706076137648,
    1706076137879,
    1706076137320,
    1706076138527,
    1706076138840,
    1706076138401,
    1706076138701,
    1706076138662,
    1706076139176,
    1706076139787,
    1706076139724,
    1706076140283,
    1706076139741,
    1706076141962,
    1706076141576,
    1706076141522,
    1706076141884,
    1706076142898,
    1706076142897
  ],
  "blockTimestamps": [
    1706076135742,
    1706076138743,
    1706076141743,
    1706076144747,
    1706076147735
  ],
  "blockTimes": [
    1706076135,
    1706076138,
    1706076141,
    1706076144,
    1706076147
  ],
  "blockTransactions": [
    14,
    19,
    17,
    12,
    8
  ],
  "Delays": [
    7242,
    7077,
    7827,
    7562,
    6804,
    6122,
    5858,
    5349,
    6457,
    6490,
    5824,
    5790,
    4689,
    4763,
    8053,
    7527,
    7256,
    7328,
    7060,
    6431,
    5919,
    6400,
    5785,
    6048,
    6000,
    5683,
    4751,
    4671,
    4876,
    5026,
    4318,
    4451,
    4417,
    7672,
    7170,
    7673,
    6886,
    6267,
    6173,
    6604,
    5916,
    6319,
    6367,
    5795,
    5683,
    5541,
    5077,
    4636,
    4959,
    4357,
    7718,
    7099,
    6868,
    7427,
    6220,
    5907,
    6346,
    6046,
    6085,
    5571,
    4960,
    5023,
    7452,
    7994,
    5773,
    6159,
    6213,
    5851,
    4837,
    4838
  ],
  "Throughputs": [
    1.9331676332504832,
    3.22171238894855,
    3.775579551461149,
    3.816089124145996,
    3.63919937613725
  ],
  "AverageDelays": [
    6275.285714285715,
    6056.181818181818,
    6058.98,
    6100.306451612903,
    6104.8
  ]
}