{
  "transactionTimestamps": [
    1706076098625,
    1706076099210,
    1706076098660,
    1706076098889,
    1706076099211,
    1706076100100,
    1706076100627,
    1706076100603,
    1706076100284,
    1706076100718,
    1706076101926,
    1706076101905,
    1706076101999,
    1706076102506,
    1706076102211,
    1706076103301,
    1706076103506,
    1706076103330,
    1706076103546,
    1706076104043,
    1706076104043,
    1706076103903,
    1706076104043,
    1706076104551,
    1706076105450,
    1706076104973,
    1706076105318,
    1706076105642,
    1706076105729,
    1706076105636,
    1706076105576,
    1706076105808,
    1706076106870,
    1706076106932,
    1706076107027,
    1706076107028,
    1706076106746,
    1706076107562,
    1706076108525,
    1706076108075,
    1706076108735,
    1706076108473,
    1706076108536,
    1706076109177,
    1706076108878,
    1706076109738,
    1706076110090,
    1706076110239,
    1706076110157,
    1706076111048,
    1706076110535,
    1706076111629,
    1706076111460,
    1706076111847,
    1706076112248,
    1706076112557,
    1706076113171
  ],
  "blockTimestamps": [
    1706076105734,
    1706076108740,
    1706076112348,
    1706076114744,
    1706076117746
  ],
  "blockTimes": [
    1706076105,
    1706076108,
    1706076111,
    1706076114,
    1706076117
  ],
  "blockTransactions": [
    10,
    11,
    14,
    13,
    9
  ],
  "Delays": [
    7109,
    6524,
    7074,
    6845,
    6523,
    5634,
    5107,
    5131,
    5450,
    5016,
    6814,
    6835,
    6741,
    6234,
    6529,
    5439,
    5234,
    5410,
    5194,
    4697,
    4697,
    8445,
    8305,
    7797,
    6898,
    7375,
    7030,
    6706,
    6619,
    6712,
    6772,
    6540,
    5478,
    5416,
    5321,
    7716,
    7998,
    7182,
    6219,
    6669,
    6009,
    6271,
    6208,
    5567,
    5866,
    5006,
    4654,
    4505,
    7589,
    6698,
    7211,
    6117,
    6286,
    5899,
    5498,
    5189,
    4575
  ],
  "Throughputs": [
    1.4066676044450697,
    2.0761245674740483,
    2.5504627268090068,
    2.97785222408338,
    2.9810156372574657
  ],
  "AverageDelays": [
    6041.3,
    5916.047619047619,
    6275.742857142857,
    6240.020833333333,
    6220.754385964912
  ]
}