{
  "transactionTimestamps": [
    1706076068741,
    1706076068631,
    1706076069403,
    1706076070285,
    1706076070609,
    1706076070902,
    1706076071727,
    1706076071960,
    1706076072897,
    1706076073565,
    1706076074025,
    1706076074025,
    1706076074058,
    1706076074064,
    1706076074027,
    1706076074833,
    1706076075500,
    1706076075365,
    1706076076070,
    1706076075497,
    1706076075969,
    1706076076414,
    1706076076731,
    1706076077368,
    1706076077368,
    1706076076887,
    1706076077432,
    1706076078494,
    1706076077921,
    1706076078444,
    1706076078625,
    1706076078719,
    1706076079094,
    1706076079514,
    1706076079810,
    1706076080041,
    1706076079640,
    1706076081140,
    1706076081431,
    1706076081459,
    1706076081607,
    1706076081543,
    1706076082225,
    1706076082955,
    1706076082692
  ],
  "blockTimestamps": [
    1706076075745,
    1706076079335,
    1706076081739,
    1706076084737,
    1706076087744
  ],
  "blockTimes": [
    1706076075,
    1706076078,
    1706076081,
    1706076084,
    1706076087
  ],
  "blockTransactions": [
    5,
    7,
    13,
    12,
    8
  ],
  "Delays": [
    7004,
    7114,
    6342,
    5460,
    5136,
    8433,
    7608,
    7375,
    6438,
    5770,
    5310,
    5310,
    7681,
    7675,
    7712,
    6906,
    6239,
    6374,
    5669,
    6242,
    5770,
    5325,
    5008,
    4371,
    4371,
    7850,
    7305,
    6243,
    6816,
    6293,
    6112,
    6018,
    5643,
    5223,
    4927,
    4696,
    5097,
    6604,
    6313,
    6285,
    6137,
    6201,
    5519,
    4789,
    5052
  ],
  "Throughputs": [
    0.7138777841233581,
    1.1327166320558808,
    1.923372826588706,
    2.313078269567392,
    2.3680471504499288
  ],
  "AverageDelays": [
    6211.2,
    6441.666666666667,
    6265.72,
    6185.5675675675675,
    6128.133333333333
  ]
}