{
  "transactionTimestamps": [
    1706076082970,
    1706076083506,
    1706076083880,
    1706076084630,
    1706076084723,
    1706076084675,
    1706076084554,
    1706076085352,
    1706076085784,
    1706076085659,
    1706076085937,
    1706076086030,
    1706076087025,
    1706076087393,
    1706076087555,
    1706076087219,
    1706076087778,
    1706076088036,
    1706076089030,
    1706076089130,
    1706076089028,
    1706076089214,
    1706076088734,
    1706076089038,
    1706076089032,
    1706076090646,
    1706076090051,
    1706076090606,
    1706076090224,
    1706076090237,
    1706076090655,
    1706076090964,
    1706076091030,
    1706076091254,
    1706076091642,
    1706076092196,
    1706076092213,
    1706076092334,
    1706076092059,
    1706076092045,
    1706076093588,
    1706076093624,
    1706076093308,
    1706076093365,
    1706076093711,
    1706076094648,
    1706076094133,
    1706076094134,
    1706076094851,
    1706076094367,
    1706076095039,
    1706076095591,
    1706076095358,
    1706076095782,
    1706076096285,
    1706076096025,
    1706076097270,
    1706076097515,
    1706076097219,
    1706076096970,
    1706076098026,
    1706076097577
  ],
  "blockTimestamps": [
    1706076090737,
    1706076093752,
    1706076096747,
    1706076099738,
    1706076102738
  ],
  "blockTimes": [
    1706076090,
    1706076093,
    1706076096,
    1706076099,
    1706076102
  ],
  "blockTransactions": [
    11,
    12,
    13,
    14,
    12
  ],
  "Delays": [
    7767,
    7231,
    6857,
    6107,
    6014,
    6062,
    6183,
    5385,
    4953,
    5078,
    4800,
    7722,
    6727,
    6359,
    6197,
    6533,
    5974,
    5716,
    4722,
    4622,
    4724,
    4538,
    5018,
    7709,
    7715,
    6101,
    6696,
    6141,
    6523,
    6510,
    6092,
    5783,
    5717,
    5493,
    5105,
    4551,
    7525,
    7404,
    7679,
    7693,
    6150,
    6114,
    6430,
    6373,
    6027,
    5090,
    5605,
    5604,
    4887,
    5371,
    7699,
    7147,
    7380,
    6956,
    6453,
    6713,
    5468,
    5223,
    5519,
    5768,
    4712,
    5161
  ],
  "Throughputs": [
    1.4162482296897128,
    2.1331849378593954,
    2.6130507367351385,
    2.9818702290076335,
    3.1363820315661672
  ],
  "AverageDelays": [
    6039.727272727273,
    5882.130434782609,
    5984.027777777777,
    6067.54,
    6089.935483870968
  ]
}