{
  "transactionTimestamps": [
    1706076143425,
    1706076142726,
    1706076144321,
    1706076144408,
    1706076144807,
    1706076144810,
    1706076145529,
    1706076145897,
    1706076145623,
    1706076146085,
    1706076146813,
    1706076147071,
    1706076147441,
    1706076149085,
    1706076147733,
    1706076148446,
    1706076148305,
    1706076149085,
    1706076150359,
    1706076149129,
    1706076148662,
    1706076149085,
    1706076149744,
    1706076150361,
    1706076151719,
    1706076150475,
    1706076150352,
    1706076150933,
    1706076150580,
    1706076152385,
    1706076151131,
    1706076151473,
    1706076151611,
    1706076153222,
    1706076153036,
    1706076153107,
    1706076153707,
    1706076153948,
    1706076154494,
    1706076156028,
    1706076154540,
    1706076155034,
    1706076154886,
    1706076157257,
    1706076156184,
    1706076155928,
    1706076155911,
    1706076157086,
    1706076156395,
    1706076157581,
    1706076157209,
    1706076157783
  ],
  "blockTimestamps": [
    1706076150748,
    1706076153744,
    1706076156736,
    1706076159743,
    1706076162744
  ],
  "blockTimes": [
    1706076150,
    1706076153,
    1706076156,
    1706076159,
    1706076162
  ],
  "blockTransactions": [
    9,
    12,
    11,
    10,
    10
  ],
  "Delays": [
    7323,
    8022,
    6427,
    6340,
    5941,
    5938,
    5219,
    4851,
    5125,
    7659,
    6931,
    6673,
    6303,
    4659,
    6011,
    5298,
    5439,
    4659,
    3385,
    4615,
    5082,
    7651,
    6992,
    6375,
    5017,
    6261,
    6384,
    5803,
    6156,
    4351,
    5605,
    5263,
    8132,
    6521,
    6707,
    6636,
    6036,
    5795,
    5249,
    3715,
    5203,
    4709,
    7858,
    5487,
    6560,
    6816,
    6833,
    5658,
    6349,
    5163,
    5535,
    4961
  ],
  "Throughputs": [
    1.2290045063498565,
    2.0350809186936716,
    2.404026744797536,
    2.573844833925726,
    2.6916507065583106
  ],
  "AverageDelays": [
    6131.777777777777,
    5804.761904761905,
    5867.4375,
    5868.119047619048,
    5916.942307692308
  ]
}