{"a": 0.8, "b": 0.2, "communities0": [[0, 2, 10, 12], [16, 1], [19, 3], [4, 5, 7, 9, 11, 13, 20], [6, 15], [8, 18], [17, 14]], "q0": 0.31956790123456785, "f0": 0.9187227801986312}