{"a": 0.3, "b": 0.7, "communities0": [[0, 2], [1, 31, 57], [24, 3, 12, 60], [66, 4], [5, 14], [70, 6], [61, 7], [8, 59], [67, 9, 11, 13, 53, 55, 62], [10, 29, 58, 28], [17, 15], [16, 39], [18, 69], [19, 63], [20, 22], [21, 54], [30, 23], [25, 27], [41, 26], [32, 65], [33, 68], [34, 52], [40, 35], [49, 36], [37, 47], [48, 38], [42, 43], [51, 44], [45, 46], [50, 71], [56, 64]], "communities1": [[0, 2], [1, 31, 57], [24, 3, 12, 60], [66, 4], [5, 14], [70, 6], [61, 7], [8, 59], [67, 9, 11, 13, 55, 62], [10, 53, 58, 28, 29], [17, 15], [16, 39], [18, 69], [19, 63], [20, 22], [21, 54], [30, 23], [25, 27], [41, 26], [32, 65], [33, 68], [34, 52], [40, 35], [49, 36], [37, 47], [48, 38], [42, 43], [51, 44], [45, 46], [50, 71], [56, 64]], "communities2": [[0, 2], [1, 57, 31], [24, 3, 12, 60], [66, 4], [5, 14], [70, 6], [61, 7], [8, 59], [67, 9, 11, 13, 55, 62], [10, 28], [17, 15], [16, 39], [18, 69], [19, 63], [20, 22], [21, 54], [30, 23], [25, 27], [41, 26], [58, 53, 29], [32, 65], [33, 68], [34, 52], [40, 35], [49, 36], [37, 47], [48, 38], [42, 43], [51, 44], [45, 46], [50, 71], [56, 64]], "communities3": [[19, 51, 71], [25, 46, 31], [49, 5, 33], [64, 17, 55], [40, 35, 70], [0, 1, 12], [26, 13, 47], [2, 52, 50], [66, 6, 22], [10, 20, 23], [24, 38], [28, 54], [58, 7], [53, 39], [32, 56], [48, 42], [3, 68], [16, 4], [29, 21], [30, 63], [67, 61], [60, 62], [8, 69], [57, 36], [59, 37], [43, 27], [9, 34], [65, 15], [44, 45], [18, 14], [41, 11]], "q0": 0.47495632894383233, "f0": 0.8368075359280569, "q1": 0.4760313087879603, "f1": 0.8360649306794429}