{"a": 0.3, "b": 0.7, "communities0": [[0, 59], [1, 37], [65, 2, 4], [33, 66, 3, 9, 11, 19, 20, 51, 55, 26, 27], [32, 5, 21, 62], [38, 6, 39, 43, 12, 13, 48, 28, 29, 30, 63], [7, 23], [36, 8, 10, 17, 18, 50, 53, 25, 60, 61], [58, 46, 14], [40, 42, 45, 15, 16, 54], [34, 41, 49, 52, 22, 57], [24, 44], [68, 31], [35, 47], [56, 64], [67, 69]], "communities1": [[0, 59], [1, 37], [65, 2, 4], [33, 66, 3, 9, 11, 19, 20, 51, 55, 26, 27], [32, 5, 21, 62], [38, 6, 39, 43, 12, 13, 48, 28, 29, 30, 63], [7, 23], [8, 10, 17, 18, 50, 53, 25], [58, 46, 14], [36, 40, 42, 45, 15, 16, 54, 60, 61], [34, 41, 49, 52, 22, 57], [24, 44], [68, 31], [35, 47], [56, 64], [67, 69]], "communities2": [[0, 59], [1, 37], [65, 2, 4], [33, 66, 3, 9, 11, 19, 20, 51, 55, 26, 27], [32, 21, 5, 62], [6, 38, 39, 43, 12, 13, 48, 28, 29, 30, 63], [23, 7], [8, 10, 17, 18, 50, 53, 25], [46, 58, 14], [40, 45, 15], [16, 42, 54], [49, 34, 22, 57], [24, 44], [68, 31], [35, 47], [36, 61, 60], [41, 52], [56, 64], [67, 69]], "communities3": [[38, 12, 45, 57, 61], [64, 37, 10, 18, 63], [5, 9, 13, 19, 27], [68, 40, 44, 17, 55], [66, 8, 41, 46, 21], [32, 34, 53, 58, 29], [50, 11, 47, 39], [3, 28, 54, 7], [48, 16, 4, 15], [49, 42, 69, 22], [0, 59, 62, 31], [25, 33, 1, 23], [56, 20, 6, 36], [65, 67, 35, 60], [24, 51, 52, 14], [43, 26, 2, 30]], "q0": 0.44340777924015845, "f0": 0.902976433675278, "q1": 0.45092822285295453, "f1": 0.8929432988845478}