{
  "transactionTimestamps": [
    1705930411016,
    1705930413718,
    1705930413077,
    1705930415009,
    1705930415870,
    1705930417442,
    1705930418393,
    1705930419987,
    1705930420907,
    1705930422994,
    1705930423603,
    1705930425699
  ],
  "blockTimestamps": [
    1705930415712,
    1705930421050,
    1705930421104,
    1705930422304,
    1705930431605
  ],
  "blockTimes": [
    1705930410,
    1705930415,
    1705930420,
    1705930422,
    1705930424
  ],
  "blockTransactions": [
    1,
    4,
    2,
    1,
    4
  ],
  "Delays": [
    4696,
    7332,
    7973,
    6041,
    5180,
    3662,
    2711,
    2317,
    10698,
    8611,
    8002,
    5906
  ],
  "Throughputs": [
    0.21294718909710392,
    0.49830576041459035,
    0.6938937351308486,
    0.7087172218284904,
    0.5828354946816261
  ],
  "AverageDelays": [
    4696,
    6244.4,
    5370.714285714285,
    4989,
    6094.083333333333
  ]
}