{
  "transactionTimestamps": [
    1705930498089,
    1705930498089,
    1705930498801,
    1705930499035,
    1705930499459,
    1705930500034,
    1705930500500,
    1705930500746,
    1705930501166,
    1705930501445,
    1705930501898,
    1705930502364,
    1705930503457,
    1705930504361,
    1705930505298,
    1705930506093,
    1705930506871,
    1705930507821
  ],
  "blockTimestamps": [
    1705930513541
  ],
  "blockTimes": [
    1705930496
  ],
  "blockTransactions": [
    18
  ],
  "Delays": [
    15452,
    15452,
    14740,
    14506,
    14082,
    13507,
    13041,
    12795,
    12375,
    12096,
    11643,
    11177,
    10084,
    9180,
    8243,
    7448,
    6670,
    5720
  ],
  "Throughputs": [
    1.164897747864354
  ],
  "AverageDelays": [
    11567.277777777777
  ]
}