{
  "transactionTimestamps": [
    1705930099312,
    1705930099309,
    1705930100212,
    1705930100476,
    1705930100940,
    1705930101313,
    1705930101758,
    1705930102384,
    1705930102755,
    1705930103474,
    1705930103767
  ],
  "blockTimestamps": [
    1705930100994,
    1705930101429,
    1705930105109
  ],
  "blockTimes": [
    1705930099,
    1705930100,
    1705930101
  ],
  "blockTransactions": [
    2,
    2,
    7
  ],
  "Delays": [
    1682,
    1685,
    1217,
    953,
    4169,
    3796,
    3351,
    2725,
    2354,
    1635,
    1342
  ],
  "Throughputs": [
    1.1890606420927468,
    1.889466225791214,
    1.8975332068311197
  ],
  "AverageDelays": [
    1683.5,
    1384.25,
    2264.4545454545455
  ]
}