{
  "transactionTimestamps": [
    1705930578611,
    1705930578611,
    1705930579503,
    1705930579503,
    1705930580533,
    1705930580563,
    1705930581325,
    1705930581544,
    1705930581983,
    1705930582496,
    1705930583209,
    1705930583023,
    1705930584126
  ],
  "blockTimestamps": [
    1705930581585,
    1705930583229,
    1705930583863,
    1705930584325,
    1705930589575
  ],
  "blockTimes": [
    1705930578,
    1705930581,
    1705930582,
    1705930583,
    1705930584
  ],
  "blockTransactions": [
    4,
    3,
    3,
    1,
    2
  ],
  "Delays": [
    2974,
    2974,
    2082,
    2082,
    2696,
    2666,
    1904,
    2319,
    1880,
    1367,
    1116,
    6552,
    5449
  ],
  "Throughputs": [
    1.3449899125756557,
    1.5158077089649198,
    1.904036557501904,
    1.9250962548127406,
    1.1856986501276905
  ],
  "AverageDelays": [
    2528,
    2482.5714285714284,
    2294.4,
    2187.2727272727275,
    2773.923076923077
  ]
}