{
  "transactionTimestamps": [
    1705930636956,
    1705930637880,
    1705930638783,
    1705930639468,
    1705930640232,
    1705930641167,
    1705930641974,
    1705930642676,
    1705930643691,
    1705930644402,
    1705930645318,
    1705930646079
  ],
  "blockTimestamps": [
    1705930638173,
    1705930639755,
    1705930641010,
    1705930644719,
    1705930646308,
    1705930646704
  ],
  "blockTimes": [
    1705930639,
    1705930640,
    1705930641,
    1705930642,
    1705930644,
    1705930645
  ],
  "blockTransactions": [
    1,
    1,
    2,
    4,
    2,
    2
  ],
  "Delays": [
    1217,
    1875,
    2227,
    1542,
    4487,
    3552,
    2745,
    2043,
    2617,
    1906,
    1386,
    625
  ],
  "Throughputs": [
    0.8216926869350862,
    0.7145409074669525,
    0.9866798223976319,
    1.0305294344969729,
    1.06928999144568,
    1.2310217480508823
  ],
  "AverageDelays": [
    1217,
    1546,
    1715.25,
    2461,
    2421.1,
    2185.1666666666665
  ]
}