{
  "transactionTimestamps": [
    1705930316031,
    1705930317247,
    1705930318056,
    1705930318741,
    1705930319630,
    1705930320474,
    1705930321095,
    1705930321784,
    1705930322798,
    1705930323783,
    1705930324780,
    1705930325873
  ],
  "blockTimestamps": [
    1705930318538,
    1705930319332,
    1705930321987,
    1705930330830
  ],
  "blockTimes": [
    1705930316,
    1705930317,
    1705930318,
    1705930321
  ],
  "blockTransactions": [
    2,
    1,
    1,
    8
  ],
  "Delays": [
    2507,
    1291,
    1276,
    3246,
    11200,
    10356,
    9735,
    9046,
    8032,
    7047,
    6050,
    4957
  ],
  "Throughputs": [
    0.7977662544874351,
    0.9088155104513783,
    0.6715916722632639,
    0.8108655990269613
  ],
  "AverageDelays": [
    1899,
    1691.3333333333333,
    2080,
    6228.583333333333
  ]
}