{
  "transactionTimestamps": [
    1705930342670,
    1705930344745,
    1705930345323,
    1705930347086,
    1705930348007,
    1705930349214,
    1705930350096,
    1705930351794,
    1705930352431,
    1705930354039,
    1705930355038,
    1705930356666
  ],
  "blockTimestamps": [
    1705930346632,
    1705930349457,
    1705930351489,
    1705930351630,
    1705930354579,
    1705930356485,
    1705930365996
  ],
  "blockTimes": [
    1705930342,
    1705930348,
    1705930349,
    1705930350,
    1705930353,
    1705930355,
    1705930358
  ],
  "blockTransactions": [
    1,
    3,
    1,
    1,
    3,
    1,
    2
  ],
  "Delays": [
    3962,
    4712,
    4134,
    2371,
    3482,
    2416,
    4483,
    2785,
    2148,
    2446,
    10958,
    9330
  ],
  "Throughputs": [
    0.2523977788995457,
    0.5893620156180934,
    0.5669577049552103,
    0.6696428571428571,
    0.7557309597783188,
    0.7238508867173362,
    0.5144473977535797
  ],
  "AverageDelays": [
    3962,
    3794.75,
    3732.2,
    3512.8333333333335,
    3388.1111111111113,
    3293.9,
    4435.583333333333
  ]
}