{
  "transactionTimestamps": [
    1705930560279,
    1705930561058,
    1705930561997,
    1705930562747,
    1705930563804,
    1705930564628,
    1705930565374,
    1705930566436,
    1705930567103,
    1705930567823,
    1705930568508,
    1705930569537
  ],
  "blockTimestamps": [
    1705930563254,
    1705930566297,
    1705930570744,
    1705930572765
  ],
  "blockTimes": [
    1705930560,
    1705930562,
    1705930565,
    1705930570
  ],
  "blockTransactions": [
    1,
    3,
    6,
    2
  ],
  "Delays": [
    2975,
    5239,
    4300,
    3550,
    6940,
    6116,
    5370,
    4308,
    3641,
    2921,
    4257,
    3228
  ],
  "Throughputs": [
    0.3361344537815126,
    0.6646726487205051,
    0.9555661729574774,
    0.9610764055742431
  ],
  "AverageDelays": [
    2975,
    4016,
    4536,
    4403.75
  ]
}