{
  "transactionTimestamps": [
    1705930472535,
    1705930474011,
    1705930474969,
    1705930476917,
    1705930477683,
    1705930479666,
    1705930480616,
    1705930481900,
    1705930482782,
    1705930484607,
    1705930485529,
    1705930487309
  ],
  "blockTimestamps": [
    1705930478654,
    1705930482705,
    1705930485001,
    1705930487370,
    1705930487987,
    1705930492709
  ],
  "blockTimes": [
    1705930474,
    1705930479,
    1705930481,
    1705930484,
    1705930486,
    1705930487
  ],
  "blockTransactions": [
    3,
    3,
    1,
    2,
    2,
    1
  ],
  "Delays": [
    6119,
    4643,
    3685,
    5788,
    5022,
    3039,
    4385,
    5470,
    4588,
    3380,
    2458,
    5400
  ],
  "Throughputs": [
    0.49027618891975816,
    0.5899705014749262,
    0.5615273544039788,
    0.6066734074823054,
    0.7118819570282164,
    0.5948250223059384
  ],
  "AverageDelays": [
    4815.666666666667,
    4716,
    4668.714285714285,
    4748.777777777777,
    4416.090909090909,
    4498.083333333333
  ]
}