{
  "transactionTimestamps": [
    1705930435884,
    1705930435884,
    1705930435884,
    1705930436717,
    1705930437076,
    1705930437172,
    1705930437826,
    1705930437872,
    1705930438200,
    1705930438651,
    1705930438762,
    1705930439168,
    1705930439558,
    1705930439651,
    1705930440307,
    1705930440590,
    1705930440684,
    1705930440916
  ],
  "blockTimestamps": [
    1705930442180,
    1705930443628
  ],
  "blockTimes": [
    1705930434,
    1705930441
  ],
  "blockTransactions": [
    16,
    2
  ],
  "Delays": [
    6296,
    6296,
    6296,
    5463,
    5104,
    5008,
    4354,
    4308,
    3980,
    3529,
    3418,
    3012,
    2622,
    2529,
    1873,
    1590,
    2944,
    2712
  ],
  "Throughputs": [
    2.5412960609911055,
    2.324380165289256
  ],
  "AverageDelays": [
    4104.875,
    3963
  ]
}