{
  "transactionTimestamps": [
    1705930594648,
    1705930594649,
    1705930595376,
    1705930596123,
    1705930596124,
    1705930596766,
    1705930596953,
    1705930597423,
    1705930597750,
    1705930598372,
    1705930598387,
    1705930599229
  ],
  "blockTimestamps": [
    1705930597670,
    1705930612376
  ],
  "blockTimes": [
    1705930594,
    1705930597
  ],
  "blockTransactions": [
    5,
    7
  ],
  "Delays": [
    3022,
    3021,
    2294,
    1547,
    1546,
    15610,
    15423,
    14953,
    14626,
    14004,
    13989,
    13147
  ],
  "Throughputs": [
    1.654533421575116,
    0.6768953068592057
  ],
  "AverageDelays": [
    2286,
    9431.833333333334
  ]
}