{
  "transactionTimestamps": [
    1705930521168,
    1705930521168,
    1705930521967,
    1705930522201,
    1705930522838,
    1705930522883,
    1705930523524,
    1705930523820,
    1705930524552,
    1705930524754,
    1705930525454,
    1705930525639
  ],
  "blockTimestamps": [
    1705930523728,
    1705930524283,
    1705930525007,
    1705930525614,
    1705930528549
  ],
  "blockTimes": [
    1705930519,
    1705930523,
    1705930524,
    1705930525,
    1705930527
  ],
  "blockTransactions": [
    4,
    3,
    1,
    2,
    2
  ],
  "Delays": [
    2560,
    2560,
    1761,
    1527,
    1445,
    1400,
    759,
    1187,
    1062,
    860,
    3095,
    2910
  ],
  "Throughputs": [
    1.5625,
    2.2471910112359548,
    2.083876009377442,
    2.2492127755285654,
    1.625795962606693
  ],
  "AverageDelays": [
    2102,
    1716,
    1649.875,
    1512.1,
    1760.5
  ]
}