{
  "transactionTimestamps": [
    1705930082842,
    1705930082779,
    1705930083773,
    1705930084049,
    1705930084547,
    1705930084875,
    1705930085201,
    1705930085638,
    1705930086043,
    1705930086668,
    1705930086888,
    1705930087277
  ],
  "blockTimestamps": [
    1705930085020,
    1705930087483,
    1705930087868,
    1705930088888
  ],
  "blockTimes": [
    1705930083,
    1705930084,
    1705930086,
    1705930087
  ],
  "blockTransactions": [
    2,
    3,
    6,
    1
  ],
  "Delays": [
    2178,
    2241,
    3710,
    3434,
    2936,
    2993,
    2667,
    2230,
    1825,
    1200,
    980,
    1611
  ],
  "Throughputs": [
    0.9182736455463728,
    1.077354018530489,
    2.1886191802626342,
    1.9847833278200462
  ],
  "AverageDelays": [
    2209.5,
    2899.8,
    2399.4545454545455,
    2333.75
  ]
}