{
  "transactionTimestamps": [
    1705930457394,
    1705930457394,
    1705930458134,
    1705930458212,
    1705930458869,
    1705930458932,
    1705930459535,
    1705930459705,
    1705930460610,
    1705930460657,
    1705930461422,
    1705930461622
  ],
  "blockTimestamps": [
    1705930459059,
    1705930461905,
    1705930462870
  ],
  "blockTimes": [
    1705930458,
    1705930460,
    1705930461
  ],
  "blockTransactions": [
    4,
    2,
    6
  ],
  "Delays": [
    1665,
    1665,
    925,
    847,
    3036,
    2973,
    3335,
    3165,
    2260,
    2213,
    1448,
    1248
  ],
  "Throughputs": [
    2.4024024024024024,
    1.330082021724673,
    2.191380569758948
  ],
  "AverageDelays": [
    1275.5,
    1851.8333333333333,
    2065
  ]
}