{
  "transactionTimestamps": [
    1705930397100,
    1705930397100,
    1705930397903,
    1705930398171,
    1705930398856,
    1705930399137,
    1705930399868,
    1705930400117,
    1705930400635,
    1705930400837,
    1705930401380,
    1705930401661
  ],
  "blockTimestamps": [
    1705930400698,
    1705930401329,
    1705930404281,
    1705930405190
  ],
  "blockTimes": [
    1705930395,
    1705930399,
    1705930400,
    1705930403
  ],
  "blockTransactions": [
    5,
    3,
    2,
    2
  ],
  "Delays": [
    3598,
    3598,
    2795,
    2527,
    1842,
    2192,
    1461,
    1212,
    3646,
    3444,
    3810,
    3529
  ],
  "Throughputs": [
    1.3896609227348526,
    1.8917001655237644,
    1.3925637097897228,
    1.4833127317676145
  ],
  "AverageDelays": [
    2872,
    2403.125,
    2631.5,
    2804.5
  ]
}