{
  "transactionTimestamps": [
    1705930538694,
    1705930538694,
    1705930539682,
    1705930539760,
    1705930540601,
    1705930540618,
    1705930541305,
    1705930541399,
    1705930542345,
    1705930542468,
    1705930543200,
    1705930543514
  ],
  "blockTimestamps": [
    1705930552420
  ],
  "blockTimes": [
    1705930538
  ],
  "blockTransactions": [
    12
  ],
  "Delays": [
    13726,
    13726,
    12738,
    12660,
    11819,
    11802,
    11115,
    11021,
    10075,
    9952,
    9220,
    8906
  ],
  "Throughputs": [
    0.8742532420224391
  ],
  "AverageDelays": [
    11396.666666666666
  ]
}