{
  "transactionTimestamps": [
    1705930619239,
    1705930619239,
    1705930620088,
    1705930620211,
    1705930620850,
    1705930620864,
    1705930621583,
    1705930621832,
    1705930622472,
    1705930622752,
    1705930623281,
    1705930623593
  ],
  "blockTimestamps": [
    1705930621835,
    1705930627719
  ],
  "blockTimes": [
    1705930618,
    1705930621
  ],
  "blockTransactions": [
    6,
    6
  ],
  "Delays": [
    2596,
    2596,
    1747,
    1624,
    985,
    971,
    6136,
    5887,
    5247,
    4967,
    4438,
    4126
  ],
  "Throughputs": [
    2.311248073959938,
    1.4150943396226414
  ],
  "AverageDelays": [
    1753.1666666666667,
    3443.3333333333335
  ]
}