{"a": 0.7, "b": 0.3, "communities0": [[0, 18], [1, 131], [120, 2], [3, 93], [4, 68], [5, 109], [52, 6], [17, 7], [8, 20], [9, 75], [10, 70], [72, 11], [123, 12], [73, 13], [78, 14], [40, 137, 74, 15, 80, 21, 90], [16, 24], [19, 43], [108, 22], [46, 23], [64, 25], [26, 132], [27, 54], [136, 28], [29, 117], [67, 30], [51, 31], [32, 62], [33, 92], [34, 58], [35, 63], [129, 36], [124, 37], [57, 38], [88, 39], [112, 41], [49, 42], [44, 102], [45, 69], [84, 47], [48, 116], [50, 53], [133, 103, 119, 85, 55], [56, 100], [59, 76], [98, 60], [61, 134], [65, 87], [66, 95], [107, 71], [77, 126], [97, 79], [81, 106], [82, 118], [83, 110], [86, 127], [89, 94], [91, 99], [96, 101], [104, 115], [105, 122], [113, 111], [121, 114], [125, 135], [128, 130]], "q0": 0.49411764705882355, "f0": 0.8910689527545915}