{"a": 0.4, "b": 0.6, "communities0": [[0, 129, 102, 10, 75, 77, 14, 45, 46, 113, 81, 84, 118, 24, 57, 91, 124], [8, 1], [2, 101, 69, 103, 104, 133, 106, 11, 13, 15, 112, 19, 53, 31, 94, 127], [3, 135, 7, 108, 54, 87, 26, 126], [64, 72, 4, 28], [130, 131, 132, 5, 136, 12, 16, 17, 21, 23, 27, 29, 38, 39, 41, 42, 44, 49, 52, 55, 61, 62, 66, 67, 68, 71, 73, 74, 76, 78, 82, 83, 90, 95, 98, 99, 100, 105, 107, 110, 114, 115, 117, 121, 123], [33, 35, 37, 6, 70, 134, 109, 86, 122, 60], [56, 9], [65, 18], [120, 20], [88, 22], [25, 50], [128, 34, 59, 30], [32, 93], [97, 36], [40, 85], [43, 63], [58, 47, 111], [48, 116, 79], [51, 92], [80, 96], [89, 125, 119]], "q0": 0.45049288167781393, "f0": 0.8044097760305557}