{"a": 0.7, "b": 0.3, "communities0": [[0, 13], [1, 5, 8, 11, 16], [17, 2, 6, 15], [9, 3, 12], [10, 4, 14], [7]], "q0": 0.43000000000000005, "f0": 0.7089241404332888}