{"a": 0.4, "b": 0.6, "communities0": [[0, 2, 3, 4, 9, 11, 13, 15, 17, 19, 25, 29, 30, 31, 33, 34, 35, 41, 43, 44, 46, 47, 48, 51, 53, 54, 55], [1, 36, 6, 10, 21, 22, 26], [5, 14, 49, 50, 20], [56, 7], [8, 12, 37, 39], [32, 40, 45, 16, 24, 27], [18, 28], [38, 23], [42, 52]], "q0": 0.3798292769376182, "f0": 0.849439888810889}