{"a": 0.8, "b": 0.2, "communities0": [[0, 5, 40, 10, 16, 48, 49, 22], [1, 14], [25, 2, 50, 29], [32, 42, 3], [19, 4, 47], [6, 7, 39, 15, 58], [8, 57], [9, 13], [11, 12, 45], [24, 17, 21], [33, 18, 36], [20, 38], [34, 23], [56, 26, 31, 55], [27, 51], [43, 28, 44], [54, 30], [35, 46], [52, 37], [41, 53]], "q0": 0.4541256279419327, "f0": 0.8515659836882411}