{
  "transactionTimestamps": [
    1706000235180,
    1706000236240,
    1706000235180,
    1706000237381,
    1706000237692,
    1706000238470,
    1706000238470,
    1706000239111,
    1706000236999,
    1706000239267,
    1706000239923,
    1706000239970,
    1706000240544,
    1706000241606,
    1706000242306,
    1706000243429,
    1706000244174
  ],
  "blockTimestamps": [
    1706000237949,
    1706000241355,
    1706000244824,
    1706000245735
  ],
  "blockTimes": [
    1706000235,
    1706000237,
    1706000243,
    1706000244
  ],
  "blockTransactions": [
    1,
    12,
    3,
    1
  ],
  "Delays": [
    2769,
    5115,
    6175,
    3974,
    3663,
    2885,
    2885,
    2244,
    4356,
    2088,
    1432,
    1385,
    811,
    3218,
    2518,
    1395,
    1561
  ],
  "Throughputs": [
    0.3611412062116287,
    2.1052631578947367,
    1.6590626296142679,
    1.6106110847939366
  ],
  "AverageDelays": [
    2769,
    3060.153846153846,
    2932.0625,
    2851.4117647058824
  ]
}