{
  "transactionTimestamps": [
    1706000357926,
    1706000358938,
    1706000360042,
    1706000360868,
    1706000361726,
    1706000362534,
    1706000363190,
    1706000363955,
    1706000365059,
    1706000365716,
    1706000366745,
    1706000367635
  ],
  "blockTimestamps": [
    1706000361162,
    1706000361977,
    1706000363603,
    1706000365313,
    1706000366213,
    1706000368648,
    1706000368894
  ],
  "blockTimes": [
    1706000358,
    1706000360,
    1706000361,
    1706000362,
    1706000364,
    1706000365,
    1706000367
  ],
  "blockTransactions": [
    2,
    2,
    1,
    2,
    2,
    1,
    2
  ],
  "Delays": [
    3236,
    2224,
    1935,
    1109,
    1877,
    2779,
    2123,
    2258,
    1154,
    2932,
    2149,
    1259
  ],
  "Throughputs": [
    0.6180469715698392,
    0.9874105159219946,
    0.8807468733485997,
    0.9476106673886558,
    1.0860383733558585,
    0.9326618168252192,
    1.0940919037199124
  ],
  "AverageDelays": [
    2730,
    2126,
    2076.2,
    2183.285714285714,
    2077.222222222222,
    2162.7,
    2086.25
  ]
}