{
  "transactionTimestamps": [
    1706000277105,
    1706000277915,
    1706000278634,
    1706000277105,
    1706000279429,
    1706000280346,
    1706000279508,
    1706000281361,
    1706000280160,
    1706000282123,
    1706000282795,
    1706000282858,
    1706000282244,
    1706000283638
  ],
  "blockTimestamps": [
    1706000280126,
    1706000281555,
    1706000282297,
    1706000284718,
    1706000285080
  ],
  "blockTimes": [
    1706000273,
    1706000279,
    1706000280,
    1706000281,
    1706000284
  ],
  "blockTransactions": [
    3,
    2,
    2,
    1,
    6
  ],
  "Delays": [
    3021,
    2211,
    1492,
    4450,
    2126,
    1951,
    2789,
    3357,
    4920,
    2957,
    2285,
    2222,
    2836,
    1442
  ],
  "Throughputs": [
    0.9930486593843099,
    1.1235955056179774,
    1.3482280431432974,
    1.0508340995665308,
    1.755485893416928
  ],
  "AverageDelays": [
    2241.3333333333335,
    2660,
    2577.1428571428573,
    2674.625,
    2718.5
  ]
}