{
  "transactionTimestamps": [
    1705999939030,
    1705999939032,
    1705999939895,
    1705999940894,
    1705999940286,
    1705999942043,
    1705999942930,
    1705999943161,
    1705999942074,
    1705999943648,
    1705999943971,
    1705999944783,
    1705999945810
  ],
  "blockTimestamps": [
    1705999939765,
    1705999943179,
    1705999948060
  ],
  "blockTimes": [
    1705999939,
    1705999940,
    1705999942
  ],
  "blockTransactions": [
    2,
    4,
    7
  ],
  "Delays": [
    735,
    733,
    3284,
    2285,
    2893,
    1136,
    5130,
    4899,
    5986,
    4412,
    4089,
    3277,
    2250
  ],
  "Throughputs": [
    2.7210884353741496,
    1.4461315979754157,
    1.4396456256921375
  ],
  "AverageDelays": [
    734,
    1844.3333333333333,
    3162.230769230769
  ]
}