{
  "transactionTimestamps": [
    1706000245031,
    1706000247248,
    1706000246523,
    1706000253843,
    1706000253843,
    1706000254596,
    1706000254627,
    1706000255579,
    1706000255737,
    1706000256582,
    1706000256597,
    1706000257485,
    1706000257548,
    1706000258296,
    1706000258342
  ],
  "blockTimestamps": [
    1706000265379
  ],
  "blockTimes": [
    1706000247
  ],
  "blockTransactions": [
    15
  ],
  "Delays": [
    20348,
    18131,
    18856,
    11536,
    11536,
    10783,
    10752,
    9800,
    9642,
    8797,
    8782,
    7894,
    7831,
    7083,
    7037
  ],
  "Throughputs": [
    0.7371731865539611
  ],
  "AverageDelays": [
    11253.866666666667
  ]
}