{
  "transactionTimestamps": [
    1706000328157,
    1706000328156,
    1706000329269,
    1706000329300,
    1706000329955,
    1706000330825,
    1706000331701,
    1706000330358,
    1706000332779,
    1706000333357,
    1706000332470,
    1706000334119,
    1706000335245
  ],
  "blockTimestamps": [
    1706000330621,
    1706000335465,
    1706000335465,
    1706000338924
  ],
  "blockTimes": [
    1706000329,
    1706000330,
    1706000334,
    1706000335
  ],
  "blockTransactions": [
    4,
    6,
    2,
    1
  ],
  "Delays": [
    2464,
    2465,
    1352,
    1321,
    5510,
    4640,
    3764,
    5107,
    2686,
    2108,
    2995,
    1346,
    3679
  ],
  "Throughputs": [
    1.6233766233766234,
    1.3683634373289546,
    1.6420361247947455,
    1.2073929599702795
  ],
  "AverageDelays": [
    1900.5,
    3141.7,
    2979.8333333333335,
    3033.6153846153848
  ]
}