{
  "transactionTimestamps": [
    1706000298833,
    1706000301215,
    1706000302199,
    1706000294944,
    1706000295619,
    1706000296275,
    1706000297198,
    1706000297868,
    1706000300419,
    1706000303165,
    1706000303835,
    1706000304898,
    1706000305926
  ],
  "blockTimestamps": [
    1706000303810,
    1706000303811,
    1706000306638
  ],
  "blockTimes": [
    1706000301,
    1706000288,
    1706000302
  ],
  "blockTransactions": [
    3,
    5,
    5
  ],
  "Delays": [
    4977,
    2595,
    1611,
    8867,
    8192,
    7536,
    6613,
    5943,
    6219,
    3473,
    2803,
    1740,
    712
  ],
  "Throughputs": [
    0.6027727546714888,
    1.6070711128967459,
    1.6655989750160154
  ],
  "AverageDelays": [
    3061,
    5791.75,
    4713.923076923077
  ]
}