{
  "transactionTimestamps": [
    1706000193084,
    1706000193085,
    1706000193084,
    1706000193797,
    1706000194094,
    1706000194481,
    1706000194731,
    1706000195433,
    1706000195714,
    1706000194078,
    1706000196633,
    1706000196758,
    1706000196121,
    1706000197631,
    1706000197740,
    1706000196304,
    1706000198612,
    1706000198831,
    1706000197905,
    1706000199410
  ],
  "blockTimestamps": [
    1706000199943,
    1706000207047
  ],
  "blockTimes": [
    1706000193,
    1706000199
  ],
  "blockTransactions": [
    13,
    7
  ],
  "Delays": [
    6859,
    6858,
    6859,
    6146,
    5849,
    5462,
    5212,
    4510,
    4229,
    5865,
    3310,
    3185,
    3822,
    9416,
    9307,
    10743,
    8435,
    8216,
    9142,
    7637
  ],
  "Throughputs": [
    1.8953200174952618,
    1.432356943350283
  ],
  "AverageDelays": [
    5243.538461538462,
    6553.1
  ]
}