{
  "transactionTimestamps": [
    1706000122122,
    1706000123090,
    1706000123962,
    1706000124783,
    1706000125594,
    1706000126283,
    1706000126934,
    1706000127981,
    1706000128967,
    1706000129686,
    1706000130777,
    1706000131776
  ],
  "blockTimestamps": [
    1706000126343,
    1706000148500
  ],
  "blockTimes": [
    1706000071,
    1706000125
  ],
  "blockTransactions": [
    5,
    7
  ],
  "Delays": [
    4221,
    3253,
    2381,
    1560,
    749,
    22217,
    21566,
    20519,
    19533,
    18814,
    17723,
    16724
  ],
  "Throughputs": [
    1.1845534233593935,
    0.4549245583440746
  ],
  "AverageDelays": [
    2432.8,
    12438.333333333334
  ]
}