{
  "transactionTimestamps": [
    1706000168758,
    1706000168758,
    1706000170318,
    1706000171053,
    1706000171412,
    1706000170426,
    1706000172163,
    1706000172352,
    1706000172930,
    1706000173927,
    1706000174584,
    1706000173056,
    1706000175908,
    1706000175064
  ],
  "blockTimestamps": [
    1706000170761,
    1706000171843,
    1706000181342
  ],
  "blockTimes": [
    1706000169,
    1706000170,
    1706000171
  ],
  "blockTransactions": [
    1,
    2,
    11
  ],
  "Delays": [
    2003,
    3085,
    1525,
    10289,
    9930,
    10916,
    9179,
    8990,
    8412,
    7415,
    6758,
    8286,
    5434,
    6278
  ],
  "Throughputs": [
    0.4992511233150274,
    0.9724473257698542,
    1.112523839796567
  ],
  "AverageDelays": [
    2003,
    2204.3333333333335,
    7035.714285714285
  ]
}