{
  "transactionTimestamps": [
    1706000347631,
    1706000347631,
    1706000348618,
    1706000348712,
    1706000349383,
    1706000349445,
    1706000350410,
    1706000350457,
    1706000351127,
    1706000351503,
    1706000351892,
    1706000352597
  ],
  "blockTimestamps": [
    1706000350792,
    1706000354406
  ],
  "blockTimes": [
    1706000348,
    1706000350
  ],
  "blockTransactions": [
    4,
    8
  ],
  "Delays": [
    3161,
    3161,
    2174,
    2080,
    5023,
    4961,
    3996,
    3949,
    3279,
    2903,
    2514,
    1809
  ],
  "Throughputs": [
    1.2654223347042075,
    1.7712177121771218
  ],
  "AverageDelays": [
    2644,
    3250.8333333333335
  ]
}