{
  "transactionTimestamps": [
    1705925074229,
    1705925074229,
    1705925074229,
    1705925076183,
    1705925076118,
    1705925075935,
    1705925076890,
    1705925076795,
    1705925077046,
    1705925078414,
    1705925079016,
    1705925079074,
    1705925078771,
    1705925079666,
    1705925079462,
    1705925080389,
    1705925080929,
    1705925081191,
    1705925080982,
    1705925081830,
    1705925081628,
    1705925083147,
    1705925083411,
    1705925083436,
    1705925083975,
    1705925083882,
    1705925084273,
    1705925085219,
    1705925085666,
    1705925086278,
    1705925086217,
    1705925086025,
    1705925086685,
    1705925088176,
    1705925087864,
    1705925087509,
    1705925088496,
    1705925089086,
    1705925089641,
    1705925090409,
    1705925090587,
    1705925091279,
    1705925091760,
    1705925092290,
    1705925092869,
    1705925093630,
    1705925094160,
    1705925095042,
    1705925095151,
    1705925096087,
    1705925096708,
    1705925097426,
    1705925097246,
    1705925097812,
    1705925098796,
    1705925099765,
    1705925098944,
    1705925099453,
    1705925100962,
    1705925101379
  ],
  "blockTimestamps": [
    1705925167624
  ],
  "blockTimes": [
    1705925048
  ],
  "blockTransactions": [
    60
  ],
  "Delays": [
    93395,
    93395,
    93395,
    91441,
    91506,
    91689,
    90734,
    90829,
    90578,
    89210,
    88608,
    88550,
    88853,
    87958,
    88162,
    87235,
    86695,
    86433,
    86642,
    85794,
    85996,
    84477,
    84213,
    84188,
    83649,
    83742,
    83351,
    82405,
    81958,
    81346,
    81407,
    81599,
    80939,
    79448,
    79760,
    80115,
    79128,
    78538,
    77983,
    77215,
    77037,
    76345,
    75864,
    75334,
    74755,
    73994,
    73464,
    72582,
    72473,
    71537,
    70916,
    70198,
    70378,
    69812,
    68828,
    67859,
    68680,
    68171,
    66662,
    66245
  ],
  "Throughputs": [
    0.6424326784089084
  ],
  "AverageDelays": [
    80894.88333333333
  ]
}