{
  "transactionTimestamps": [
    1705924888190,
    1705924888193,
    1705924888190,
    1705924889834,
    1705924889793,
    1705924890474,
    1705924890585,
    1705924890445,
    1705924891161,
    1705924892392,
    1705924892300,
    1705924892472,
    1705924893195,
    1705924893332,
    1705924893053,
    1705924894399,
    1705924895038,
    1705924894905,
    1705924895658,
    1705924895124,
    1705924895688,
    1705924896901,
    1705924897162,
    1705924897129,
    1705924897557,
    1705924898011,
    1705924898090,
    1705924899177,
    1705924899836,
    1705924899381,
    1705924899864,
    1705924900599,
    1705924901246,
    1705924900381,
    1705924902200,
    1705924902477,
    1705924903127,
    1705924904415,
    1705924905357,
    1705924907261,
    1705924907860,
    1705924909750,
    1705924910364,
    1705924911770,
    1705924912761,
    1705924914765,
    1705924915507,
    1705924917069,
    1705924917823,
    1705924919416,
    1705924919987,
    1705924921504,
    1705924922101,
    1705924923922,
    1705924924596,
    1705924926379
  ],
  "blockTimestamps": [
    1705924891409,
    1705924894636,
    1705924895025,
    1705924898294,
    1705924899600,
    1705924902502,
    1705924906253,
    1705924908052,
    1705924910196,
    1705924910958,
    1705924925527,
    1705924928000,
    1705924930210
  ],
  "blockTimes": [
    1705924893,
    1705924894,
    1705924895,
    1705924896,
    1705924898,
    1705924899,
    1705924901,
    1705924905,
    1705924907,
    1705924909,
    1705924910,
    1705924923,
    1705924927
  ],
  "blockTransactions": [
    3,
    9,
    1,
    8,
    2,
    2,
    12,
    1,
    1,
    2,
    10,
    4,
    1
  ],
  "Delays": [
    3219,
    3216,
    3219,
    4802,
    4843,
    4162,
    4051,
    4191,
    3475,
    2244,
    2336,
    2164,
    1830,
    4962,
    5241,
    3895,
    3256,
    3389,
    2636,
    3170,
    2606,
    2699,
    2438,
    5373,
    4945,
    8242,
    8163,
    7076,
    6417,
    6872,
    6389,
    5654,
    5007,
    5872,
    4053,
    3776,
    3126,
    3637,
    4839,
    3697,
    3098,
    15777,
    15163,
    13757,
    12766,
    10762,
    10020,
    8458,
    7704,
    6111,
    5540,
    6496,
    5899,
    4078,
    3404,
    3831
  ],
  "Throughputs": [
    0.9319664492078286,
    1.8616196090598822,
    1.9019751280175567,
    2.0783847980997625,
    2.0157756354075373,
    1.7467859139183903,
    2.0483862038421083,
    1.9132010875037762,
    1.7722439334726892,
    1.8007730147575545,
    1.3659372740177302,
    1.3815624215021352,
    1.3326987148976677
  ],
  "AverageDelays": [
    3218,
    3493.5,
    3365.5384615384614,
    3471.7619047619046,
    3393.217391304348,
    3534.48,
    4297.540540540541,
    4280.1578947368425,
    4294.48717948718,
    4250.731707317073,
    5496.823529411765,
    5458.454545454545,
    5429.392857142857
  ]
}