{
  "transactionTimestamps": [
    1705999454431,
    1705999452709,
    1705999453831,
    1705999456400,
    1705999457336,
    1705999458526,
    1705999459270,
    1705999461322,
    1705999462234,
    1705999464430,
    1705999463693,
    1705999465812
  ],
  "blockTimestamps": [
    1705999458332,
    1705999458342,
    1705999460901,
    1705999464631,
    1705999467873,
    1705999475149
  ],
  "blockTimes": [
    1705999457,
    1705999453,
    1705999458,
    1705999460,
    1705999465,
    1705999467
  ],
  "blockTransactions": [
    1,
    2,
    1,
    5,
    2,
    1
  ],
  "Delays": [
    3901,
    5633,
    4511,
    4501,
    7295,
    6105,
    5361,
    3309,
    2397,
    3443,
    4180,
    9337
  ],
  "Throughputs": [
    0.2563445270443476,
    0.767067246228586,
    0.6182380216383307,
    0.8823529411764707,
    0.8183306055646481,
    0.5792064871126557
  ],
  "AverageDelays": [
    3901,
    4681.666666666667,
    4636.5,
    4779.222222222223,
    4603.272727272727,
    4997.75
  ]
}