{
  "transactionTimestamps": [
    1705999594899,
    1705999594899,
    1705999594899,
    1705999596129,
    1705999596144,
    1705999596406,
    1705999597093,
    1705999597202,
    1705999597405,
    1705999598001,
    1705999598079,
    1705999598266,
    1705999598998,
    1705999599107,
    1705999599232,
    1705999599950,
    1705999600028,
    1705999600044
  ],
  "blockTimestamps": [
    1705999599380,
    1705999600635,
    1705999601094
  ],
  "blockTimes": [
    1705999594,
    1705999598,
    1705999599
  ],
  "blockTransactions": [
    9,
    5,
    4
  ],
  "Delays": [
    4481,
    4481,
    4481,
    3251,
    3236,
    2974,
    2287,
    2178,
    1975,
    2634,
    2556,
    2369,
    1637,
    1528,
    1862,
    1144,
    1066,
    1050
  ],
  "Throughputs": [
    2.008480249944209,
    2.4407252440725244,
    2.905569007263922
  ],
  "AverageDelays": [
    3260.4444444444443,
    2862,
    2510.5555555555557
  ]
}