{
  "transactionTimestamps": [
    1705999293385,
    1705999293388,
    1705999294261,
    1705999294463,
    1705999295452,
    1705999295236,
    1705999296013,
    1705999296214,
    1705999296698,
    1705999296902,
    1705999297666,
    1705999297728
  ],
  "blockTimestamps": [
    1705999294734,
    1705999295528,
    1705999297609,
    1705999297858,
    1705999298505,
    1705999299232
  ],
  "blockTimes": [
    1705999307,
    1705999308,
    1705999310,
    1705999311,
    1705999312,
    1705999313
  ],
  "blockTransactions": [
    3,
    1,
    1,
    5,
    1,
    1
  ],
  "Delays": [
    1349,
    1346,
    473,
    1065,
    2157,
    2622,
    1845,
    1644,
    1160,
    956,
    839,
    1504
  ],
  "Throughputs": [
    2.2238695329873983,
    1.8665422305179658,
    1.183712121212121,
    2.23563603845294,
    2.1484375,
    2.052334530528476
  ],
  "AverageDelays": [
    1056,
    1058.25,
    1278,
    1461.7,
    1405.090909090909,
    1413.3333333333333
  ]
}