{
  "transactionTimestamps": [
    1705999714391,
    1705999714392,
    1705999715207,
    1705999715317,
    1705999715896,
    1705999716396,
    1705999716600,
    1705999717447,
    1705999717714,
    1705999718526,
    1705999718542,
    1705999719614
  ],
  "blockTimestamps": [
    1705999715859,
    1705999719061,
    1705999720080,
    1705999727554
  ],
  "blockTimes": [
    1705999713,
    1705999718,
    1705999719,
    1705999720
  ],
  "blockTransactions": [
    4,
    5,
    2,
    1
  ],
  "Delays": [
    1468,
    1467,
    652,
    542,
    3165,
    2665,
    2461,
    1614,
    1347,
    1554,
    1538,
    7940
  ],
  "Throughputs": [
    2.7247956403269757,
    1.9271948608137046,
    1.9335559852346633,
    0.9116462812428777
  ],
  "AverageDelays": [
    1032.25,
    1709,
    1679.3636363636363,
    2201.0833333333335
  ]
}