{
  "transactionTimestamps": [
    1705999635881,
    1705999637966,
    1705999637112,
    1705999639327,
    1705999640041,
    1705999641749,
    1705999642649,
    1705999644567,
    1705999645376,
    1705999647080,
    1705999647982,
    1705999649625
  ],
  "blockTimestamps": [
    1705999643116,
    1705999644114,
    1705999653578
  ],
  "blockTimes": [
    1705999636,
    1705999641,
    1705999643
  ],
  "blockTransactions": [
    3,
    2,
    7
  ],
  "Delays": [
    7235,
    5150,
    6004,
    4787,
    4073,
    11829,
    10929,
    9011,
    8202,
    6498,
    5596,
    3953
  ],
  "Throughputs": [
    0.414651002073255,
    0.6073120369245718,
    0.6780810306831667
  ],
  "AverageDelays": [
    6129.666666666667,
    5449.8,
    6938.916666666667
  ]
}