{
  "transactionTimestamps": [
    1705999482728,
    1705999483749,
    1705999484511,
    1705999482729,
    1705999485527,
    1705999485619,
    1705999486461,
    1705999486461,
    1705999484684,
    1705999487178,
    1705999487302,
    1705999488084,
    1705999489051
  ],
  "blockTimestamps": [
    1705999493321
  ],
  "blockTimes": [
    1705999483
  ],
  "blockTransactions": [
    13
  ],
  "Delays": [
    10593,
    9572,
    8810,
    10592,
    7794,
    7702,
    6860,
    6860,
    8637,
    6143,
    6019,
    5237,
    4270
  ],
  "Throughputs": [
    1.2272255262909468
  ],
  "AverageDelays": [
    7622.2307692307695
  ]
}