{
  "transactionTimestamps": [
    1705999867661,
    1705999868425,
    1705999869127,
    1705999869811,
    1705999870607,
    1705999871291,
    1705999872086,
    1705999872771,
    1705999873823,
    1705999874774,
    1705999875678,
    1705999876678
  ],
  "blockTimestamps": [
    1705999870184,
    1705999871731,
    1705999872171,
    1705999881523
  ],
  "blockTimes": [
    1705999866,
    1705999869,
    1705999871,
    1705999872
  ],
  "blockTransactions": [
    3,
    1,
    2,
    6
  ],
  "Delays": [
    2523,
    1759,
    1057,
    1920,
    1564,
    880,
    9437,
    8752,
    7700,
    6749,
    5845,
    4845
  ],
  "Throughputs": [
    1.1890606420927468,
    0.9828009828009827,
    1.3303769401330379,
    0.8656759486365604
  ],
  "AverageDelays": [
    1779.6666666666667,
    1814.75,
    1617.1666666666667,
    4419.25
  ]
}