{
  "transactionTimestamps": [
    1705999394825,
    1705999395818,
    1705999396767,
    1705999397652,
    1705999398758,
    1705999399772,
    1705999400600,
    1705999401379,
    1705999402456,
    1705999403093,
    1705999404188,
    1705999404860
  ],
  "blockTimestamps": [
    1705999399609,
    1705999400810,
    1705999401569,
    1705999404089,
    1705999404613,
    1705999405895,
    1705999408413
  ],
  "blockTimes": [
    1705999394,
    1705999398,
    1705999400,
    1705999401,
    1705999403,
    1705999404,
    1705999405
  ],
  "blockTransactions": [
    4,
    1,
    1,
    1,
    3,
    1,
    1
  ],
  "Delays": [
    4784,
    3791,
    2842,
    1957,
    2052,
    1797,
    3489,
    3234,
    2157,
    1520,
    1707,
    3553
  ],
  "Throughputs": [
    0.8361204013377926,
    0.835421888053467,
    0.8896797153024911,
    0.7556131260794474,
    1.021659174499387,
    0.9936766034327009,
    0.8831321754489255
  ],
  "AverageDelays": [
    3343.5,
    3085.2,
    2870.5,
    2958.8571428571427,
    2762.3,
    2666.3636363636365,
    2740.25
  ]
}