{
  "transactionTimestamps": [
    1705999813123,
    1705999813123,
    1705999814062,
    1705999814077,
    1705999814873,
    1705999814935,
    1705999815623,
    1705999815967,
    1705999816588,
    1705999816744,
    1705999817478,
    1705999817493
  ],
  "blockTimestamps": [
    1705999816204,
    1705999816888,
    1705999820163
  ],
  "blockTimes": [
    1705999807,
    1705999815,
    1705999816
  ],
  "blockTransactions": [
    2,
    5,
    5
  ],
  "Delays": [
    3081,
    3081,
    2826,
    2811,
    2015,
    1953,
    1265,
    4196,
    3575,
    3419,
    2685,
    2670
  ],
  "Throughputs": [
    0.6491398896462187,
    1.8592297476759627,
    1.7045454545454546
  ],
  "AverageDelays": [
    3081,
    2433.1428571428573,
    2798.0833333333335
  ]
}