{
  "transactionTimestamps": [
    1705999606843,
    1705999606843,
    1705999607719,
    1705999607906,
    1705999608579,
    1705999608795,
    1705999609510,
    1705999609666,
    1705999610366,
    1705999610628,
    1705999611357,
    1705999611577
  ],
  "blockTimestamps": [
    1705999610141,
    1705999612981,
    1705999615448
  ],
  "blockTimes": [
    1705999607,
    1705999609,
    1705999612
  ],
  "blockTransactions": [
    4,
    4,
    4
  ],
  "Delays": [
    3298,
    3298,
    2422,
    2235,
    4402,
    4186,
    3471,
    3315,
    5082,
    4820,
    4091,
    3871
  ],
  "Throughputs": [
    1.212856276531231,
    1.3033561420658195,
    1.3945380592678676
  ],
  "AverageDelays": [
    2813.25,
    3328.375,
    3707.5833333333335
  ]
}