{
  "transactionTimestamps": [
    1705999845529,
    1705999845529,
    1705999846157,
    1705999846172,
    1705999846965,
    1705999847134,
    1705999847742,
    1705999847961,
    1705999848677,
    1705999848849,
    1705999849380,
    1705999849538
  ],
  "blockTimestamps": [
    1705999849061,
    1705999855710
  ],
  "blockTimes": [
    1705999845,
    1705999848
  ],
  "blockTransactions": [
    4,
    8
  ],
  "Delays": [
    3532,
    3532,
    2904,
    2889,
    8745,
    8576,
    7968,
    7749,
    7033,
    6861,
    6330,
    6172
  ],
  "Throughputs": [
    1.1325028312570782,
    1.1786661428150478
  ],
  "AverageDelays": [
    3214.25,
    6024.25
  ]
}