{
  "transactionTimestamps": [
    1705999828830,
    1705999828830,
    1705999829672,
    1705999829984,
    1705999830407,
    1705999830733,
    1705999831280,
    1705999831844,
    1705999831939,
    1705999832562,
    1705999832734,
    1705999833733
  ],
  "blockTimestamps": [
    1705999833381,
    1705999838051
  ],
  "blockTimes": [
    1705999830,
    1705999832
  ],
  "blockTransactions": [
    9,
    3
  ],
  "Delays": [
    4551,
    4551,
    3709,
    3397,
    2974,
    2648,
    2101,
    1537,
    1442,
    5489,
    5317,
    4318
  ],
  "Throughputs": [
    1.9775873434410018,
    1.3013772909662726
  ],
  "AverageDelays": [
    2990,
    3502.8333333333335
  ]
}