{
  "transactionTimestamps": [
    1705999696386,
    1705999696386,
    1705999697225,
    1705999697596,
    1705999697920,
    1705999698263,
    1705999698843,
    1705999699309,
    1705999699605,
    1705999700132,
    1705999700617,
    1705999700960,
    1705999701396,
    1705999702349,
    1705999703128,
    1705999704109,
    1705999704863,
    1705999705552
  ],
  "blockTimestamps": [
    1705999701087,
    1705999701567,
    1705999702528,
    1705999703437,
    1705999706069,
    1705999707029
  ],
  "blockTimes": [
    1705999698,
    1705999700,
    1705999701,
    1705999702,
    1705999703,
    1705999705
  ],
  "blockTransactions": [
    7,
    4,
    1,
    1,
    2,
    3
  ],
  "Delays": [
    4701,
    4701,
    3862,
    3491,
    3167,
    2824,
    2244,
    2258,
    1962,
    1435,
    950,
    1568,
    2041,
    3720,
    2941,
    2920,
    2166,
    1477
  ],
  "Throughputs": [
    1.48904488406722,
    2.1231422505307855,
    1.9537609899055681,
    1.8437101120408452,
    1.5491066818134875,
    1.6912524664098467
  ],
  "AverageDelays": [
    3570,
    2872.2727272727275,
    2763.5833333333335,
    2708,
    2791,
    2690.4444444444443
  ]
}