{
  "transactionTimestamps": [
    1705999279971,
    1705999279978,
    1705999281099,
    1705999281178,
    1705999282124,
    1705999282236,
    1705999283094,
    1705999283374,
    1705999283734,
    1705999284419,
    1705999284435,
    1705999285275,
    1705999285275
  ],
  "blockTimestamps": [
    1705999283071,
    1705999283331,
    1705999283751,
    1705999284943,
    1705999285485,
    1705999289006,
    1705999289178
  ],
  "blockTimes": [
    1705999293,
    1705999294,
    1705999295,
    1705999296,
    1705999297,
    1705999298,
    1705999298
  ],
  "blockTransactions": [
    2,
    4,
    1,
    1,
    3,
    1,
    1
  ],
  "Delays": [
    3100,
    3093,
    2232,
    2153,
    1207,
    1095,
    657,
    1569,
    1751,
    1066,
    1050,
    3731,
    3903
  ],
  "Throughputs": [
    0.6451612903225806,
    1.7857142857142858,
    1.8518518518518519,
    1.6090104585679805,
    1.9949220166848023,
    1.3281682346430548,
    1.4119691539046377
  ],
  "AverageDelays": [
    3096.5,
    2146.6666666666665,
    1933.857142857143,
    1888.25,
    1724.8181818181818,
    1892,
    2046.6923076923076
  ]
}