{
  "transactionTimestamps": [
    1705999498523,
    1705999500727,
    1705999501418,
    1705999502755,
    1705999503365,
    1705999505150,
    1705999506064,
    1705999507525,
    1705999508391,
    1705999510127,
    1705999511022,
    1705999512449
  ],
  "blockTimestamps": [
    1705999509006,
    1705999537585
  ],
  "blockTimes": [
    1705999497,
    1705999507
  ],
  "blockTransactions": [
    6,
    6
  ],
  "Delays": [
    10483,
    8279,
    7588,
    6251,
    5641,
    3856,
    31521,
    30060,
    29194,
    27458,
    26563,
    25136
  ],
  "Throughputs": [
    0.5723552418200897,
    0.3072039322103323
  ],
  "AverageDelays": [
    7016.333333333333,
    17669.166666666668
  ]
}