{
  "transactionTimestamps": [
    1705999369558,
    1705999369558,
    1705999369558,
    1705999369558,
    1705999370205,
    1705999370611,
    1705999370751,
    1705999370954,
    1705999371205,
    1705999371514,
    1705999371842,
    1705999371670,
    1705999372216,
    1705999372496,
    1705999372543,
    1705999372590,
    1705999372994,
    1705999373240,
    1705999373442,
    1705999373503,
    1705999373736,
    1705999374171,
    1705999374296,
    1705999374484,
    1705999374873,
    1705999374889,
    1705999375155,
    1705999375733,
    1705999375966,
    1705999376495,
    1705999376635,
    1705999377291,
    1705999377650,
    1705999378085,
    1705999378303,
    1705999379147
  ],
  "blockTimestamps": [
    1705999371642,
    1705999374976,
    1705999378016,
    1705999381081
  ],
  "blockTimes": [
    1705999378,
    1705999380,
    1705999381,
    1705999383
  ],
  "blockTransactions": [
    9,
    15,
    9,
    3
  ],
  "Delays": [
    2084,
    2084,
    2084,
    2084,
    1437,
    1031,
    891,
    688,
    437,
    3462,
    3134,
    3306,
    2760,
    2480,
    2433,
    2386,
    1982,
    1736,
    1534,
    1473,
    1240,
    805,
    680,
    492,
    3143,
    3127,
    2861,
    2283,
    2050,
    1521,
    1381,
    725,
    366,
    2996,
    2778,
    1934
  ],
  "Throughputs": [
    4.318618042226487,
    4.4296788482834994,
    3.901631591392764,
    3.1241864097891177
  ],
  "AverageDelays": [
    1424.4444444444443,
    1780.125,
    1823.6363636363637,
    1885.7777777777778
  ]
}