{"a": 0.4, "b": 0.6, "communities0": [[0, 4, 5, 7, 8, 10, 11, 15, 16, 17, 22, 26, 32, 34, 49, 57, 60, 62, 63, 71, 74, 80, 84, 85, 87, 93, 95, 97, 100, 101, 102, 113, 118, 119], [65, 1], [64, 33, 2, 67, 89, 103, 106, 14, 51, 121, 28, 94], [112, 3], [98, 35, 6, 104, 44, 78, 110, 117, 55, 24, 58, 29, 31], [72, 9, 107, 12, 47, 114, 54], [76, 13, 30], [18, 79], [19, 108, 86], [48, 20], [41, 43, 46, 52, 21], [92, 23], [25, 82, 105], [73, 59, 45, 50, 83, 27], [88, 36, 109], [42, 37], [68, 38], [56, 91, 39], [40, 90, 70], [53, 61], [66, 123], [120, 69], [96, 75], [115, 77], [81, 99, 116], [122, 111]], "q0": 0.45547021321866415, "f0": 0.9290787106484498}