{"a": 0.3, "b": 0.7, "communities0": [[0, 32, 5, 41, 44, 50, 22, 26], [1, 36, 9, 18, 20, 53, 23, 24, 25, 31], [2, 10], [16, 3], [4], [33, 35, 38, 6, 42, 43, 15, 19, 52, 21, 27], [37, 30, 7], [8, 12, 14, 47, 49, 51, 28], [48, 11], [13, 46], [17, 34, 45, 39], [40, 29]], "communities1": [[0, 32, 5, 41, 44, 50, 22, 26], [1, 36, 9, 18, 20, 53, 23, 24, 25, 31], [2, 10], [16, 3, 4], [33, 35, 38, 6, 42, 43, 15, 19, 52, 21, 27], [37, 30, 7], [8, 12, 14, 47, 49, 51, 28], [48, 11], [13, 46], [17, 34, 45, 39], [40, 29]], "communities2": [[0, 32, 5, 41, 44, 50, 22, 26], [1, 36, 9, 18, 20, 53, 23, 24, 25, 31], [2, 10], [16, 3, 4], [6, 38, 42, 43, 15, 19, 21, 27], [37, 30, 7], [8, 49], [48, 11], [12, 14, 47, 51, 28], [13, 46], [17, 34, 45, 39], [40, 29], [33, 35, 52]], "communities3": [[1, 7, 46, 30, 31], [38, 13, 45, 16, 49], [35, 21, 22, 26, 28], [2, 15, 19, 51, 25], [32, 42, 18, 27, 29], [36, 8, 12, 52, 53], [6, 40, 9, 48, 20], [4, 41, 44, 47, 23], [3, 5, 10, 43, 17], [33, 39, 14, 50, 24], [0, 34, 11, 37]], "q0": 0.41502456441783664, "f0": 0.8831365025360115, "q1": 0.42012537249322124, "f1": 0.8648886934395266}