{
  "transactionTimestamps": [
    1706079234318,
    1706079234317,
    1706079235436,
    1706079235513,
    1706079236351,
    1706079236398,
    1706079237205,
    1706079237422,
    1706079238034,
    1706079238203,
    1706079238966,
    1706079239075
  ],
  "blockTimestamps": [
    1706079238741,
    1706079241744,
    1706079244745
  ],
  "blockTimes": [
    1706079238,
    1706079241,
    1706079244
  ],
  "blockTransactions": [
    4,
    6,
    2
  ],
  "Delays": [
    4423,
    4424,
    3305,
    3228,
    5393,
    5346,
    4539,
    4322,
    3710,
    3541,
    5779,
    5670
  ],
  "Throughputs": [
    0.9043635541487678,
    1.3466199838405601,
    1.15085834851827
  ],
  "AverageDelays": [
    3845,
    4223.1,
    4473.333333333333
  ]
}