{
  "transactionTimestamps": [
    1706079249320,
    1706079249319,
    1706079250157,
    1706079250404,
    1706079250822,
    1706079251336,
    1706079251850,
    1706079252412,
    1706079252815,
    1706079253683,
    1706079253746,
    1706079254512
  ],
  "blockTimestamps": [
    1706079253890,
    1706079256889,
    1706079259856
  ],
  "blockTimes": [
    1706079253,
    1706079256,
    1706079259
  ],
  "blockTransactions": [
    5,
    4,
    3
  ],
  "Delays": [
    4570,
    4571,
    3733,
    3486,
    3068,
    5553,
    5039,
    4477,
    4074,
    6173,
    6110,
    5344
  ],
  "Throughputs": [
    1.0940919037199124,
    1.1890606420927468,
    1.1389521640091116
  ],
  "AverageDelays": [
    3885.6,
    4285.666666666667,
    4683.166666666667
  ]
}