{
  "transactionTimestamps": [
    1706079094379,
    1706079097188,
    1706079099267,
    1706079099267,
    1706079100125,
    1706079100156,
    1706079101013,
    1706079101167,
    1706079101806,
    1706079101994,
    1706079102572,
    1706079102727,
    1706079103521,
    1706079103583
  ],
  "blockTimestamps": [
    1706079100745,
    1706079103746,
    1706079106751
  ],
  "blockTimes": [
    1706079100,
    1706079103,
    1706079106
  ],
  "blockTransactions": [
    1,
    5,
    8
  ],
  "Delays": [
    6366,
    6558,
    4479,
    4479,
    3621,
    3590,
    5738,
    5584,
    4945,
    4757,
    4179,
    4024,
    3230,
    3168
  ],
  "Throughputs": [
    0.15708451146716934,
    0.6405465997651328,
    1.1315874555447785
  ],
  "AverageDelays": [
    6366,
    4848.833333333333,
    4622.714285714285
  ]
}