{
  "transactionTimestamps": [
    1706078994207,
    1706078994207,
    1706078995015,
    1706078995091,
    1706078995907,
    1706078995954,
    1706078996620,
    1706078997309,
    1706078996527,
    1706078998412,
    1706079000016,
    1706079000838,
    1706078999336
  ],
  "blockTimestamps": [
    1706078998746,
    1706079001742,
    1706079004755
  ],
  "blockTimes": [
    1706078998,
    1706079001,
    1706079004
  ],
  "blockTransactions": [
    4,
    6,
    3
  ],
  "Delays": [
    4539,
    4539,
    3731,
    3655,
    5835,
    5788,
    5122,
    4433,
    5215,
    3330,
    4739,
    3917,
    5419
  ],
  "Throughputs": [
    0.8812513769552766,
    1.3271400132714002,
    1.2324611300720516
  ],
  "AverageDelays": [
    4116,
    4618.7,
    4635.538461538462
  ]
}