{
  "transactionTimestamps": [
    1706078839805,
    1706078840221,
    1706078840715,
    1706078840992,
    1706078841408,
    1706078841578,
    1706078842107,
    1706078840424,
    1706078842323,
    1706078842630,
    1706078843237,
    1706078843469,
    1706078844077,
    1706078844123,
    1706078844123,
    1706078844429,
    1706078844832,
    1706078844970,
    1706078845017,
    1706078843112,
    1706078845482,
    1706078845650,
    1706078845681,
    1706078845924,
    1706078846316,
    1706078846285,
    1706078846379,
    1706078846808,
    1706078847024,
    1706078847196,
    1706078847367,
    1706078847397,
    1706078847552,
    1706078846315,
    1706078848078,
    1706078848166,
    1706078848188,
    1706078848513,
    1706078848975,
    1706078849069,
    1706078848125,
    1706078849660,
    1706078850061,
    1706078851082,
    1706078851778,
    1706078852105,
    1706078850574,
    1706078852612,
    1706078851021,
    1706078852750,
    1706078853382,
    1706078854079
  ],
  "blockTimestamps": [
    1706078845761,
    1706078848748,
    1706078851787,
    1706078854744,
    1706078857745
  ],
  "blockTimes": [
    1706078845,
    1706078848,
    1706078851,
    1706078854,
    1706078857
  ],
  "blockTransactions": [
    9,
    12,
    17,
    6,
    8
  ],
  "Delays": [
    5956,
    5540,
    5046,
    4769,
    4353,
    4183,
    3654,
    5337,
    3438,
    6118,
    5511,
    5279,
    4671,
    4625,
    4625,
    4319,
    3916,
    3778,
    3731,
    5636,
    3266,
    6137,
    6106,
    5863,
    5471,
    5502,
    5408,
    4979,
    4763,
    4591,
    4420,
    4390,
    4235,
    5472,
    3709,
    3621,
    3599,
    3274,
    5769,
    5675,
    6619,
    5084,
    4683,
    3662,
    5967,
    5640,
    7171,
    5133,
    6724,
    4995,
    4363,
    3666
  ],
  "Throughputs": [
    1.5110812625923438,
    2.3482053002348207,
    3.171423802370222,
    2.9453109311198875,
    2.898550724637681
  ],
  "AverageDelays": [
    4697.333333333333,
    4654.809523809524,
    4718.184210526316,
    4790.522727272727,
    4893.115384615385
  ]
}