{
  "transactionTimestamps": [
    1706079054243,
    1706079054245,
    1706079055024,
    1706079055166,
    1706079055958,
    1706079056099,
    1706079056848,
    1706079057067,
    1706079057660,
    1706079057940,
    1706079058674,
    1706079058690
  ],
  "blockTimestamps": [
    1706079058741,
    1706079061741,
    1706079064737
  ],
  "blockTimes": [
    1706079058,
    1706079061,
    1706079064
  ],
  "blockTransactions": [
    4,
    6,
    2
  ],
  "Delays": [
    4498,
    4496,
    3717,
    3575,
    5783,
    5642,
    4893,
    4674,
    4081,
    3801,
    6063,
    6047
  ],
  "Throughputs": [
    0.8892841262783459,
    1.3336889837289942,
    1.1435105774728416
  ],
  "AverageDelays": [
    4071.5,
    4516,
    4772.5
  ]
}