{
  "transactionTimestamps": [
    1706078889156,
    1706078889157,
    1706078890150,
    1706078890290,
    1706078890787,
    1706078891377,
    1706078892438,
    1706078893064,
    1706078891672,
    1706078893917,
    1706078895552,
    1706078894851,
    1706078896362
  ],
  "blockTimestamps": [
    1706078893735,
    1706078896743,
    1706078900359
  ],
  "blockTimes": [
    1706078893,
    1706078896,
    1706078899
  ],
  "blockTransactions": [
    4,
    5,
    4
  ],
  "Delays": [
    4579,
    4578,
    3585,
    3445,
    5956,
    5366,
    4305,
    3679,
    5071,
    6442,
    4807,
    5508,
    3997
  ],
  "Throughputs": [
    0.8735531775496834,
    1.1862396204033214,
    1.1604034633580291
  ],
  "AverageDelays": [
    4046.75,
    4507.111111111111,
    4716.7692307692305
  ]
}