{
  "transactionTimestamps": [
    1706078979200,
    1706078979200,
    1706078980274,
    1706078980307,
    1706078981101,
    1706078981287,
    1706078981875,
    1706078982186,
    1706078982684,
    1706078982871,
    1706078983538,
    1706078983816,
    1706078984481,
    1706078985204,
    1706078986090,
    1706078987147,
    1706078987784,
    1706078988575
  ],
  "blockTimestamps": [
    1706078983750,
    1706078986750,
    1706078989763,
    1706078992754
  ],
  "blockTimes": [
    1706078983,
    1706078986,
    1706078989,
    1706078992
  ],
  "blockTransactions": [
    4,
    7,
    4,
    3
  ],
  "Delays": [
    4550,
    4550,
    3476,
    3443,
    5649,
    5463,
    4875,
    4564,
    4066,
    3879,
    3212,
    5947,
    5282,
    4559,
    3673,
    5607,
    4970,
    4179
  ],
  "Throughputs": [
    0.8791208791208791,
    1.456953642384106,
    1.4200511218403862,
    1.3280212483399734
  ],
  "AverageDelays": [
    4004.75,
    4338.818181818182,
    4479.2,
    4552.444444444444
  ]
}