{
  "transactionTimestamps": [
    1706079144276,
    1706079144276,
    1706079145444,
    1706079145490,
    1706079146661,
    1706079147203,
    1706079147686,
    1706079147857,
    1706079148496,
    1706079148744,
    1706079149379,
    1706079149486
  ],
  "blockTimestamps": [
    1706079148739,
    1706079151744,
    1706079155342
  ],
  "blockTimes": [
    1706079148,
    1706079151,
    1706079154
  ],
  "blockTransactions": [
    2,
    7,
    3
  ],
  "Delays": [
    4463,
    4463,
    6300,
    6254,
    5083,
    4541,
    4058,
    3887,
    3248,
    6598,
    5963,
    5856
  ],
  "Throughputs": [
    0.4481290611696168,
    1.205141938939475,
    1.0844026748599314
  ],
  "AverageDelays": [
    4463,
    4699.666666666667,
    5059.5
  ]
}