{
  "transactionTimestamps": [
    1706078830101,
    1706078830177,
    1706078830192,
    1706078830932,
    1706078830948,
    1706078831116,
    1706078831678,
    1706078830152,
    1706078831879,
    1706078831957,
    1706078832668,
    1706078832762,
    1706078832838,
    1706078833473,
    1706078833567,
    1706078833552,
    1706078833861,
    1706078834357,
    1706078834481,
    1706078834853,
    1706078833028,
    1706078835086,
    1706078835134,
    1706078834295,
    1706078835797,
    1706078835843,
    1706078835936,
    1706078836667,
    1706078836698,
    1706078836898,
    1706078837204,
    1706078837390,
    1706078837745,
    1706078837943,
    1706078838100,
    1706078836655,
    1706078838721,
    1706078838751,
    1706078837435,
    1706078838968,
    1706078839575
  ],
  "blockTimestamps": [
    1706078831059,
    1706078836746,
    1706078839760,
    1706078842742
  ],
  "blockTimes": [
    1706078830,
    1706078836,
    1706078839,
    1706078842
  ],
  "blockTransactions": [
    3,
    13,
    11,
    14
  ],
  "Delays": [
    958,
    882,
    867,
    5814,
    5798,
    5630,
    5068,
    6594,
    4867,
    4789,
    4078,
    3984,
    3908,
    3273,
    3179,
    3194,
    5899,
    5403,
    5279,
    4907,
    6732,
    4674,
    4626,
    5465,
    3963,
    3917,
    3824,
    6075,
    6044,
    5844,
    5538,
    5352,
    4997,
    4799,
    4642,
    6087,
    4021,
    3991,
    5307,
    3774,
    3167
  ],
  "Throughputs": [
    3.131524008350731,
    2.4078254326561326,
    2.795320426545191,
    3.2434142868443954
  ],
  "AverageDelays": [
    902.3333333333334,
    3930.1875,
    4354.518518518518,
    4566.09756097561
  ]
}