{
  "transactionTimestamps": [
    1706079129277,
    1706079129277,
    1706079130254,
    1706079130518,
    1706079131034,
    1706079131909,
    1706079131799,
    1706079132864,
    1706079132832,
    1706079133969,
    1706079134125,
    1706079134812
  ],
  "blockTimestamps": [
    1706079134009,
    1706079136991,
    1706079139999
  ],
  "blockTimes": [
    1706079133,
    1706079136,
    1706079139
  ],
  "blockTransactions": [
    3,
    6,
    3
  ],
  "Delays": [
    4732,
    4732,
    3755,
    6473,
    5957,
    5082,
    5192,
    4127,
    4159,
    6030,
    5874,
    5187
  ],
  "Throughputs": [
    0.6339814032121724,
    1.166709878143635,
    1.119194180190263
  ],
  "AverageDelays": [
    4406.333333333333,
    4912.111111111111,
    5108.333333333333
  ]
}