{
  "transactionTimestamps": [
    1706078929781,
    1706078929796,
    1706078929844,
    1706078930075,
    1706078930521,
    1706078930583,
    1706078930660,
    1706078931127,
    1706078931392,
    1706078931423,
    1706078931734,
    1706078931018,
    1706078932291,
    1706078932490,
    1706078932703,
    1706078933151,
    1706078933260,
    1706078933718,
    1706078933987,
    1706078934174,
    1706078934174,
    1706078934220,
    1706078934749,
    1706078934966,
    1706078934966,
    1706078934997,
    1706078933645,
    1706078935215,
    1706078935695,
    1706078935835,
    1706078935953,
    1706078935975,
    1706078936675,
    1706078936753,
    1706078936800,
    1706078936877,
    1706078937450,
    1706078937574,
    1706078935743,
    1706078937836,
    1706078937836,
    1706078938220,
    1706078938175,
    1706078938716,
    1706078938890,
    1706078938936,
    1706078939026,
    1706078939756,
    1706078939817,
    1706078939863,
    1706078939215,
    1706078940526,
    1706078940589,
    1706078940773,
    1706078941450,
    1706078941823,
    1706078942194,
    1706078942861,
    1706078941543,
    1706078943297
  ],
  "blockTimestamps": [
    1706078935752,
    1706078938754,
    1706078941755,
    1706078944744,
    1706078947755
  ],
  "blockTimes": [
    1706078935,
    1706078938,
    1706078941,
    1706078944,
    1706078947
  ],
  "blockTransactions": [
    14,
    14,
    15,
    12,
    5
  ],
  "Delays": [
    5971,
    5956,
    5908,
    5677,
    5231,
    5169,
    5092,
    4625,
    4360,
    4329,
    4018,
    4734,
    3461,
    3262,
    6051,
    5603,
    5494,
    5036,
    4767,
    4580,
    4580,
    4534,
    4005,
    3788,
    3788,
    3757,
    5109,
    3539,
    6060,
    5920,
    5802,
    5780,
    5080,
    5002,
    4955,
    4878,
    4305,
    4181,
    6012,
    3919,
    3919,
    3535,
    3580,
    6028,
    5854,
    5808,
    5718,
    4988,
    4927,
    4881,
    5529,
    4218,
    4155,
    3971,
    3294,
    5932,
    5561,
    4894,
    6212,
    4458
  ],
  "Throughputs": [
    2.3446658851113718,
    3.1204725286972024,
    3.591114080507767,
    3.675733475907238,
    3.338155112940915
  ],
  "AverageDelays": [
    4842.357142857143,
    4729.428571428572,
    4775.627906976744,
    4813.145454545454,
    4863
  ]
}