{
  "transactionTimestamps": [
    1706079279324,
    1706079279324,
    1706079280116,
    1706079280257,
    1706079280954,
    1706079281155,
    1706079281747,
    1706079282197,
    1706079282460,
    1706079283195,
    1706079283273,
    1706079284188,
    1706079284203,
    1706079285060,
    1706079285994,
    1706079286865,
    1706079287782,
    1706079288404
  ],
  "blockTimestamps": [
    1706079283750,
    1706079286747,
    1706079289751,
    1706079292740
  ],
  "blockTimes": [
    1706079283,
    1706079286,
    1706079289,
    1706079292
  ],
  "blockTransactions": [
    4,
    7,
    4,
    3
  ],
  "Delays": [
    4426,
    4426,
    3634,
    3493,
    5793,
    5592,
    5000,
    4550,
    4287,
    3552,
    3474,
    5563,
    5548,
    4691,
    3757,
    5875,
    4958,
    4336
  ],
  "Throughputs": [
    0.903750564844103,
    1.4818806412501684,
    1.4385729356478374,
    1.3416815742397137
  ],
  "AverageDelays": [
    3994.75,
    4384.272727272727,
    4519.066666666667,
    4608.611111111111
  ]
}