{
  "transactionTimestamps": [
    1706079309340,
    1706079310316,
    1706079314085,
    1706079313105,
    1706079315189,
    1706079316201,
    1706079316980,
    1706079317661,
    1706079318285,
    1706079319079
  ],
  "blockTimestamps": [
    1706079313751,
    1706079316738,
    1706079319743,
    1706079322745
  ],
  "blockTimes": [
    1706079313,
    1706079316,
    1706079319,
    1706079322
  ],
  "blockTransactions": [
    1,
    1,
    4,
    4
  ],
  "Delays": [
    4411,
    6422,
    5658,
    6638,
    4554,
    3542,
    5765,
    5084,
    4460,
    3666
  ],
  "Throughputs": [
    0.22670596236681026,
    0.2703433360367667,
    0.5767567047966933,
    0.7459903021260724
  ],
  "AverageDelays": [
    4411,
    5416.5,
    5204.166666666667,
    5020
  ]
}