{
  "transactionTimestamps": [
    1706078854608,
    1706078853617,
    1706078855130,
    1706078855486,
    1706078855734,
    1706078856582,
    1706078856504,
    1706078859132,
    1706078859135,
    1706078859863,
    1706078860203,
    1706078860203,
    1706078859135,
    1706078860607,
    1706078860950,
    1706078860981,
    1706078861693,
    1706078862020,
    1706078862405,
    1706078862968,
    1706078863035,
    1706078863858
  ],
  "blockTimestamps": [
    1706078860745,
    1706078863754,
    1706078866742,
    1706078869742
  ],
  "blockTimes": [
    1706078860,
    1706078863,
    1706078866,
    1706078869
  ],
  "blockTransactions": [
    6,
    7,
    8,
    1
  ],
  "Delays": [
    6137,
    7128,
    5615,
    5259,
    5011,
    4163,
    7250,
    4622,
    4619,
    3891,
    3551,
    3551,
    4619,
    6135,
    5792,
    5761,
    5049,
    4722,
    4337,
    3774,
    3707,
    5884
  ],
  "Throughputs": [
    0.9776763891152029,
    1.421386398425541,
    1.7306741387835833,
    1.453680454605524
  ],
  "AverageDelays": [
    5552.166666666667,
    5032,
    4985.380952380952,
    5026.227272727273
  ]
}