{
  "transactionTimestamps": [
    1706079024225,
    1706079024226,
    1706079025112,
    1706079025299,
    1706079026389,
    1706079025889,
    1706079027415,
    1706079028281,
    1706079029042,
    1706079029231,
    1706079028442,
    1706079030301,
    1706079031323
  ],
  "blockTimestamps": [
    1706079028747,
    1706079031740,
    1706079034757
  ],
  "blockTimes": [
    1706079028,
    1706079031,
    1706079034
  ],
  "blockTransactions": [
    4,
    4,
    5
  ],
  "Delays": [
    4522,
    4521,
    3635,
    3448,
    5351,
    5851,
    4325,
    3459,
    5715,
    5526,
    6315,
    4456,
    3434
  ],
  "Throughputs": [
    0.8845643520566121,
    1.0645375914836994,
    1.234333459931637
  ],
  "AverageDelays": [
    4031.5,
    4389,
    4658.307692307692
  ]
}