{
  "transactionTimestamps": [
    1706079174281,
    1706079174281,
    1706079175046,
    1706079176057,
    1706079175200,
    1706079177069,
    1706079177879,
    1706079178659,
    1706079178766,
    1706079179547,
    1706079178007,
    1706079180511,
    1706079181335
  ],
  "blockTimestamps": [
    1706079178741,
    1706079181750,
    1706079184755
  ],
  "blockTimes": [
    1706079178,
    1706079181,
    1706079184
  ],
  "blockTransactions": [
    3,
    4,
    6
  ],
  "Delays": [
    4460,
    4460,
    3695,
    5693,
    6550,
    4681,
    3871,
    6096,
    5989,
    5208,
    6748,
    4244,
    3420
  ],
  "Throughputs": [
    0.672645739910314,
    0.9372071227741331,
    1.2411686079816688
  ],
  "AverageDelays": [
    4205,
    4772.857142857143,
    5008.846153846154
  ]
}