{
  "transactionTimestamps": [
    1706078874146,
    1706078874147,
    1706078874858,
    1706078874873,
    1706078875754,
    1706078875831,
    1706078876548,
    1706078876564,
    1706078877407,
    1706078877483,
    1706078878046,
    1706078878263
  ],
  "blockTimestamps": [
    1706078878751,
    1706078881747
  ],
  "blockTimes": [
    1706078878,
    1706078881
  ],
  "blockTransactions": [
    4,
    8
  ],
  "Delays": [
    4605,
    4604,
    3893,
    3878,
    5993,
    5916,
    5199,
    5183,
    4340,
    4264,
    3701,
    3484
  ],
  "Throughputs": [
    0.8686210640608034,
    1.5787396395211157
  ],
  "AverageDelays": [
    4245,
    4588.333333333333
  ]
}