{
  "transactionTimestamps": [
    1706079009221,
    1706079009221,
    1706079010295,
    1706079010310,
    1706079011021,
    1706079011378,
    1706079011798,
    1706079012416,
    1706079012664,
    1706079013477,
    1706079013647,
    1706079014147
  ],
  "blockTimestamps": [
    1706079013738,
    1706079016751,
    1706079019737
  ],
  "blockTimes": [
    1706079013,
    1706079016,
    1706079019
  ],
  "blockTransactions": [
    4,
    6,
    2
  ],
  "Delays": [
    4517,
    4517,
    3443,
    3428,
    5730,
    5373,
    4953,
    4335,
    4087,
    3274,
    6090,
    5590
  ],
  "Throughputs": [
    0.8855435023245516,
    1.3280212483399734,
    1.1411182959300115
  ],
  "AverageDelays": [
    3976.25,
    4365.7,
    4611.416666666667
  ]
}