{
  "transactionTimestamps": [
    1706079204291,
    1706079204291,
    1706079205035,
    1706079205237,
    1706079205656,
    1706079205904,
    1706079206498,
    1706079206775,
    1706079207491,
    1706079207568,
    1706079208283,
    1706079208501
  ],
  "blockTimestamps": [
    1706079208742,
    1706079211750
  ],
  "blockTimes": [
    1706079208,
    1706079211
  ],
  "blockTransactions": [
    4,
    8
  ],
  "Delays": [
    4451,
    4451,
    3707,
    3505,
    6094,
    5846,
    5252,
    4975,
    4259,
    4182,
    3467,
    3249
  ],
  "Throughputs": [
    0.8986744551786117,
    1.6087947446038344
  ],
  "AverageDelays": [
    4028.5,
    4453.166666666667
  ]
}