{
  "transactionTimestamps": [
    1706079294336,
    1706079295381,
    1706079296315,
    1706079297125,
    1706079297999,
    1706079298871,
    1706079299799,
    1706079300797,
    1706079301699,
    1706079302754,
    1706079303582,
    1706079304517
  ],
  "blockTimestamps": [
    1706079298746,
    1706079302345,
    1706079304745,
    1706079307746
  ],
  "blockTimes": [
    1706079298,
    1706079301,
    1706079304,
    1706079307
  ],
  "blockTransactions": [
    2,
    3,
    3,
    4
  ],
  "Delays": [
    4410,
    3365,
    6030,
    5220,
    4346,
    5874,
    4946,
    3948,
    6047,
    4992,
    4164,
    3229
  ],
  "Throughputs": [
    0.4535147392290249,
    0.6242976651267323,
    0.768565664328946,
    0.8948545861297539
  ],
  "AverageDelays": [
    3887.5,
    4674.2,
    4767.375,
    4714.25
  ]
}