{
  "transactionTimestamps": [
    1706079079655,
    1706079080729,
    1706079081492,
    1706079084254,
    1706079085062,
    1706079085982,
    1706079087022,
    1706079087751,
    1706079088543,
    1706079089634,
    1706079090705,
    1706079091771,
    1706079092563,
    1706079093431
  ],
  "blockTimestamps": [
    1706079085753,
    1706079088745,
    1706079091746,
    1706079094742,
    1706079097747
  ],
  "blockTimes": [
    1706079085,
    1706079088,
    1706079091,
    1706079094,
    1706079097
  ],
  "blockTransactions": [
    3,
    2,
    4,
    2,
    3
  ],
  "Delays": [
    6098,
    5024,
    4261,
    4491,
    3683,
    5764,
    4724,
    3995,
    3203,
    5108,
    4037,
    5976,
    5184,
    4316
  ],
  "Throughputs": [
    0.49196457855034437,
    0.5500550055005501,
    0.744355305599206,
    0.7291045270762908,
    0.7738226840592528
  ],
  "AverageDelays": [
    5127.666666666667,
    4711.4,
    4582.555555555556,
    4580.727272727273,
    4704.571428571428
  ]
}