{
  "transactionTimestamps": [
    1706079159280,
    1706079159281,
    1706079160277,
    1706079160416,
    1706079161052,
    1706079161346,
    1706079161687,
    1706079161952,
    1706079162585,
    1706079162771,
    1706079163502,
    1706079163673
  ],
  "blockTimestamps": [
    1706079163756,
    1706079166756,
    1706079169741
  ],
  "blockTimes": [
    1706079163,
    1706079166,
    1706079169
  ],
  "blockTransactions": [
    4,
    7,
    1
  ],
  "Delays": [
    4476,
    4475,
    3479,
    3340,
    5704,
    5410,
    5069,
    4804,
    4171,
    3985,
    3254,
    6068
  ],
  "Throughputs": [
    0.8936550491510277,
    1.4713750668806849,
    1.1471178663607686
  ],
  "AverageDelays": [
    3942.5,
    4378.818181818182,
    4519.583333333333
  ]
}