{
  "transactionTimestamps": [
    1706078960101,
    1706078960984,
    1706078961921,
    1706078964185,
    1706078964187,
    1706078965210,
    1706078965211,
    1706078965831,
    1706078965894,
    1706078966639,
    1706078966842,
    1706078967698,
    1706078967901,
    1706078968552,
    1706078968615
  ],
  "blockTimestamps": [
    1706078965743,
    1706078968746,
    1706078971749,
    1706078974742
  ],
  "blockTimes": [
    1706078965,
    1706078968,
    1706078971,
    1706078974
  ],
  "blockTransactions": [
    3,
    4,
    7,
    1
  ],
  "Delays": [
    5642,
    4759,
    3822,
    4561,
    4559,
    3536,
    3535,
    5918,
    5855,
    5110,
    4907,
    4051,
    3848,
    3197,
    6127
  ],
  "Throughputs": [
    0.531726338177951,
    0.8097165991902835,
    1.2019230769230769,
    1.024520183047606
  ],
  "AverageDelays": [
    4741,
    4344.857142857143,
    4521.428571428572,
    4628.466666666666
  ]
}