{
  "transactionTimestamps": [
    1706079264320,
    1706079264321,
    1706079265255,
    1706079265550,
    1706079266188,
    1706079266562,
    1706079267217,
    1706079267389,
    1706079268285,
    1706079268504,
    1706079269439,
    1706079269580
  ],
  "blockTimestamps": [
    1706079269089,
    1706079272061,
    1706079274877
  ],
  "blockTimes": [
    1706079268,
    1706079271,
    1706079274
  ],
  "blockTransactions": [
    3,
    6,
    3
  ],
  "Delays": [
    4769,
    4768,
    3834,
    6511,
    5873,
    5499,
    4844,
    4672,
    3776,
    6373,
    5438,
    5297
  ],
  "Throughputs": [
    0.6290626965820927,
    1.1626404857253585,
    1.1366865586814436
  ],
  "AverageDelays": [
    4457,
    4949.555555555556,
    5137.833333333333
  ]
}