{
  "transactionTimestamps": [
    1706078904159,
    1706078904161,
    1706078904949,
    1706078905135,
    1706078905819,
    1706078905988,
    1706078906594,
    1706078906843,
    1706078907450,
    1706078907495,
    1706078908225,
    1706078908564
  ],
  "blockTimestamps": [
    1706078908745,
    1706078911759
  ],
  "blockTimes": [
    1706078908,
    1706078911
  ],
  "blockTransactions": [
    4,
    8
  ],
  "Delays": [
    4586,
    4584,
    3796,
    3610,
    5940,
    5771,
    5165,
    4916,
    4309,
    4264,
    3534,
    3195
  ],
  "Throughputs": [
    0.872219799389446,
    1.5789473684210527
  ],
  "AverageDelays": [
    4144,
    4472.5
  ]
}