{
  "transactionTimestamps": [
    1706079069254,
    1706079072841,
    1706079072310,
    1706079073928,
    1706079074767,
    1706079075498,
    1706079076170,
    1706079077112,
    1706079077816,
    1706079078737
  ],
  "blockTimestamps": [
    1706079076740,
    1706079079755,
    1706079082742
  ],
  "blockTimes": [
    1706079076,
    1706079079,
    1706079082
  ],
  "blockTransactions": [
    2,
    5,
    3
  ],
  "Delays": [
    7486,
    3899,
    7445,
    5827,
    4988,
    4257,
    3585,
    5630,
    4926,
    4005
  ],
  "Throughputs": [
    0.2671653753673524,
    0.666603180649462,
    0.741399762752076
  ],
  "AverageDelays": [
    5692.5,
    5355.285714285715,
    5204.8
  ]
}