{
  "transactionTimestamps": [
    1706076853986,
    1706076854817,
    1706076853534,
    1706076855422,
    1706076856124,
    1706076856187,
    1706076854967,
    1706076857349,
    1706076857441,
    1706076858713,
    1706076859027,
    1706076859494,
    1706076859493,
    1706076859493,
    1706076860085,
    1706076860148,
    1706076860675,
    1706076860815,
    1706076861000,
    1706076861202,
    1706076861658,
    1706076862184,
    1706076862216,
    1706076862401,
    1706076862741,
    1706076863036,
    1706076863639,
    1706076863917,
    1706076864182,
    1706076864212,
    1706076864922,
    1706076863639,
    1706076865187,
    1706076865342,
    1706076865684,
    1706076865031,
    1706076866272,
    1706076866379,
    1706076866488,
    1706076866687,
    1706076867086,
    1706076867519,
    1706076867702,
    1706076868538
  ],
  "blockTimestamps": [
    1706076859752,
    1706076862745,
    1706076865745,
    1706076868746,
    1706076871744
  ],
  "blockTimes": [
    1706076859,
    1706076862,
    1706076865,
    1706076868,
    1706076871
  ],
  "blockTransactions": [
    7,
    7,
    10,
    10,
    10
  ],
  "Delays": [
    5766,
    4935,
    6218,
    4330,
    3628,
    3565,
    4785,
    5396,
    5304,
    4032,
    3718,
    3251,
    3252,
    3252,
    5660,
    5597,
    5070,
    4930,
    4745,
    4543,
    4087,
    3561,
    3529,
    3344,
    6005,
    5710,
    5107,
    4829,
    4564,
    4534,
    3824,
    5107,
    3559,
    3404,
    6060,
    6713,
    5472,
    5365,
    5256,
    5057,
    4658,
    4225,
    4042,
    3206
  ],
  "Throughputs": [
    1.2140131807145336,
    1.59835597670967,
    2.0409898800918445,
    2.303523035230352,
    2.4777565041108236
  ],
  "AverageDelays": [
    4746.714285714285,
    4388,
    4437.416666666667,
    4504.14705882353,
    4618.068181818182
  ]
}