{
  "transactionTimestamps": [
    1706076958815,
    1706076964554,
    1706076966056,
    1706076964554,
    1706076967253,
    1706076967979,
    1706076966698,
    1706076969098,
    1706076968803,
    1706076970429,
    1706076971604,
    1706076971820,
    1706076970225,
    1706076973137,
    1706076973153
  ],
  "blockTimestamps": [
    1706076964744,
    1706076970743,
    1706076973740,
    1706076976740
  ],
  "blockTimes": [
    1706076964,
    1706076970,
    1706076973,
    1706076976
  ],
  "blockTransactions": [
    1,
    4,
    5,
    5
  ],
  "Delays": [
    5929,
    6189,
    4687,
    6189,
    3490,
    5761,
    7042,
    4642,
    4937,
    3311,
    5136,
    4920,
    6515,
    3603,
    3587
  ],
  "Throughputs": [
    0.16866250632484397,
    0.4191817572099262,
    0.6700167504187604,
    0.8368200836820083
  ],
  "AverageDelays": [
    5929,
    5296.8,
    5217.7,
    5062.533333333334
  ]
}