{
  "transactionTimestamps": [
    1706076884587,
    1706076884665,
    1706076883372,
    1706076889503,
    1706076889505,
    1706076890745,
    1706076890714,
    1706076891862,
    1706076892314,
    1706076893281,
    1706076893702,
    1706076894945,
    1706076894711,
    1706076896342,
    1706076897614,
    1706076896143,
    1706076897877
  ],
  "blockTimestamps": [
    1706076889737,
    1706076892740,
    1706076895752,
    1706076898747,
    1706076901747
  ],
  "blockTimes": [
    1706076889,
    1706076892,
    1706076895,
    1706076898,
    1706076901
  ],
  "blockTransactions": [
    3,
    2,
    4,
    3,
    5
  ],
  "Delays": [
    5150,
    5072,
    6365,
    3237,
    3235,
    5007,
    5038,
    3890,
    3438,
    5466,
    5045,
    3802,
    7036,
    5405,
    4133,
    5604,
    3870
  ],
  "Throughputs": [
    0.5825242718446602,
    0.6132711885195633,
    0.8060904612628751,
    0.847457627118644,
    0.9906759906759907
  ],
  "AverageDelays": [
    5529,
    4611.8,
    4492.444444444444,
    4562.083333333333,
    4752.529411764706
  ]
}