{
  "transactionTimestamps": [
    1706076823766,
    1706076824402,
    1706076823042,
    1706076824569,
    1706076824572,
    1706076824586,
    1706076825108,
    1706076824480,
    1706076825942,
    1706076825958,
    1706076825958,
    1706076826126,
    1706076826483,
    1706076825800,
    1706076827203,
    1706076827263,
    1706076827267,
    1706076827328,
    1706076827545,
    1706076827840,
    1706076828341,
    1706076828512,
    1706076828620,
    1706076828634,
    1706076828765,
    1706076828972,
    1706076829472,
    1706076829792,
    1706076829869,
    1706076829932,
    1706076830193,
    1706076830239,
    1706076830827,
    1706076831075,
    1706076831165,
    1706076831211,
    1706076831672,
    1706076831828,
    1706076832394,
    1706076832579,
    1706076832611,
    1706076832117,
    1706076833257,
    1706076833318,
    1706076833584,
    1706076833903,
    1706076834567,
    1706076834754,
    1706076834848,
    1706076833257,
    1706076835173,
    1706076835267,
    1706076835900,
    1706076836086,
    1706076836318,
    1706076836614,
    1706076837020,
    1706076837332,
    1706076836163,
    1706076837799,
    1706076837987,
    1706076838156
  ],
  "blockTimestamps": [
    1706076829751,
    1706076832747,
    1706076835751,
    1706076838747,
    1706076841755
  ],
  "blockTimes": [
    1706076829,
    1706076832,
    1706076835,
    1706076838,
    1706076841
  ],
  "blockTransactions": [
    13,
    14,
    13,
    12,
    10
  ],
  "Delays": [
    5985,
    5349,
    6709,
    5182,
    5179,
    5165,
    4643,
    5271,
    3809,
    3793,
    3793,
    3625,
    3268,
    6947,
    5544,
    5484,
    5480,
    5419,
    5202,
    4907,
    4406,
    4235,
    4127,
    4113,
    3982,
    3775,
    3275,
    5959,
    5882,
    5819,
    5558,
    5512,
    4924,
    4676,
    4586,
    4540,
    4079,
    3923,
    3357,
    3172,
    6136,
    6630,
    5490,
    5429,
    5163,
    4844,
    4180,
    3993,
    3899,
    5490,
    3574,
    3480,
    5855,
    5669,
    5437,
    5141,
    4735,
    4423,
    5592,
    3956,
    3768,
    3599
  ],
  "Throughputs": [
    2.172096908939014,
    3.006346731989756,
    3.337505214851898,
    3.471063346906081,
    3.4465506698537993
  ],
  "AverageDelays": [
    4751.615384615385,
    4765.444444444444,
    4766.35,
    4787.7307692307695,
    4792.532258064516
  ]
}