{
  "transactionTimestamps": [
    1706076869284,
    1706076869795,
    1706076870848,
    1706076870911,
    1706076872043,
    1706076872074,
    1706076873614,
    1706076874436,
    1706076874499,
    1706076874500,
    1706076875053,
    1706076873195,
    1706076875981,
    1706076876120,
    1706076876541,
    1706076877365,
    1706076875813,
    1706076878094,
    1706076878811,
    1706076877272,
    1706076879343,
    1706076877672,
    1706076878874,
    1706076880397,
    1706076880428,
    1706076880491,
    1706076879334,
    1706076881527,
    1706076881633,
    1706076881711,
    1706076880175,
    1706076883080,
    1706076883110,
    1706076881880
  ],
  "blockTimestamps": [
    1706076874739,
    1706076877748,
    1706076880758,
    1706076883754,
    1706076886757
  ],
  "blockTimes": [
    1706076874,
    1706076877,
    1706076880,
    1706076883,
    1706076886
  ],
  "blockTransactions": [
    4,
    6,
    7,
    9,
    8
  ],
  "Delays": [
    5455,
    4944,
    3891,
    3828,
    5705,
    5674,
    4134,
    3312,
    3249,
    3248,
    5705,
    7563,
    4777,
    4638,
    4217,
    3393,
    4945,
    5660,
    4943,
    6482,
    4411,
    6082,
    4880,
    3357,
    3326,
    3263,
    7423,
    5230,
    5124,
    5046,
    6582,
    3677,
    3647,
    4877
  ],
  "Throughputs": [
    0.7332722273143905,
    1.1814744801512287,
    1.481610597873453,
    1.796821008984105,
    1.945859325816975
  ],
  "AverageDelays": [
    4529.5,
    4344,
    4628.117647058823,
    4657,
    4784.941176470588
  ]
}