{
  "transactionTimestamps": [
    1706076899070,
    1706076900594,
    1706076901993,
    1706076903158,
    1706076904387,
    1706076904511,
    1706076904511,
    1706076905761,
    1706076905871,
    1706076907025,
    1706076907398,
    1706076908392,
    1706076908688,
    1706076909836,
    1706076910180,
    1706076911034,
    1706076911533
  ],
  "blockTimestamps": [
    1706076904744,
    1706076907750,
    1706076910757,
    1706076913754,
    1706076916737
  ],
  "blockTimes": [
    1706076904,
    1706076907,
    1706076910,
    1706076913,
    1706076916
  ],
  "blockTransactions": [
    2,
    5,
    4,
    4,
    2
  ],
  "Delays": [
    5674,
    4150,
    5757,
    4592,
    3363,
    3239,
    3239,
    4996,
    4886,
    3732,
    3359,
    5362,
    5066,
    3918,
    3574,
    5703,
    5204
  ],
  "Throughputs": [
    0.35248501938667604,
    0.8064516129032259,
    0.941216736544879,
    1.0215200217924272,
    0.962245995358578
  ],
  "AverageDelays": [
    4912,
    4287.714285714285,
    4271.545454545455,
    4327.133333333333,
    4459.64705882353
  ]
}