{
  "transactionTimestamps": [
    1706076943956,
    1706076945124,
    1706076946495,
    1706076947823,
    1706076949268,
    1706076949548,
    1706076951020,
    1706076949548,
    1706076952222,
    1706076952499,
    1706076951186,
    1706076953908,
    1706076953350,
    1706076955101,
    1706076955960,
    1706076956630,
    1706076954824,
    1706076957454
  ],
  "blockTimestamps": [
    1706076949740,
    1706076952746,
    1706076955748,
    1706076958747,
    1706076961740
  ],
  "blockTimes": [
    1706076949,
    1706076952,
    1706076955,
    1706076958,
    1706076961
  ],
  "blockTransactions": [
    3,
    3,
    4,
    4,
    4
  ],
  "Delays": [
    5784,
    4616,
    3245,
    4923,
    3478,
    3198,
    4728,
    6200,
    3526,
    3249,
    7561,
    4839,
    5397,
    3646,
    5780,
    5110,
    6916,
    4286
  ],
  "Throughputs": [
    0.5186721991701245,
    0.6825938566552902,
    0.8480325644504749,
    0.946521533364884,
    1.0121457489878543
  ],
  "AverageDelays": [
    4548.333333333333,
    4207.333333333333,
    4294.7,
    4599.285714285715,
    4804.555555555556
  ]
}