{
  "transactionTimestamps": [
    1706076979565,
    1706076979565,
    1706076980929,
    1706076981067,
    1706076982183,
    1706076982492,
    1706076983362,
    1706076984607,
    1706076983661,
    1706076986162,
    1706076984911,
    1706076986069,
    1706076987580,
    1706076987191
  ],
  "blockTimestamps": [
    1706076985751,
    1706076988746,
    1706076991740
  ],
  "blockTimes": [
    1706076985,
    1706076988,
    1706076991
  ],
  "blockTransactions": [
    6,
    3,
    5
  ],
  "Delays": [
    6186,
    6186,
    4822,
    4684,
    3568,
    3259,
    5384,
    4139,
    5085,
    5578,
    6829,
    5671,
    4160,
    4549
  ],
  "Throughputs": [
    0.9699321047526673,
    0.9802853719638385,
    1.1498973305954825
  ],
  "AverageDelays": [
    4784.166666666667,
    4812.555555555556,
    5007.142857142857
  ]
}