{
  "transactionTimestamps": [
    1706076934542,
    1706076936036,
    1706076937292,
    1706076938569,
    1706076939800,
    1706076941168,
    1706076942365
  ],
  "blockTimestamps": [
    1706076937739,
    1706076940738,
    1706076943742,
    1706076946742
  ],
  "blockTimes": [
    1706076937,
    1706076940,
    1706076943,
    1706076946
  ],
  "blockTransactions": [
    1,
    2,
    2,
    2
  ],
  "Delays": [
    3197,
    4702,
    3446,
    5173,
    3942,
    5574,
    4377
  ],
  "Throughputs": [
    0.3127932436659368,
    0.4841833440929632,
    0.5434782608695653,
    0.5737704918032788
  ],
  "AverageDelays": [
    3197,
    3781.6666666666665,
    4092,
    4344.428571428572
  ]
}