{
  "transactionTimestamps": [
    1706076994579,
    1706076995977,
    1706076997363,
    1706076998769,
    1706076999967,
    1706077001147,
    1706077002377
  ],
  "blockTimestamps": [
    1706077000744,
    1706077003746,
    1706077006742
  ],
  "blockTimes": [
    1706077000,
    1706077003,
    1706077006
  ],
  "blockTransactions": [
    3,
    2,
    2
  ],
  "Delays": [
    6165,
    4767,
    3381,
    4977,
    3779,
    5595,
    4365
  ],
  "Throughputs": [
    0.48661800486618007,
    0.5454347114650376,
    0.5755159089040532
  ],
  "AverageDelays": [
    4771,
    4613.8,
    4718.428571428572
  ]
}