{
  "transactionTimestamps": [
    1706076912698,
    1706076919527,
    1706076919527,
    1706076920957,
    1706076922217,
    1706076922249,
    1706076920731,
    1706076923584,
    1706076923664,
    1706076925016,
    1706076925031,
    1706076926354,
    1706076926386,
    1706076927625
  ],
  "blockTimestamps": [
    1706076919740,
    1706076922745,
    1706076925741,
    1706076928748,
    1706076931741
  ],
  "blockTimes": [
    1706076919,
    1706076922,
    1706076925,
    1706076928,
    1706076931
  ],
  "blockTransactions": [
    1,
    1,
    5,
    4,
    3
  ],
  "Delays": [
    7042,
    3218,
    6214,
    4784,
    3524,
    3492,
    5010,
    5164,
    5084,
    3732,
    3717,
    5387,
    5355,
    4116
  ],
  "Throughputs": [
    0.14200511218403863,
    0.19906439733253706,
    0.5366863451659895,
    0.6853582554517134,
    0.7351782807330778
  ],
  "AverageDelays": [
    7042,
    5130,
    4754.857142857143,
    4634.636363636364,
    4702.785714285715
  ]
}