{
  "transactionTimestamps": [
    1706076784457,
    1706076784450,
    1706076786042,
    1706076787329,
    1706076787531,
    1706076786021,
    1706076788884,
    1706076788916,
    1706076790376,
    1706076790405,
    1706076791662,
    1706076791848,
    1706076793166
  ],
  "blockTimestamps": [
    1706076790746,
    1706076793746,
    1706076796744
  ],
  "blockTimes": [
    1706076790,
    1706076793,
    1706076796
  ],
  "blockTransactions": [
    5,
    5,
    3
  ],
  "Delays": [
    6289,
    6296,
    4704,
    3417,
    3215,
    7725,
    4862,
    4830,
    3370,
    3341,
    5082,
    4896,
    3578
  ],
  "Throughputs": [
    0.7950389569088886,
    1.0765421466250404,
    1.0580288109383902
  ],
  "AverageDelays": [
    4784.2,
    4804.9,
    4738.846153846154
  ]
}