{
  "transactionTimestamps": [
    1706076838620,
    1706076838804,
    1706076838992,
    1706076839300,
    1706076837455,
    1706076839657,
    1706076839750,
    1706076839996,
    1706076840436,
    1706076840872,
    1706076841213,
    1706076841460,
    1706076841709,
    1706076840545,
    1706076842434,
    1706076842713,
    1706076842994,
    1706076843147,
    1706076843378,
    1706076842365,
    1706076843999,
    1706076844309,
    1706076844386,
    1706076844480,
    1706076844570,
    1706076844784,
    1706076845110,
    1706076845790,
    1706076845836,
    1706076845852,
    1706076845928,
    1706076845940,
    1706076844480,
    1706076846331,
    1706076846968,
    1706076847138,
    1706076847277,
    1706076847417,
    1706076847433,
    1706076847694,
    1706076846371,
    1706076848174,
    1706076848361,
    1706076848441,
    1706076848799,
    1706076848829,
    1706076849420,
    1706076849666,
    1706076849854,
    1706076850176,
    1706076850238,
    1706076850733,
    1706076851000,
    1706076851214,
    1706076851511,
    1706076851725,
    1706076852112,
    1706076852127,
    1706076852620,
    1706076853070,
    1706076853223
  ],
  "blockTimestamps": [
    1706076844743,
    1706076847752,
    1706076850754,
    1706076853746,
    1706076856747
  ],
  "blockTimes": [
    1706076844,
    1706076847,
    1706076850,
    1706076853,
    1706076856
  ],
  "blockTransactions": [
    12,
    13,
    14,
    12,
    10
  ],
  "Delays": [
    6123,
    5939,
    5751,
    5443,
    7288,
    5086,
    4993,
    4747,
    4307,
    3871,
    3530,
    3283,
    6043,
    7207,
    5318,
    5039,
    4758,
    4605,
    4374,
    5387,
    3753,
    3443,
    3366,
    3272,
    3182,
    5970,
    5644,
    4964,
    4918,
    4902,
    4826,
    4814,
    6274,
    4423,
    3786,
    3616,
    3477,
    3337,
    3321,
    6052,
    7375,
    5572,
    5385,
    5305,
    4947,
    4917,
    4326,
    4080,
    3892,
    3570,
    3508,
    6014,
    5747,
    5533,
    5236,
    5022,
    4635,
    4620,
    4127,
    3677,
    3524
  ],
  "Throughputs": [
    1.9598236158745712,
    2.7376259307928166,
    3.2141091148837977,
    3.371677905593019,
    3.365145914933525
  ],
  "AverageDelays": [
    5030.083333333333,
    4804.32,
    4727.692307692308,
    4770.764705882353,
    4777.770491803279
  ]
}