{
  "transactionTimestamps": [
    1706076770353,
    1706076770402,
    1706076771643,
    1706076771815,
    1706076772891,
    1706076773078,
    1706076774155,
    1706076774260,
    1706076775272,
    1706076775534,
    1706076776642,
    1706076776876
  ],
  "blockTimestamps": [
    1706076775746,
    1706076778746,
    1706076781740
  ],
  "blockTimes": [
    1706076775,
    1706076778,
    1706076781
  ],
  "blockTransactions": [
    4,
    6,
    2
  ],
  "Delays": [
    5393,
    5344,
    4103,
    3931,
    5855,
    5668,
    4591,
    4486,
    3474,
    3212,
    5098,
    4864
  ],
  "Throughputs": [
    0.7417022065640646,
    1.191469081377338,
    1.0538333186967594
  ],
  "AverageDelays": [
    4692.75,
    4605.7,
    4668.25
  ]
}