{
  "transactionTimestamps": [
    1706167617011,
    1706167617015,
    1706167618599,
    1706167618846,
    1706167619905,
    1706167620154,
    1706167621152,
    1706167621681,
    1706167622400,
    1706167623239,
    1706167624034,
    1706167625295,
    1706167626824,
    1706167628307,
    1706167629873
  ],
  "blockTimestamps": [
    1706167623226,
    1706167626857,
    1706167629245,
    1706167632346,
    1706167635192
  ],
  "blockTimes": [
    1706167623,
    1706167626,
    1706167629,
    1706167632,
    1706167635
  ],
  "blockTransactions": [
    5,
    4,
    3,
    2,
    1
  ],
  "Delays": [
    6215,
    6211,
    4627,
    4380,
    3321,
    6703,
    5705,
    5176,
    4457,
    6006,
    5211,
    3950,
    5522,
    4039,
    5319
  ],
  "Throughputs": [
    0.8045052292839904,
    0.9140767824497258,
    0.980872976949485,
    0.9129442451907401,
    0.8250371266707002
  ],
  "AverageDelays": [
    4950.8,
    5199.444444444444,
    5163.5,
    5108.785714285715,
    5122.8
  ]
}