{
  "transactionTimestamps": [
    1706167656279,
    1706167656280,
    1706167656283,
    1706167656779,
    1706167657661,
    1706167657875,
    1706167657904,
    1706167656512,
    1706167658258,
    1706167657279,
    1706167659238,
    1706167659239,
    1706167660652,
    1706167660794,
    1706167662154,
    1706167662433
  ],
  "blockTimestamps": [
    1706167662206,
    1706167665228,
    1706167668192
  ],
  "blockTimes": [
    1706167662,
    1706167665,
    1706167668
  ],
  "blockTransactions": [
    10,
    4,
    2
  ],
  "Delays": [
    5927,
    5926,
    5923,
    5427,
    4545,
    4331,
    4302,
    5694,
    3948,
    4927,
    5990,
    5989,
    4576,
    4434,
    6038,
    5759
  ],
  "Throughputs": [
    1.6871941960519656,
    1.564420605654263,
    1.3430705951481574
  ],
  "AverageDelays": [
    5095,
    5138.5,
    5233.5
  ]
}