{
  "transactionTimestamps": [
    1706167636275,
    1706167636275,
    1706167636280,
    1706167636281,
    1706167637580,
    1706167637733,
    1706167637951,
    1706167637981,
    1706167638951,
    1706167639297,
    1706167639541,
    1706167640288,
    1706167638829,
    1706167640800,
    1706167641111,
    1706167641722,
    1706167642051,
    1706167642736,
    1706167643310,
    1706167644050,
    1706167645310,
    1706167645325,
    1706167644531,
    1706167646636,
    1706167646667,
    1706167646175,
    1706167648270,
    1706167648255,
    1706167649582,
    1706167649519,
    1706167650511,
    1706167651353,
    1706167649519,
    1706167650511,
    1706167651353,
    1706167655530
  ],
  "blockTimestamps": [
    1706167641256,
    1706167644244,
    1706167647218,
    1706167650232,
    1706167653254,
    1706167656255,
    1706167656258
  ],
  "blockTimes": [
    1706167641,
    1706167644,
    1706167647,
    1706167650,
    1706167653,
    1706167656,
    1706167656
  ],
  "blockTransactions": [
    8,
    6,
    5,
    6,
    4,
    3,
    4
  ],
  "Delays": [
    4981,
    4981,
    4976,
    4975,
    3676,
    3523,
    3305,
    3275,
    5293,
    4947,
    4703,
    3956,
    5415,
    3444,
    6107,
    5496,
    5167,
    4482,
    3908,
    6182,
    4922,
    4907,
    5701,
    3596,
    3565,
    7079,
    4984,
    4999,
    3672,
    6736,
    5744,
    4902,
    6739,
    5747,
    4905,
    728
  ],
  "Throughputs": [
    1.6061031921300943,
    1.7568076295645627,
    1.7362697614913645,
    1.7912158773375366,
    1.707992225690559,
    1.6016016016016015,
    1.8015313016063654
  ],
  "AverageDelays": [
    4211.5,
    4389.285714285715,
    4558.421052631579,
    4619.32,
    4697.137931034483,
    4799.96875,
    4769.944444444444
  ]
}