{
  "transactionTimestamps": [
    1705931781719,
    1705931782699,
    1705931783587,
    1705931784663,
    1705931785549,
    1705931786224,
    1705931786893,
    1705931787780,
    1705931788672,
    1705931789344,
    1705931790063,
    1705931791014
  ],
  "blockTimestamps": [
    1705931788331,
    1705931792811,
    1705931793467
  ],
  "blockTimes": [
    1705931782,
    1705931787,
    1705931792
  ],
  "blockTransactions": [
    5,
    6,
    1
  ],
  "Delays": [
    6612,
    5632,
    4744,
    3668,
    2782,
    6587,
    5918,
    5031,
    4139,
    3467,
    2748,
    2453
  ],
  "Throughputs": [
    0.7562008469449486,
    0.991705733862243,
    1.021450459652707
  ],
  "AverageDelays": [
    4687.6,
    4666.181818181818,
    4481.75
  ]
}