{
  "transactionTimestamps": [
    1705931689599,
    1705931689599,
    1705931690345,
    1705931690579,
    1705931689599,
    1705931691344,
    1705931691607,
    1705931691747,
    1705931691999,
    1705931692329,
    1705931692484,
    1705931692623,
    1705931690908,
    1705931693264,
    1705931693327,
    1705931693497,
    1705931694181,
    1705931694336,
    1705931695132
  ],
  "blockTimestamps": [
    1705931691704,
    1705931694317,
    1705931694435,
    1705931695843,
    1705931698092
  ],
  "blockTimes": [
    1705931690,
    1705931691,
    1705931693,
    1705931694,
    1705931695
  ],
  "blockTransactions": [
    2,
    4,
    10,
    1,
    2
  ],
  "Delays": [
    2105,
    2105,
    3972,
    3738,
    4718,
    2973,
    2828,
    2688,
    2436,
    2106,
    1951,
    1812,
    3527,
    1171,
    1108,
    938,
    1662,
    3756,
    2960
  ],
  "Throughputs": [
    0.9501187648456058,
    1.2717253073336159,
    3.3085194375516953,
    2.7226137091607945,
    2.237136465324385
  ],
  "AverageDelays": [
    2105,
    3268.5,
    2511,
    2461.0588235294117,
    2555.4736842105262
  ]
}