{
  "transactionTimestamps": [
    1705931572509,
    1705931572509,
    1705931573673,
    1705931573784,
    1705931572509,
    1705931574468,
    1705931574607,
    1705931575293,
    1705931575434,
    1705931575573,
    1705931574510,
    1705931576059,
    1705931576386,
    1705931576556,
    1705931576791,
    1705931577570,
    1705931577305,
    1705931577632,
    1705931580124,
    1705931579516,
    1705931579401
  ],
  "blockTimestamps": [
    1705931576581,
    1705931585104
  ],
  "blockTimes": [
    1705931574,
    1705931575
  ],
  "blockTransactions": [
    6,
    15
  ],
  "Delays": [
    4072,
    4072,
    2908,
    2797,
    4072,
    2113,
    10497,
    9811,
    9670,
    9531,
    10594,
    9045,
    8718,
    8548,
    8313,
    7534,
    7799,
    7472,
    4980,
    5588,
    5703
  ],
  "Throughputs": [
    1.4734774066797642,
    1.66732830488289
  ],
  "AverageDelays": [
    3339,
    6849.380952380952
  ]
}