{
  "transactionTimestamps": [
    1705931872291,
    1705931872291,
    1705931872969,
    1705931873453,
    1705931873998,
    1705931874329,
    1705931874624,
    1705931875293,
    1705931875433,
    1705931876196,
    1705931876320,
    1705931877287
  ],
  "blockTimestamps": [
    1705931875894,
    1705931876586,
    1705931880866
  ],
  "blockTimes": [
    1705931874,
    1705931875,
    1705931876
  ],
  "blockTransactions": [
    7,
    2,
    3
  ],
  "Delays": [
    3603,
    3603,
    2925,
    2441,
    1896,
    1565,
    1270,
    1293,
    1153,
    4670,
    4546,
    3579
  ],
  "Throughputs": [
    1.9428254232583957,
    2.0954598370197903,
    1.3994169096209914
  ],
  "AverageDelays": [
    2471.8571428571427,
    2194.3333333333335,
    2712
  ]
}