{
  "transactionTimestamps": [
    1705931745325,
    1705931745324,
    1705931746179,
    1705931746368,
    1705931746928,
    1705931746990,
    1705931747915,
    1705931748025,
    1705931748820,
    1705931748960,
    1705931749552,
    1705931749972
  ],
  "blockTimestamps": [
    1705931751510,
    1705931754395
  ],
  "blockTimes": [
    1705931745,
    1705931750
  ],
  "blockTransactions": [
    10,
    2
  ],
  "Delays": [
    6185,
    6186,
    5331,
    5142,
    4582,
    4520,
    3595,
    3485,
    2690,
    2550,
    4843,
    4423
  ],
  "Throughputs": [
    1.6168148746968474,
    1.3230429988974641
  ],
  "AverageDelays": [
    4426.6,
    4461
  ]
}