{
  "transactionTimestamps": [
    1705931308828,
    1705931308825,
    1705931309664,
    1705931309988,
    1705931310671,
    1705931310811,
    1705931311375,
    1705931311794,
    1705931312106,
    1705931312462,
    1705931313095,
    1705931313049,
    1705931314736
  ],
  "blockTimestamps": [
    1705931312586,
    1705931317710,
    1705931320103
  ],
  "blockTimes": [
    1705931309,
    1705931312,
    1705931317
  ],
  "blockTransactions": [
    3,
    9,
    1
  ],
  "Delays": [
    3758,
    3761,
    2922,
    7722,
    7039,
    6899,
    6335,
    5916,
    5604,
    5248,
    4615,
    4661,
    5367
  ],
  "Throughputs": [
    0.7982969664715274,
    1.3510470614726413,
    1.1529933481152992
  ],
  "AverageDelays": [
    3480.3333333333335,
    5373.333333333333,
    5372.846153846154
  ]
}