{
  "transactionTimestamps": [
    1705931719163,
    1705931719163,
    1705931720169,
    1705931719873,
    1705931720479,
    1705931720962,
    1705931721463,
    1705931721977,
    1705931722070,
    1705931722964,
    1705931722948,
    1705931723650,
    1705931723774,
    1705931724782,
    1705931725436,
    1705931727963,
    1705931727073,
    1705931729042,
    1705931729650
  ],
  "blockTimestamps": [
    1705931723662,
    1705931724533,
    1705931730856
  ],
  "blockTimes": [
    1705931719,
    1705931723,
    1705931724
  ],
  "blockTransactions": [
    6,
    5,
    8
  ],
  "Delays": [
    4499,
    4499,
    3493,
    3789,
    3183,
    2700,
    3070,
    2556,
    2463,
    1569,
    1585,
    7206,
    7082,
    6074,
    5420,
    2893,
    3783,
    1814,
    1206
  ],
  "Throughputs": [
    1.3336296954878863,
    2.0484171322160147,
    1.624903788591465
  ],
  "AverageDelays": [
    3693.8333333333335,
    3036.909090909091,
    3625.4736842105262
  ]
}