{
  "transactionTimestamps": [
    1705931619493,
    1705931619493,
    1705931620314,
    1705931620454,
    1705931621265,
    1705931621359,
    1705931622220,
    1705931622345,
    1705931622954,
    1705931623314,
    1705931624042,
    1705931624042
  ],
  "blockTimestamps": [
    1705931623802,
    1705931623998,
    1705931632756
  ],
  "blockTimes": [
    1705931618,
    1705931623,
    1705931624
  ],
  "blockTransactions": [
    6,
    4,
    2
  ],
  "Delays": [
    4309,
    4309,
    3488,
    3348,
    2537,
    2443,
    1778,
    1653,
    1044,
    684,
    8714,
    8714
  ],
  "Throughputs": [
    1.392434439545138,
    2.2197558268590454,
    0.9047726758651888
  ],
  "AverageDelays": [
    3405.6666666666665,
    2559.3,
    3585.0833333333335
  ]
}