{
  "transactionTimestamps": [
    1705931287617,
    1705931288818,
    1705931287647,
    1705931289723,
    1705931290548,
    1705931290658,
    1705931291344,
    1705931289656,
    1705931291701,
    1705931292328,
    1705931292610,
    1705931293433,
    1705931294368
  ],
  "blockTimestamps": [
    1705931291362,
    1705931301704
  ],
  "blockTimes": [
    1705931284,
    1705931290
  ],
  "blockTransactions": [
    1,
    12
  ],
  "Delays": [
    3745,
    12886,
    14057,
    11981,
    11156,
    11046,
    10360,
    12048,
    10003,
    9376,
    9094,
    8271,
    7336
  ],
  "Throughputs": [
    0.26702269692923897,
    0.9228366579115497
  ],
  "AverageDelays": [
    3745,
    10104.538461538461
  ]
}