{
  "transactionTimestamps": [
    1705931601687,
    1705931603117,
    1705931604037,
    1705931604632,
    1705931605650,
    1705931606552,
    1705931607532,
    1705931608202,
    1705931609295,
    1705931609922,
    1705931610747,
    1705931611667
  ],
  "blockTimestamps": [
    1705931606434,
    1705931614249
  ],
  "blockTimes": [
    1705931597,
    1705931605
  ],
  "blockTransactions": [
    2,
    10
  ],
  "Delays": [
    4747,
    3317,
    10212,
    9617,
    8599,
    7697,
    6717,
    6047,
    4954,
    4327,
    3502,
    2582
  ],
  "Throughputs": [
    0.4213187276174426,
    0.955261900971183
  ],
  "AverageDelays": [
    4032,
    6026.5
  ]
}