{
  "transactionTimestamps": [
    1705931802482,
    1705931802482,
    1705931803375,
    1705931803501,
    1705931804578,
    1705931805603,
    1705931804123,
    1705931806337,
    1705931806787,
    1705931807036,
    1705931807443,
    1705931806209,
    1705931808128
  ],
  "blockTimestamps": [
    1705931804498,
    1705931809753,
    1705931812221
  ],
  "blockTimes": [
    1705931803,
    1705931804,
    1705931809
  ],
  "blockTransactions": [
    4,
    6,
    3
  ],
  "Delays": [
    2016,
    2016,
    1123,
    997,
    5175,
    4150,
    5630,
    3416,
    2966,
    2717,
    4778,
    6012,
    4093
  ],
  "Throughputs": [
    1.9841269841269842,
    1.3753266400770183,
    1.3348393058835608
  ],
  "AverageDelays": [
    1538,
    3020.6,
    3468.3846153846152
  ]
}