{
  "transactionTimestamps": [
    1705931663564,
    1705931663564,
    1705931664417,
    1705931664901,
    1705931665352,
    1705931665729,
    1705931668640,
    1705931666399,
    1705931666491,
    1705931667087,
    1705931667583,
    1705931668081
  ],
  "blockTimestamps": [
    1705931666138,
    1705931669061,
    1705931669062,
    1705931669063
  ],
  "blockTimes": [
    1705931663,
    1705931665,
    1705931668,
    1705931667
  ],
  "blockTransactions": [
    2,
    4,
    1,
    5
  ],
  "Delays": [
    2574,
    2574,
    4644,
    4160,
    3709,
    3332,
    422,
    2664,
    2572,
    1976,
    1480,
    982
  ],
  "Throughputs": [
    0.7770007770007771,
    1.0915044569765326,
    1.2731902510003636,
    2.182214948172395
  ],
  "AverageDelays": [
    2574,
    3498.8333333333335,
    3059.285714285714,
    2590.75
  ]
}