{
  "transactionTimestamps": [
    1705931839641,
    1705931839641,
    1705931840326,
    1705931841076,
    1705931841280,
    1705931841919,
    1705931842090,
    1705931842557,
    1705931842838,
    1705931843527,
    1705931843794,
    1705931844971,
    1705931845678
  ],
  "blockTimestamps": [
    1705931843479,
    1705931843683,
    1705931847782
  ],
  "blockTimes": [
    1705931834,
    1705931842,
    1705931843
  ],
  "blockTransactions": [
    3,
    6,
    4
  ],
  "Delays": [
    3838,
    3838,
    3153,
    2607,
    2403,
    1764,
    1593,
    1126,
    845,
    4255,
    3988,
    2811,
    2104
  ],
  "Throughputs": [
    0.781657113079729,
    2.2266204849084614,
    1.5968554231666872
  ],
  "AverageDelays": [
    3609.6666666666665,
    2351.8888888888887,
    2640.3846153846152
  ]
}