{
  "transactionTimestamps": [
    1706167099818,
    1706167099821,
    1706167099821,
    1706167100641,
    1706167100907,
    1706167100968,
    1706167101437,
    1706167099817,
    1706167102016,
    1706167102138,
    1706167102384,
    1706167102978,
    1706167103117,
    1706167103584,
    1706167103895,
    1706167103960,
    1706167104676,
    1706167104846,
    1706167105856,
    1706167105903,
    1706167105841,
    1706167106759,
    1706167106836,
    1706167107572,
    1706167107879,
    1706167106666,
    1706167108648,
    1706167108648,
    1706167106999,
    1706167112370,
    1706167113349,
    1706167113581
  ],
  "blockTimestamps": [
    1706167104231,
    1706167107254,
    1706167110241,
    1706167113230,
    1706167116238,
    1706167119215
  ],
  "blockTimes": [
    1706167104,
    1706167107,
    1706167110,
    1706167113,
    1706167116,
    1706167119
  ],
  "blockTransactions": [
    5,
    10,
    8,
    6,
    1,
    2
  ],
  "Delays": [
    4413,
    4410,
    4410,
    3590,
    3324,
    6286,
    5817,
    7437,
    5238,
    5116,
    4870,
    4276,
    4137,
    3670,
    3359,
    6281,
    5565,
    5395,
    4385,
    4338,
    4400,
    3482,
    3405,
    5658,
    5351,
    6564,
    4582,
    4582,
    6231,
    3868,
    5866,
    5634
  ],
  "Throughputs": [
    1.1330160888284613,
    2.0172135556750943,
    2.2066583517221527,
    2.1622427676707425,
    1.8270401948842874,
    1.6497396504614117
  ],
  "AverageDelays": [
    4029.4,
    4690.2,
    4678.434782608696,
    4847.310344827586,
    4814.666666666667,
    4873.125
  ]
}