{
  "transactionTimestamps": [
    1706167118711,
    1706167119754,
    1706167119821,
    1706167119820,
    1706167120517,
    1706167120595,
    1706167120673,
    1706167119991,
    1706167121390,
    1706167121656,
    1706167121656,
    1706167122322,
    1706167122461,
    1706167122710,
    1706167123242,
    1706167123241
  ],
  "blockTimestamps": [
    1706167122223,
    1706167125252,
    1706167128199
  ],
  "blockTimes": [
    1706167122,
    1706167125,
    1706167128
  ],
  "blockTransactions": [
    1,
    10,
    5
  ],
  "Delays": [
    3512,
    5498,
    5431,
    5432,
    4735,
    4657,
    4579,
    5261,
    3862,
    3596,
    3596,
    5877,
    5738,
    5489,
    4957,
    4958
  ],
  "Throughputs": [
    0.2847380410022779,
    1.6817000458645466,
    1.6863406408094437
  ],
  "AverageDelays": [
    3512,
    4559.909090909091,
    4823.625
  ]
}