{
  "transactionTimestamps": [
    1706167153763,
    1706167159845,
    1706167159843,
    1706167160817,
    1706167161035,
    1706167162016,
    1706167162138,
    1706167162828,
    1706167163186,
    1706167163825,
    1706167163903
  ],
  "blockTimestamps": [
    1706167161193,
    1706167164206,
    1706167167215
  ],
  "blockTimes": [
    1706167161,
    1706167164,
    1706167167
  ],
  "blockTransactions": [
    1,
    3,
    7
  ],
  "Delays": [
    7430,
    4361,
    4363,
    3389,
    6180,
    5199,
    5077,
    4387,
    4029,
    3390,
    3312
  ],
  "Throughputs": [
    0.13458950201884254,
    0.3830316958728335,
    0.8177222717811478
  ],
  "AverageDelays": [
    7430,
    4885.75,
    4647
  ]
}