{
  "transactionTimestamps": [
    1706167139828,
    1706167139828,
    1706167140792,
    1706167141881,
    1706167140963,
    1706167142706,
    1706167143734,
    1706167146211,
    1706167147247,
    1706167147567,
    1706167152548
  ],
  "blockTimestamps": [
    1706167146251,
    1706167149219,
    1706167152245,
    1706167155211,
    1706167158272
  ],
  "blockTimes": [
    1706167146,
    1706167149,
    1706167152,
    1706167155,
    1706167158
  ],
  "blockTransactions": [
    6,
    1,
    2,
    1,
    1
  ],
  "Delays": [
    6423,
    6423,
    5459,
    4370,
    5288,
    3545,
    5485,
    6034,
    4998,
    7644,
    5724
  ],
  "Throughputs": [
    0.9341429238673516,
    0.7453945266744756,
    0.7248127567045181,
    0.6500682571670026,
    0.5963999132509218
  ],
  "AverageDelays": [
    5251.333333333333,
    5284.714285714285,
    5336.111111111111,
    5566.9,
    5581.181818181818
  ]
}