{
  "transactionTimestamps": [
    1706167080559,
    1706167080559,
    1706167081618,
    1706167081713,
    1706167082777,
    1706167082855,
    1706167083584,
    1706167083679,
    1706167084676,
    1706167084769,
    1706167085675,
    1706167086705,
    1706167087704,
    1706167088529,
    1706167089639
  ],
  "blockTimestamps": [
    1706167080989,
    1706167086234,
    1706167089252,
    1706167092208,
    1706167095220
  ],
  "blockTimes": [
    1706167080,
    1706167086,
    1706167089,
    1706167092,
    1706167095
  ],
  "blockTransactions": [
    2,
    4,
    5,
    3,
    1
  ],
  "Delays": [
    430,
    430,
    4616,
    4521,
    3457,
    3379,
    5668,
    5573,
    4576,
    4483,
    3577,
    5503,
    4504,
    3679,
    5581
  ],
  "Throughputs": [
    4.651162790697675,
    1.0572687224669604,
    1.2653859427125274,
    1.2018198987037514,
    1.0231225700838962
  ],
  "AverageDelays": [
    430,
    2805.5,
    3700.909090909091,
    3885.4285714285716,
    3998.4666666666667
  ]
}