{"a": 0.2, "b": 0.8, "communities0": [[0, 32, 64, 44, 18, 26], [1, 19], [2, 31], [3, 38, 8, 45, 15, 50, 53, 23, 24, 56], [34, 4], [10, 5], [59, 6], [7, 55], [9, 49], [40, 11], [12, 36], [67, 13], [48, 14], [16, 65], [17, 39], [51, 20], [29, 21], [54, 22], [66, 69, 70, 43, 47, 25, 58, 60, 30], [27, 68], [35, 28], [33, 37], [41, 63], [42, 46], [52, 62], [57, 61]], "q0": 0.47338632335956476, "f0": 0.7289212190936657}