{"a": 0.3, "b": 0.7, "communities0": [[0, 52], [1, 28], [25, 2], [41, 3], [122, 4], [146, 172, 5], [82, 6], [88, 7], [8, 169], [9, 99], [10, 22], [11, 134], [12, 174], [125, 13], [68, 14], [171, 15], [165, 101, 16, 56, 31], [112, 17], [72, 18], [153, 19], [154, 20], [123, 21], [89, 23], [24, 158], [177, 26], [27, 95], [29, 102], [38, 30], [32, 129], [33, 133], [34, 124], [35, 182], [186, 36], [147, 37], [45, 39], [40, 176], [42, 190], [43, 62], [96, 44], [138, 46], [126, 47], [48, 189], [49, 181], [80, 50], [51, 77], [53, 103], [70, 143, 178, 54, 119, 121], [110, 55], [57, 164], [58, 150], [59, 167], [60, 135], [61, 166], [157, 63], [64, 137], [184, 65], [113, 66], [67, 141], [145, 69], [81, 71], [73, 111], [74, 92], [104, 75, 87], [180, 76], [140, 78], [185, 79], [83, 155], [188, 84], [136, 85], [132, 86], [90, 116], [91, 179], [98, 93], [131, 94], [97, 159], [108, 100], [105, 149], [106, 148], [107, 156], [109, 183], [114, 118], [161, 115], [117, 127], [120, 144], [128, 162], [130, 163], [139, 173], [152, 142], [168, 151], [160, 175], [170, 187]], "q0": 0.49615000000000004, "f0": 0.9260638091013164}