{"a": 0.7, "b": 0.3, "communities0": [[0, 97], [1, 2, 4, 10, 11, 138, 139, 15, 16, 17, 19, 149, 153, 28, 31, 33, 35, 39, 41, 46, 47, 48, 51, 53, 55, 56, 57, 58, 66, 67, 75, 81, 82, 87, 101, 108, 114, 115, 124, 126], [128, 3, 7, 9, 140, 12, 141, 143, 18, 148, 22, 152, 25, 154, 34, 45, 54, 59, 61, 69, 70, 72, 77, 94, 99, 103, 104, 109, 118], [89, 5], [64, 132, 36, 6, 144, 146, 147, 92], [134, 38, 8, 142, 49, 145, 24, 91, 120, 93], [13, 21], [74, 107, 43, 14, 79, 83, 52, 116, 127], [20, 119], [98, 130, 100, 131, 68, 40, 136, 78, 111, 50, 84, 23, 88, 90, 60, 62], [26, 102], [27, 29, 150], [76, 86, 30], [32, 44], [73, 106, 37], [42, 117], [85, 63], [65, 105], [112, 71], [80, 135], [122, 95], [96, 110], [113, 123, 121], [137, 125, 151], [129, 133]], "q0": 0.44797023885109494, "f0": 0.729020371724143}