{
  "transactionTimestamps": [
    1706175277938,
    1706175283338,
    1706175284272,
    1706175284846,
    1706175285799,
    1706175286157,
    1706175285223,
    1706175287183,
    1706175287358,
    1706175288404,
    1706175290008,
    1706175288807,
    1706175291393,
    1706175293010,
    1706175294222,
    1706175294990,
    1706175296549,
    1706175295680
  ],
  "blockTimestamps": [
    1706175284216,
    1706175287211,
    1706175290205,
    1706175293250,
    1706175296198,
    1706175299297,
    1706175302229
  ],
  "blockTimes": [
    1706175284,
    1706175287,
    1706175290,
    1706175293,
    1706175296,
    1706175299,
    1706175302
  ],
  "blockTransactions": [
    1,
    1,
    5,
    3,
    3,
    3,
    2
  ],
  "Delays": [
    6278,
    3873,
    5933,
    5359,
    4406,
    4048,
    4982,
    6067,
    5892,
    4846,
    6190,
    7391,
    4805,
    6287,
    5075,
    4307,
    5680,
    6549
  ],
  "Throughputs": [
    0.15928639694170119,
    0.21567993098242208,
    0.5706366674818619,
    0.6530825496342738,
    0.7119386637458927,
    0.7490987405777424,
    0.7410151908114117
  ],
  "AverageDelays": [
    6278,
    5075.5,
    4982.714285714285,
    5168.4,
    5390,
    5358.6875,
    5442.666666666667
  ]
}