{
  "transactionTimestamps": [
    1706175398575,
    1706175399844,
    1706175401075,
    1706175402249,
    1706175403398,
    1706175403399,
    1706175403894,
    1706175404634,
    1706175404939,
    1706175405768,
    1706175406469,
    1706175407219,
    1706175408045,
    1706175408712,
    1706175409661,
    1706175410038,
    1706175411274,
    1706175411567,
    1706175412628,
    1706175416501,
    1706175412894
  ],
  "blockTimestamps": [
    1706175404207,
    1706175407206,
    1706175410202,
    1706175415124,
    1706175416204,
    1706175419192,
    1706175422220
  ],
  "blockTimes": [
    1706175404,
    1706175407,
    1706175410,
    1706175413,
    1706175416,
    1706175419,
    1706175422
  ],
  "blockTransactions": [
    2,
    5,
    4,
    4,
    3,
    1,
    2
  ],
  "Delays": [
    5632,
    4363,
    6131,
    4957,
    3808,
    3807,
    3312,
    5568,
    5263,
    4434,
    3733,
    7905,
    7079,
    6412,
    5463,
    6166,
    4930,
    4637,
    6564,
    5719,
    9326
  ],
  "Throughputs": [
    0.3551136363636364,
    0.8110300081103,
    0.9460737937559129,
    0.9063991781980785,
    1.021044869249532,
    0.921569578503177,
    0.888137026855572
  ],
  "AverageDelays": [
    4997.5,
    4572.857142857143,
    4637.090909090909,
    5191.133333333333,
    5200,
    5271.789473684211,
    5486.142857142857
  ]
}