{
  "transactionTimestamps": [
    1706175458532,
    1706175459314,
    1706175463426,
    1706175464837,
    1706175466383,
    1706175467999,
    1706175469482,
    1706175470934,
    1706175472167,
    1706175473481,
    1706175474682,
    1706175475974,
    1706175477639
  ],
  "blockTimestamps": [
    1706175464467,
    1706175467211,
    1706175470261,
    1706175473383,
    1706175476192,
    1706175479203,
    1706175482234
  ],
  "blockTimes": [
    1706175464,
    1706175467,
    1706175470,
    1706175473,
    1706175476,
    1706175479,
    1706175482
  ],
  "blockTransactions": [
    1,
    2,
    2,
    2,
    2,
    2,
    2
  ],
  "Delays": [
    5935,
    7897,
    3785,
    5424,
    3878,
    5384,
    3901,
    5258,
    4025,
    5722,
    4521,
    6260,
    4595
  ],
  "Throughputs": [
    0.16849199663016007,
    0.3456619426201175,
    0.4262938016881235,
    0.47134873072520367,
    0.5096262740656852,
    0.5321464854143486,
    0.5484769217787528
  ],
  "AverageDelays": [
    5935,
    5872.333333333333,
    5383.8,
    5172,
    5054.111111111111,
    5066.363636363636,
    5121.923076923077
  ]
}