{
  "transactionTimestamps": [
    1706175260276,
    1706175260869,
    1706175261601,
    1706175262179,
    1706175263068,
    1706175263338,
    1706175261554,
    1706175263342,
    1706175263822,
    1706175262258,
    1706175264643,
    1706175264800,
    1706175264831,
    1706175265209,
    1706175265897,
    1706175266054,
    1706175266239,
    1706175267194,
    1706175267301,
    1706175267535,
    1706175268550,
    1706175268815,
    1706175268209,
    1706175270165,
    1706175269218,
    1706175269032,
    1706175271507,
    1706175272756,
    1706175275243,
    1706175276551,
    1706175275275,
    1706175275920
  ],
  "blockTimestamps": [
    1706175266849,
    1706175269198,
    1706175272251,
    1706175275223,
    1706175278214,
    1706175281197
  ],
  "blockTimes": [
    1706175266,
    1706175269,
    1706175272,
    1706175275,
    1706175278,
    1706175281
  ],
  "blockTransactions": [
    4,
    11,
    7,
    5,
    1,
    4
  ],
  "Delays": [
    6573,
    5980,
    5248,
    4670,
    6130,
    5860,
    7644,
    5856,
    5376,
    6940,
    4555,
    4398,
    4367,
    3989,
    3301,
    6197,
    6012,
    5057,
    4950,
    4716,
    3701,
    3436,
    7014,
    5058,
    6005,
    6191,
    3716,
    5458,
    5954,
    4646,
    5922,
    5277
  ],
  "Throughputs": [
    0.6085501293169024,
    1.6812373907195695,
    1.837160751565762,
    1.806382551682612,
    1.560932099453674,
    1.529563596386406
  ],
  "AverageDelays": [
    5617.75,
    5392.466666666666,
    5225.272727272727,
    5294.074074074074,
    5299.928571428572,
    5318.65625
  ]
}