{
  "transactionTimestamps": [
    1706175320953,
    1706175322419,
    1706175323364,
    1706175323364,
    1706175323366,
    1706175323919,
    1706175322418,
    1706175323216,
    1706175324632,
    1706175324781,
    1706175325023,
    1706175325396,
    1706175326206,
    1706175326331,
    1706175327609,
    1706175325818,
    1706175327625,
    1706175329109,
    1706175329218,
    1706175330476,
    1706175328747,
    1706175330871,
    1706175329658,
    1706175331872,
    1706175332327,
    1706175332546,
    1706175333494,
    1706175333915,
    1706175333977,
    1706175334962,
    1706175333326,
    1706175335428,
    1706175336225,
    1706175336968,
    1706175335928,
    1706175337779
  ],
  "blockTimestamps": [
    1706175326222,
    1706175329195,
    1706175332244,
    1706175335221,
    1706175338204,
    1706175341254
  ],
  "blockTimes": [
    1706175326,
    1706175329,
    1706175332,
    1706175335,
    1706175338,
    1706175341
  ],
  "blockTransactions": [
    2,
    10,
    5,
    7,
    6,
    6
  ],
  "Delays": [
    5269,
    3803,
    5831,
    5831,
    5829,
    5276,
    6777,
    5979,
    4563,
    4414,
    4172,
    3799,
    6038,
    5913,
    4635,
    6426,
    4619,
    6112,
    6003,
    4745,
    6474,
    4350,
    5563,
    3349,
    5877,
    5658,
    4710,
    4289,
    4227,
    3242,
    7928,
    5826,
    5029,
    4286,
    5326,
    3475
  ],
  "Throughputs": [
    0.37957866767887644,
    1.4559572919194368,
    1.505623948277389,
    1.682085786375105,
    1.7390296214712189,
    1.7733116595241616
  ],
  "AverageDelays": [
    4536,
    5128.583333333333,
    5245.529411764706,
    5240.416666666667,
    5125.766666666666,
    5156.75
  ]
}