{
  "transactionTimestamps": [
    1706175298199,
    1706175303347,
    1706175303350,
    1706175303351,
    1706175303350,
    1706175303922,
    1706175304664,
    1706175304728,
    1706175304807,
    1706175304978,
    1706175305323,
    1706175305875,
    1706175306017,
    1706175306079,
    1706175304869,
    1706175306470,
    1706175306923,
    1706175307343,
    1706175307374,
    1706175307452,
    1706175307935,
    1706175308138,
    1706175308792,
    1706175308978,
    1706175309040,
    1706175309523,
    1706175309742,
    1706175310019,
    1706175310237,
    1706175310564,
    1706175310999,
    1706175311093,
    1706175311435,
    1706175311792,
    1706175312211,
    1706175312324,
    1706175312414,
    1706175313051,
    1706175313255,
    1706175313563,
    1706175313905,
    1706175313952,
    1706175314498,
    1706175315361,
    1706175316157,
    1706175317775,
    1706175316763,
    1706175319442
  ],
  "blockTimestamps": [
    1706175305256,
    1706175308226,
    1706175311200,
    1706175314261,
    1706175317236,
    1706175320257,
    1706175323253
  ],
  "blockTimes": [
    1706175305,
    1706175308,
    1706175311,
    1706175314,
    1706175317,
    1706175320,
    1706175323
  ],
  "blockTransactions": [
    1,
    8,
    12,
    9,
    12,
    3,
    3
  ],
  "Delays": [
    7057,
    4879,
    4876,
    4875,
    4876,
    4304,
    3562,
    3498,
    3419,
    6222,
    5877,
    5325,
    5183,
    5121,
    6331,
    4730,
    4277,
    3857,
    3826,
    3748,
    3265,
    6123,
    5469,
    5283,
    5221,
    4738,
    4519,
    4242,
    4024,
    3697,
    6237,
    6143,
    5801,
    5444,
    5025,
    4912,
    4822,
    4185,
    3981,
    3673,
    3331,
    3284,
    5759,
    4896,
    4100,
    5478,
    6490,
    3811
  ],
  "Throughputs": [
    0.14170327334561428,
    0.897576543333001,
    1.6152603645873396,
    1.867762420620097,
    2.2062299732100645,
    2.040076162843413,
    1.915861738644528
  ],
  "AverageDelays": [
    7057,
    4594,
    4719.428571428572,
    4747.466666666666,
    4744.333333333333,
    4755.933333333333,
    4787.416666666667
  ]
}