{
  "transactionTimestamps": [
    1706175338277,
    1706175339351,
    1706175339883,
    1706175341471,
    1706175343094,
    1706175343373,
    1706175343373,
    1706175344676,
    1706175344847,
    1706175345004,
    1706175345955,
    1706175346253,
    1706175347470,
    1706175347532,
    1706175346363,
    1706175349168,
    1706175350532,
    1706175349013,
    1706175351758,
    1706175352597,
    1706175353421,
    1706175354839,
    1706175355011,
    1706175353437,
    1706175354028,
    1706175356257,
    1706175356475,
    1706175355803,
    1706175357865
  ],
  "blockTimestamps": [
    1706175344212,
    1706175347251,
    1706175350219,
    1706175353828,
    1706175356272,
    1706175359214,
    1706175362214
  ],
  "blockTimes": [
    1706175344,
    1706175347,
    1706175350,
    1706175353,
    1706175356,
    1706175359,
    1706175362
  ],
  "blockTransactions": [
    3,
    4,
    5,
    4,
    4,
    5,
    4
  ],
  "Delays": [
    5935,
    4861,
    4329,
    5780,
    4157,
    3878,
    3878,
    5543,
    5372,
    5215,
    4264,
    3966,
    6358,
    6296,
    7465,
    4660,
    5740,
    7259,
    4514,
    3675,
    5793,
    4375,
    4203,
    5777,
    5186,
    5957,
    5739,
    6411,
    4349
  ],
  "Throughputs": [
    0.5054759898904803,
    0.7800312012480499,
    1.0048568079048736,
    1.02887274130281,
    1.1114198388441232,
    1.1940583655729091,
    1.211513556418933
  ],
  "AverageDelays": [
    5041.666666666667,
    4688.285714285715,
    4764.833333333333,
    5122.3125,
    5157.25,
    5139.16,
    5204.6551724137935
  ]
}