{
  "transactionTimestamps": [
    1706175359067,
    1706175358085,
    1706175360079,
    1706175360641,
    1706175361729,
    1706175360689,
    1706175362325,
    1706175363333,
    1706175363381,
    1706175363380,
    1706175365019,
    1706175364599,
    1706175366439,
    1706175365051,
    1706175367871,
    1706175369055,
    1706175370646,
    1706175371252,
    1706175372765,
    1706175371861,
    1706175372002,
    1706175374306,
    1706175375518,
    1706175376724,
    1706175377934,
    1706175378230
  ],
  "blockTimestamps": [
    1706175365853,
    1706175368196,
    1706175371200,
    1706175374203,
    1706175377211,
    1706175380197,
    1706175383224
  ],
  "blockTimes": [
    1706175365,
    1706175368,
    1706175371,
    1706175374,
    1706175377,
    1706175380,
    1706175383
  ],
  "blockTransactions": [
    5,
    5,
    5,
    2,
    4,
    3,
    2
  ],
  "Delays": [
    6786,
    7768,
    5774,
    5212,
    4124,
    7507,
    5871,
    4863,
    4815,
    4816,
    6181,
    6601,
    4761,
    6149,
    3329,
    5148,
    3557,
    5959,
    4446,
    5350,
    5209,
    5891,
    4679,
    3473,
    5290,
    4994
  ],
  "Throughputs": [
    0.7368110816386679,
    1.0954102311315588,
    1.2362977004862772,
    1.1231501057082454,
    1.1574074074074074,
    1.135825840037861,
    1.0762925859999173
  ],
  "AverageDelays": [
    5932.8,
    5753.6,
    5637.133333333333,
    5486,
    5439.333333333333,
    5344.541666666667,
    5328.961538461538
  ]
}