{
  "transactionTimestamps": [
    1706175443416,
    1706175443416,
    1706175444741,
    1706175444880,
    1706175446081,
    1706175446128,
    1706175447420,
    1706175447512,
    1706175449030,
    1706175448999,
    1706175450261,
    1706175450481,
    1706175451649,
    1706175453256,
    1706175451993
  ],
  "blockTimestamps": [
    1706175449221,
    1706175452206,
    1706175455252,
    1706175458222
  ],
  "blockTimes": [
    1706175449,
    1706175452,
    1706175455,
    1706175458
  ],
  "blockTransactions": [
    4,
    4,
    5,
    2
  ],
  "Delays": [
    5805,
    5805,
    4480,
    4341,
    6125,
    6078,
    4786,
    4694,
    6222,
    6253,
    4991,
    4771,
    3603,
    4966,
    6229
  ],
  "Throughputs": [
    0.6890611541774333,
    0.9101251422070535,
    1.098344035147009,
    1.0131027961637176
  ],
  "AverageDelays": [
    5107.75,
    5264.25,
    5227.2307692307695,
    5276.6
  ]
}