{
  "transactionTimestamps": [
    1706175239501,
    1706175239568,
    1706175243328,
    1706175243332,
    1706175243327,
    1706175244674,
    1706175244706,
    1706175246154,
    1706175246184,
    1706175247636,
    1706175248932,
    1706175249210,
    1706175247479,
    1706175250271,
    1706175250490,
    1706175249844,
    1706175251925,
    1706175251971,
    1706175253257,
    1706175253501,
    1706175253827,
    1706175254499,
    1706175255030,
    1706175255744,
    1706175254547,
    1706175256605,
    1706175255308,
    1706175257319,
    1706175258007,
    1706175258929,
    1706175259401
  ],
  "blockTimestamps": [
    1706175245226,
    1706175248205,
    1706175251196,
    1706175254254,
    1706175257222,
    1706175260207,
    1706175263254
  ],
  "blockTimes": [
    1706175245,
    1706175248,
    1706175251,
    1706175254,
    1706175257,
    1706175260,
    1706175263
  ],
  "blockTransactions": [
    2,
    5,
    3,
    5,
    6,
    6,
    4
  ],
  "Delays": [
    5725,
    5658,
    4877,
    4873,
    4878,
    3531,
    3499,
    5042,
    5012,
    3560,
    5322,
    5044,
    6775,
    3983,
    3764,
    7378,
    5297,
    5251,
    3965,
    3721,
    3395,
    5708,
    5177,
    4463,
    5660,
    3602,
    4899,
    5935,
    5247,
    4325,
    3853
  ],
  "Throughputs": [
    0.3493449781659389,
    0.8042279411764706,
    0.8550662676357418,
    1.0167423574866128,
    1.1850347045877772,
    1.303969863807592,
    1.3050983033722057
  ],
  "AverageDelays": [
    5691.5,
    4720.142857142857,
    4665.5,
    4769.533333333334,
    4788.0952380952385,
    4817,
    4819.967741935484
  ]
}