{
  "transactionTimestamps": [
    1706175378868,
    1706175383395,
    1706175383395,
    1706175385032,
    1706175385046,
    1706175386310,
    1706175386373,
    1706175387588,
    1706175387933,
    1706175389150,
    1706175389166,
    1706175390335,
    1706175390647,
    1706175391535,
    1706175391814,
    1706175392747,
    1706175393137,
    1706175394292,
    1706175395703,
    1706175397319
  ],
  "blockTimestamps": [
    1706175386206,
    1706175389197,
    1706175392202,
    1706175395801,
    1706175398208,
    1706175401201
  ],
  "blockTimes": [
    1706175386,
    1706175389,
    1706175392,
    1706175395,
    1706175398,
    1706175401
  ],
  "blockTransactions": [
    1,
    4,
    4,
    6,
    3,
    2
  ],
  "Delays": [
    7338,
    5802,
    5802,
    4165,
    4151,
    5892,
    5829,
    4614,
    4269,
    6651,
    6635,
    5466,
    5154,
    4266,
    3987,
    5461,
    5071,
    3916,
    5498,
    3882
  ],
  "Throughputs": [
    0.1362769146906514,
    0.4840739665020815,
    0.6749662516874156,
    0.8858442095316837,
    0.9307135470527405,
    0.8955357542649891
  ],
  "AverageDelays": [
    7338,
    5451.6,
    5318,
    5334.733333333334,
    5248.277777777777,
    5192.45
  ]
}