{
  "transactionTimestamps": [
    1706175224088,
    1706175225529,
    1706175224093,
    1706175227059,
    1706175228305,
    1706175230820,
    1706175232147,
    1706175231729,
    1706175233618,
    1706175234725,
    1706175235100,
    1706175236202,
    1706175236652,
    1706175235409,
    1706175237803,
    1706175238314
  ],
  "blockTimestamps": [
    1706175230254,
    1706175233253,
    1706175236218,
    1706175239267,
    1706175242255
  ],
  "blockTimes": [
    1706175230,
    1706175233,
    1706175236,
    1706175239,
    1706175242
  ],
  "blockTransactions": [
    3,
    2,
    3,
    3,
    5
  ],
  "Delays": [
    6166,
    4725,
    6161,
    6194,
    4948,
    5398,
    4071,
    4489,
    5649,
    4542,
    4167,
    6053,
    5603,
    6846,
    4452,
    3941
  ],
  "Throughputs": [
    0.48653908530651957,
    0.5455537370430988,
    0.6595218466611706,
    0.7246854206469464,
    0.8807177849947707
  ],
  "AverageDelays": [
    5684,
    5638.8,
    5269,
    5137.272727272727,
    5212.8125
  ]
}