{
  "transactionTimestamps": [
    1706175478997,
    1706175480600,
    1706175481931,
    1706175483426,
    1706175483456,
    1706175484684,
    1706175484819,
    1706175486205,
    1706175487387,
    1706175489026,
    1706175490430,
    1706175496573
  ],
  "blockTimestamps": [
    1706175485203,
    1706175488238,
    1706175491225,
    1706175494224,
    1706175497265,
    1706175500198
  ],
  "blockTimes": [
    1706175485,
    1706175488,
    1706175491,
    1706175494,
    1706175497,
    1706175500
  ],
  "blockTransactions": [
    3,
    4,
    2,
    1,
    1,
    1
  ],
  "Delays": [
    6206,
    4603,
    3272,
    4812,
    4782,
    3554,
    3419,
    5020,
    3838,
    5198,
    6835,
    3625
  ],
  "Throughputs": [
    0.4834031582339671,
    0.757493777729683,
    0.7360157016683023,
    0.6567281802062126,
    0.6021458287716225,
    0.5660110372152257
  ],
  "AverageDelays": [
    4693.666666666667,
    4378.285714285715,
    4389.555555555556,
    4470.4,
    4685.363636363636,
    4597
  ]
}