{
  "transactionTimestamps": [
    1706175498319,
    1706175497476,
    1706175499829,
    1706175501219,
    1706175502511,
    1706175503436,
    1706175503437,
    1706175503809,
    1706175505119,
    1706175504870,
    1706175509730,
    1706175511137,
    1706175511477,
    1706175510357,
    1706175512431,
    1706175513066,
    1706175511211,
    1706175512102,
    1706175512118,
    1706175513754,
    1706175514321,
    1706175515818,
    1706175517300
  ],
  "blockTimestamps": [
    1706175503820,
    1706175506219,
    1706175509231,
    1706175512198,
    1706175515258,
    1706175518229,
    1706175521199
  ],
  "blockTimes": [
    1706175503,
    1706175506,
    1706175509,
    1706175512,
    1706175515,
    1706175518,
    1706175521
  ],
  "blockTransactions": [
    3,
    2,
    3,
    2,
    4,
    7,
    2
  ],
  "Delays": [
    5501,
    6344,
    3991,
    5000,
    3708,
    5795,
    5794,
    5422,
    7079,
    7328,
    5528,
    4121,
    3781,
    4901,
    5798,
    5163,
    7018,
    6127,
    6111,
    4475,
    3908,
    5381,
    3899
  ],
  "Throughputs": [
    0.5453553899291038,
    0.6329113924050632,
    0.7331378299120234,
    0.7205130052597449,
    0.8264950705472578,
    1.054746358613762,
    1.0052447552447552
  ],
  "AverageDelays": [
    5278.666666666667,
    4908.8,
    5194.375,
    5596.2,
    5306.642857142857,
    5375.857142857143,
    5311.869565217391
  ]
}