{
  "transactionTimestamps": [
    1706175423410,
    1706175423410,
    1706175423050,
    1706175424656,
    1706175425141,
    1706175426279,
    1706175426528,
    1706175427821,
    1706175427884,
    1706175429200,
    1706175429442,
    1706175430835,
    1706175430960,
    1706175432257,
    1706175432491,
    1706175433879,
    1706175433894
  ],
  "blockTimestamps": [
    1706175428223,
    1706175431207,
    1706175434257,
    1706175437216
  ],
  "blockTimes": [
    1706175428,
    1706175431,
    1706175434,
    1706175437
  ],
  "blockTransactions": [
    4,
    5,
    4,
    4
  ],
  "Delays": [
    4813,
    4813,
    5173,
    3567,
    6066,
    4928,
    4679,
    3386,
    3323,
    5057,
    4815,
    3422,
    3297,
    4959,
    4725,
    3337,
    3322
  ],
  "Throughputs": [
    0.8310824849366301,
    1.1542901115813775,
    1.1984880612150826,
    1.2313486889758076
  ],
  "AverageDelays": [
    4591.5,
    4527.555555555556,
    4410.692307692308,
    4334.235294117647
  ]
}