{"a": 0.5, "b": 0.5, "communities0": [[0, 35, 51, 62], [1, 3, 132, 134, 7, 135, 139, 140, 17, 148, 23, 25, 155, 27, 29, 31, 43, 44, 45, 47, 50, 54, 56, 57, 58, 63, 69, 74, 75, 83, 87, 92, 93, 94, 95, 101, 107, 108, 109, 110, 111, 112, 116, 118, 126, 127], [2, 67, 133], [129, 98, 4, 72, 136, 142, 144, 89], [5, 11, 117], [53, 6], [8, 124], [32, 9], [10, 66, 14, 114], [64, 12], [146, 13], [49, 15], [16, 120], [131, 39, 137, 141, 143, 79, 18, 82, 147, 115, 22, 88, 61], [65, 19], [104, 122, 20], [73, 106, 138, 77, 21, 24, 121], [26, 36, 150], [28, 84], [30, 103], [96, 33, 149], [128, 34], [37, 71], [123, 38], [40, 113, 59, 102], [41, 55], [42, 76], [48, 46], [97, 52], [105, 60], [68, 78], [145, 70], [80, 81, 85, 152], [99, 125, 86], [90, 119], [153, 91], [130, 100], [154, 151]], "q0": 0.4299560072085433, "f0": 0.940339492862898}