{"a": 0.4, "b": 0.6, "communities0": [[0, 21, 14, 15], [1, 2, 20], [8, 3, 4, 12], [10, 19, 5], [28, 6], [17, 7, 23], [9, 18], [16, 11], [24, 25, 26, 13], [27, 22]], "q0": 0.46031746031746046, "f0": 0.7512477240505631}