{"a": 0.4, "b": 0.6, "communities0": [[0], [1, 40, 12, 13, 15, 22, 24, 26, 31], [32, 2, 21], [8, 3], [48, 4, 36], [25, 10, 5], [19, 51, 11, 6], [33, 50, 7], [9, 34, 42], [16, 14], [17, 45, 46], [18, 39], [41, 20], [38, 23], [27, 43, 28, 44], [29, 37], [30, 47], [35, 53], [49, 52]], "q0": 0.4736088137996219, "f0": 0.7910132652034626}