{"a": 0.6, "b": 0.4, "communities0": [[0, 24], [1, 59], [2, 29], [58, 3], [10, 4], [5, 47], [53, 6], [52, 7], [8, 40], [9, 14], [11, 44], [12, 20], [27, 13], [75, 15], [16, 33], [17, 49], [18, 37], [56, 19], [67, 21], [22, 23], [25, 39], [26, 54], [28, 62], [50, 30], [36, 31], [32, 66], [64, 34], [57, 35], [48, 38], [72, 41], [65, 42], [73, 43, 60], [45, 46], [51, 63], [68, 55], [74, 61], [69, 70], [78, 71], [76, 77]], "q0": 0.49328125000000006, "f0": 0.8351718920966152}