{"a": 0.8, "b": 0.2, "communities0": [[0, 2, 137, 150, 152, 164, 36, 38, 41, 43, 57, 58, 61, 63, 67, 195, 74, 103, 107], [1, 114, 60], [3, 12, 143, 146, 20, 26, 158, 30, 160, 161, 171, 174, 48, 180, 59, 65, 68, 69, 196, 76, 78, 84, 99, 100, 106, 115, 124, 126], [128, 4, 166, 72, 105, 172, 141, 113, 181, 22, 185, 92], [5, 70], [132, 6, 136, 8, 138, 9, 147, 148, 34, 167, 39, 45, 173, 176, 50, 52, 190, 191, 192, 62, 194, 83, 88, 93, 102, 104, 119, 121, 122, 123], [101, 7], [145, 10], [96, 37, 197, 11, 175, 17, 179, 56], [129, 35, 44, 13, 116, 85, 25], [32, 66, 133, 165, 40, 42, 77, 14, 51, 157, 23, 183, 155, 31, 189, 127], [193, 162, 134, 168, 110, 15, 47, 81, 111, 19, 117, 118, 55, 154], [16, 73], [24, 18], [109, 21], [112, 27], [130, 163, 75, 139, 28, 53, 188, 94], [29, 182], [33, 87], [91, 46], [49, 90], [86, 54], [64, 144, 151, 187, 125], [89, 178, 71], [108, 79], [80, 156, 135], [120, 177, 170, 82], [159, 95], [97, 186], [98, 149], [131, 142], [169, 140], [184, 153]], "q0": 0.4511872697845529, "f0": 0.7846231657346121}