{"a": 0.3, "b": 0.7, "communities0": [[0, 122], [1, 5], [2, 133, 47], [3, 109], [11, 4], [114, 6], [80, 7], [8, 145], [120, 9], [10, 135], [137, 12], [136, 13], [78, 69, 38, 14], [37, 15], [16, 113, 52, 60, 62], [111, 143, 17, 147, 54, 124], [18, 106], [96, 19], [35, 20], [40, 21], [91, 22], [68, 23], [24, 73, 56, 125], [25, 100], [128, 26], [27, 43], [67, 99, 132, 134, 71, 105, 110, 28], [29, 39], [74, 30], [129, 31], [32, 150], [33, 148], [34, 92], [36, 117], [41, 127], [121, 42], [97, 44], [90, 45], [46, 94], [48, 138], [49, 63], [50, 82], [72, 51], [116, 53], [76, 55], [88, 57, 142], [58, 85], [59, 77], [107, 61], [64, 84], [65, 119], [66, 75], [131, 70], [144, 79], [81, 141], [130, 83], [112, 86], [118, 87], [89, 115], [146, 93], [95, 103], [98, 149], [140, 101], [108, 102], [104, 126], [123, 139]], "q0": 0.4892967379686053, "f0": 0.8961350097928693}