{"a": 0.7, "b": 0.3, "communities0": [[0, 40], [1, 67], [2, 10], [74, 3], [4, 44], [58, 5], [8, 6], [28, 7], [32, 9], [11, 69], [12, 68], [13, 30], [14, 63], [75, 15], [16, 31], [17, 34, 54], [18, 51], [27, 19], [24, 20], [35, 21], [49, 22], [26, 23], [25, 41], [64, 29], [56, 33], [36, 77], [37, 70], [61, 38], [53, 39], [42, 55], [43, 62], [52, 45], [76, 46], [59, 47], [48, 50], [57, 78], [65, 60], [73, 66], [72, 71]], "q0": 0.49328125, "f0": 0.8351718920966152}