{"a": 0.4, "b": 0.6, "communities0": [[0, 58], [1, 2, 102, 104, 72, 43, 108, 44, 17, 83, 115, 23, 30], [81, 3], [4, 15], [92, 5], [28, 6], [7, 47], [8, 53], [9, 87], [10, 74], [18, 11], [12, 52], [13, 14], [16, 82], [66, 19], [20, 45], [21, 37], [110, 22], [24, 25], [80, 26], [34, 98, 101, 106, 79, 27], [38, 29, 86], [56, 31], [32, 33], [112, 35], [75, 36], [78, 39], [40, 99], [41, 90], [42, 62], [69, 46], [70, 48, 85, 54, 55], [49, 113], [97, 50], [51, 76], [57, 111], [59, 68], [107, 60], [61, 93], [73, 63], [64, 100], [65, 94], [67, 103], [114, 71], [77, 109], [84, 95], [88, 116], [89, 105], [96, 91]], "q0": 0.48609598604239557, "f0": 0.8724279987441221}