{"a": 0.8, "b": 0.2, "communities0": [[0, 32, 36, 37, 7, 9, 11, 48, 17, 49, 54, 57, 58, 27, 31], [1, 2], [65, 3, 38, 46, 15, 50, 23], [33, 34, 4, 5, 51, 56, 26, 59, 60, 29], [20, 6], [8, 21, 45, 30], [10, 28], [41, 18, 12], [24, 68, 13, 14], [16, 35], [43, 19, 53, 22, 61], [25, 47], [66, 67, 44, 39], [40, 42, 55], [64, 52], [62, 63]], "q0": 0.4305448875062239, "f0": 0.8904960366815133}