{
  "transactionTimestamps": [
    1706080458830,
    1706080458831,
    1706080460093,
    1706080460154,
    1706080461306,
    1706080461370,
    1706080462438,
    1706080462516,
    1706080463813,
    1706080463890,
    1706080465174,
    1706080465221
  ],
  "blockTimestamps": [
    1706080462742,
    1706080465740,
    1706080468733
  ],
  "blockTimes": [
    1706080462,
    1706080465,
    1706080468
  ],
  "blockTransactions": [
    2,
    6,
    4
  ],
  "Delays": [
    3912,
    3911,
    5647,
    5586,
    4434,
    4370,
    3302,
    3224,
    4920,
    4843,
    3559,
    3512
  ],
  "Throughputs": [
    0.5112474437627812,
    1.1577424023154848,
    1.211754013935171
  ],
  "AverageDelays": [
    3911.5,
    4298.25,
    4268.333333333333
  ]
}