{
  "transactionTimestamps": [
    1706080473841,
    1706080473840,
    1706080475394,
    1706080475409,
    1706080476901,
    1706080476901,
    1706080478297,
    1706080478360,
    1706080479681,
    1706080479728,
    1706080481201,
    1706080481308
  ],
  "blockTimestamps": [
    1706080477733,
    1706080480741,
    1706080483744,
    1706080486740
  ],
  "blockTimes": [
    1706080477,
    1706080480,
    1706080483,
    1706080486
  ],
  "blockTransactions": [
    2,
    4,
    4,
    2
  ],
  "Delays": [
    3892,
    3893,
    5347,
    5332,
    3840,
    3840,
    5447,
    5384,
    4063,
    4016,
    5539,
    5432
  ],
  "Throughputs": [
    0.513874614594039,
    0.8695652173913043,
    1.0097950116126426,
    0.9303046747809909
  ],
  "AverageDelays": [
    3892.5,
    4357.333333333333,
    4505.4,
    4668.75
  ]
}