{
  "transactionTimestamps": [
    1706080349543,
    1706080351083,
    1706080352263,
    1706080353773,
    1706080355229,
    1706080353656,
    1706080353776,
    1706080356705,
    1706080357940,
    1706080357007,
    1706080357050,
    1706080359092,
    1706080358376,
    1706080358282,
    1706080360429,
    1706080362704,
    1706080361847,
    1706080360928,
    1706080361490
  ],
  "blockTimestamps": [
    1706080354736,
    1706080357749,
    1706080360733,
    1706080363742,
    1706080366736
  ],
  "blockTimes": [
    1706080354,
    1706080357,
    1706080360,
    1706080363,
    1706080366
  ],
  "blockTransactions": [
    2,
    2,
    4,
    7,
    4
  ],
  "Delays": [
    5193,
    3653,
    5486,
    3976,
    5504,
    7077,
    6957,
    4028,
    5802,
    6735,
    6692,
    4650,
    5366,
    5460,
    3313,
    4032,
    4889,
    5808,
    5246
  ],
  "Throughputs": [
    0.38513383400731754,
    0.48744820862783333,
    0.7149240393208222,
    1.0564124234100993,
    1.1051009131623335
  ],
  "AverageDelays": [
    4423,
    4577,
    5234.25,
    5326.133333333333,
    5256.1578947368425
  ]
}