{
  "transactionTimestamps": [
    1706080398790,
    1706080398791,
    1706080400065,
    1706080400282,
    1706080401478,
    1706080401805,
    1706080402897,
    1706080403161,
    1706080404246,
    1706080404573,
    1706080405597,
    1706080405986
  ],
  "blockTimestamps": [
    1706080402732,
    1706080405754,
    1706080408740,
    1706080411737
  ],
  "blockTimes": [
    1706080402,
    1706080405,
    1706080408,
    1706080411
  ],
  "blockTransactions": [
    2,
    4,
    4,
    2
  ],
  "Delays": [
    3942,
    3941,
    5689,
    5472,
    4276,
    3949,
    5843,
    5579,
    4494,
    4167,
    6140,
    5751
  ],
  "Throughputs": [
    0.5073566717402334,
    0.861573808156232,
    1.0050251256281408,
    0.9268556422337222
  ],
  "AverageDelays": [
    3941.5,
    4544.833333333333,
    4735.2,
    4936.916666666667
  ]
}