{
  "transactionTimestamps": [
    1706080098639,
    1706080098643,
    1706080099874,
    1706080100031,
    1706080101428,
    1706080101599,
    1706080102770,
    1706080102848,
    1706080104225,
    1706080104226,
    1706080105581,
    1706080107968,
    1706080106901
  ],
  "blockTimestamps": [
    1706080102739,
    1706080105737,
    1706080108738,
    1706080111745
  ],
  "blockTimes": [
    1706080102,
    1706080105,
    1706080108,
    1706080111
  ],
  "blockTransactions": [
    2,
    4,
    5,
    2
  ],
  "Delays": [
    4100,
    4096,
    5863,
    5706,
    4309,
    4138,
    5968,
    5890,
    4513,
    4512,
    3157,
    3777,
    4844
  ],
  "Throughputs": [
    0.48780487804878053,
    0.8453085376162299,
    1.0892167541340727,
    0.9919121013276362
  ],
  "AverageDelays": [
    4098,
    4702,
    4750.181818181818,
    4682.538461538462
  ]
}