{
  "transactionTimestamps": [
    1706080558739,
    1706080558894,
    1706080560311,
    1706080561635,
    1706080562846,
    1706080563900,
    1706080564385,
    1706080565287,
    1706080566612,
    1706080567949,
    1706080569151,
    1706080570657
  ],
  "blockTimestamps": [
    1706080564750,
    1706080567747,
    1706080570738,
    1706080573738,
    1706080576733
  ],
  "blockTimes": [
    1706080564,
    1706080567,
    1706080570,
    1706080573,
    1706080576
  ],
  "blockTransactions": [
    3,
    4,
    2,
    2,
    1
  ],
  "Delays": [
    6011,
    5856,
    4439,
    6112,
    4901,
    3847,
    3362,
    5451,
    4126,
    5789,
    4587,
    6076
  ],
  "Throughputs": [
    0.49908501081350853,
    0.7770870337477799,
    0.7500625052087674,
    0.7333822254816987,
    0.6668889629876625
  ],
  "AverageDelays": [
    5435.333333333333,
    4932.571428571428,
    4900.555555555556,
    4952.818181818182,
    5046.416666666667
  ]
}