{
  "transactionTimestamps": [
    1706080113649,
    1706080113649,
    1706080113650,
    1706080114895,
    1706080115158,
    1706080115251,
    1706080116446,
    1706080116463,
    1706080116833,
    1706080117703,
    1706080117765,
    1706080118821,
    1706080119257,
    1706080118119,
    1706080120365,
    1706080120768,
    1706080121515,
    1706080122449,
    1706080121385,
    1706080122979
  ],
  "blockTimestamps": [
    1706080117753,
    1706080120754,
    1706080123754,
    1706080126771
  ],
  "blockTimes": [
    1706080117,
    1706080120,
    1706080123,
    1706080126
  ],
  "blockTransactions": [
    3,
    6,
    6,
    5
  ],
  "Delays": [
    4104,
    4104,
    4103,
    5859,
    5596,
    5503,
    4308,
    4291,
    3921,
    6051,
    5989,
    4933,
    4497,
    5635,
    3389,
    6003,
    5256,
    4322,
    5386,
    3792
  ],
  "Throughputs": [
    0.7309941520467836,
    1.266713581984518,
    1.4844136566056407,
    1.5241579027587258
  ],
  "AverageDelays": [
    4103.666666666667,
    4643.222222222223,
    4818.866666666667,
    4852.1
  ]
}