{
  "transactionTimestamps": [
    1706080428816,
    1706080428816,
    1706080430290,
    1706080430352,
    1706080431725,
    1706080431928,
    1706080433094,
    1706080433313,
    1706080434545,
    1706080434806,
    1706080436019,
    1706080436346
  ],
  "blockTimestamps": [
    1706080432746,
    1706080435737,
    1706080438750,
    1706080441767
  ],
  "blockTimes": [
    1706080432,
    1706080435,
    1706080438,
    1706080441
  ],
  "blockTransactions": [
    2,
    4,
    4,
    2
  ],
  "Delays": [
    3930,
    3930,
    5447,
    5385,
    4012,
    3809,
    5656,
    5437,
    4205,
    3944,
    5748,
    5421
  ],
  "Throughputs": [
    0.5089058524173028,
    0.8669267446900737,
    1.00664384940608,
    0.9265693768820941
  ],
  "AverageDelays": [
    3930,
    4418.833333333333,
    4575.5,
    4743.666666666667
  ]
}