{
  "transactionTimestamps": [
    1706080024495,
    1706080024543,
    1706080024578,
    1706080025930,
    1706080026101,
    1706080027484,
    1706080027549,
    1706080026054,
    1706080028652,
    1706080029068,
    1706080029785,
    1706080030614,
    1706080030847,
    1706080029384,
    1706080031846,
    1706080031157,
    1706080032435,
    1706080033215
  ],
  "blockTimestamps": [
    1706080030743,
    1706080033744,
    1706080036737
  ],
  "blockTimes": [
    1706080030,
    1706080033,
    1706080036
  ],
  "blockTransactions": [
    6,
    5,
    7
  ],
  "Delays": [
    6248,
    6200,
    6165,
    4813,
    4642,
    3259,
    6195,
    7690,
    5092,
    4676,
    3959,
    6123,
    5890,
    7353,
    4891,
    5580,
    4302,
    3522
  ],
  "Throughputs": [
    0.9603072983354674,
    1.1893177640826034,
    1.470347982355824
  ],
  "AverageDelays": [
    5221.166666666667,
    5358.090909090909,
    5366.666666666667
  ]
}