{
  "transactionTimestamps": [
    1706080242592,
    1706080246369,
    1706080245155,
    1706080247820,
    1706080248727,
    1706080248729,
    1706080249427,
    1706080250359,
    1706080250048,
    1706080251561,
    1706080250778,
    1706080253143,
    1706080253827,
    1706080252432,
    1706080254433,
    1706080254993,
    1706080253956,
    1706080255909,
    1706080256129,
    1706080255009,
    1706080257517
  ],
  "blockTimestamps": [
    1706080249742,
    1706080252741,
    1706080255739,
    1706080258739,
    1706080261736
  ],
  "blockTimes": [
    1706080249,
    1706080252,
    1706080255,
    1706080258,
    1706080261
  ],
  "blockTransactions": [
    3,
    4,
    3,
    6,
    5
  ],
  "Delays": [
    7150,
    3373,
    4587,
    4921,
    4014,
    4012,
    3314,
    5380,
    5691,
    4178,
    7961,
    5596,
    4912,
    6307,
    4306,
    3746,
    7780,
    5827,
    5607,
    6727,
    4219
  ],
  "Throughputs": [
    0.4195804195804196,
    0.689723125431077,
    0.7606298014756218,
    0.9908961416981483,
    1.096949435854576
  ],
  "AverageDelays": [
    5036.666666666667,
    4481.571428571428,
    4662,
    4965.5,
    5219.428571428572
  ]
}