{
  "transactionTimestamps": [
    1706080048760,
    1706080049213,
    1706080050409,
    1706080051955,
    1706080053370,
    1706080053619,
    1706080053619,
    1706080054827,
    1706080054842,
    1706080054936,
    1706080056069,
    1706080056315,
    1706080056378,
    1706080057469,
    1706080057687,
    1706080057873,
    1706080058879,
    1706080058945,
    1706080059085,
    1706080060085,
    1706080060190,
    1706080060592,
    1706080062145,
    1706080063430
  ],
  "blockTimestamps": [
    1706080054750,
    1706080057737,
    1706080060741,
    1706080063743,
    1706080066740
  ],
  "blockTimes": [
    1706080054,
    1706080057,
    1706080060,
    1706080063,
    1706080066
  ],
  "blockTransactions": [
    3,
    4,
    7,
    7,
    3
  ],
  "Delays": [
    5990,
    5537,
    4341,
    5782,
    4367,
    4118,
    4118,
    5914,
    5899,
    5805,
    4672,
    4426,
    4363,
    3272,
    6056,
    5870,
    4864,
    4798,
    4658,
    3658,
    3553,
    6148,
    4595,
    3310
  ],
  "Throughputs": [
    0.5008347245409015,
    0.7797705246741673,
    1.1685168182956347,
    1.4015884669291863,
    1.3348164627363737
  ],
  "AverageDelays": [
    5289.333333333333,
    4893.285714285715,
    4900.285714285715,
    4860.047619047619,
    4838.083333333333
  ]
}