{
  "transactionTimestamps": [
    1706080259713,
    1706080258328,
    1706080261224,
    1706080263730,
    1706080263730,
    1706080264943,
    1706080263920,
    1706080265358,
    1706080266492,
    1706080266710,
    1706080267875,
    1706080268015,
    1706080271701,
    1706080270520,
    1706080272074,
    1706080270736,
    1706080272884,
    1706080273304
  ],
  "blockTimestamps": [
    1706080264740,
    1706080267746,
    1706080270782,
    1706080273750,
    1706080276736
  ],
  "blockTimes": [
    1706080264,
    1706080267,
    1706080270,
    1706080273,
    1706080276
  ],
  "blockTransactions": [
    2,
    3,
    5,
    2,
    6
  ],
  "Delays": [
    5027,
    6412,
    6522,
    4016,
    4016,
    5839,
    6862,
    5424,
    4290,
    4072,
    5875,
    5735,
    5035,
    6216,
    4662,
    6000,
    3852,
    3432
  ],
  "Throughputs": [
    0.3978516013526954,
    0.6224324660774306,
    0.9034239768723461,
    0.8548835221201111,
    1.05739293896493
  ],
  "AverageDelays": [
    5719.5,
    5198.6,
    5248,
    5340.833333333333,
    5182.611111111111
  ]
}