{
  "transactionTimestamps": [
    1706080333736,
    1706080334921,
    1706080336320,
    1706080337857,
    1706080338765,
    1706080339122,
    1706080340259,
    1706080341427,
    1706080342576,
    1706080344021,
    1706080346575,
    1706080347941
  ],
  "blockTimestamps": [
    1706080339743,
    1706080342747,
    1706080345741,
    1706080348740,
    1706080351747
  ],
  "blockTimes": [
    1706080339,
    1706080342,
    1706080345,
    1706080348,
    1706080351
  ],
  "blockTransactions": [
    3,
    3,
    3,
    1,
    2
  ],
  "Delays": [
    6007,
    4822,
    3423,
    4890,
    3982,
    3625,
    5482,
    4314,
    3165,
    4719,
    5172,
    3806
  ],
  "Throughputs": [
    0.499417346429166,
    0.6658528465209189,
    0.7496876301541024,
    0.6664889362836577,
    0.6662595080783965
  ],
  "AverageDelays": [
    4750.666666666667,
    4458.166666666667,
    4412.222222222223,
    4442.9,
    4450.583333333333
  ]
}