{
  "transactionTimestamps": [
    1706080308753,
    1706080308753,
    1706080310154,
    1706080310185,
    1706080311566,
    1706080311752,
    1706080312718,
    1706080313233,
    1706080314154,
    1706080314774,
    1706080315474,
    1706080316280
  ],
  "blockTimestamps": [
    1706080312741,
    1706080315737,
    1706080318741,
    1706080321738
  ],
  "blockTimes": [
    1706080312,
    1706080315,
    1706080318,
    1706080321
  ],
  "blockTransactions": [
    2,
    4,
    5,
    1
  ],
  "Delays": [
    3988,
    3988,
    5583,
    5552,
    4171,
    3985,
    6023,
    5508,
    4587,
    3967,
    3267,
    5458
  ],
  "Throughputs": [
    0.5015045135406219,
    0.859106529209622,
    1.1013215859030838,
    0.9241432422025414
  ],
  "AverageDelays": [
    3988,
    4544.5,
    4601.727272727273,
    4673.083333333333
  ]
}