{
  "transactionTimestamps": [
    1706080443819,
    1706080443819,
    1706080445000,
    1706080445264,
    1706080446295,
    1706080446515,
    1706080447636,
    1706080447838,
    1706080449068,
    1706080449068,
    1706080450451,
    1706080450451
  ],
  "blockTimestamps": [
    1706080447742,
    1706080450739,
    1706080453763
  ],
  "blockTimes": [
    1706080447,
    1706080450,
    1706080453
  ],
  "blockTransactions": [
    2,
    4,
    6
  ],
  "Delays": [
    3923,
    3923,
    5739,
    5475,
    4444,
    4224,
    6127,
    5925,
    4695,
    4695,
    3312,
    3312
  ],
  "Throughputs": [
    0.5098139179199592,
    0.8670520231213873,
    1.2067578439259854
  ],
  "AverageDelays": [
    3923,
    4621.333333333333,
    4649.5
  ]
}