{
  "transactionTimestamps": [
    1706080168853,
    1706080167428,
    1706080169359,
    1706080167847,
    1706080170898,
    1706080170013,
    1706080172437,
    1706080173728,
    1706080173682,
    1706080173682,
    1706080175049,
    1706080173311,
    1706080175095,
    1706080176480,
    1706080177586,
    1706080176621,
    1706080178815,
    1706080179998,
    1706080180696,
    1706080179236,
    1706080181887,
    1706080183043
  ],
  "blockTimestamps": [
    1706080174734,
    1706080177747,
    1706080180745,
    1706080183741,
    1706080186734
  ],
  "blockTimes": [
    1706080174,
    1706080177,
    1706080180,
    1706080183,
    1706080186
  ],
  "blockTransactions": [
    5,
    5,
    5,
    3,
    4
  ],
  "Delays": [
    5881,
    7306,
    5375,
    6887,
    3836,
    7734,
    5310,
    4019,
    4065,
    4065,
    5696,
    7434,
    5650,
    4265,
    3159,
    7120,
    4926,
    3743,
    6038,
    7498,
    4847,
    3691
  ],
  "Throughputs": [
    0.8501955449753443,
    1.124353496739375,
    1.2613521695257317,
    1.2090274046211715,
    1.2303562440579385
  ],
  "AverageDelays": [
    5857,
    5447.8,
    5378.8,
    5359.5,
    5388.409090909091
  ]
}