{
  "transactionTimestamps": [
    1706080574927,
    1706080573758,
    1706080576405,
    1706080577854,
    1706080578910,
    1706080579019,
    1706080580060,
    1706080580184,
    1706080581460,
    1706080581649,
    1706080582849,
    1706080584125,
    1706080585242,
    1706080586706,
    1706080588233
  ],
  "blockTimestamps": [
    1706080579744,
    1706080582746,
    1706080585742,
    1706080588736,
    1706080591776
  ],
  "blockTimes": [
    1706080579,
    1706080582,
    1706080585,
    1706080588,
    1706080591
  ],
  "blockTransactions": [
    3,
    3,
    4,
    3,
    2
  ],
  "Delays": [
    4817,
    5986,
    3339,
    4892,
    3836,
    3727,
    5682,
    5558,
    4282,
    4093,
    5887,
    4611,
    3494,
    5070,
    3543
  ],
  "Throughputs": [
    0.6227942702927133,
    0.7673615551860852,
    0.9246417013407305,
    0.9414150191903832,
    0.8902605495875126
  ],
  "AverageDelays": [
    4714,
    4432.833333333333,
    4621.2,
    4631.076923076923,
    4587.8
  ]
}