{
  "transactionTimestamps": [
    1706080199649,
    1706080200757,
    1706080199542,
    1706080201949,
    1706080201022,
    1706080203307,
    1706080203698,
    1706080204428,
    1706080204926,
    1706080203699,
    1706080204244,
    1706080205579,
    1706080206281,
    1706080205595,
    1706080207401,
    1706080207557,
    1706080206251,
    1706080208996,
    1706080209041,
    1706080208424,
    1706080210175,
    1706080210378,
    1706080209772,
    1706080211633,
    1706080212879
  ],
  "blockTimestamps": [
    1706080204750,
    1706080207744,
    1706080210742,
    1706080213742,
    1706080216734
  ],
  "blockTimes": [
    1706080204,
    1706080207,
    1706080210,
    1706080213,
    1706080216
  ],
  "blockTransactions": [
    3,
    5,
    8,
    6,
    3
  ],
  "Delays": [
    5101,
    3993,
    5208,
    5795,
    6722,
    4437,
    4046,
    3316,
    5816,
    7043,
    6498,
    5163,
    4461,
    5147,
    3341,
    3185,
    7491,
    4746,
    4701,
    5318,
    3567,
    3364,
    6962,
    5101,
    3855
  ],
  "Throughputs": [
    0.588119976475201,
    0.9882643607164916,
    1.4423510321824573,
    1.561058681614986,
    1.4632718759145449
  ],
  "AverageDelays": [
    4767.333333333333,
    4827.25,
    4954.5,
    4929.954545454545,
    4975.08
  ]
}