{
  "transactionTimestamps": [
    1706080323761,
    1706080325054,
    1706080326625,
    1706080328046,
    1706080329530,
    1706080330762,
    1706080332194
  ],
  "blockTimestamps": [
    1706080327744,
    1706080330734,
    1706080333739,
    1706080336732
  ],
  "blockTimes": [
    1706080327,
    1706080330,
    1706080333,
    1706080336
  ],
  "blockTransactions": [
    1,
    2,
    2,
    2
  ],
  "Delays": [
    3983,
    5680,
    4109,
    5693,
    4209,
    5970,
    4538
  ],
  "Throughputs": [
    0.25106703489831783,
    0.4302308905779435,
    0.5011024253357387,
    0.5396654074473827
  ],
  "AverageDelays": [
    3983,
    4590.666666666667,
    4734.8,
    4883.142857142857
  ]
}