{
  "transactionTimestamps": [
    1706080233721,
    1706080235074,
    1706080239711,
    1706080238326,
    1706080241116
  ],
  "blockTimestamps": [
    1706080237733,
    1706080240738,
    1706080243745,
    1706080246733
  ],
  "blockTimes": [
    1706080237,
    1706080240,
    1706080243,
    1706080246
  ],
  "blockTransactions": [
    1,
    1,
    2,
    1
  ],
  "Delays": [
    4012,
    5664,
    4034,
    5419,
    5617
  ],
  "Throughputs": [
    0.24925224327018947,
    0.2850220892119139,
    0.3990422984836393,
    0.38426068244697204
  ],
  "AverageDelays": [
    4012,
    4838,
    4782.25,
    4949.2
  ]
}