{
  "transactionTimestamps": [
    1706080138682,
    1706080137381,
    1706080140001,
    1706080141579,
    1706080143055,
    1706080143665,
    1706080143667,
    1706080143666,
    1706080144187,
    1706080144981,
    1706080145246,
    1706080145420,
    1706080143666,
    1706080146473,
    1706080145199,
    1706080146677,
    1706080146833,
    1706080147628,
    1706080148205,
    1706080148267,
    1706080148842,
    1706080147053,
    1706080149108,
    1706080149670,
    1706080148099,
    1706080148159,
    1706080150510,
    1706080149546,
    1706080151196,
    1706080151786,
    1706080150433,
    1706080152579,
    1706080151756,
    1706080153065,
    1706080153326
  ],
  "blockTimestamps": [
    1706080144747,
    1706080147773,
    1706080150765,
    1706080153750,
    1706080156754
  ],
  "blockTimes": [
    1706080144,
    1706080147,
    1706080150,
    1706080153,
    1706080156
  ],
  "blockTransactions": [
    3,
    6,
    8,
    10,
    8
  ],
  "Delays": [
    6065,
    7366,
    4746,
    6194,
    4718,
    4108,
    4106,
    4107,
    3586,
    5784,
    5519,
    5345,
    7099,
    4292,
    5566,
    4088,
    3932,
    6122,
    5545,
    5483,
    4908,
    6697,
    4642,
    4080,
    5651,
    5591,
    3240,
    7208,
    5558,
    4968,
    6321,
    4175,
    4998,
    3689,
    3428
  ],
  "Throughputs": [
    0.49464138499587795,
    0.9899901000989991,
    1.406935363734172,
    1.7918768250597292,
    1.936697653829128
  ],
  "AverageDelays": [
    6059,
    4999.555555555556,
    5095.35294117647,
    5132.592592592592,
    5112.142857142857
  ]
}