{
  "transactionTimestamps": [
    1706080533871,
    1706080533871,
    1706080535063,
    1706080535188,
    1706080536179,
    1706080536722,
    1706080537343,
    1706080538045,
    1706080538527,
    1706080539190,
    1706080539950,
    1706080540713
  ],
  "blockTimestamps": [
    1706080537737,
    1706080540743,
    1706080543738,
    1706080546747
  ],
  "blockTimes": [
    1706080537,
    1706080540,
    1706080543,
    1706080546
  ],
  "blockTransactions": [
    2,
    5,
    4,
    1
  ],
  "Delays": [
    3866,
    3866,
    5680,
    5555,
    4564,
    4021,
    3400,
    5693,
    5211,
    4548,
    3788,
    6034
  ],
  "Throughputs": [
    0.5173305742369374,
    1.0186263096623982,
    1.1148272017837235,
    0.9319664492078286
  ],
  "AverageDelays": [
    3866,
    4421.714285714285,
    4562.909090909091,
    4685.5
  ]
}