{
  "transactionTimestamps": [
    1706080383783,
    1706080383783,
    1706080385089,
    1706080385275,
    1706080386408,
    1706080386592,
    1706080387540,
    1706080388053,
    1706080388659,
    1706080389421,
    1706080389793,
    1706080390555
  ],
  "blockTimestamps": [
    1706080387737,
    1706080390741,
    1706080393741
  ],
  "blockTimes": [
    1706080387,
    1706080390,
    1706080393
  ],
  "blockTransactions": [
    2,
    5,
    5
  ],
  "Delays": [
    3954,
    3954,
    5652,
    5466,
    4333,
    4149,
    3201,
    5688,
    5082,
    4320,
    3948,
    3186
  ],
  "Throughputs": [
    0.5058168942842691,
    1.0060362173038229,
    1.2050612572805783
  ],
  "AverageDelays": [
    3954,
    4387,
    4411.083333333333
  ]
}