{
  "transactionTimestamps": [
    1706080293746,
    1706080293747,
    1706080294973,
    1706080295335,
    1706080296596,
    1706080296657,
    1706080297766,
    1706080298220,
    1706080299027,
    1706080299514,
    1706080300316,
    1706080301001
  ],
  "blockTimestamps": [
    1706080297734,
    1706080300739,
    1706080303746,
    1706080306770
  ],
  "blockTimes": [
    1706080297,
    1706080300,
    1706080303,
    1706080306
  ],
  "blockTransactions": [
    2,
    4,
    5,
    1
  ],
  "Delays": [
    3988,
    3987,
    5766,
    5404,
    4143,
    4082,
    5980,
    5526,
    4719,
    4232,
    3430,
    5769
  ],
  "Throughputs": [
    0.5015045135406219,
    0.858000858000858,
    1.1,
    0.9213759213759214
  ],
  "AverageDelays": [
    3987.5,
    4561.666666666667,
    4659.727272727273,
    4752.166666666667
  ]
}