{
  "transactionTimestamps": [
    1706080079118,
    1706080083629,
    1706080083632,
    1706080085027,
    1706080085090,
    1706080086320,
    1706080086320,
    1706080087845,
    1706080088994,
    1706080089906,
    1706080090108,
    1706080088812,
    1706080091324,
    1706080092520
  ],
  "blockTimestamps": [
    1706080085333,
    1706080087737,
    1706080090739,
    1706080093734,
    1706080096747
  ],
  "blockTimes": [
    1706080084,
    1706080087,
    1706080090,
    1706080093,
    1706080096
  ],
  "blockTransactions": [
    1,
    2,
    4,
    4,
    3
  ],
  "Delays": [
    6215,
    4108,
    4105,
    5712,
    5649,
    4419,
    4419,
    5889,
    4740,
    3828,
    3626,
    7935,
    5423,
    4227
  ],
  "Throughputs": [
    0.16090104585679807,
    0.3480682213713888,
    0.6023578005335168,
    0.752599890530925,
    0.7941460094163026
  ],
  "AverageDelays": [
    6215,
    4809.333333333333,
    4946.714285714285,
    4791.818181818182,
    5021.071428571428
  ]
}