{
  "transactionTimestamps": [
    1706080488854,
    1706080488854,
    1706080490317,
    1706080490473,
    1706080491816,
    1706080492958,
    1706080492005,
    1706080494435,
    1706080494560,
    1706080495689,
    1706080495825,
    1706080497101,
    1706080498366
  ],
  "blockTimestamps": [
    1706080492737,
    1706080495737,
    1706080498739,
    1706080501749
  ],
  "blockTimes": [
    1706080492,
    1706080495,
    1706080498,
    1706080501
  ],
  "blockTransactions": [
    2,
    3,
    3,
    5
  ],
  "Delays": [
    3883,
    3883,
    5420,
    5264,
    3921,
    5781,
    6734,
    4304,
    7189,
    6060,
    5924,
    4648,
    3383
  ],
  "Throughputs": [
    0.5150656708730363,
    0.7264274298997531,
    0.8093070308548306,
    1.0081426909654905
  ],
  "AverageDelays": [
    3883,
    4474.2,
    4898.75,
    5107.2307692307695
  ]
}