{
  "transactionTimestamps": [
    1706080033993,
    1706080034426,
    1706080034804,
    1706080035234,
    1706080033636,
    1706080036000,
    1706080035984,
    1706080037317,
    1706080037411,
    1706080038609,
    1706080038609,
    1706080038655,
    1706080038763,
    1706080039802,
    1706080040038,
    1706080040054,
    1706080040218,
    1706080041264,
    1706080041405,
    1706080041435,
    1706080042616,
    1706080042925,
    1706080044126,
    1706080044188,
    1706080042709,
    1706080045337,
    1706080045567,
    1706080046673,
    1706080047376,
    1706080045959,
    1706080047781
  ],
  "blockTimestamps": [
    1706080039751,
    1706080042741,
    1706080045740,
    1706080048739,
    1706080051735
  ],
  "blockTimes": [
    1706080039,
    1706080042,
    1706080045,
    1706080048,
    1706080051
  ],
  "blockTransactions": [
    7,
    6,
    7,
    7,
    4
  ],
  "Delays": [
    5758,
    5325,
    4947,
    4517,
    6115,
    3751,
    3767,
    5424,
    5330,
    4132,
    4132,
    4086,
    3978,
    5938,
    5702,
    5686,
    5522,
    4476,
    4335,
    4305,
    6123,
    5814,
    4613,
    4551,
    6030,
    3402,
    3172,
    5062,
    4359,
    5776,
    3954
  ],
  "Throughputs": [
    1.2156998957971519,
    1.4860539551897578,
    1.7025623563463013,
    1.8310050183100501,
    1.7472663735768232
  ],
  "AverageDelays": [
    4882.857142857143,
    4712.461538461538,
    4861.3,
    4849.2962962962965,
    4841.354838709677
  ]
}