{
  "transactionTimestamps": [
    1706080513843,
    1706080518862,
    1706080518862,
    1706080520326,
    1706080520045,
    1706080521913,
    1706080523424,
    1706080523908,
    1706080522752,
    1706080524842,
    1706080525072,
    1706080526184,
    1706080526200,
    1706080527335
  ],
  "blockTimestamps": [
    1706080519739,
    1706080522743,
    1706080525747,
    1706080528733,
    1706080531733
  ],
  "blockTimes": [
    1706080519,
    1706080522,
    1706080525,
    1706080528,
    1706080531
  ],
  "blockTransactions": [
    1,
    2,
    3,
    5,
    3
  ],
  "Delays": [
    5896,
    3881,
    3881,
    5421,
    5702,
    3834,
    5309,
    4825,
    5981,
    3891,
    3661,
    5549,
    5533,
    4398
  ],
  "Throughputs": [
    0.16960651289009498,
    0.33707865168539325,
    0.5040322580645161,
    0.7387508394895903,
    0.7825600894354388
  ],
  "AverageDelays": [
    5896,
    4552.666666666667,
    4769.166666666667,
    4752.909090909091,
    4840.142857142857
  ]
}