{
  "transactionTimestamps": [
    1706080278743,
    1706080278743,
    1706080280386,
    1706080281581,
    1706080282507,
    1706080282742,
    1706080281496,
    1706080284081,
    1706080284255,
    1706080285340,
    1706080285449,
    1706080286486,
    1706080288089
  ],
  "blockTimestamps": [
    1706080282737,
    1706080285745,
    1706080288745,
    1706080291745
  ],
  "blockTimes": [
    1706080282,
    1706080285,
    1706080288,
    1706080291
  ],
  "blockTransactions": [
    1,
    4,
    6,
    2
  ],
  "Delays": [
    3994,
    7002,
    5359,
    4164,
    3238,
    6003,
    7249,
    4664,
    4490,
    3405,
    3296,
    5259,
    3656
  ],
  "Throughputs": [
    0.25037556334501754,
    0.7140816909454442,
    1.0997800439912018,
    0.9998461775111521
  ],
  "AverageDelays": [
    3994,
    4751.4,
    4805.818181818182,
    4752.2307692307695
  ]
}