{
  "transactionTimestamps": [
    1706080153796,
    1706080153840,
    1706080152675,
    1706080154640,
    1706080154640,
    1706080154683,
    1706080153500,
    1706080154998,
    1706080155106,
    1706080155927,
    1706080156332,
    1706080156347,
    1706080157277,
    1706080157464,
    1706080156113,
    1706080156176,
    1706080158674,
    1706080158673,
    1706080158783,
    1706080158891,
    1706080157741,
    1706080160026,
    1706080160010,
    1706080160133,
    1706080158739,
    1706080160751,
    1706080159299,
    1706080161282,
    1706080160228,
    1706080161405,
    1706080161498,
    1706080161947,
    1706080160816,
    1706080162537,
    1706080162808,
    1706080162815,
    1706080163697,
    1706080162646,
    1706080163932,
    1706080164134,
    1706080165111,
    1706080165531,
    1706080164118,
    1706080166601,
    1706080165097,
    1706080166974,
    1706080168015
  ],
  "blockTimestamps": [
    1706080159750,
    1706080162747,
    1706080165746,
    1706080168738,
    1706080171755
  ],
  "blockTimes": [
    1706080159,
    1706080162,
    1706080165,
    1706080168,
    1706080171
  ],
  "blockTransactions": [
    12,
    8,
    14,
    8,
    5
  ],
  "Delays": [
    5954,
    5910,
    7075,
    5110,
    5110,
    5067,
    6250,
    4752,
    4644,
    3823,
    3418,
    3403,
    5470,
    5283,
    6634,
    6571,
    4073,
    4074,
    3964,
    3856,
    8005,
    5720,
    5736,
    5613,
    7007,
    4995,
    6447,
    4464,
    5518,
    4341,
    4248,
    3799,
    4930,
    3209,
    5930,
    5923,
    5041,
    6092,
    4806,
    4604,
    3627,
    3207,
    7637,
    5154,
    6658,
    4781,
    3740
  ],
  "Throughputs": [
    2.015451797111186,
    2.2343872193051055,
    2.8451882845188288,
    2.8108686922768036,
    2.617072220056796
  ],
  "AverageDelays": [
    5043,
    5022.05,
    5131.558823529412,
    5088.166666666667,
    5141.978723404255
  ]
}