{
  "transactionTimestamps": [
    1706080361956,
    1706080365116,
    1706080364064,
    1706080366360,
    1706080364824,
    1706080366112,
    1706080367491,
    1706080368782,
    1706080368781,
    1706080368831,
    1706080370024,
    1706080370130,
    1706080370237,
    1706080368968,
    1706080371325,
    1706080370008,
    1706080371803,
    1706080372459,
    1706080373391,
    1706080373887,
    1706080372664,
    1706080374507,
    1706080375006,
    1706080373903,
    1706080375923,
    1706080376201
  ],
  "blockTimestamps": [
    1706080369741,
    1706080372745,
    1706080375744,
    1706080378735,
    1706080381748
  ],
  "blockTimes": [
    1706080369,
    1706080372,
    1706080375,
    1706080378,
    1706080381
  ],
  "blockTransactions": [
    5,
    5,
    8,
    6,
    2
  ],
  "Delays": [
    7785,
    4625,
    5677,
    3381,
    4917,
    6633,
    5254,
    3963,
    3964,
    3914,
    5720,
    5614,
    5507,
    6776,
    4419,
    5736,
    3941,
    3285,
    5344,
    4848,
    6071,
    4228,
    3729,
    4832,
    5825,
    5547
  ],
  "Throughputs": [
    0.6422607578676943,
    0.9268699601445918,
    1.3054830287206267,
    1.4303593777936707,
    1.3136620856911883
  ],
  "AverageDelays": [
    5277,
    5011.3,
    5061.722222222223,
    5006.791666666667,
    5059.038461538462
  ]
}