{
  "transactionTimestamps": [
    1706080503862,
    1706080503862,
    1706080505322,
    1706080505370,
    1706080506641,
    1706080506941,
    1706080508146,
    1706080508535,
    1706080509477,
    1706080509711,
    1706080510871,
    1706080510947
  ],
  "blockTimestamps": [
    1706080507745,
    1706080510735,
    1706080513741,
    1706080516742
  ],
  "blockTimes": [
    1706080507,
    1706080510,
    1706080513,
    1706080516
  ],
  "blockTransactions": [
    2,
    4,
    4,
    2
  ],
  "Delays": [
    3883,
    3883,
    5413,
    5365,
    4094,
    3794,
    5595,
    5206,
    4264,
    4030,
    5871,
    5795
  ],
  "Throughputs": [
    0.5150656708730363,
    0.8729812309035355,
    1.0122482032594393,
    0.9316770186335404
  ],
  "AverageDelays": [
    3883,
    4405.333333333333,
    4552.7,
    4766.083333333333
  ]
}