{
  "transactionTimestamps": [
    1706080064818,
    1706080066184,
    1706080068619,
    1706080068619,
    1706080070173,
    1706080071279,
    1706080072539,
    1706080070127,
    1706080073952,
    1706080074978,
    1706080073585,
    1706080075242,
    1706080076282,
    1706080077781
  ],
  "blockTimestamps": [
    1706080069746,
    1706080072740,
    1706080075741,
    1706080078741,
    1706080081735
  ],
  "blockTimes": [
    1706080069,
    1706080072,
    1706080075,
    1706080078,
    1706080081
  ],
  "blockTransactions": [
    2,
    2,
    4,
    4,
    2
  ],
  "Delays": [
    4928,
    3562,
    4121,
    4121,
    5568,
    4462,
    3202,
    5614,
    4789,
    3763,
    5156,
    3499,
    5453,
    3954
  ],
  "Throughputs": [
    0.40584415584415584,
    0.5049229992426155,
    0.7323995239403094,
    0.8618832148243913,
    0.8275699001004906
  ],
  "AverageDelays": [
    4245,
    4183,
    4447.25,
    4398.75,
    4442.285714285715
  ]
}