{
  "transactionTimestamps": [
    1706080212288,
    1706080214294,
    1706080215584,
    1706080216840,
    1706080218005,
    1706080218705,
    1706080218705,
    1706080219262,
    1706080220146,
    1706080220255,
    1706080220396,
    1706080221249,
    1706080221374,
    1706080222850,
    1706080222913,
    1706080224182,
    1706080224323,
    1706080225305,
    1706080225817
  ],
  "blockTimestamps": [
    1706080219744,
    1706080222738,
    1706080225747,
    1706080228749,
    1706080231738
  ],
  "blockTimes": [
    1706080219,
    1706080222,
    1706080225,
    1706080228,
    1706080231
  ],
  "blockTransactions": [
    3,
    5,
    5,
    5,
    1
  ],
  "Delays": [
    7456,
    5450,
    4160,
    5898,
    4733,
    4033,
    4033,
    3476,
    5601,
    5492,
    5351,
    4498,
    4373,
    5899,
    5836,
    4567,
    4426,
    3444,
    5921
  ],
  "Throughputs": [
    0.4023605150214592,
    0.7655502392344498,
    0.9658964261832231,
    1.0934937124111537,
    0.9768637532133676
  ],
  "AverageDelays": [
    5688.666666666667,
    4904.875,
    4965.692307692308,
    4929.222222222223,
    4981.421052631579
  ]
}