{"a": 0.3, "b": 0.7, "communities0": [[0, 41], [1, 67], [2, 3, 5, 6, 8, 9, 14, 18, 20, 28, 31, 32, 35, 37, 38, 39, 42, 44, 45, 46, 49, 50, 51, 54, 55, 59, 60, 61, 64], [4, 36, 53, 21, 57, 62], [12, 7], [10], [11], [58, 13], [15], [16, 24, 52], [48, 17], [19], [43, 22, 23], [40, 25], [65, 26], [34, 27], [29, 63], [30, 47], [33, 66], [56, 68]], "communities1": [[0, 41], [1, 67], [2, 3, 5, 6, 8, 9, 10, 11, 14, 15, 18, 19, 20, 28, 31, 32, 35, 37, 38, 39, 42, 44, 45, 46, 49, 50, 51, 54, 55, 59, 60, 61, 64], [4, 36, 21, 53, 57, 62], [12, 7], [58, 13], [16, 24, 52], [48, 17], [43, 22, 23], [40, 25], [65, 26], [34, 27], [29, 63], [30, 47], [33, 66], [56, 68]], "communities2": [[0, 41], [1, 67], [2, 3, 5, 6, 8, 9, 10, 11, 14, 15, 18, 19, 20, 28, 31, 32, 35, 37, 38, 39, 42, 44, 45, 46, 49, 50, 51, 54, 55, 59, 60, 61, 64], [57, 4, 36], [12, 7], [58, 13], [16, 24, 52], [48, 17], [53, 21, 62], [43, 22, 23], [40, 25], [65, 26], [34, 27], [29, 63], [30, 47], [33, 66], [56, 68]], "communities3": [[2, 39, 8, 47, 26], [65, 36, 7, 61, 31], [3, 41, 43, 15, 25], [14, 51, 56, 59, 60], [32, 9, 10, 20, 55], [18, 68, 53, 22], [19, 12, 5, 63], [48, 34, 21, 37], [16, 58, 67, 52], [64, 40, 28, 45], [27, 6, 62, 23], [57, 50, 35, 13], [46, 66, 44, 30], [38, 49, 11, 1], [24, 4, 29, 54], [0, 33, 42, 17]], "q0": 0.46825141455025115, "f0": 0.5866526399288993, "q1": 0.47326796389439285, "f1": 0.5690321519471283}