{"a": 0.3, "b": 0.7, "communities0": [[0, 98, 40, 75, 11, 48, 17, 19, 83, 55, 56, 62, 92, 94], [73, 1], [2, 53], [3, 54], [66, 4], [5, 47], [6, 8, 12, 15, 16, 20, 25, 27, 29, 30, 32, 42, 44, 45, 52, 57, 77, 86, 87, 89], [60, 7], [9, 18, 93], [10, 79], [50, 69, 13], [64, 14], [72, 21], [88, 22], [70, 23], [24, 71], [26, 39], [35, 28], [51, 31], [33, 95], [34, 90], [36, 61], [97, 37], [65, 38], [41, 76], [82, 43], [85, 46], [96, 49], [58, 78], [59, 84], [91, 68, 63], [74, 67], [80, 81]], "communities1": [[0, 8, 11, 15, 17, 19, 27, 32, 40, 48, 52, 55, 56, 62, 75, 77, 83, 87, 92, 94, 98], [73, 1], [2, 53], [3, 54], [66, 4], [5, 47], [6, 42, 12, 45, 44, 16, 20, 86, 30, 89, 29, 25, 57], [60, 7], [9, 18, 93], [10, 79], [50, 13, 69], [64, 14], [72, 21], [88, 22], [70, 23], [24, 71], [26, 39], [35, 28], [51, 31], [33, 95], [34, 90], [36, 61], [97, 37], [65, 38], [41, 76], [82, 43], [85, 46], [96, 49], [58, 78], [59, 84], [91, 68, 63], [74, 67], [80, 81]], "communities2": [[0, 98, 75, 83, 56, 94, 92, 62], [73, 1], [2, 53], [3, 54], [66, 4], [5, 47], [89, 6, 12, 44, 45, 16, 25, 30], [60, 7], [32, 8, 77, 15, 52, 87, 55, 27], [9, 18, 93], [10, 79], [40, 48, 11], [50, 69, 13], [64, 14], [17, 19], [20, 86], [72, 21], [88, 22], [70, 23], [24, 71], [26, 39], [35, 28], [57, 42, 29], [51, 31], [33, 95], [34, 90], [36, 61], [97, 37], [65, 38], [41, 76], [82, 43], [85, 46], [96, 49], [58, 78], [59, 84], [91, 68, 63], [74, 67], [80, 81]], "communities3": [[96, 19, 61], [82, 11, 37], [49, 43, 62], [73, 3, 55], [81, 5, 63], [9, 58, 27], [25, 90, 6], [0, 51, 38], [75, 44, 30], [24, 57, 87], [48, 89, 56], [88, 80, 59], [33, 67, 52], [50, 12, 34], [8, 42, 28], [26, 2, 20], [40, 70, 79], [21, 76, 53], [77, 71, 47], [83, 4, 85], [1, 36, 84], [86, 78, 95], [10, 66, 94], [32, 91, 46], [72, 45, 54], [35, 22, 23], [17, 68, 15], [65, 92, 93], [64, 69, 7], [16, 98, 74], [97, 29, 14], [39, 13, 31], [41, 18, 60]], "q0": 0.45037518052252556, "f0": 0.8484708292320355, "q1": 0.4569779353835912, "f1": 0.8372504095325116}