{"a": 0.2, "b": 0.8, "communities0": [[0, 36, 37], [8, 1, 19, 4], [2, 12], [33, 3, 35, 48, 50, 53, 54, 25, 30], [34, 45, 5], [6, 10, 17, 23, 58], [9, 59, 15, 7], [11, 46], [13, 29], [28, 14], [16, 41], [40, 18, 43, 42], [49, 20], [32, 21, 38], [22, 39], [24, 27], [26, 51, 47], [52, 31], [44, 55], [56, 57]], "q0": 0.4486429165883648, "f0": 0.8608367434276674}