{"a": 0.3, "b": 0.7, "communities0": [[0, 15], [1, 36, 37, 13, 16], [8, 25, 2], [9, 3], [4, 39, 41, 20, 31], [33, 5, 12, 19, 21], [6], [26, 7], [10, 35], [17, 11, 23], [38, 14], [18, 22], [24, 40], [27, 28], [32, 29], [34, 30]], "communities1": [[0, 15], [1, 36, 37, 13, 16], [8, 25, 2], [9, 3, 6], [4, 39, 41, 20, 31], [33, 5, 12, 19, 21], [26, 7], [10, 35], [17, 11, 23], [38, 14], [18, 22], [24, 40], [27, 28], [32, 29], [34, 30]], "communities2": [[0, 15], [1, 37], [8, 25, 2], [9, 3, 6], [4, 39, 41, 20, 31], [33, 5, 12, 19, 21], [26, 7], [10, 35], [17, 11, 23], [16, 36, 13], [38, 14], [18, 22], [24, 40], [27, 28], [32, 29], [34, 30]], "communities3": [[41, 37, 38], [25, 11, 20], [16, 32, 35], [9, 36, 22], [24, 28, 39], [17, 34, 6], [0, 27, 23], [29, 30, 7], [2, 13, 14], [40, 10, 15], [1, 26, 3], [8, 12, 31], [19, 5], [33, 4], [18, 21]], "q0": 0.4321324448146605, "f0": 0.8431297735110451, "q1": 0.43810495626822155, "f1": 0.8286646370981698}