{
  "transactionTimestamps": [
    1706170988647,
    1706170989021,
    1706170989595,
    1706170989828,
    1706170989439,
    1706170990377,
    1706170989722,
    1706170990484,
    1706170990377,
    1706170990453,
    1706170994941,
    1706170996333,
    1706170995594,
    1706170995876,
    1706170995767,
    1706170996567,
    1706170996396,
    1706170997020,
    1706170997107,
    1706170996865,
    1706170997629,
    1706171001613,
    1706171002761,
    1706171002855,
    1706171002870
  ],
  "blockTimestamps": [
    1706170996192,
    1706170999218,
    1706171002205,
    1706171005222,
    1706171008202
  ],
  "blockTimes": [
    1706170996,
    1706170999,
    1706171002,
    1706171005,
    1706171008
  ],
  "blockTransactions": [
    9,
    1,
    10,
    1,
    4
  ],
  "Delays": [
    7545,
    7171,
    6597,
    6364,
    6753,
    5815,
    6470,
    5708,
    5815,
    8765,
    7264,
    5872,
    6611,
    6329,
    6438,
    5638,
    5809,
    5185,
    5098,
    5340,
    7593,
    6589,
    5441,
    5347,
    5332
  ],
  "Throughputs": [
    1.1928429423459244,
    0.9459842966606754,
    1.475143826523086,
    1.2669683257918554,
    1.2784454103809768
  ],
  "AverageDelays": [
    6470.888888888889,
    6700.3,
    6329.35,
    6389.523809523809,
    6275.56
  ]
}