{
  "transactionTimestamps": [
    1706170964569,
    1706170967809,
    1706170968684,
    1706170968215,
    1706170969106,
    1706170968949,
    1706170969742,
    1706170970368,
    1706170970383,
    1706170970367,
    1706170970371,
    1706170970957,
    1706170973778,
    1706170974665,
    1706170975677,
    1706170975055,
    1706170976316,
    1706170975710,
    1706170976115,
    1706170976332,
    1706170977146,
    1706170976845,
    1706170976629,
    1706170976911,
    1706170977519,
    1706170977578,
    1706170980510,
    1706170982086,
    1706170982571,
    1706170982647,
    1706170982275,
    1706170983423,
    1706170983221,
    1706170982991,
    1706170983847,
    1706170983423,
    1706170984174
  ],
  "blockTimestamps": [
    1706170972186,
    1706170975225,
    1706170978194,
    1706170981201,
    1706170984237,
    1706170987203,
    1706170990221
  ],
  "blockTimes": [
    1706170972,
    1706170975,
    1706170978,
    1706170981,
    1706170984,
    1706170987,
    1706170990
  ],
  "blockTransactions": [
    1,
    8,
    3,
    8,
    6,
    2,
    9
  ],
  "Delays": [
    7617,
    7416,
    6541,
    7010,
    6119,
    6276,
    5483,
    4857,
    4842,
    7827,
    7823,
    7237,
    7423,
    6536,
    5524,
    6146,
    4885,
    5491,
    5086,
    4869,
    7091,
    7392,
    7608,
    7326,
    6718,
    6659,
    6693,
    5117,
    7650,
    7574,
    7946,
    6798,
    7000,
    7230,
    6374,
    6798,
    6047
  ],
  "Throughputs": [
    0.1312852829197847,
    0.8445945945945945,
    0.8807339449541285,
    1.2025012025012023,
    1.3219442749644092,
    1.2370769638596801,
    1.4423826602214251
  ],
  "AverageDelays": [
    7617,
    6240.111111111111,
    6587.333333333333,
    6250.4,
    6453.923076923077,
    6414.714285714285,
    6568.351351351352
  ]
}