{
  "transactionTimestamps": [
    1706171003445,
    1706171003837,
    1706171008948,
    1706171009289,
    1706171009461,
    1706171010382,
    1706171010177,
    1706171010390,
    1706171010382,
    1706171014661,
    1706171015018,
    1706171015672,
    1706171015546,
    1706171016157,
    1706171017030,
    1706171017311,
    1706171017872,
    1706171017827,
    1706171018607,
    1706171020370,
    1706171021289,
    1706171021540,
    1706171022412,
    1706171023361,
    1706171023752,
    1706171023781
  ],
  "blockTimestamps": [
    1706171011192,
    1706171014187,
    1706171017194,
    1706171020184,
    1706171023222,
    1706171026193,
    1706171029791
  ],
  "blockTimes": [
    1706171011,
    1706171014,
    1706171017,
    1706171020,
    1706171023,
    1706171026,
    1706171029
  ],
  "blockTransactions": [
    2,
    2,
    5,
    3,
    7,
    3,
    4
  ],
  "Delays": [
    7747,
    7355,
    5239,
    4898,
    7733,
    6812,
    7017,
    6804,
    6812,
    5523,
    5166,
    4512,
    7676,
    7065,
    6192,
    5911,
    5350,
    5395,
    4615,
    5823,
    4904,
    4653,
    7379,
    6430,
    6039,
    6010
  ],
  "Throughputs": [
    0.258164450755131,
    0.3723701359150996,
    0.65459306131355,
    0.7168887030288548,
    0.9607119381099256,
    0.9671179883945841,
    0.9868670765960678
  ],
  "AverageDelays": [
    7551,
    6309.75,
    6713,
    6301.5,
    6201.1578947368425,
    6054.636363636364,
    6117.692307692308
  ]
}