{
  "transactionTimestamps": [
    1706170944021,
    1706170944755,
    1706170944321,
    1706170944867,
    1706170950111,
    1706170950364,
    1706170950366,
    1706170950362,
    1706170950924,
    1706170951347,
    1706170951912,
    1706170956336,
    1706170955834,
    1706170956210,
    1706170957087,
    1706170956832,
    1706170956942,
    1706170957330,
    1706170957175,
    1706170957655,
    1706170958091,
    1706170961998,
    1706170962560,
    1706170962902,
    1706170963057,
    1706170963461,
    1706170963261,
    1706170964039,
    1706170963869
  ],
  "blockTimestamps": [
    1706170951193,
    1706170957200,
    1706170963189,
    1706170969202
  ],
  "blockTimes": [
    1706170951,
    1706170957,
    1706170963,
    1706170969
  ],
  "blockTransactions": [
    4,
    7,
    10,
    8
  ],
  "Delays": [
    7172,
    6438,
    6872,
    6326,
    7089,
    6836,
    6834,
    6838,
    6276,
    5853,
    5288,
    6853,
    7355,
    6979,
    6102,
    6357,
    6247,
    5859,
    6014,
    5534,
    5098,
    7204,
    6642,
    6300,
    6145,
    5741,
    5941,
    5163,
    5333
  ],
  "Throughputs": [
    0.5577244841048522,
    0.8346612034296987,
    1.095575959933222,
    1.15166196735634
  ],
  "AverageDelays": [
    6702,
    6529.272727272727,
    6391.428571428572,
    6299.620689655172
  ]
}