{
  "transactionTimestamps": [
    1706170931101,
    1706170931085,
    1706170937776,
    1706170937343,
    1706170938464,
    1706170938266
  ],
  "blockTimestamps": [
    1706170939212,
    1706170945219
  ],
  "blockTimes": [
    1706170939,
    1706170945
  ],
  "blockTransactions": [
    2,
    4
  ],
  "Delays": [
    8111,
    8127,
    7443,
    7876,
    6755,
    6953
  ],
  "Throughputs": [
    0.24657872025644184,
    0.42498937526561836
  ],
  "AverageDelays": [
    8119,
    7544.166666666667
  ]
}