{"a": 0.8, "b": 0.2, "communities0": [[0, 32, 35, 47, 19, 59, 31], [1, 66, 9, 10, 16], [25, 2], [3, 36, 40, 11, 63], [58, 4, 22, 52], [5, 61], [64, 43, 6], [27, 7], [8, 48], [42, 12, 60], [13, 39], [37, 53, 62, 14], [34, 15], [24, 17], [33, 18, 51, 38], [57, 20], [44, 21], [41, 45, 46, 49, 55, 23, 56, 26, 28, 30], [50, 29], [65, 54]], "q0": 0.4577304088700368, "f0": 0.8591799396209199}