{"a": 0.5, "b": 0.5, "communities0": [[0, 9, 23], [32, 1, 35, 6, 39, 8, 10, 11, 43, 45, 46, 16, 48, 52, 21, 22, 54, 31], [2, 44, 30], [3, 55], [4, 5, 38, 7, 41, 47, 49, 19, 20, 51, 28], [25, 26, 12, 37], [13, 15], [56, 14], [17, 29], [18, 36], [24, 57], [40, 27], [33, 50], [34, 42], [58, 53]], "q0": 0.38045568440067595, "f0": 0.8423317698510636}