{"a": 0.3, "b": 0.7, "communities0": [[0, 2, 20, 7], [1, 6, 10, 15, 22], [3], [11, 4], [9, 5], [8, 19], [24, 12], [13, 23], [16, 14], [17, 25], [18, 21]], "communities1": [[0, 2, 3, 7, 20], [1, 6, 10, 15, 22], [11, 4], [9, 5], [8, 19], [24, 12], [13, 23], [16, 14], [17, 25], [18, 21]], "communities2": [[0, 2, 3, 7, 20], [1, 6, 10, 15, 22], [11, 4], [9, 5], [8, 19], [24, 12], [13, 23], [16, 14], [17, 25], [18, 21]], "communities3": [[13, 20, 5], [25, 10, 7], [24, 2, 15], [9, 6, 23], [18, 4, 12], [17, 19, 14], [16, 3], [0, 11], [1, 21], [8, 22]], "q0": 0.4427365988585834, "f0": 0.6852179251616493, "q1": 0.4557788592836386, "f1": 0.6668211446074039}