{"a": 0.3, "b": 0.7, "communities0": [[0, 16, 11, 7], [1, 6, 9, 13, 14], [2, 12], [10, 3], [4, 15], [5], [8, 17]], "communities1": [[0, 5, 7, 11, 16], [1, 6, 9, 13, 14], [2, 12], [10, 3], [4, 15], [8, 17]], "communities2": [[0, 5, 7, 11, 16], [1, 6, 9, 13, 14], [2, 12], [10, 3], [4, 15], [8, 17]], "communities3": [[9, 11, 13], [3, 14, 7], [1, 12, 15], [16, 8, 5], [17, 10, 2], [0, 4, 6]], "q0": 0.40079365079365076, "f0": 0.7220101804040929, "q1": 0.41950113378684806, "f1": 0.7031998151040322}