{
  "transactionTimestamps": [
    1706096977696,
    1706096977739,
    1706096979364,
    1706096980999,
    1706096981668,
    1706096982370,
    1706096980537,
    1706096982821,
    1706096983928,
    1706096984457
  ],
  "blockTimestamps": [
    1706096983755,
    1706096986755,
    1706096990355
  ],
  "blockTimes": [
    1706096983,
    1706096986,
    1706096989
  ],
  "blockTransactions": [
    3,
    5,
    2
  ],
  "Delays": [
    6059,
    6016,
    4391,
    5756,
    5087,
    4385,
    6218,
    3934,
    6427,
    5898
  ],
  "Throughputs": [
    0.4951312097705892,
    0.8830996798763661,
    0.7899518129394106
  ],
  "AverageDelays": [
    5488.666666666667,
    5230.75,
    5417.1
  ]
}