{
  "transactionTimestamps": [
    1706097091810,
    1706097093166,
    1706097093041,
    1706097094366,
    1706097095533,
    1706097096813,
    1706097097017,
    1706097095693,
    1706097098213,
    1706097097018,
    1706097097061,
    1706097099429,
    1706097100115,
    1706097101358,
    1706097099681,
    1706097100798,
    1706097102744,
    1706097103663,
    1706097102529,
    1706097104255,
    1706097104972,
    1706097103868,
    1706097105218,
    1706097105715
  ],
  "blockTimestamps": [
    1706097097764,
    1706097100753,
    1706097103752,
    1706097106766,
    1706097109750
  ],
  "blockTimes": [
    1706097097,
    1706097100,
    1706097103,
    1706097106,
    1706097109
  ],
  "blockTransactions": [
    4,
    4,
    3,
    6,
    7
  ],
  "Delays": [
    5954,
    4598,
    4723,
    3398,
    5220,
    3940,
    3736,
    5060,
    5539,
    6734,
    6691,
    7337,
    6651,
    5408,
    7085,
    5968,
    4022,
    6087,
    7221,
    5495,
    4778,
    5882,
    4532,
    4035
  ],
  "Throughputs": [
    0.6718172657037286,
    0.8945544000894555,
    0.9211187405794674,
    1.1366675581706338,
    1.3377926421404682
  ],
  "AverageDelays": [
    4668.25,
    4578.625,
    5053.909090909091,
    5415.529411764706,
    5420.583333333333
  ]
}