{
  "transactionTimestamps": [
    1706097001729,
    1706097006957,
    1706097006957,
    1706097006957,
    1706097008155,
    1706097008625,
    1706097008187,
    1706097009502,
    1706097009908,
    1706097011032,
    1706097010474,
    1706097012343,
    1706097011828,
    1706097013918,
    1706097012562,
    1706097013810,
    1706097015521,
    1706097015743,
    1706097014681
  ],
  "blockTimestamps": [
    1706097007756,
    1706097010759,
    1706097013758,
    1706097016759,
    1706097019766
  ],
  "blockTimes": [
    1706097007,
    1706097010,
    1706097013,
    1706097016,
    1706097019
  ],
  "blockTransactions": [
    1,
    3,
    4,
    5,
    6
  ],
  "Delays": [
    6027,
    3802,
    3802,
    3802,
    5603,
    5133,
    5571,
    4256,
    6851,
    5727,
    6285,
    4416,
    4931,
    5848,
    7204,
    5956,
    4245,
    4023,
    5085
  ],
  "Throughputs": [
    0.16592002654720425,
    0.44296788482835,
    0.6650594396874221,
    0.8649367930805056,
    1.0533902533680768
  ],
  "AverageDelays": [
    6027,
    4358.25,
    4749.5,
    5092.7692307692305,
    5187.736842105263
  ]
}