{
  "transactionTimestamps": [
    1706097031639,
    1706097029922,
    1706097030392,
    1706097031871,
    1706097033009,
    1706097033338,
    1706097036503,
    1706097034697,
    1706097035446,
    1706097036971,
    1706097036972,
    1706097036976,
    1706097038109,
    1706097038231,
    1706097038341,
    1706097038356,
    1706097037986,
    1706097039588,
    1706097039648,
    1706097039834,
    1706097039896,
    1706097039402,
    1706097041205,
    1706097041018,
    1706097041159,
    1706097042753,
    1706097041159,
    1706097042142,
    1706097044194,
    1706097043507,
    1706097044631,
    1706097044753,
    1706097043632,
    1706097043460,
    1706097045484,
    1706097045910,
    1706097045940,
    1706097044599,
    1706097046341
  ],
  "blockTimestamps": [
    1706097037757,
    1706097040756,
    1706097043766,
    1706097046756,
    1706097049764
  ],
  "blockTimes": [
    1706097037,
    1706097040,
    1706097043,
    1706097046,
    1706097049
  ],
  "blockTransactions": [
    6,
    6,
    9,
    7,
    11
  ],
  "Delays": [
    6118,
    7835,
    7365,
    5886,
    4748,
    4419,
    4253,
    6059,
    5310,
    3785,
    3784,
    3780,
    5657,
    5535,
    5425,
    5410,
    5780,
    4178,
    4118,
    3932,
    3870,
    7354,
    5551,
    5738,
    5597,
    4003,
    5597,
    4614,
    5570,
    6257,
    5133,
    5011,
    6132,
    6304,
    4280,
    3854,
    3824,
    5165,
    3423
  ],
  "Throughputs": [
    0.9807126511932004,
    1.3162224415926291,
    1.7316731260822955,
    1.8522193556922668,
    2.1517241379310343
  ],
  "AverageDelays": [
    6061.833333333333,
    5278.5,
    5107,
    5203.607142857143,
    5144.974358974359
  ]
}