{
  "transactionTimestamps": [
    1706096986778,
    1706096988177,
    1706096988469,
    1706096987417,
    1706096989704,
    1706096991950,
    1706096991953,
    1706096993638,
    1706096993185,
    1706096995152,
    1706096996380,
    1706096995871,
    1706096997130,
    1706096997845,
    1706096998578,
    1706096999051,
    1706097000199
  ],
  "blockTimestamps": [
    1706096992757,
    1706096995765,
    1706096998755,
    1706097001756,
    1706097004748
  ],
  "blockTimes": [
    1706096992,
    1706096995,
    1706096998,
    1706097001,
    1706097004
  ],
  "blockTransactions": [
    4,
    3,
    3,
    4,
    3
  ],
  "Delays": [
    5979,
    4580,
    4288,
    5340,
    6061,
    3815,
    3812,
    5117,
    5570,
    3603,
    5376,
    5885,
    4626,
    3911,
    6170,
    5697,
    4549
  ],
  "Throughputs": [
    0.669008195350393,
    0.7789028596862134,
    0.8349336227769892,
    0.9347042328748831,
    0.9460211463550362
  ],
  "AverageDelays": [
    5046.75,
    4839.285714285715,
    4816.5,
    4854.5,
    4963.470588235294
  ]
}