{
  "transactionTimestamps": [
    1706097046715,
    1706097047636,
    1706097046389,
    1706097048274,
    1706097049211,
    1706097049834,
    1706097050581,
    1706097050971,
    1706097051860,
    1706097051985,
    1706097051985,
    1706097052280,
    1706097053250,
    1706097053358,
    1706097053514,
    1706097053576,
    1706097054826,
    1706097054858,
    1706097054981,
    1706097056120,
    1706097056134,
    1706097056134,
    1706097054717,
    1706097057559,
    1706097057637,
    1706097057387,
    1706097058993,
    1706097057716,
    1706097059055,
    1706097059101,
    1706097060243
  ],
  "blockTimestamps": [
    1706097052754,
    1706097055759,
    1706097058759,
    1706097061751,
    1706097064756
  ],
  "blockTimes": [
    1706097052,
    1706097055,
    1706097058,
    1706097061,
    1706097064
  ],
  "blockTransactions": [
    5,
    7,
    7,
    7,
    5
  ],
  "Delays": [
    6039,
    5118,
    6365,
    4480,
    3543,
    5925,
    5178,
    4788,
    3899,
    3774,
    3774,
    3479,
    5509,
    5401,
    5245,
    5183,
    3933,
    3901,
    3778,
    5631,
    5617,
    5617,
    7034,
    4192,
    4114,
    4364,
    5763,
    7040,
    5701,
    5655,
    4513
  ],
  "Throughputs": [
    0.8279516476237788,
    1.3268465280849182,
    1.5775489870474924,
    1.7291832934291036,
    1.7183082977661992
  ],
  "AverageDelays": [
    5109,
    4696.833333333333,
    4700.631578947368,
    4841.576923076923,
    4985.580645161291
  ]
}