{
  "transactionTimestamps": [
    1706097016972,
    1706097017315,
    1706097017875,
    1706097018249,
    1706097016598,
    1706097018890,
    1706097019796,
    1706097019188,
    1706097021267,
    1706097021956,
    1706097021956,
    1706097022702,
    1706097023124,
    1706097023327,
    1706097021956,
    1706097022035,
    1706097024340,
    1706097024934,
    1706097025820,
    1706097024846,
    1706097025915,
    1706097026460,
    1706097027366,
    1706097030421,
    1706097028568,
    1706097029131
  ],
  "blockTimestamps": [
    1706097022765,
    1706097025765,
    1706097028760,
    1706097031751,
    1706097035350
  ],
  "blockTimes": [
    1706097022,
    1706097025,
    1706097028,
    1706097031,
    1706097034
  ],
  "blockTransactions": [
    6,
    5,
    7,
    4,
    4
  ],
  "Delays": [
    5793,
    5450,
    4890,
    4516,
    6167,
    3875,
    5969,
    6577,
    4498,
    3809,
    3809,
    6058,
    5636,
    5433,
    6804,
    6725,
    4420,
    3826,
    5931,
    6905,
    5836,
    5291,
    7984,
    4929,
    6782,
    6219
  ],
  "Throughputs": [
    1.0357327809425168,
    1.2509951097463894,
    1.5269765863590092,
    1.4885986873266122,
    1.4147350092501905
  ],
  "AverageDelays": [
    5115.166666666667,
    5032.090909090909,
    5236.388888888889,
    5373.545454545455,
    5543.538461538462
  ]
}