{
  "transactionTimestamps": [
    1706097122754,
    1706097122032,
    1706097125913,
    1706097124793,
    1706097127037,
    1706097127112,
    1706097128309,
    1706097128669,
    1706097129490,
    1706097130019,
    1706097130782,
    1706097131517,
    1706097136208,
    1706097134730
  ],
  "blockTimestamps": [
    1706097127754,
    1706097130755,
    1706097133756,
    1706097136762,
    1706097139757
  ],
  "blockTimes": [
    1706097127,
    1706097130,
    1706097133,
    1706097136,
    1706097139
  ],
  "blockTransactions": [
    2,
    4,
    4,
    2,
    2
  ],
  "Delays": [
    5000,
    5722,
    4842,
    5962,
    3718,
    3643,
    5447,
    5087,
    4266,
    3737,
    5980,
    5245,
    3549,
    5027
  ],
  "Throughputs": [
    0.4,
    0.7499062617172854,
    0.9089256498818397,
    0.8566533409480298,
    0.8233841086867023
  ],
  "AverageDelays": [
    5361,
    4814.5,
    4742.4,
    4887.416666666667,
    4801.785714285715
  ]
}