{
  "transactionTimestamps": [
    1706097106882,
    1706097106493,
    1706097106353,
    1706097108437,
    1706097109674,
    1706097109034,
    1706097112023,
    1706097112024,
    1706097112023,
    1706097110681,
    1706097112519,
    1706097113250,
    1706097111495,
    1706097113482,
    1706097113482,
    1706097113887,
    1706097114840,
    1706097114979,
    1706097113720,
    1706097115447,
    1706097116133,
    1706097116274,
    1706097115183,
    1706097114979,
    1706097117548,
    1706097117486,
    1706097117674,
    1706097118954,
    1706097118382,
    1706097119878,
    1706097120893,
    1706097121141,
    1706097119867
  ],
  "blockTimestamps": [
    1706097112755,
    1706097115763,
    1706097118757,
    1706097121754,
    1706097124759
  ],
  "blockTimes": [
    1706097112,
    1706097115,
    1706097118,
    1706097121,
    1706097124
  ],
  "blockTransactions": [
    3,
    8,
    9,
    6,
    7
  ],
  "Delays": [
    5873,
    6262,
    6402,
    7326,
    6089,
    6729,
    3740,
    3739,
    3740,
    5082,
    3244,
    5507,
    7262,
    5275,
    5275,
    4870,
    3917,
    3778,
    5037,
    3310,
    5621,
    5480,
    6571,
    6775,
    4206,
    4268,
    7085,
    5805,
    6377,
    4881,
    3866,
    3618,
    4892
  ],
  "Throughputs": [
    0.510812191384301,
    1.2385992568404458,
    1.6842105263157894,
    1.7482517482517483,
    1.8459473065950665
  ],
  "AverageDelays": [
    6179,
    5293.272727272727,
    5122.85,
    5206.846153846154,
    5209.151515151515
  ]
}