{
  "transactionTimestamps": [
    1706097066997,
    1706097066996,
    1706097066997,
    1706097068243,
    1706097068445,
    1706097068508,
    1706097069772,
    1706097069803,
    1706097069849,
    1706097071239,
    1706097071270,
    1706097072412,
    1706097072784,
    1706097071066,
    1706097073749,
    1706097074141,
    1706097074890,
    1706097074235,
    1706097075576,
    1706097076263
  ],
  "blockTimestamps": [
    1706097070755,
    1706097073759,
    1706097076755,
    1706097079754
  ],
  "blockTimes": [
    1706097070,
    1706097073,
    1706097076,
    1706097079
  ],
  "blockTransactions": [
    3,
    6,
    5,
    6
  ],
  "Delays": [
    3758,
    3759,
    3758,
    5516,
    5314,
    5251,
    3987,
    3956,
    3910,
    5516,
    5485,
    4343,
    3971,
    5689,
    6005,
    5613,
    4864,
    5519,
    4178,
    3491
  ],
  "Throughputs": [
    0.7982969664715274,
    1.3309671694764864,
    1.4347202295552368,
    1.5677667163126128
  ],
  "AverageDelays": [
    3758.3333333333335,
    4356.555555555556,
    4586.642857142857,
    4694.15
  ]
}