{"a": 0.7, "b": 0.3, "communities0": [[0, 9], [1, 28], [2, 37], [34, 3], [33, 4, 38], [5, 6], [29, 7], [8, 25], [10, 26], [11, 20], [12, 13], [24, 14], [35, 15], [16, 17], [18, 30], [19, 21], [27, 22], [36, 23], [32, 31]], "q0": 0.485625, "f0": 0.7649594982885256}