{"a": 0.5, "b": 0.5, "communities0": [[0, 1, 9, 142, 155, 166, 39, 50, 181, 185, 66, 200, 90, 219, 220, 92, 221, 237, 120], [2, 130, 7, 14, 144, 31, 160, 159, 36, 37, 174, 47, 49, 183, 186, 58, 60, 188, 61, 70, 205, 78, 216, 89, 218, 223, 99, 234, 238, 243, 126], [129, 3, 138, 18, 27, 156, 30, 32, 161, 40, 42, 172, 48, 180, 67, 198, 72, 201, 85, 88, 94, 224, 97, 226, 229, 104, 109], [131, 4, 137, 143, 17, 145, 22, 25, 154, 163, 167, 175, 192, 195, 69, 227, 100, 235, 236, 111, 242, 115, 117, 121], [5, 133, 6, 135, 11, 141, 19, 150, 151, 29, 162, 35, 173, 179, 182, 54, 184, 57, 62, 65, 194, 73, 202, 203, 76, 204, 79, 83, 211, 247, 93, 95, 101, 102, 103, 230, 108, 110, 244, 118, 119, 123, 124], [8, 239], [10, 12, 20, 24, 153, 26, 157, 33, 170, 171, 44, 45, 53, 189, 190, 68, 197, 199, 215, 98, 232, 106, 113, 116, 245], [132, 43, 140, 13, 176, 209, 23, 55, 187, 125, 127], [139, 15, 146, 147, 148, 21, 149, 152, 164, 165, 168, 41, 169, 177, 51, 191, 74, 75, 206, 207, 80, 81, 82, 208, 84, 213, 214, 96, 225, 228, 105, 240, 114, 122], [16, 64], [28, 77], [210, 34], [38, 87], [52, 46], [56, 233, 178], [59, 246], [196, 63], [112, 136, 222, 71], [193, 158, 86], [128, 91], [107, 231], [212, 134], [217, 241]], "q0": 0.435676084887713, "f0": 0.710923180941164}