{"a": 0.6, "b": 0.4, "communities0": [[0, 67], [1, 2, 130, 135, 136, 9, 140, 14, 143, 147, 21, 22, 24, 36, 39, 42, 54, 55, 61, 64, 69, 72, 75, 79, 87, 88, 89, 97, 99, 108, 109, 112], [129, 3], [4, 70, 81, 20, 30, 121, 94], [40, 5], [6, 7, 134, 145, 18, 23, 29, 31, 32, 46, 58, 73, 80, 82, 90, 101, 102, 105, 107, 110, 127], [8, 85], [104, 41, 10, 44, 16, 113, 114, 92], [34, 11, 139, 45, 47, 48, 122], [124, 12], [13, 37, 71, 119], [132, 91, 76, 15, 144, 19, 86, 25, 123, 28, 57], [17, 51], [26, 77], [27, 53], [33, 117], [35, 118], [52, 38], [43, 131], [49, 74, 138], [50, 62], [56, 116, 100, 68], [146, 59], [60, 111], [96, 137, 63], [128, 65], [66, 142], [83, 78], [106, 84], [93, 95], [98, 115], [125, 103], [120, 126], [133, 141]], "q0": 0.4477899771877064, "f0": 0.9436287559403002}