{"a": 0.3, "b": 0.7, "communities0": [[0, 24], [1, 30], [2, 20, 21], [32, 33, 3, 35, 12, 23, 29], [4, 37, 38, 7, 10, 31], [5, 13], [34, 6, 8, 9, 14, 15, 16, 18, 19], [27, 11], [17, 28, 22, 36], [25, 26]], "communities1": [[0, 24], [1, 30], [33, 2, 20, 21], [32, 35, 3, 12, 23, 29], [4, 37, 38, 7, 10, 31], [5, 13], [34, 6, 8, 9, 14, 15, 16, 18, 19], [11, 27], [17, 28, 22, 36], [25, 26]], "communities2": [[0, 24], [1, 30], [33, 2, 20, 21], [32, 35, 3, 23], [4, 37, 38, 7, 10, 31], [13, 5], [34, 6, 8, 9, 14, 15, 16, 18, 19], [27, 11], [12, 29], [17, 28, 22, 36], [25, 26]], "communities3": [[33, 34, 30, 23], [0, 17, 36, 6], [22, 13, 14, 31], [25, 18, 4, 7], [8, 26, 12, 21], [19, 2, 5, 37], [16, 9, 20, 24], [32, 1, 35, 15], [3, 10, 27, 29], [11, 28, 38]], "q0": 0.40718580182680075, "f0": 0.7484320212654652, "q1": 0.4091802520522604, "f1": 0.7486076254991957}