{"a": 0.7, "b": 0.3, "communities0": [[0, 3, 4, 5, 7, 11, 12, 13, 14, 17, 19, 22, 24, 25, 27, 31, 33, 40, 43, 45, 47, 48, 50, 51, 53, 55, 56, 58, 64, 65, 68, 69, 70], [1, 35, 9, 10, 42, 46, 18, 60], [2, 28, 30, 52], [49, 6], [8, 29], [32, 34, 36, 39, 15, 23, 61, 62], [16, 71], [20, 44], [37, 38, 41, 21, 54, 59, 63], [26, 67], [57, 66]], "q0": 0.38111806967951556, "f0": 0.9168985338726475}