{"a": 0.3, "b": 0.7, "communities0": [[0, 3, 5, 6, 7, 12, 15, 18, 19, 20, 21, 22, 23, 25, 26, 29, 31, 33, 34, 35, 37, 38], [16, 1, 17], [2, 11], [4, 30], [8, 10, 32], [9], [36, 13], [27, 14], [24, 28]], "communities1": [[0, 3, 5, 6, 7, 9, 12, 15, 18, 19, 20, 21, 22, 23, 25, 26, 29, 31, 33, 34, 35, 37, 38], [16, 1, 17], [2, 11], [4, 30], [8, 10, 32], [36, 13], [27, 14], [24, 28]], "communities2": [[0, 3, 5, 6, 7, 9, 12, 15, 18, 19, 20, 21, 22, 23, 25, 26, 29, 31, 33, 34, 35, 37, 38], [16, 1, 17], [2, 11], [4, 30], [8, 10, 32], [36, 13], [27, 14], [24, 28]], "communities3": [[2, 9, 13, 24, 26], [6, 7, 14, 17, 25], [32, 1, 33, 28, 30], [34, 37, 16, 23, 29], [5, 38, 19, 22, 27], [8, 10, 11, 20, 21], [0, 3, 4, 36, 18], [35, 15, 12, 31]], "q0": 0.4538618434628023, "f0": 0.5580072196195489, "q1": 0.45716337835907384, "f1": 0.5525212963008302}