{"a": 0.3, "b": 0.7, "communities0": [[0, 136, 13, 19, 21, 42, 49, 56, 60, 62, 63, 65, 83, 86, 87, 89, 93, 100, 101, 102, 116, 118], [1, 129, 6, 10, 11, 14, 15, 23, 37, 44, 45, 46, 51, 54, 70, 73, 80, 81, 82, 97, 114, 115, 126], [64, 2, 4, 69, 38, 90, 72, 104, 107, 22, 58, 28], [130, 3], [131, 5, 134, 133, 138, 12, 27, 29, 33, 40, 41, 47, 53, 61, 66, 68, 71, 76, 91, 92, 106, 112, 122, 123], [67, 35, 132, 7, 9, 105, 43, 75, 77, 140, 16, 17, 18, 117, 55, 119, 24, 121], [8, 110], [98, 36, 74, 79, 20, 120, 25, 59], [111, 50, 26, 94, 95], [32, 124, 141, 30], [39, 31], [57, 34], [48, 108], [88, 113, 139, 52], [137, 78], [96, 84], [85, 103], [99, 135], [128, 125, 109, 127]], "q0": 0.4477912362094171, "f0": 0.6921128643046884}