{"a": 0.6, "b": 0.4, "communities0": [[0, 21, 22], [1, 2, 29], [3, 38, 11, 17, 24, 31], [4, 5], [33, 34, 6, 10, 13, 16, 25], [7, 12, 19, 23, 30], [37, 8, 14, 15, 26, 27], [40, 9], [18, 35], [20, 39], [32, 28, 36]], "q0": 0.4535314776274715, "f0": 0.8255496684894803}