{"a": 0.3, "b": 0.7, "communities0": [[0, 59], [1, 155], [2, 22], [122, 3], [148, 4], [24, 5], [88, 6], [149, 7], [8, 67], [104, 9, 172, 110, 145], [10, 90], [82, 11], [138, 12], [112, 13], [136, 14], [57, 15], [16, 143], [17, 126], [18, 42], [19, 107], [26, 20], [120, 21], [115, 23], [25, 47], [89, 27], [139, 28], [124, 29], [68, 30], [77, 31], [32, 64], [33, 113], [34, 85], [35, 71], [36, 134], [169, 37], [97, 38], [39, 111], [40, 159], [41, 116], [121, 43], [44, 165], [132, 45], [46, 70], [48, 117], [49, 140], [128, 50], [51, 63], [52, 79], [106, 53], [54, 127], [146, 174, 55], [56, 78, 175], [58, 135], [161, 60], [84, 61], [176, 62], [72, 65], [66, 109], [170, 69], [73, 153], [74, 119], [75, 125], [76, 93], [80, 166], [168, 81], [130, 83], [147, 86], [173, 87], [154, 91], [96, 92], [94, 102], [164, 95], [144, 98], [129, 99], [100, 118], [137, 101], [163, 103], [160, 105], [108, 158], [152, 114], [123, 156], [131, 150], [171, 133], [141, 167], [162, 142], [157, 151]], "q0": 0.49663335194237546, "f0": 0.9164296012924249}