{"a": 0.5, "b": 0.5, "communities0": [[0, 59], [1, 35, 33, 71], [2, 5, 38, 73, 22, 31], [66, 3, 98, 69, 70, 40, 77, 48, 17, 18, 113, 54, 94], [4, 29], [6, 12, 13, 20, 23, 24, 25, 30, 41, 43, 46, 47, 53, 60, 75, 83, 85, 90, 95, 101, 102, 104, 107], [7, 44, 82, 19, 56, 57, 93, 63], [100, 37, 8, 79, 50, 55, 26, 62], [9, 78], [16, 10, 72], [74, 11, 15, 111, 58], [27, 108, 14], [96, 109, 80, 49, 21, 61], [105, 28], [32, 51], [34, 106], [36, 52], [91, 76, 39], [42, 86], [88, 45], [64, 89], [65, 110], [67, 103], [68, 87], [81, 92], [112, 84], [97, 99]], "q0": 0.44532708744247207, "f0": 0.9297763895050191}