{"a": 0.4, "b": 0.6, "communities0": [[0, 3, 27, 4], [1, 11, 12], [2, 28], [5, 14, 22], [48, 6], [41, 7], [8, 38], [9, 26], [10, 19], [13, 45], [37, 44, 15, 49, 20, 23, 25, 29], [16, 30], [17, 50], [18, 34], [32, 33, 21], [24, 46], [35, 31], [40, 36], [43, 51, 39], [42, 47]], "q0": 0.45140463592844543, "f0": 0.8368661182424559}