{"a": 0.4, "b": 0.6, "communities0": [[0, 1, 137, 42, 43, 106, 140, 143, 16, 19, 148, 22, 86, 28], [64, 2, 67, 6, 41, 107, 46, 15, 62, 94], [3, 14, 112, 56, 124, 29, 126], [130, 131, 4, 138, 12, 141, 146, 21, 23, 24, 25, 32, 37, 47, 55, 60, 65, 72, 73, 78, 80, 81, 91, 92, 100, 102, 104, 105, 109, 110, 119, 121, 122, 127], [36, 5], [114, 7], [128, 132, 101, 8, 40, 136, 13, 77, 111, 48, 49, 83, 84, 53, 54, 149, 125], [96, 33, 70, 9, 147, 118, 90, 31], [10, 75, 142, 116, 52, 85], [11, 30], [17, 134], [18, 133, 150], [20, 38, 79], [26, 95], [27, 139], [34, 71], [57, 35, 108], [145, 39], [74, 44], [63, 45, 103], [89, 50, 115], [51, 123], [97, 58], [59, 69], [82, 76, 61], [66, 135], [88, 68], [129, 98, 87], [93, 117], [113, 99], [120, 144]], "q0": 0.4503076021138407, "f0": 0.9516265039263161}