{"a": 0.3, "b": 0.7, "communities0": [[0, 7, 19, 37, 38, 48, 50, 51, 58, 68, 69, 70, 77, 78, 97, 99, 104, 105, 108, 115, 117], [65, 1], [2, 86], [3, 44], [4, 110, 83, 26, 60], [112, 5], [57, 91, 45, 6], [8, 41], [32, 67, 9, 11, 20, 85, 89, 90, 31], [56, 10, 46], [12, 93], [98, 13, 94], [72, 66, 29, 14], [18, 15], [16, 95, 54, 47], [17, 116, 109, 111], [64, 114, 92, 21], [100, 36, 76, 79, 22, 24, 25, 63], [33, 49, 23, 88, 59], [80, 27], [28, 71, 87, 103], [118, 30], [34, 53], [35, 55], [96, 39, 73, 61, 62], [40, 42], [82, 43], [74, 75, 52, 119], [81, 84], [107, 101], [113, 106, 102]], "communities1": [[0, 97, 99, 37, 38, 7, 69, 70, 105, 10, 77, 78, 46, 50, 19, 51, 117, 56], [65, 1], [2, 86], [3, 44], [4, 110, 83, 26, 60], [112, 5], [57, 91, 45, 6], [8, 41], [32, 67, 9, 11, 20, 85, 89, 90, 31], [12, 93], [98, 13, 94], [72, 66, 29, 14], [18, 15], [16, 47, 54, 95], [17, 116, 109, 111], [64, 114, 92, 21], [100, 36, 76, 79, 22, 24, 25, 63], [33, 49, 23, 88, 59], [80, 27], [28, 71, 87, 103], [118, 30], [34, 53], [35, 55], [96, 39, 73, 61, 62], [40, 42], [82, 43], [68, 104, 108, 48, 115, 58], [74, 75, 52, 119], [81, 84], [107, 101], [113, 106, 102]], "communities2": [[0, 7, 10, 19, 37, 38, 46, 48, 50, 51, 56, 58, 68, 69, 70, 77, 78, 97, 99, 104, 105, 108, 115, 117], [65, 1], [2, 86], [3, 44], [83, 4, 110], [112, 5], [57, 91, 45, 6], [8, 41], [32, 67, 9, 11, 20, 85, 89, 90, 31], [12, 93], [98, 13, 94], [72, 66, 29, 14], [18, 15], [16, 95, 54, 47], [17, 116], [64, 114, 92, 21], [36, 100, 76, 79, 22, 24, 25, 63], [33, 49, 23, 88, 59], [26, 60], [80, 27], [28, 103, 87, 71], [118, 30], [34, 53], [35, 55], [96, 39, 73, 61, 62], [40, 42], [82, 43], [74, 75, 52, 119], [81, 84], [107, 101], [113, 106, 102], [109, 111]], "communities3": [[64, 56, 115, 110], [48, 3, 100, 53], [89, 98, 69, 13], [41, 50, 116, 21], [74, 61, 62, 31], [57, 84, 101, 94], [105, 106, 28, 92], [17, 82, 1, 6], [33, 66, 107, 87], [43, 44, 109, 54], [112, 67, 88, 77], [49, 10, 76, 113], [104, 2, 4, 23], [96, 103, 5, 39], [117, 85, 86, 7], [72, 8, 35, 9], [65, 12, 20, 25], [32, 26, 27, 79], [34, 11, 108, 22], [80, 18, 68, 47], [73, 97, 42, 37], [19, 52, 70, 111], [91, 51, 29, 119], [24, 81, 58, 45], [40, 16, 75, 30], [36, 71, 78, 55], [114, 95, 46, 63], [102, 14, 15], [0, 99, 60], [83, 59, 90], [118, 93, 38]], "q0": 0.4645358754301433, "f0": 0.9306666443274138, "q1": 0.4661173405087855, "f1": 0.9257862010125725}