{"a": 0.3, "b": 0.7, "communities0": [[0, 26], [1, 59], [2, 38], [50, 3], [34, 4], [25, 5, 15], [80, 66, 6], [21, 7], [8, 93], [33, 9, 12, 14, 51], [73, 10], [72, 11], [13, 70], [16, 76], [17, 84], [18, 68], [19, 53], [20, 85], [40, 22], [63, 23], [24, 54], [27, 60], [28, 87], [64, 29], [67, 30], [57, 31], [32, 86], [74, 35], [43, 36, 62], [37, 79], [92, 39], [41, 42], [83, 44], [45, 47], [48, 46], [49, 61], [82, 52], [88, 55], [56, 77], [58, 78], [65, 69], [89, 71], [90, 75], [81, 91]], "q0": 0.4918534274812508, "f0": 0.8586306435824952}