{"a": 0.8, "b": 0.2, "communities0": [[0, 64, 3, 4, 6, 39, 71, 73, 10, 75, 46, 47, 80, 49, 53, 27], [1, 20], [2, 12], [5, 7, 11, 16, 19, 21, 22, 23, 28, 29, 30, 34, 37, 45, 52, 57, 58, 60, 61, 63, 65, 72, 77, 82], [8, 15], [32, 40, 9, 17, 81, 54, 56], [48, 13], [33, 67, 38, 42, 43, 44, 14, 79, 50, 55, 31], [18, 36], [24, 41, 69, 78], [25, 74], [26, 35], [51, 76, 70], [66, 59], [68, 62]], "q0": 0.43191652124947405, "f0": 0.8381288561574277}