{"a": 0.4, "b": 0.6, "communities0": [[0, 10], [1, 11], [16, 2], [13, 3, 5], [4, 7], [6, 14], [8, 17], [9, 15], [18, 12]], "q0": 0.4690426638917795, "f0": 0.6948956830834037}