{
  "transactionTimestamps": [
    1706173264738,
    1706173264716,
    1706173264794,
    1706173271630,
    1706173270561,
    1706173271017,
    1706173271414,
    1706173271929,
    1706173272256,
    1706173272866
  ],
  "blockTimestamps": [
    1706173269255,
    1706173272265,
    1706173275231,
    1706173278259
  ],
  "blockTimes": [
    1706173269,
    1706173272,
    1706173275,
    1706173278
  ],
  "blockTransactions": [
    1,
    2,
    1,
    6
  ],
  "Delays": [
    4517,
    7549,
    7471,
    3601,
    7698,
    7242,
    6845,
    6330,
    6003,
    5393
  ],
  "Throughputs": [
    0.2213858755811379,
    0.3985651654045436,
    0.3812065186314686,
    0.7395902669920863
  ],
  "AverageDelays": [
    4517,
    6512.333333333333,
    5784.5,
    6264.9
  ]
}