{
  "transactionTimestamps": [
    1706173396440,
    1706173397387,
    1706173400655,
    1706173401369,
    1706173401077,
    1706173401591,
    1706173402852,
    1706173404034,
    1706173403675,
    1706173404035,
    1706173406343,
    1706173407278,
    1706173409328,
    1706173409887,
    1706173410335,
    1706173410243,
    1706173410869,
    1706173411211,
    1706173412740,
    1706173413506,
    1706173414892,
    1706173415649,
    1706173416215,
    1706173416263,
    1706173417069,
    1706173416960
  ],
  "blockTimestamps": [
    1706173404246,
    1706173407263,
    1706173410224,
    1706173413242,
    1706173416193,
    1706173419203,
    1706173422204
  ],
  "blockTimes": [
    1706173404,
    1706173407,
    1706173410,
    1706173413,
    1706173416,
    1706173419,
    1706173422
  ],
  "blockTransactions": [
    2,
    4,
    4,
    2,
    6,
    2,
    6
  ],
  "Delays": [
    7806,
    6859,
    6608,
    5894,
    6186,
    5672,
    7372,
    6190,
    6549,
    6189,
    6899,
    5964,
    6865,
    6306,
    5858,
    5950,
    5324,
    4982,
    6463,
    5697,
    7312,
    6555,
    5989,
    5941,
    5135,
    5244
  ],
  "Throughputs": [
    0.25621316935690497,
    0.5543749422526102,
    0.7254788160185722,
    0.7142006903940007,
    0.911253986736192,
    0.8786188112287483,
    1.0091600683123738
  ],
  "AverageDelays": [
    7332.5,
    6504.166666666667,
    6532.5,
    6515.666666666667,
    6304.055555555556,
    6281.65,
    6223.423076923077
  ]
}