{
  "transactionTimestamps": [
    1706173276898,
    1706173277520,
    1706173277475,
    1706173278113,
    1706173279573,
    1706173280883,
    1706173280305,
    1706173283518,
    1706173282585,
    1706173283254,
    1706173283971,
    1706173283970,
    1706173284124,
    1706173284344,
    1706173283971,
    1706173284844,
    1706173289506,
    1706173290052,
    1706173289474,
    1706173289895,
    1706173290018,
    1706173290220,
    1706173290617,
    1706173290970,
    1706173291115,
    1706173291097,
    1706173291749,
    1706173296099,
    1706173296612,
    1706173296519,
    1706173296504,
    1706173297018,
    1706173297190,
    1706173297142
  ],
  "blockTimestamps": [
    1706173284211,
    1706173287232,
    1706173290249,
    1706173296210,
    1706173299222,
    1706173302246
  ],
  "blockTimes": [
    1706173284,
    1706173287,
    1706173290,
    1706173296,
    1706173299,
    1706173302
  ],
  "blockTransactions": [
    6,
    2,
    8,
    10,
    1,
    7
  ],
  "Delays": [
    7313,
    6691,
    6736,
    6098,
    4638,
    3328,
    6927,
    3714,
    7664,
    6995,
    6278,
    6279,
    6125,
    5905,
    6278,
    5405,
    6704,
    6158,
    6736,
    6315,
    6192,
    5990,
    5593,
    5240,
    5095,
    5113,
    7473,
    6147,
    5634,
    5727,
    5742,
    5228,
    5056,
    5104
  ],
  "Throughputs": [
    0.8204567209079722,
    0.774143603638475,
    1.19841210396225,
    1.3463131731565865,
    1.2094606701308008,
    1.341328704434275
  ],
  "AverageDelays": [
    5800.666666666667,
    5680.625,
    6023.375,
    5981.153846153846,
    6036.407407407408,
    5930.029411764706
  ]
}