{
  "transactionTimestamps": [
    1706173336692,
    1706173336802,
    1706173336974,
    1706173336504,
    1706173337240,
    1706173337706,
    1706173340241,
    1706173340929,
    1706173342878,
    1706173344436,
    1706173343376,
    1706173343532,
    1706173342707,
    1706173343701,
    1706173344000,
    1706173343764,
    1706173343998,
    1706173344000,
    1706173344029,
    1706173345705,
    1706173346612,
    1706173347327,
    1706173349627,
    1706173350529,
    1706173349194,
    1706173349363,
    1706173350049,
    1706173349859,
    1706173350328,
    1706173350435,
    1706173352211,
    1706173351153,
    1706173351278,
    1706173351107,
    1706173353598,
    1706173352040,
    1706173352522,
    1706173352898,
    1706173353192,
    1706173355216,
    1706173355280,
    1706173355796,
    1706173356497,
    1706173357653,
    1706173356154,
    1706173356358,
    1706173357197
  ],
  "blockTimestamps": [
    1706173344228,
    1706173347245,
    1706173350276,
    1706173353202,
    1706173356228,
    1706173359242,
    1706173362234
  ],
  "blockTimes": [
    1706173344,
    1706173347,
    1706173350,
    1706173353,
    1706173356,
    1706173359,
    1706173362
  ],
  "blockTransactions": [
    6,
    3,
    10,
    4,
    11,
    5,
    8
  ],
  "Delays": [
    7536,
    7426,
    7254,
    7724,
    6988,
    6522,
    7004,
    6316,
    4367,
    5840,
    6900,
    6744,
    7569,
    6575,
    6276,
    6512,
    6278,
    6276,
    6247,
    7497,
    6590,
    5875,
    3575,
    5699,
    7034,
    6865,
    6179,
    6369,
    5900,
    5793,
    4017,
    5075,
    4950,
    5121,
    5644,
    7202,
    6720,
    6344,
    6050,
    7018,
    6954,
    6438,
    5737,
    4581,
    6080,
    5876,
    5037
  ],
  "Throughputs": [
    0.7961783439490446,
    0.8528380555292333,
    1.3987043580683156,
    1.3930950938824953,
    1.7403767403767403,
    1.729490022172949,
    1.840106491269282
  ],
  "AverageDelays": [
    7241.666666666667,
    6793,
    6650.210526315789,
    6517,
    6261.558823529412,
    6278.282051282052,
    6224.978723404255
  ]
}