{
  "transactionTimestamps": [
    1706173297205,
    1706173297346,
    1706173298217,
    1706173304062,
    1706173302899,
    1706173302528,
    1706173302542,
    1706173302869,
    1706173303337,
    1706173303490,
    1706173303597,
    1706173303988,
    1706173303993,
    1706173304964,
    1706173305369,
    1706173310411,
    1706173308632,
    1706173309337,
    1706173309383,
    1706173310115,
    1706173310007,
    1706173309617,
    1706173310023,
    1706173312020,
    1706173310932,
    1706173311256,
    1706173311520,
    1706173312050,
    1706173313643,
    1706173315133,
    1706173315199,
    1706173316012,
    1706173316058,
    1706173316121,
    1706173316480,
    1706173316529,
    1706173316996,
    1706173318128
  ],
  "blockTimestamps": [
    1706173305264,
    1706173308197,
    1706173311219,
    1706173314241,
    1706173317226,
    1706173320194,
    1706173323218
  ],
  "blockTimes": [
    1706173305,
    1706173308,
    1706173311,
    1706173314,
    1706173317,
    1706173320,
    1706173323
  ],
  "blockTransactions": [
    3,
    7,
    5,
    3,
    10,
    3,
    7
  ],
  "Delays": [
    8059,
    7918,
    7047,
    4135,
    5298,
    5669,
    5655,
    5328,
    4860,
    4707,
    7622,
    7231,
    7226,
    6255,
    5850,
    3830,
    5609,
    4904,
    7843,
    7111,
    7219,
    7609,
    7203,
    5206,
    6294,
    5970,
    5706,
    5176,
    6551,
    5061,
    4995,
    7206,
    7160,
    7097,
    6738,
    6689,
    6222,
    5090
  ],
  "Throughputs": [
    0.3722546221615585,
    0.9097525473071324,
    1.0703582132153562,
    1.0565860530640994,
    1.398531541881025,
    1.3484710078733306,
    1.4608080575097067
  ],
  "AverageDelays": [
    7674.666666666667,
    5867.6,
    6190.666666666667,
    5955.722222222223,
    6162.142857142857,
    6101.5161290322585,
    6193.394736842105
  ]
}