{
  "transactionTimestamps": [
    1706173320024,
    1706173318810,
    1706173321391,
    1706173320705,
    1706173321935,
    1706173321423,
    1706173322293,
    1706173322572,
    1706173322636,
    1706173323994,
    1706173323274,
    1706173323823,
    1706173323994,
    1706173324737,
    1706173325372,
    1706173327816,
    1706173328721,
    1706173328628,
    1706173329485,
    1706173329654,
    1706173330451,
    1706173330320,
    1706173330400,
    1706173331022,
    1706173330851,
    1706173331441,
    1706173335153,
    1706173334125,
    1706173334747,
    1706173336022,
    1706173336053
  ],
  "blockTimestamps": [
    1706173326238,
    1706173329208,
    1706173332222,
    1706173335251,
    1706173338266,
    1706173341204
  ],
  "blockTimes": [
    1706173326,
    1706173329,
    1706173332,
    1706173335,
    1706173338,
    1706173341
  ],
  "blockTransactions": [
    4,
    9,
    2,
    7,
    4,
    5
  ],
  "Delays": [
    6214,
    7428,
    4847,
    5533,
    7273,
    7785,
    6915,
    6636,
    6572,
    5214,
    5934,
    5385,
    5214,
    7485,
    6850,
    7435,
    6530,
    6623,
    5766,
    5597,
    4800,
    4931,
    7866,
    7244,
    7415,
    6825,
    6051,
    7079,
    6457,
    5182,
    5151
  ],
  "Throughputs": [
    0.6437077566784679,
    1.4155052264808363,
    1.2297097884899164,
    1.4448019964536678,
    1.4252823155355772,
    1.4636449480642115
  ],
  "AverageDelays": [
    6005.5,
    6226.923076923077,
    6352.333333333333,
    6225.772727272727,
    6396.807692307692,
    6330.225806451613
  ]
}