{
  "transactionTimestamps": [
    1706173418457,
    1706173419313,
    1706173421197,
    1706173421962,
    1706173422289,
    1706173422149,
    1706173423025,
    1706173422743,
    1706173424035,
    1706173424037,
    1706173424941,
    1706173425581,
    1706173427683,
    1706173428196,
    1706173428494,
    1706173428010,
    1706173428838,
    1706173428776,
    1706173429960,
    1706173429773,
    1706173430816,
    1706173430582,
    1706173431018,
    1706173431731,
    1706173433691,
    1706173434050,
    1706173434628,
    1706173434486,
    1706173434752,
    1706173435574,
    1706173436260,
    1706173436880,
    1706173436150,
    1706173437191,
    1706173438336
  ],
  "blockTimestamps": [
    1706173425386,
    1706173428237,
    1706173431259,
    1706173434196,
    1706173437216,
    1706173440236,
    1706173443258
  ],
  "blockTimes": [
    1706173425,
    1706173428,
    1706173431,
    1706173434,
    1706173437,
    1706173440,
    1706173443
  ],
  "blockTransactions": [
    2,
    6,
    4,
    6,
    6,
    5,
    6
  ],
  "Delays": [
    6929,
    6073,
    7040,
    6275,
    5948,
    6088,
    5212,
    5494,
    7224,
    7222,
    6318,
    5678,
    6513,
    6000,
    5702,
    6186,
    5358,
    5420,
    7256,
    7443,
    6400,
    6634,
    6198,
    5485,
    6545,
    6186,
    5608,
    5750,
    5484,
    7684,
    6998,
    6378,
    7108,
    6067,
    4922
  ],
  "Throughputs": [
    0.2886419396738346,
    0.8179959100204499,
    0.9373535385096079,
    1.1436558866509943,
    1.2793858947705101,
    1.3315579227696406,
    1.4112334180073385
  ],
  "AverageDelays": [
    6501,
    6132.375,
    6291.75,
    6148.888888888889,
    6254,
    6195.482758620689,
    6252.171428571429
  ]
}