{
  "transactionTimestamps": [
    1706173439738,
    1706173439923,
    1706173440531,
    1706173440767,
    1706173441717,
    1706173442653,
    1706173442748,
    1706173443404,
    1706173443683,
    1706173444044,
    1706173444043,
    1706173446181,
    1706173446059,
    1706173446708,
    1706173446708,
    1706173449396,
    1706173449679,
    1706173449018,
    1706173449742,
    1706173450053,
    1706173450740,
    1706173450566,
    1706173451534,
    1706173452503,
    1706173452643,
    1706173453344,
    1706173453359,
    1706173455404,
    1706173455699,
    1706173456478,
    1706173456137,
    1706173455997
  ],
  "blockTimestamps": [
    1706173446199,
    1706173449216,
    1706173452208,
    1706173455224,
    1706173458243,
    1706173461263
  ],
  "blockTimes": [
    1706173446,
    1706173449,
    1706173452,
    1706173455,
    1706173458,
    1706173461
  ],
  "blockTransactions": [
    4,
    7,
    4,
    5,
    6,
    6
  ],
  "Delays": [
    6461,
    6276,
    5668,
    5432,
    7499,
    6563,
    6468,
    5812,
    5533,
    5172,
    5173,
    6027,
    6149,
    5500,
    5500,
    5828,
    5545,
    6206,
    5482,
    5171,
    7503,
    7677,
    6709,
    5740,
    5600,
    4899,
    7904,
    5859,
    5564,
    4785,
    5126,
    5266
  ],
  "Throughputs": [
    0.6190992106485064,
    1.160582401350496,
    1.202886928628709,
    1.2914890869172155,
    1.405025668738179,
    1.48664343786295
  ],
  "AverageDelays": [
    5959.25,
    6005.181818181818,
    5948.866666666667,
    5873.25,
    5984.346153846154,
    5940.53125
  ]
}