{"a": 0.2, "b": 0.8, "communities0": [[0, 196], [1, 82], [2, 11, 18, 158, 34, 35, 169, 45, 57, 186, 60, 61, 62, 193, 72, 200, 203, 208, 83, 86, 95, 109, 110, 118], [122, 3], [4, 20], [5, 93], [160, 6], [7, 207], [8, 213], [9, 100, 70], [10, 123], [178, 12], [13, 102], [90, 14], [98, 15], [16, 133], [17, 187], [19, 175], [172, 21], [22, 47], [85, 23], [24, 115], [25, 76], [176, 26], [27, 173], [140, 28], [29, 166], [192, 30], [31, 111], [32, 43], [33, 141], [97, 36], [180, 37], [147, 38], [81, 39], [40, 46], [96, 41], [42, 101], [44, 199], [48, 181], [49, 194], [50, 131], [51, 99], [211, 52], [148, 53], [152, 54], [55, 191], [56, 121], [58, 63], [59, 135], [64, 171], [65, 117], [66, 71], [67, 116], [201, 68], [69, 183], [73, 155], [74, 212, 198], [105, 75, 159], [77, 205], [153, 78], [161, 79], [80, 185], [156, 84], [128, 87], [88, 127], [89, 190], [91, 195], [92, 125], [106, 157, 94], [112, 103], [104, 114], [136, 107], [177, 108], [113, 129], [209, 119], [120, 150], [124, 149], [204, 126], [130, 164], [132, 143], [134, 142], [137, 188], [170, 138], [139, 189], [144, 174], [145, 163], [202, 146], [165, 151], [168, 154], [184, 162], [182, 167], [179, 206], [210, 197]], "q0": 0.49556671792432105, "f0": 0.9160963384618124}