{
  "transactionTimestamps": [
    1705923581803,
    1705923581803,
    1705923582712,
    1705923582965,
    1705923583505,
    1705923583691,
    1705923584517,
    1705923584501,
    1705923585203,
    1705923585438,
    1705923586015,
    1705923586171
  ],
  "blockTimestamps": [
    1705923583163,
    1705923584301,
    1705923587209,
    1705923587929
  ],
  "blockTimes": [
    1705923589,
    1705923590,
    1705923591,
    1705923592
  ],
  "blockTransactions": [
    1,
    1,
    4,
    6
  ],
  "Delays": [
    1360,
    2498,
    4497,
    4244,
    3704,
    3518,
    3412,
    3428,
    2726,
    2491,
    1914,
    1758
  ],
  "Throughputs": [
    0.7352941176470588,
    0.8006405124099278,
    1.109877913429523,
    1.9588638589618022
  ],
  "AverageDelays": [
    1360,
    1929,
    3303.5,
    2962.5
  ]
}