{
  "transactionTimestamps": [
    1705923711772,
    1705923711772,
    1705923712604,
    1705923712837,
    1705923713336,
    1705923713633,
    1705923714163,
    1705923714645,
    1705923714912,
    1705923715349,
    1705923715801,
    1705923716098
  ],
  "blockTimestamps": [
    1705923712610,
    1705923718535
  ],
  "blockTimes": [
    1705923704,
    1705923714
  ],
  "blockTransactions": [
    2,
    10
  ],
  "Delays": [
    838,
    838,
    5931,
    5698,
    5199,
    4902,
    4372,
    3890,
    3623,
    3186,
    2734,
    2437
  ],
  "Throughputs": [
    2.3866348448687353,
    1.7743604909064026
  ],
  "AverageDelays": [
    838,
    3637.3333333333335
  ]
}