{
  "transactionTimestamps": [
    1705923611682,
    1705923611682,
    1705923612512,
    1705923611683,
    1705923612699,
    1705923613492,
    1705923613260,
    1705923613695,
    1705923614024,
    1705923614431,
    1705923614540,
    1705923615022,
    1705923615257,
    1705923615582,
    1705923615987,
    1705923615910,
    1705923616318,
    1705923617033,
    1705923611682,
    1705923611682,
    1705923612512,
    1705923611683,
    1705923612699,
    1705923613260,
    1705923613492,
    1705923613695,
    1705923614024,
    1705923614431,
    1705923614540,
    1705923615022,
    1705923615257,
    1705923615582,
    1705923615910,
    1705923615987,
    1705923616318,
    1705923617033
  ],
  "blockTimestamps": [
    1705923634628,
    1705923634669
  ],
  "blockTimes": [
    1705923609,
    1705923609
  ],
  "blockTransactions": [
    18,
    18
  ],
  "Delays": [
    22946,
    22946,
    22116,
    22945,
    21929,
    21136,
    21368,
    20933,
    20604,
    20197,
    20088,
    19606,
    19371,
    19046,
    18641,
    18718,
    18310,
    17595,
    22987,
    22987,
    22157,
    22986,
    21970,
    21409,
    21177,
    20974,
    20645,
    20238,
    20129,
    19647,
    19412,
    19087,
    18759,
    18682,
    18351,
    17636
  ],
  "Throughputs": [
    0.7844504488799791,
    1.5661025797189716
  ],
  "AverageDelays": [
    20471.944444444445,
    20492.444444444445
  ]
}