{
  "transactionTimestamps": [
    1705923592608,
    1705923593406,
    1705923593968,
    1705923594138,
    1705923594900,
    1705923595055,
    1705923596019,
    1705923596096,
    1705923596829,
    1705923597170,
    1705923597948
  ],
  "blockTimestamps": [
    1705923599946,
    1705923599947,
    1705923600078
  ],
  "blockTimes": [
    1705923600,
    1705923601,
    1705923602
  ],
  "blockTransactions": [
    1,
    9,
    1
  ],
  "Delays": [
    7338,
    6541,
    5979,
    5809,
    5047,
    4892,
    3928,
    3851,
    3118,
    2777,
    2130
  ],
  "Throughputs": [
    0.1362769146906514,
    1.362583458236817,
    1.4725568942436413
  ],
  "AverageDelays": [
    7338,
    4928,
    4673.636363636364
  ]
}