{
  "transactionTimestamps": [
    1705923722071,
    1705923723076,
    1705923723933,
    1705923724621,
    1705923725521,
    1705923726298,
    1705923727231,
    1705923727946,
    1705923728634,
    1705923729459,
    1705923730194,
    1705923731098
  ],
  "blockTimestamps": [
    1705923723973,
    1705923726117,
    1705923726438,
    1705923727877,
    1705923731739
  ],
  "blockTimes": [
    1705923722,
    1705923723,
    1705923725,
    1705923727,
    1705923729
  ],
  "blockTransactions": [
    1,
    1,
    3,
    2,
    5
  ],
  "Delays": [
    1902,
    3041,
    2505,
    1817,
    917,
    1579,
    646,
    3793,
    3105,
    2280,
    1545,
    641
  ],
  "Throughputs": [
    0.5257623554153523,
    0.49431537320810676,
    1.144950767117014,
    1.2056493282810885,
    1.2412081092263136
  ],
  "AverageDelays": [
    1902,
    2471.5,
    2036.4,
    1772.4285714285713,
    1980.9166666666667
  ]
}