{
  "transactionTimestamps": [
    1705923559992,
    1705923559992,
    1705923560791,
    1705923560821,
    1705923561552,
    1705923561801,
    1705923562391,
    1705923562670,
    1705923563045,
    1705923563592,
    1705923563797,
    1705923564527,
    1705923564928,
    1705923565927,
    1705923566659,
    1705923567545,
    1705923568229,
    1705923569056
  ],
  "blockTimestamps": [
    1705923565206,
    1705923567066,
    1705923567508,
    1705923570919,
    1705923571314
  ],
  "blockTimes": [
    1705923578,
    1705923579,
    1705923580,
    1705923583,
    1705923584
  ],
  "blockTransactions": [
    4,
    6,
    4,
    2,
    2
  ],
  "Delays": [
    5214,
    5214,
    4415,
    4385,
    5514,
    5265,
    4675,
    4396,
    4021,
    3474,
    3711,
    2981,
    2580,
    1581,
    4260,
    3374,
    3085,
    2258
  ],
  "Throughputs": [
    0.7671653241273494,
    1.413627367825841,
    1.8626929217668973,
    1.4642628351789146,
    1.589825119236884
  ],
  "AverageDelays": [
    4807,
    4657.3,
    4101.857142857143,
    4066.25,
    3911.277777777778
  ]
}