{"a": 0.6, "b": 0.4, "communities0": [[0, 14], [1, 39], [2, 50], [3, 36, 42, 16, 55, 56], [26, 51, 4, 6], [58, 5], [11, 7], [8, 38], [32, 9], [10, 30], [12, 37], [52, 13], [22, 15], [17, 35], [40, 18], [19, 44], [20, 45], [21, 47], [57, 23], [24, 25], [27, 31], [49, 28, 46], [34, 29], [33, 54], [41, 53], [48, 43]], "q0": 0.4865115981032936, "f0": 0.7979466002124512}