{"a": 0.5, "b": 0.5, "communities0": [[0, 106], [1, 227], [2, 222, 47], [3, 187], [248, 4], [192, 5, 231], [101, 6], [7, 151], [8, 184], [9, 23], [193, 10, 75, 76, 46, 17, 177, 22, 150], [66, 200, 11, 244, 93], [12, 118], [290, 13], [90, 14], [229, 167, 263, 137, 170, 109, 15, 210, 179, 147, 274, 250, 219, 190], [16, 232, 268], [18, 31], [195, 197, 154, 107, 236, 142, 175, 112, 113, 145, 19, 116, 275, 55, 186, 27, 30, 191], [208, 20], [67, 21, 102, 39], [24, 114], [247, 201, 265, 203, 108, 110, 180, 214, 215, 25, 91, 254], [26, 54], [256, 28], [212, 29], [32, 285], [33, 35], [34, 140], [36, 117], [124, 37], [130, 38], [40, 64], [96, 41], [136, 42], [144, 43, 62], [44, 245], [45, 198], [48, 169], [49, 158], [50, 171], [65, 51], [272, 52], [138, 92, 53], [56, 253], [57, 82, 134, 206], [185, 58], [121, 123, 100, 59], [156, 60], [291, 61], [80, 63], [264, 68], [69, 174], [97, 70], [71, 103], [72, 252], [73, 83], [74, 77], [216, 78], [139, 79], [81, 233], [129, 84], [228, 85], [86, 287], [87, 279], [88, 289], [89, 196], [132, 94], [95, 143], [161, 98], [99, 126], [104, 240], [105, 182], [188, 111], [217, 115], [259, 119], [120, 162], [122, 159], [237, 125, 205], [127, 183], [128, 276], [131, 278], [163, 133], [220, 135], [280, 141], [146, 283], [234, 148], [218, 149], [152, 178], [153, 281], [273, 155], [258, 157], [160, 223], [164, 246], [204, 165], [282, 166], [168, 207], [226, 172], [173, 286], [176, 225], [181, 262], [224, 189], [194, 211], [261, 199], [202, 284], [209, 271], [288, 213], [241, 221], [230, 270], [257, 235], [243, 238], [260, 239], [242, 269], [249, 277], [266, 251], [267, 255]], "q0": 0.48791487629830144, "f0": 0.9238436189307119}