{"a": 0.6, "b": 0.4, "communities0": [[0, 1, 3, 6, 18, 23, 24, 25, 26, 29, 30, 31, 34, 36, 37, 38, 39, 40, 41, 44, 45, 47, 48, 52, 53, 54, 55, 56, 57, 58, 62, 65, 68, 69, 70, 72, 74, 75, 76, 77, 78, 80, 82, 83, 85, 88, 90, 93, 94, 97, 100, 102, 104, 110, 111, 114, 115, 116, 117, 118, 119, 122, 124, 125, 126, 127, 130, 131, 132, 133, 134, 136, 137, 139, 143, 147, 149, 150, 154, 155, 157, 158, 160, 161, 162, 165, 167, 168, 169, 172, 174, 175, 177, 179, 180, 183, 185, 186, 191, 192, 197, 201, 202, 203, 204, 205, 208, 211, 212, 216, 217, 219, 220, 221, 222, 224, 225, 227, 230, 231, 234, 235, 236, 239, 240, 242, 243, 244, 246, 249, 251, 252, 253, 254, 255, 257, 258, 263, 264, 265, 266, 269, 270, 271, 273, 274, 278, 279, 281, 283, 284, 285, 286, 288, 289, 291, 294, 295, 297, 300, 301, 302, 304, 309, 310, 312, 313, 314, 315, 316, 317, 318, 319, 320, 321, 323, 324, 325, 328, 329, 331, 335, 336, 338, 339, 340, 341, 342, 345, 347, 349, 350, 351, 352, 354, 356, 357, 358, 361, 362, 364, 367, 368, 370, 371, 372], [2, 261, 8, 267, 21, 22, 156, 164, 292, 170, 298, 299, 173, 305, 306, 66, 198, 200, 333, 209, 210, 84, 87, 344, 89, 92, 348, 95, 96, 353, 228, 107, 369, 245, 247, 248, 250], [4, 260, 135, 268, 141, 14, 142, 275, 148, 277, 152, 28, 287, 32, 290, 171, 46, 307, 308, 311, 187, 190, 322, 67, 195, 213, 86, 346, 223, 98, 101, 360, 108, 109, 241, 120], [5], [105, 113, 7], [9, 11, 332, 229], [10, 207], [12, 206], [71, 13, 337, 17, 276], [128, 280, 15], [16, 129], [73, 19, 326], [226, 196, 166, 232, 365, 20, 282], [81, 27], [33, 194], [35, 293, 233, 43, 272], [199, 42, 238, 79, 146, 181, 182, 214, 123, 189], [49, 262], [355, 99, 327, 330, 140, 50, 91], [256, 51], [296, 59], [144, 60, 237], [218, 61], [366, 63], [64, 121], [188, 103], [359, 106, 138, 303, 176], [112, 363], [145, 178, 259], [193, 151], [153, 334, 159], [163, 343], [184, 215]], "q0": 0.4298972168885978, "f0": 0.5327983461923118}