{"a": 0.3, "b": 0.7, "communities0": [[0, 3, 7, 140, 142, 16, 145, 23, 154, 26, 157, 158, 34, 40, 175, 180, 53, 58, 186, 59, 189, 191, 64, 193, 194, 70, 199, 201, 77, 78, 207, 208, 84, 88, 92, 96, 99, 102, 103, 105, 107, 116, 120], [128, 1, 101, 134, 6, 165, 9, 10, 41, 137, 200, 143, 17, 49, 83, 115, 151, 156], [2, 80, 211, 184, 25], [82, 4], [163, 5, 69, 75, 81, 146, 113, 213, 22, 95], [135, 8, 139, 12, 150, 24, 27, 28, 162, 46, 50, 55, 187, 188, 190, 71, 72, 85, 104, 108, 119, 123, 126], [97, 11, 29, 133], [13, 118], [170, 14], [141, 15, 144, 148, 152, 30, 31, 160, 33, 161, 39, 168, 172, 182, 192, 73, 214, 87, 106, 124, 127], [169, 18], [195, 36, 45, 19, 20], [138, 203, 21, 94], [32, 114], [35, 112, 178, 117, 122], [37, 155, 125], [130, 100, 38, 136, 202, 110, 177, 56], [42, 62], [43, 111, 63, 183], [57, 98, 44, 149], [47, 167], [48, 51, 205], [131, 52], [67, 181, 54], [60, 173], [61, 86], [65, 166], [66, 147], [68, 171, 176, 212, 89, 159], [74, 179], [76, 109], [132, 79], [121, 90], [209, 91], [153, 93], [129, 164], [210, 174], [185, 206], [196, 198], [204, 197]], "q0": 0.4544987364778809, "f0": 0.9337468622081249}