{"a": 0.7, "b": 0.3, "communities0": [[0, 91], [1, 107], [2, 103], [3, 36], [88, 4], [5, 54], [6, 127], [9, 7], [8, 167], [176, 10], [120, 11], [12, 150], [85, 13], [128, 14], [146, 15], [16, 124], [17, 134], [18, 21], [26, 19], [113, 20], [22, 63], [129, 23], [24, 152], [25, 169], [27, 37], [28, 95], [101, 29], [154, 30], [77, 31], [32, 161], [33, 68], [34, 147], [35, 142], [38, 72, 174, 114, 178, 116, 92, 61, 158], [130, 39], [40, 135], [41, 42], [66, 43], [44, 141], [98, 45], [163, 46], [171, 47], [48, 60], [49, 105], [50, 106], [51, 164], [52, 110], [170, 53], [159, 55], [56, 58], [57, 59], [62, 119], [64, 177], [65, 93], [138, 67], [82, 69], [112, 70], [153, 71], [73, 99], [74, 87], [144, 122, 75, 139], [97, 76], [132, 78], [126, 79], [80, 156], [81, 121], [104, 83], [140, 84], [173, 86], [89, 90], [123, 94], [96, 117], [172, 100], [165, 102], [108, 133], [125, 109], [168, 111], [115, 143], [118, 151], [131, 149], [136, 145], [137, 155], [162, 148], [160, 157], [166, 175]], "q0": 0.495780541360721, "f0": 0.9155673715601751}