{"a": 0.4, "b": 0.6, "communities0": [[0, 1, 5, 7, 8, 11, 13, 15, 16, 17, 20, 22, 31, 33, 38, 47, 49, 57, 63, 68, 71, 72, 73, 78, 79, 88, 90, 91, 93, 102, 103, 107, 108, 109, 110, 111, 113, 118, 119, 120, 122, 123, 125], [24, 2], [106, 3, 12, 86], [4, 19, 25, 26, 35, 36, 37, 41, 43, 52, 53, 54, 55, 56, 61, 62, 74, 76, 81, 85, 87, 92, 95, 98, 104, 116, 117], [75, 84, 6], [89, 9, 94], [100, 69, 40, 10, 83], [105, 14, 48, 18, 114, 58], [21, 101], [60, 46, 23], [34, 99, 59, 77, 112, 27], [50, 28], [115, 29], [64, 42, 44, 121, 30], [32, 67, 39, 127], [82, 45], [80, 51], [65, 124], [96, 97, 66], [70, 126]], "q0": 0.45235908359224825, "f0": 0.8259406228742329}