{"a": 0.4, "b": 0.6, "communities0": [[0, 31], [1, 12, 13, 14, 15, 16, 18, 21, 30, 33, 38, 40, 41, 43, 52, 67, 69, 70, 71], [64, 2, 42], [24, 3, 7], [68, 4, 39, 10, 28], [34, 5, 72, 11, 50, 22, 54], [6, 73, 47, 55, 59, 60], [8, 57], [9, 66], [17, 46], [19, 51], [26, 20], [58, 23], [25, 37], [65, 27, 61], [48, 29], [32, 49], [35, 63], [36, 53], [44, 62], [56, 45]], "q0": 0.4353195192030873, "f0": 0.7986702491727466}