{"a": 0.3, "b": 0.7, "communities0": [[0, 5, 7], [1, 21], [16, 2, 18, 15], [3, 12, 22], [4, 13], [11, 6], [8, 17, 10], [9, 20], [14, 23], [24, 19]], "q0": 0.44766191883902184, "f0": 0.763386141310328}