{"a": 0.5, "b": 0.5, "communities0": [[0, 56], [40, 1, 61, 55], [2, 21], [3, 28], [4, 6, 11, 12, 52, 25, 26, 27], [49, 35, 5, 31], [41, 46, 7], [8, 65], [34, 36, 37, 9, 24, 59, 60, 29, 30], [48, 10, 44, 58], [32, 57, 13, 14], [66, 15], [16, 39], [67, 43, 17, 18, 54], [64, 50, 19], [20, 53, 62], [33, 22], [42, 23], [38, 63], [51, 45, 47]], "q0": 0.4505378684807257, "f0": 0.8744636815461957}