{"a": 0.7, "b": 0.3, "communities0": [[0, 4], [1, 34, 33, 36, 52, 27], [2, 31], [65, 3, 61], [20, 5], [44, 6], [41, 7], [32, 39, 8, 17, 18, 51, 22, 24, 25, 59, 29, 57], [9, 10, 68], [64, 11, 46, 16, 50, 26], [12, 60, 15], [13, 30], [56, 14], [35, 19], [40, 45, 28, 21], [58, 23], [48, 37], [67, 38], [42, 63], [43, 53], [55, 62, 47], [49, 66, 54]], "q0": 0.45475779558118073, "f0": 0.9342801644263324}