{"a": 0.5, "b": 0.5, "communities0": [[0, 65, 67, 6, 104, 9, 10, 106, 108, 78, 47, 113, 50, 82, 20, 116, 28, 63], [1, 39], [16, 2, 29], [3, 4, 5, 8, 11, 17, 21, 37, 38, 44, 45, 57, 60, 62, 73, 86, 87, 90, 95, 102], [98, 7, 41, 75, 119], [12, 15, 23, 25, 58, 59, 70, 72, 76, 77, 79, 83, 93, 96, 99, 100, 107, 111, 112, 117], [13, 71], [64, 14], [48, 18, 46], [101, 103, 115, 19, 92, 30], [89, 85, 22, 94], [24, 26, 114], [80, 27, 84], [97, 68, 31], [32, 53], [33, 109], [34, 51, 69], [88, 35], [36, 54], [40, 74], [43, 42, 91, 66], [56, 49, 81], [105, 52], [110, 55], [61, 118]], "q0": 0.4370066005876935, "f0": 0.9235287612405967}