{"a": 0.2, "b": 0.8, "communities0": [[0, 4, 40, 41, 10, 11, 43, 18], [32, 1, 13, 29, 30], [2, 23], [42, 3], [33, 34, 35, 5, 38, 8, 9, 15, 47, 17, 19, 21, 28], [6], [37, 7], [12, 45], [26, 27, 14, 22], [16, 44], [20, 36], [24, 25, 46], [31, 39]], "q0": 0.4183301443173866, "f0": 0.8416039112333417}