{
  "transactionTimestamps": [
    1706075296373,
    1706075296373,
    1706075297087,
    1706075297463,
    1706075297839,
    1706075298275,
    1706075298787,
    1706075299349,
    1706075299814,
    1706075300342,
    1706075300714,
    1706075301058
  ],
  "blockTimestamps": [
    1706075301748,
    1706075304743
  ],
  "blockTimes": [
    1706075301,
    1706075304
  ],
  "blockTransactions": [
    6,
    6
  ],
  "Delays": [
    5375,
    5375,
    4661,
    4285,
    3909,
    3473,
    5956,
    5394,
    4929,
    4401,
    4029,
    3685
  ],
  "Throughputs": [
    1.1162790697674418,
    1.4336917562724016
  ],
  "AverageDelays": [
    4513,
    4622.666666666667
  ]
}