{
  "transactionTimestamps": [
    1706075251344,
    1706075251345,
    1706075251345,
    1706075252011,
    1706075252227,
    1706075252273,
    1706075252957,
    1706075253004,
    1706075253333,
    1706075253767,
    1706075254031,
    1706075254142,
    1706075254497,
    1706075255092,
    1706075255153,
    1706075255170,
    1706075255882,
    1706075255897
  ],
  "blockTimestamps": [
    1706075256748,
    1706075259739
  ],
  "blockTimes": [
    1706075256,
    1706075259
  ],
  "blockTransactions": [
    9,
    9
  ],
  "Delays": [
    5404,
    5403,
    5403,
    4737,
    4521,
    4475,
    3791,
    3744,
    3415,
    5972,
    5708,
    5597,
    5242,
    4647,
    4586,
    4569,
    3857,
    3842
  ],
  "Throughputs": [
    1.6654330125832717,
    2.144133412745682
  ],
  "AverageDelays": [
    4543.666666666667,
    4717.388888888889
  ]
}