{
  "transactionTimestamps": [
    1706075276926,
    1706075277585,
    1706075278755,
    1706075281370,
    1706075281370,
    1706075282120,
    1706075282475,
    1706075282866,
    1706075283100,
    1706075283739,
    1706075283770,
    1706075284546,
    1706075284811,
    1706075285387,
    1706075285713
  ],
  "blockTimestamps": [
    1706075283744,
    1706075286749,
    1706075289741
  ],
  "blockTimes": [
    1706075283,
    1706075286,
    1706075289
  ],
  "blockTransactions": [
    2,
    7,
    6
  ],
  "Delays": [
    6818,
    6159,
    7994,
    5379,
    5379,
    4629,
    4274,
    3883,
    3649,
    6002,
    5971,
    5195,
    4930,
    4354,
    4028
  ],
  "Throughputs": [
    0.2933411557641537,
    0.9162170416369744,
    1.1705033164260632
  ],
  "AverageDelays": [
    6488.5,
    5351.555555555556,
    5242.933333333333
  ]
}