{
  "transactionTimestamps": [
    1706075266355,
    1706075267667,
    1706075268423,
    1706075269801,
    1706075270530,
    1706075272134,
    1706075272983,
    1706075274365,
    1706075274894
  ],
  "blockTimestamps": [
    1706075272339,
    1706075274734,
    1706075277740,
    1706075280737
  ],
  "blockTimes": [
    1706075271,
    1706075274,
    1706075277,
    1706075280
  ],
  "blockTransactions": [
    1,
    3,
    3,
    2
  ],
  "Delays": [
    5984,
    7067,
    6311,
    4933,
    7210,
    5606,
    4757,
    6372,
    5843
  ],
  "Throughputs": [
    0.16711229946524064,
    0.4773839360305526,
    0.6148440931049627,
    0.6257822277847309
  ],
  "AverageDelays": [
    5984,
    6073.75,
    5981.142857142857,
    6009.222222222223
  ]
}