{
  "transactionTimestamps": [
    1706075311387,
    1706075312534,
    1706075313161,
    1706075313922,
    1706075314698,
    1706075315756,
    1706075316772,
    1706075317809,
    1706075320499,
    1706075319790,
    1706075321213,
    1706075322051
  ],
  "blockTimestamps": [
    1706075316740,
    1706075319738,
    1706075322742,
    1706075325738
  ],
  "blockTimes": [
    1706075316,
    1706075319,
    1706075322,
    1706075325
  ],
  "blockTransactions": [
    3,
    3,
    1,
    5
  ],
  "Delays": [
    5353,
    4206,
    3579,
    5816,
    5040,
    3982,
    5970,
    7929,
    5239,
    5948,
    4525,
    3687
  ],
  "Throughputs": [
    0.5604334018307492,
    0.7184768291222607,
    0.6164685160722149,
    0.8361786635077695
  ],
  "AverageDelays": [
    4379.333333333333,
    4662.666666666667,
    4849.428571428572,
    5106.166666666667
  ]
}