{
  "transactionTimestamps": [
    1706075236334,
    1706075236335,
    1706075237472,
    1706075238297,
    1706075237394,
    1706075239108,
    1706075239402,
    1706075239792,
    1706075238574,
    1706075240429,
    1706075240632,
    1706075241313,
    1706075241490
  ],
  "blockTimestamps": [
    1706075241749,
    1706075244748
  ],
  "blockTimes": [
    1706075241,
    1706075244
  ],
  "blockTransactions": [
    5,
    8
  ],
  "Delays": [
    5415,
    5414,
    4277,
    3452,
    4355,
    5640,
    5346,
    4956,
    6174,
    4319,
    4116,
    3435,
    3258
  ],
  "Throughputs": [
    0.9233610341643582,
    1.5450439743285003
  ],
  "AverageDelays": [
    4582.6,
    4627.461538461538
  ]
}