{
  "transactionTimestamps": [
    1706075192106,
    1706075192122,
    1706075192139,
    1706075192138,
    1706075192868,
    1706075192961,
    1706075193194,
    1706075193255,
    1706075193597,
    1706075193878,
    1706075193974,
    1706075194313,
    1706075194621,
    1706075194668,
    1706075194933,
    1706075194994,
    1706075195430,
    1706075195630,
    1706075195770,
    1706075196048,
    1706075196095,
    1706075196357,
    1706075196686,
    1706075196703,
    1706075196996,
    1706075197089,
    1706075197536,
    1706075197788,
    1706075197955,
    1706075197970,
    1706075198139,
    1706075198646,
    1706075198691,
    1706075198799,
    1706075198877,
    1706075199329,
    1706075199345,
    1706075199828,
    1706075199906,
    1706075200154,
    1706075200184,
    1706075200855,
    1706075200868,
    1706075201281,
    1706075201840,
    1706075201932,
    1706075202181
  ],
  "blockTimestamps": [
    1706075196746,
    1706075199743,
    1706075202752,
    1706075205737
  ],
  "blockTimes": [
    1706075196,
    1706075199,
    1706075202,
    1706075205
  ],
  "blockTransactions": [
    8,
    14,
    15,
    10
  ],
  "Delays": [
    4640,
    4624,
    4607,
    4608,
    3878,
    3785,
    3552,
    3491,
    6146,
    5865,
    5769,
    5430,
    5122,
    5075,
    4810,
    4749,
    4313,
    4113,
    3973,
    3695,
    3648,
    3386,
    6066,
    6049,
    5756,
    5663,
    5216,
    4964,
    4797,
    4782,
    4613,
    4106,
    4061,
    3953,
    3875,
    3423,
    3407,
    5909,
    5831,
    5583,
    5553,
    4882,
    4869,
    4456,
    3897,
    3805,
    3556
  ],
  "Throughputs": [
    1.7241379310344829,
    2.8807123215922483,
    3.4754837497651696,
    3.4480228890030076
  ],
  "AverageDelays": [
    4148.125,
    4512.681818181818,
    4594.864864864865,
    4645.765957446809
  ]
}