{
  "transactionTimestamps": [
    1706075217687,
    1706075217918,
    1706075218012,
    1706075218772,
    1706075219082,
    1706075219407,
    1706075220157,
    1706075220358,
    1706075221050,
    1706075221207,
    1706075221332,
    1706075221334,
    1706075222045,
    1706075222153,
    1706075222185,
    1706075222293,
    1706075222739,
    1706075223138,
    1706075223157,
    1706075223220,
    1706075223451,
    1706075223952,
    1706075223966,
    1706075224013,
    1706075224354,
    1706075224693,
    1706075224739,
    1706075224925,
    1706075225049,
    1706075225312,
    1706075225655,
    1706075225733,
    1706075225964,
    1706075226026,
    1706075226925
  ],
  "blockTimestamps": [
    1706075223747,
    1706075226750,
    1706075229747,
    1706075232738
  ],
  "blockTimes": [
    1706075223,
    1706075226,
    1706075229,
    1706075232
  ],
  "blockTransactions": [
    8,
    13,
    13,
    1
  ],
  "Delays": [
    6060,
    5829,
    5735,
    4975,
    4665,
    4340,
    3590,
    3389,
    5700,
    5543,
    5418,
    5416,
    4705,
    4597,
    4565,
    4457,
    4011,
    3612,
    3593,
    3530,
    3299,
    5795,
    5781,
    5734,
    5393,
    5054,
    5008,
    4822,
    4698,
    4435,
    4092,
    4014,
    3783,
    3721,
    5813
  ],
  "Throughputs": [
    1.3201320132013201,
    2.3171135385633894,
    2.8192371475953566,
    2.325426881934755
  ],
  "AverageDelays": [
    4822.875,
    4620.428571428572,
    4687.029411764706,
    4719.2
  ]
}