{"a": 0.2, "b": 0.8, "communities0": [[0, 5], [1, 39, 41, 46, 15, 23], [9, 2, 4, 12], [32, 34, 3, 7, 40, 44, 45, 16, 19, 25, 26], [33, 35, 36, 38, 6, 8, 10, 11, 42, 14, 17, 22, 24, 29, 31], [43, 13], [18, 21], [20, 37], [48, 27], [28, 30, 47]], "q0": 0.39762867647058825, "f0": 0.7424798037069983}