{"a": 0.3, "b": 0.7, "communities0": [[0, 12], [1, 9, 11, 13, 20], [2], [18, 3], [4], [7, 5, 15], [17, 6], [8, 21], [10, 14, 22], [16, 19]], "communities1": [[0, 12], [1, 9, 11, 13, 20], [2, 4], [18, 3], [15, 5, 7], [17, 6], [8, 21], [10, 14, 22], [16, 19]], "communities2": [[0, 12], [1, 9, 11, 13, 20], [2, 4], [18, 3], [15, 5, 7], [17, 6], [8, 21], [10, 14, 22], [16, 19]], "communities3": [[8, 19, 5], [16, 9, 15], [21, 13, 6], [18, 12, 14], [3, 20, 7], [0, 22], [1, 4], [17, 2], [10, 11]], "q0": 0.4088165680473373, "f0": 0.7817387426054047, "q1": 0.43136094674556213, "f1": 0.7642800270001494}