{
  "transactionTimestamps": [
    1706178249245,
    1706178255882,
    1706178256605
  ],
  "blockTimestamps": [
    1706178257208,
    1706178263202
  ],
  "blockTimes": [
    1706178257,
    1706178263
  ],
  "blockTransactions": [
    1,
    2
  ],
  "Delays": [
    7963,
    7320,
    6597
  ],
  "Throughputs": [
    0.12558081125204068,
    0.2149459052805044
  ],
  "AverageDelays": [
    7963,
    7293.333333333333
  ]
}