{
  "transactionTimestamps": [
    1706178441898,
    1706178442897,
    1706178443207,
    1706178444100,
    1706178444068,
    1706178444068,
    1706178444726,
    1706178444772,
    1706178446661,
    1706178445977,
    1706178446816,
    1706178447207,
    1706178447631,
    1706178448039,
    1706178447868,
    1706178448585,
    1706178448585,
    1706178448850,
    1706178449660,
    1706178450300,
    1706178449974,
    1706178450629,
    1706178450722,
    1706178451362,
    1706178452439,
    1706178452799,
    1706178453124,
    1706178453437,
    1706178453313,
    1706178454172,
    1706178453516,
    1706178454814,
    1706178454299,
    1706178454987,
    1706178455659,
    1706178455798,
    1706178455907,
    1706178456502,
    1706178457523,
    1706178456689,
    1706178457364,
    1706178458657,
    1706178458484,
    1706178459203,
    1706178459515,
    1706178459499,
    1706178459688,
    1706178460170,
    1706178460264,
    1706178460763,
    1706178461810,
    1706178461389,
    1706178462329,
    1706178461653,
    1706178462609
  ],
  "blockTimestamps": [
    1706178449198,
    1706178452205,
    1706178455205,
    1706178458206,
    1706178461204,
    1706178464208,
    1706178467204
  ],
  "blockTimes": [
    1706178449,
    1706178452,
    1706178455,
    1706178458,
    1706178461,
    1706178464,
    1706178467
  ],
  "blockTransactions": [
    6,
    6,
    9,
    8,
    8,
    8,
    10
  ],
  "Delays": [
    7300,
    6301,
    5991,
    5098,
    5130,
    5130,
    7479,
    7433,
    5544,
    6228,
    5389,
    4998,
    7574,
    7166,
    7337,
    6620,
    6620,
    6355,
    5545,
    4905,
    5231,
    7577,
    7484,
    6844,
    5767,
    5407,
    5082,
    4769,
    4893,
    7032,
    7688,
    6390,
    6905,
    6217,
    5545,
    5406,
    5297,
    7706,
    6685,
    7519,
    6844,
    5551,
    5724,
    5005,
    4693,
    7705,
    7516,
    7034,
    6940,
    6441,
    5394,
    5815,
    4875,
    5551,
    4595
  ],
  "Throughputs": [
    0.8219178082191781,
    1.1642573008634909,
    1.5781167806417675,
    1.7782683345597252,
    1.9165026416658033,
    2.0170327207530256,
    2.1733976132142576
  ],
  "AverageDelays": [
    5825,
    6001.75,
    6160.666666666667,
    6110.241379310345,
    6153.4324324324325,
    6164.533333333334,
    6168.545454545455
  ]
}