{
  "transactionTimestamps": [
    1706178381309,
    1706178381434,
    1706178382446,
    1706178383267,
    1706178385283,
    1706178385844,
    1706178385377,
    1706178386791,
    1706178386046,
    1706178386635,
    1706178387398,
    1706178387118,
    1706178387757,
    1706178386979,
    1706178387197,
    1706178387711,
    1706178388566,
    1706178388692,
    1706178388566,
    1706178389218,
    1706178390946,
    1706178391834,
    1706178392473,
    1706178392799,
    1706178393310,
    1706178392815,
    1706178393388,
    1706178393559,
    1706178393747,
    1706178394058,
    1706178394230,
    1706178394262,
    1706178394654,
    1706178394685,
    1706178394967,
    1706178395497,
    1706178395404,
    1706178398057,
    1706178398809,
    1706178399496,
    1706178399655,
    1706178400168,
    1706178400246,
    1706178400153,
    1706178400451,
    1706178400543,
    1706178401198,
    1706178401871,
    1706178401074,
    1706178401338
  ],
  "blockTimestamps": [
    1706178389810,
    1706178392210,
    1706178395204,
    1706178398210,
    1706178401208,
    1706178404205,
    1706178407205
  ],
  "blockTimes": [
    1706178389,
    1706178392,
    1706178395,
    1706178398,
    1706178401,
    1706178404,
    1706178407
  ],
  "blockTransactions": [
    4,
    10,
    6,
    8,
    9,
    3,
    10
  ],
  "Delays": [
    8501,
    8376,
    7364,
    6543,
    6927,
    6366,
    6833,
    5419,
    6164,
    5575,
    4812,
    5092,
    4453,
    5231,
    8007,
    7493,
    6638,
    6512,
    6638,
    5986,
    7264,
    6376,
    5737,
    5411,
    4900,
    5395,
    4822,
    4651,
    7461,
    7150,
    6978,
    6946,
    6554,
    6523,
    6241,
    5711,
    5804,
    6148,
    5396,
    4709,
    7550,
    7037,
    6959,
    7052,
    6754,
    6662,
    6007,
    5334,
    6131,
    5867
  ],
  "Throughputs": [
    0.4705328784848842,
    1.2842858453352903,
    1.439366678661389,
    1.6567067037453405,
    1.8593899190914116,
    1.7470300489168413,
    1.9308001235712078
  ],
  "AverageDelays": [
    7696,
    6261.142857142857,
    6446.5,
    6195.928571428572,
    6293.351351351352,
    6227.675,
    6289.2
  ]
}