{
  "transactionTimestamps": [
    1706178404817,
    1706178405600,
    1706178405553,
    1706178406473,
    1706178405818,
    1706178406739,
    1706178407066,
    1706178407894,
    1706178407627,
    1706178408553,
    1706178408569,
    1706178408569,
    1706178411346,
    1706178411861,
    1706178411940,
    1706178412474,
    1706178412191,
    1706178413051,
    1706178413426,
    1706178414049,
    1706178414049,
    1706178415078,
    1706178414783,
    1706178415702,
    1706178415282,
    1706178415844,
    1706178417888,
    1706178418169,
    1706178418452,
    1706178418874,
    1706178419308,
    1706178419791,
    1706178419933,
    1706178420448
  ],
  "blockTimestamps": [
    1706178410202,
    1706178413207,
    1706178416204,
    1706178419803,
    1706178422208,
    1706178425207
  ],
  "blockTimes": [
    1706178410,
    1706178413,
    1706178416,
    1706178419,
    1706178422,
    1706178425
  ],
  "blockTransactions": [
    2,
    8,
    3,
    8,
    6,
    7
  ],
  "Delays": [
    5385,
    4602,
    7654,
    6734,
    7389,
    6468,
    6141,
    5313,
    5580,
    4654,
    7635,
    7635,
    4858,
    7942,
    7863,
    7329,
    7612,
    6752,
    6377,
    5754,
    5754,
    7130,
    7425,
    6506,
    6926,
    6364,
    4320,
    7038,
    6755,
    6333,
    5899,
    5416,
    5274,
    4759
  ],
  "Throughputs": [
    0.37140204271123495,
    1.1918951132300357,
    1.1416527619214893,
    1.4013078873615374,
    1.5525271692254616,
    1.6674840608141246
  ],
  "AverageDelays": [
    4993.5,
    5992,
    6157.538461538462,
    6449.0952380952385,
    6448.222222222223,
    6340.470588235294
  ]
}