{
  "transactionTimestamps": [
    1706178282561,
    1706178286246,
    1706178287108,
    1706178286872,
    1706178287779,
    1706178288668,
    1706178288513,
    1706178288515,
    1706178288513,
    1706178289233,
    1706178292326,
    1706178292857,
    1706178293251,
    1706178294120,
    1706178294590,
    1706178294731,
    1706178294872,
    1706178294873,
    1706178295405,
    1706178295655,
    1706178295538,
    1706178295538,
    1706178298637,
    1706178299171,
    1706178299532,
    1706178300203,
    1706178300077,
    1706178300655,
    1706178300842,
    1706178301371,
    1706178301061,
    1706178301545,
    1706178301387,
    1706178302075
  ],
  "blockTimestamps": [
    1706178290199,
    1706178293206,
    1706178296204,
    1706178299212,
    1706178302204,
    1706178305205,
    1706178308205
  ],
  "blockTimes": [
    1706178290,
    1706178293,
    1706178296,
    1706178299,
    1706178302,
    1706178305,
    1706178308
  ],
  "blockTransactions": [
    1,
    5,
    4,
    5,
    7,
    5,
    7
  ],
  "Delays": [
    7638,
    6960,
    6098,
    6334,
    5427,
    4538,
    7691,
    7689,
    7691,
    6971,
    6886,
    6355,
    5961,
    5092,
    4622,
    7473,
    7332,
    7331,
    6799,
    6549,
    6666,
    6666,
    6568,
    6034,
    5673,
    5002,
    5128,
    7550,
    7363,
    6834,
    7144,
    6660,
    6818,
    6130
  ],
  "Throughputs": [
    0.13092432573972243,
    0.5636449037106623,
    0.7329766180458843,
    0.9008467959882289,
    1.1199918546046936,
    1.192368839427663,
    1.3258462018405865
  ],
  "AverageDelays": [
    7638,
    6165.833333333333,
    6703.7,
    6396.866666666667,
    6580.409090909091,
    6413.851851851852,
    6519.794117647059
  ]
}