{
  "transactionTimestamps": [
    1706178420743,
    1706178420867,
    1706178421743,
    1706178421821,
    1706178422511,
    1706178424264,
    1706178423621,
    1706178425550,
    1706178425071,
    1706178425882,
    1706178426303,
    1706178426788,
    1706178426758,
    1706178428572,
    1706178427506,
    1706178428571,
    1706178428475,
    1706178427946,
    1706178428572,
    1706178430100,
    1706178430490,
    1706178431208,
    1706178431128,
    1706178431787,
    1706178431975,
    1706178432942,
    1706178432709,
    1706178433878,
    1706178434206,
    1706178434407,
    1706178434751,
    1706178435049,
    1706178435138,
    1706178435706,
    1706178436222,
    1706178437047,
    1706178437501,
    1706178437171,
    1706178437874,
    1706178438326,
    1706178437736,
    1706178438078,
    1706178439277,
    1706178440180,
    1706178440711,
    1706178440602,
    1706178440884,
    1706178441163,
    1706178441428
  ],
  "blockTimestamps": [
    1706178428804,
    1706178431211,
    1706178434212,
    1706178437204,
    1706178440207,
    1706178443207,
    1706178446208
  ],
  "blockTimes": [
    1706178428,
    1706178431,
    1706178434,
    1706178437,
    1706178440,
    1706178443,
    1706178446
  ],
  "blockTransactions": [
    5,
    6,
    8,
    7,
    7,
    9,
    7
  ],
  "Delays": [
    8061,
    7937,
    7061,
    6983,
    6293,
    6947,
    7590,
    5661,
    6140,
    5329,
    4908,
    7424,
    7454,
    5640,
    6706,
    5641,
    5737,
    6266,
    5640,
    7104,
    6714,
    5996,
    6076,
    5417,
    5229,
    4262,
    7498,
    6329,
    6001,
    5800,
    5456,
    5158,
    5069,
    7501,
    6985,
    6160,
    5706,
    6036,
    5333,
    4881,
    5471,
    5129,
    6931,
    6028,
    5497,
    5606,
    5324,
    5045,
    4780
  ],
  "Throughputs": [
    0.6202704379109292,
    1.0508215513947268,
    1.4106466701314129,
    1.579490917927222,
    1.6954377311960545,
    1.8696581196581197,
    1.9242096995876694
  ],
  "AverageDelays": [
    7267,
    6628.181818181818,
    6495.684210526316,
    6316,
    6228.090909090909,
    6160.214285714285,
    6080.408163265306
  ]
}