{
  "transactionTimestamps": [
    1706178463593,
    1706178464139,
    1706178464294,
    1706178465061,
    1706178465043,
    1706178465763,
    1706178466401,
    1706178466432,
    1706178467041,
    1706178466948,
    1706178467212,
    1706178467433,
    1706178468464,
    1706178468027,
    1706178467870,
    1706178468590,
    1706178468590,
    1706178468978,
    1706178468591,
    1706178470506,
    1706178470867,
    1706178470961,
    1706178471786,
    1706178471725,
    1706178472660,
    1706178472989,
    1706178473253,
    1706178473299,
    1706178473985,
    1706178474328,
    1706178474828,
    1706178474796,
    1706178474140,
    1706178475108,
    1706178474985,
    1706178475313,
    1706178474875,
    1706178475719,
    1706178476061,
    1706178476703,
    1706178477749,
    1706178477515,
    1706178478735,
    1706178479426,
    1706178479317,
    1706178480618,
    1706178480789,
    1706178480586,
    1706178480758,
    1706178481304,
    1706178480507,
    1706178481398,
    1706178481367,
    1706178481367,
    1706178481446,
    1706178482776
  ],
  "blockTimestamps": [
    1706178470202,
    1706178473260,
    1706178476208,
    1706178479206,
    1706178482205,
    1706178485219,
    1706178488207
  ],
  "blockTimes": [
    1706178470,
    1706178473,
    1706178476,
    1706178479,
    1706178482,
    1706178485,
    1706178488
  ],
  "blockTransactions": [
    5,
    11,
    7,
    8,
    9,
    7,
    9
  ],
  "Delays": [
    6609,
    6063,
    5908,
    5141,
    5159,
    7497,
    6859,
    6828,
    6219,
    6312,
    6048,
    5827,
    4796,
    5233,
    5390,
    4670,
    7618,
    7230,
    7617,
    5702,
    5341,
    5247,
    4422,
    7481,
    6546,
    6217,
    5953,
    5907,
    5221,
    4878,
    4378,
    7409,
    8065,
    7097,
    7220,
    6892,
    7330,
    6486,
    6144,
    5502,
    7470,
    7704,
    6484,
    5793,
    5902,
    4601,
    4430,
    7621,
    7449,
    6903,
    7700,
    6809,
    6840,
    6840,
    6761,
    5431
  ],
  "Throughputs": [
    0.7565441065214102,
    1.6551153408503156,
    1.823226317875545,
    1.9855248831102288,
    2.1491510853212983,
    2.173309904744289,
    2.275127975948647
  ],
  "AverageDelays": [
    5776,
    5909.9375,
    5988.521739130435,
    5945.709677419355,
    6161.55,
    6145.659574468085,
    6271.428571428572
  ]
}