{
  "transactionTimestamps": [
    1706178342905,
    1706178344369,
    1706178345244,
    1706178345989,
    1706178345466,
    1706178346951,
    1706178346416,
    1706178347119,
    1706178346649,
    1706178347306,
    1706178347833,
    1706178347787,
    1706178348541,
    1706178348301,
    1706178348541,
    1706178348395,
    1706178348542,
    1706178349254,
    1706178350361,
    1706178350873,
    1706178351982,
    1706178352796,
    1706178352920,
    1706178352935,
    1706178353153,
    1706178353853,
    1706178354258,
    1706178353510,
    1706178353664,
    1706178354506,
    1706178354616,
    1706178354070,
    1706178355209,
    1706178354679,
    1706178355100,
    1706178355334,
    1706178355506,
    1706178356083,
    1706178356365,
    1706178356924,
    1706178358604,
    1706178359442,
    1706178359783,
    1706178359599,
    1706178359894,
    1706178360315,
    1706178360158,
    1706178360111,
    1706178360563,
    1706178361188,
    1706178360658,
    1706178361471,
    1706178361688,
    1706178362000,
    1706178362208,
    1706178362544,
    1706178363491
  ],
  "blockTimestamps": [
    1706178350204,
    1706178353205,
    1706178356212,
    1706178359204,
    1706178362207,
    1706178365202,
    1706178368210
  ],
  "blockTimes": [
    1706178350,
    1706178353,
    1706178356,
    1706178359,
    1706178362,
    1706178365,
    1706178368
  ],
  "blockTransactions": [
    3,
    11,
    6,
    12,
    8,
    8,
    9
  ],
  "Delays": [
    7299,
    5835,
    4960,
    7216,
    7739,
    6254,
    6789,
    6086,
    6556,
    5899,
    5372,
    5418,
    4664,
    4904,
    7671,
    7817,
    7670,
    6958,
    5851,
    5339,
    7222,
    6408,
    6284,
    6269,
    6051,
    5351,
    4946,
    5694,
    5540,
    4698,
    4588,
    5134,
    6998,
    7528,
    7107,
    6873,
    6701,
    6124,
    5842,
    5283,
    6598,
    5760,
    5419,
    5603,
    5308,
    4887,
    5044,
    5091,
    7647,
    7022,
    7552,
    6739,
    6522,
    6210,
    6002,
    5666,
    4719
  ],
  "Throughputs": [
    0.4110152075626798,
    1.3592233009708736,
    1.502968362515969,
    1.9633106325541445,
    2.0723241114910373,
    2.1527559761402877,
    2.2525192649673977
  ],
  "AverageDelays": [
    6031.333333333333,
    6070.785714285715,
    6314.85,
    6077.5625,
    6173.45,
    6055.166666666667,
    6118.017543859649
  ]
}