{
  "transactionTimestamps": [
    1706178321268,
    1706178321411,
    1706178321754,
    1706178321783,
    1706178321676,
    1706178322115,
    1706178322347,
    1706178322454,
    1706178323338,
    1706178325249,
    1706178325791,
    1706178326153,
    1706178327069,
    1706178326460,
    1706178326694,
    1706178327115,
    1706178327456,
    1706178327674,
    1706178327534,
    1706178328529,
    1706178328144,
    1706178328326,
    1706178328511,
    1706178328529,
    1706178328915,
    1706178329212,
    1706178329910,
    1706178331686,
    1706178332329,
    1706178332854,
    1706178332792,
    1706178333323,
    1706178332711,
    1706178333591,
    1706178333403,
    1706178333669,
    1706178334151,
    1706178334679,
    1706178334851,
    1706178334946,
    1706178334276,
    1706178334579,
    1706178335258,
    1706178335460,
    1706178335882,
    1706178335898,
    1706178336737,
    1706178338714,
    1706178338168,
    1706178339554,
    1706178339540,
    1706178339275,
    1706178340033,
    1706178340536,
    1706178339835,
    1706178340393,
    1706178340803,
    1706178341270,
    1706178341472,
    1706178341238,
    1706178341395,
    1706178341798,
    1706178342003
  ],
  "blockTimestamps": [
    1706178329203,
    1706178332209,
    1706178335211,
    1706178338214,
    1706178341201,
    1706178344212,
    1706178347211
  ],
  "blockTimes": [
    1706178329,
    1706178332,
    1706178335,
    1706178338,
    1706178341,
    1706178344,
    1706178347
  ],
  "blockTransactions": [
    9,
    9,
    9,
    7,
    12,
    6,
    11
  ],
  "Delays": [
    7935,
    7792,
    7449,
    7420,
    7527,
    7088,
    6856,
    6749,
    5865,
    6960,
    6418,
    6056,
    5140,
    5749,
    5515,
    5094,
    4753,
    4535,
    7677,
    6682,
    7067,
    6885,
    6700,
    6682,
    6296,
    5999,
    5301,
    6528,
    5885,
    5360,
    5422,
    4891,
    5503,
    4623,
    7798,
    7532,
    7050,
    6522,
    6350,
    6255,
    6925,
    6622,
    5943,
    5741,
    5319,
    5303,
    7475,
    5498,
    6044,
    4658,
    4672,
    4937,
    7178,
    6675,
    7376,
    6818,
    6408,
    5941,
    5739,
    5973,
    5816,
    5413,
    5208
  ],
  "Throughputs": [
    1.1342155009451795,
    1.6451878256100905,
    1.9364555691027756,
    2.0063731854124867,
    2.3077308985100085,
    2.2663877266387726,
    2.4284007246656127
  ],
  "AverageDelays": [
    7186.777777777777,
    6383.388888888889,
    6451.481481481482,
    6247.117647058823,
    6299.173913043478,
    6212.423076923077,
    6215.730158730159
  ]
}