{
  "transactionTimestamps": [
    1706178364347,
    1706178366559,
    1706178365874,
    1706178365232,
    1706178366465,
    1706178366948,
    1706178367073,
    1706178368194,
    1706178367979,
    1706178368535,
    1706178368554,
    1706178368554,
    1706178368349,
    1706178368985,
    1706178369372,
    1706178368768,
    1706178370257,
    1706178371083,
    1706178371160,
    1706178372154,
    1706178373682,
    1706178374070,
    1706178374458,
    1706178374630,
    1706178374555,
    1706178374755,
    1706178374584,
    1706178374942,
    1706178375426,
    1706178375395,
    1706178375113,
    1706178375690,
    1706178376561,
    1706178377200,
    1706178378333,
    1706178379565,
    1706178379795,
    1706178380402,
    1706178380449,
    1706178380792,
    1706178380776,
    1706178380465,
    1706178380714,
    1706178381309,
    1706178381528
  ],
  "blockTimestamps": [
    1706178371205,
    1706178374211,
    1706178377207,
    1706178380207,
    1706178383218,
    1706178386207
  ],
  "blockTimes": [
    1706178371,
    1706178374,
    1706178377,
    1706178380,
    1706178383,
    1706178386
  ],
  "blockTransactions": [
    5,
    11,
    4,
    10,
    5,
    10
  ],
  "Delays": [
    6858,
    4646,
    5331,
    5973,
    4740,
    7263,
    7138,
    6017,
    6232,
    5676,
    5657,
    5657,
    5862,
    5226,
    4839,
    5443,
    6950,
    6124,
    6047,
    5053,
    6525,
    6137,
    5749,
    5577,
    5652,
    5452,
    5623,
    5265,
    4781,
    4812,
    8105,
    7528,
    6657,
    6018,
    4885,
    6642,
    6412,
    5805,
    5758,
    5415,
    5431,
    5742,
    5493,
    4898,
    4679
  ],
  "Throughputs": [
    0.7290755322251385,
    1.6220600162206,
    1.5552099533437014,
    1.8915510718789408,
    1.854697684277463,
    2.058554437328454
  ],
  "AverageDelays": [
    5509.6,
    5784.875,
    5836.6,
    5743.5,
    5871.371428571429,
    5817.177777777778
  ]
}