{
  "transactionTimestamps": [
    1706178501279,
    1706178501574,
    1706178502087,
    1706178502938,
    1706178503858,
    1706178505334,
    1706178504760,
    1706178505023,
    1706178505989,
    1706178506051,
    1706178506816,
    1706178506627,
    1706178507392,
    1706178508606,
    1706178508325,
    1706178508607,
    1706178509481,
    1706178509980,
    1706178511336,
    1706178511399,
    1706178511870,
    1706178512902,
    1706178512277,
    1706178513228,
    1706178512465,
    1706178513773,
    1706178514207,
    1706178515144,
    1706178515379,
    1706178515533,
    1706178515955,
    1706178516300,
    1706178517812,
    1706178518620,
    1706178518747,
    1706178519496,
    1706178519698,
    1706178520414,
    1706178521288,
    1706178521834,
    1706178522476,
    1706178521756
  ],
  "blockTimestamps": [
    1706178509210,
    1706178512205,
    1706178515208,
    1706178518212,
    1706178521206,
    1706178524209,
    1706178527208
  ],
  "blockTimes": [
    1706178509,
    1706178512,
    1706178515,
    1706178518,
    1706178521,
    1706178524,
    1706178527
  ],
  "blockTransactions": [
    5,
    8,
    5,
    7,
    6,
    5,
    6
  ],
  "Delays": [
    7931,
    7636,
    7123,
    6272,
    5352,
    6871,
    7445,
    7182,
    6216,
    6154,
    5389,
    5578,
    4813,
    6602,
    6883,
    6601,
    5727,
    5228,
    6876,
    6813,
    6342,
    5310,
    5935,
    4984,
    5747,
    7433,
    6999,
    6062,
    5827,
    5673,
    5251,
    7909,
    6397,
    5589,
    5462,
    4713,
    7510,
    6794,
    5920,
    5374,
    4732,
    5452
  ],
  "Throughputs": [
    0.6304375236414071,
    1.18982244188175,
    1.2922679302175317,
    1.4764070158861395,
    1.5556782255231596,
    1.569995638901003,
    1.6198079370588916
  ],
  "AverageDelays": [
    6862.8,
    6458.615384615385,
    6389.055555555556,
    6280.4,
    6266.290322580645,
    6231.25,
    6193.023809523809
  ]
}