{
  "transactionTimestamps": [
    1706178522725,
    1706178524736,
    1706178525583,
    1706178526067,
    1706178526943,
    1706178528314,
    1706178528531,
    1706178529124,
    1706178528610,
    1706178529435,
    1706178530698,
    1706178531231,
    1706178532805,
    1706178533320,
    1706178534238,
    1706178534925,
    1706178535533,
    1706178534924,
    1706178535892,
    1706178535189,
    1706178537966,
    1706178539119,
    1706178540037,
    1706178540753,
    1706178540676,
    1706178541157,
    1706178541190,
    1706178541995,
    1706178541715
  ],
  "blockTimestamps": [
    1706178530212,
    1706178533207,
    1706178536224,
    1706178539201,
    1706178542210,
    1706178545214,
    1706178548210
  ],
  "blockTimes": [
    1706178530,
    1706178533,
    1706178536,
    1706178539,
    1706178542,
    1706178545,
    1706178548
  ],
  "blockTransactions": [
    3,
    3,
    6,
    3,
    5,
    4,
    5
  ],
  "Delays": [
    7487,
    5476,
    4629,
    7140,
    6264,
    4893,
    7693,
    7100,
    7614,
    6789,
    5526,
    4993,
    6396,
    5881,
    4963,
    7285,
    6677,
    7286,
    6318,
    7021,
    7248,
    6095,
    5177,
    4461,
    7534,
    7053,
    7020,
    6215,
    6495
  ],
  "Throughputs": [
    0.4006945371978095,
    0.5724098454493418,
    0.8889547373879546,
    0.9104151493080845,
    1.0264305876315114,
    1.0671884032193517,
    1.1379242691779479
  ],
  "AverageDelays": [
    5864,
    5981.5,
    6300.333333333333,
    6189.6,
    6371.55,
    6267.166666666667,
    6369.9655172413795
  ]
}