{"a": 0.2, "b": 0.8, "communities0": [[0, 72], [64, 1, 71, 9, 10, 43, 74, 76, 49, 18, 19, 51, 85, 30, 89, 60, 93, 94], [2, 4, 37, 45, 88], [3, 77], [34, 5, 61], [66, 6, 56, 31, 63], [16, 7], [70, 8, 79, 17, 86], [67, 42, 11, 44, 78, 21], [12, 39], [41, 13], [90, 14], [82, 68, 15], [69, 80, 50, 20, 54, 27, 92], [35, 91, 22], [32, 38, 40, 46, 47, 23, 24], [73, 52, 29, 25], [33, 26], [48, 28], [65, 58, 36], [53, 87], [84, 55], [81, 57], [83, 59], [75, 62]], "q0": 0.47197279983196805, "f0": 0.9146028332770342}