{"a": 0.7, "b": 0.3, "communities0": [[0, 3], [1, 6, 11, 15, 19, 26, 29, 30, 39, 42, 43, 44, 45, 48, 51, 56, 57, 58, 69, 72, 73, 74, 79, 80, 92, 93, 96, 100, 101, 102, 105, 106, 110, 113, 114, 117, 119, 120, 123], [2, 66, 27, 63, 127], [34, 4, 41, 75, 77, 78, 111, 52, 116, 53, 118, 87, 121], [17, 5, 125], [64, 98, 99, 37, 7, 104, 14, 49, 81, 84, 22, 122, 59, 28, 94], [8, 107], [9, 109, 112, 85, 54], [10, 12, 31], [13, 71], [16, 90, 115], [18, 55], [20, 60], [91, 21], [32, 23], [24, 124], [25, 83], [33, 68], [35, 103], [89, 36], [82, 38], [40, 108, 70, 76], [46, 86], [61, 47], [65, 50], [67, 62], [88, 126], [97, 95]], "q0": 0.4198941929371849, "f0": 0.8972305728540954}