{
  "transactionTimestamps": [
    1706099057198,
    1706099057931,
    1706099058706,
    1706099058846,
    1706099059671,
    1706099059343,
    1706099059823,
    1706099060695,
    1706099060759,
    1706099060573,
    1706099060681,
    1706099061727,
    1706099061806,
    1706099062334,
    1706099063263,
    1706099063712,
    1706099063158,
    1706099063713,
    1706099064198,
    1706099064290,
    1706099063635,
    1706099063714,
    1706099064384,
    1706099064583,
    1706099065419,
    1706099065729,
    1706099066140,
    1706099066942,
    1706099066724,
    1706099067125,
    1706099067064,
    1706099067172,
    1706099067675,
    1706099067828,
    1706099067578,
    1706099068338,
    1706099068245,
    1706099068260,
    1706099069114,
    1706099068586,
    1706099069100,
    1706099070283,
    1706099070389,
    1706099070501,
    1706099071500,
    1706099071777,
    1706099071326,
    1706099071824,
    1706099071171,
    1706099071763
  ],
  "blockTimestamps": [
    1706099064776,
    1706099067771,
    1706099071387,
    1706099073785,
    1706099076780
  ],
  "blockTimes": [
    1706099064,
    1706099067,
    1706099070,
    1706099073,
    1706099076
  ],
  "blockTransactions": [
    7,
    7,
    11,
    15,
    10
  ],
  "Delays": [
    7578,
    6845,
    6070,
    5930,
    5105,
    5433,
    4953,
    7076,
    7012,
    7198,
    7090,
    6044,
    5965,
    5437,
    8124,
    7675,
    8229,
    7674,
    7189,
    7097,
    7752,
    7673,
    7003,
    6804,
    5968,
    8056,
    7645,
    6843,
    7061,
    6660,
    6721,
    6613,
    6110,
    5957,
    6207,
    5447,
    5540,
    5525,
    4671,
    5199,
    7680,
    6497,
    6391,
    6279,
    5280,
    5003,
    5454,
    4956,
    5609,
    5017
  ],
  "Throughputs": [
    0.9237265769332277,
    1.3241274945616193,
    1.7619282542814856,
    2.411527099535781,
    2.553365335512205
  ],
  "AverageDelays": [
    5987.714285714285,
    6266.857142857143,
    6756.96,
    6579.475,
    6426.9
  ]
}