{
  "transactionTimestamps": [
    1706099192438,
    1706099191673,
    1706099193092,
    1706099192953,
    1706099193964,
    1706099194320,
    1706099194225,
    1706099195037,
    1706099195051,
    1706099194722,
    1706099195565,
    1706099195456,
    1706099195705,
    1706099195949,
    1706099196059,
    1706099196349,
    1706099196523,
    1706099196753,
    1706099197934,
    1706099198245,
    1706099198525,
    1706099199160,
    1706099199267,
    1706099198786,
    1706099198786,
    1706099198786,
    1706099199702,
    1706099199606,
    1706099199968,
    1706099200773,
    1706099199794,
    1706099200603,
    1706099200744,
    1706099201352,
    1706099201179,
    1706099201818,
    1706099201726,
    1706099202164,
    1706099202132,
    1706099202908,
    1706099203205,
    1706099202645,
    1706099203729,
    1706099203034,
    1706099203483,
    1706099203560,
    1706099203592,
    1706099204010,
    1706099203577,
    1706099204368,
    1706099204244,
    1706099204339,
    1706099204541,
    1706099205101,
    1706099205523,
    1706099204914,
    1706099205848,
    1706099206472,
    1706099206392,
    1706099207084,
    1706099207236
  ],
  "blockTimestamps": [
    1706099199777,
    1706099202784,
    1706099205778,
    1706099208782,
    1706099211784
  ],
  "blockTimes": [
    1706099199,
    1706099202,
    1706099205,
    1706099208,
    1706099211
  ],
  "blockTransactions": [
    8,
    11,
    16,
    14,
    12
  ],
  "Delays": [
    7339,
    8104,
    6685,
    6824,
    5813,
    5457,
    5552,
    4740,
    7733,
    8062,
    7219,
    7328,
    7079,
    6835,
    6725,
    6435,
    6261,
    6031,
    4850,
    7533,
    7253,
    6618,
    6511,
    6992,
    6992,
    6992,
    6076,
    6172,
    5810,
    5005,
    5984,
    5175,
    5034,
    4426,
    4599,
    6964,
    7056,
    6618,
    6650,
    5874,
    5577,
    6137,
    5053,
    5748,
    5299,
    5222,
    5190,
    4772,
    5205,
    7416,
    7540,
    7445,
    7243,
    6683,
    6261,
    6870,
    5936,
    5312,
    5392,
    4700,
    4548
  ],
  "Throughputs": [
    1.0900667665894535,
    1.8364585346994007,
    2.623688155922039,
    2.9980420949583944,
    3.153106585340639
  ],
  "AverageDelays": [
    6314.25,
    6582.736842105263,
    6349.828571428571,
    6196.102040816327,
    6212.377049180328
  ]
}