{
  "transactionTimestamps": [
    1706099071639,
    1706099072573,
    1706099073024,
    1706099073414,
    1706099073242,
    1706099074335,
    1706099074975,
    1706099076204,
    1706099075957,
    1706099075737,
    1706099075594,
    1706099077013,
    1706099076643,
    1706099076904,
    1706099077994,
    1706099078727,
    1706099078727,
    1706099078728,
    1706099078727,
    1706099078666,
    1706099079163,
    1706099079992,
    1706099080049,
    1706099081192,
    1706099080080,
    1706099080218,
    1706099081347,
    1706099080653,
    1706099081203,
    1706099081130,
    1706099081256,
    1706099081811,
    1706099082495,
    1706099082201,
    1706099082511,
    1706099081877,
    1706099082467,
    1706099082574,
    1706099082809,
    1706099083273,
    1706099083662,
    1706099084068,
    1706099084210,
    1706099084644,
    1706099085268,
    1706099085596,
    1706099085193,
    1706099085220,
    1706099085125,
    1706099085675,
    1706099085811,
    1706099086516,
    1706099086419,
    1706099086904,
    1706099086544,
    1706099087153,
    1706099086734
  ],
  "blockTimestamps": [
    1706099079776,
    1706099082771,
    1706099085787,
    1706099088786,
    1706099091791
  ],
  "blockTimes": [
    1706099079,
    1706099082,
    1706099085,
    1706099088,
    1706099091
  ],
  "blockTransactions": [
    6,
    9,
    11,
    15,
    16
  ],
  "Delays": [
    8137,
    7203,
    6752,
    6362,
    6534,
    5441,
    7796,
    6567,
    6814,
    7034,
    7177,
    5758,
    6128,
    5867,
    4777,
    7060,
    7060,
    7059,
    7060,
    7121,
    6624,
    5795,
    5738,
    4595,
    5707,
    5569,
    7439,
    8133,
    7583,
    7656,
    7530,
    6975,
    6291,
    6585,
    6275,
    6909,
    6319,
    6212,
    5977,
    5513,
    5124,
    7723,
    7581,
    7147,
    6523,
    6195,
    6598,
    6571,
    6666,
    6116,
    5980,
    5275,
    5372,
    4887,
    5247,
    4638,
    5057
  ],
  "Throughputs": [
    0.7373724960058989,
    1.3474667624865253,
    1.8377155781735934,
    2.3910888202017846,
    2.8285033743549026
  ],
  "AverageDelays": [
    6738.166666666667,
    6556.466666666666,
    6451.346153846154,
    6542.829268292683,
    6418.105263157895
  ]
}