{
  "transactionTimestamps": [
    1706099131830,
    1706099131831,
    1706099132990,
    1706099132822,
    1706099133209,
    1706099134327,
    1706099133971,
    1706099134140,
    1706099134389,
    1706099134576,
    1706099135058,
    1706099135071,
    1706099135941,
    1706099135804,
    1706099135707,
    1706099136925,
    1706099136235,
    1706099137020,
    1706099137316,
    1706099137933,
    1706099138308,
    1706099138350,
    1706099138742,
    1706099138899,
    1706099138742,
    1706099138742,
    1706099138743,
    1706099138663,
    1706099139554,
    1706099139163,
    1706099139506,
    1706099140515,
    1706099140201,
    1706099140720,
    1706099140939,
    1706099140672,
    1706099141655,
    1706099141736,
    1706099142103,
    1706099141656,
    1706099143430,
    1706099141994,
    1706099142088,
    1706099142867,
    1706099142229,
    1706099142914,
    1706099143073,
    1706099143275,
    1706099142867,
    1706099143042,
    1706099143931,
    1706099144099,
    1706099144675,
    1706099144619,
    1706099144862,
    1706099145328,
    1706099145844,
    1706099145377,
    1706099146201,
    1706099145703,
    1706099146016,
    1706099146277,
    1706099146764,
    1706099146511
  ],
  "blockTimestamps": [
    1706099139790,
    1706099142787,
    1706099145771,
    1706099148775,
    1706099151772
  ],
  "blockTimes": [
    1706099139,
    1706099142,
    1706099145,
    1706099148,
    1706099151
  ],
  "blockTransactions": [
    11,
    11,
    14,
    16,
    12
  ],
  "Delays": [
    7960,
    7959,
    6800,
    6968,
    6581,
    5463,
    5819,
    5650,
    5401,
    5214,
    4732,
    7716,
    6846,
    6983,
    7080,
    5862,
    6552,
    5767,
    5471,
    4854,
    4479,
    4437,
    7029,
    6872,
    7029,
    7029,
    7028,
    7108,
    6217,
    6608,
    6265,
    5256,
    5570,
    5051,
    4832,
    5099,
    7120,
    7039,
    6672,
    7119,
    5345,
    6781,
    6687,
    5908,
    6546,
    5861,
    5702,
    5500,
    5908,
    5733,
    4844,
    4676,
    7097,
    7153,
    6910,
    6444,
    5928,
    6395,
    5571,
    6069,
    5756,
    5495,
    5008,
    5261
  ],
  "Throughputs": [
    1.3819095477386936,
    2.0078488637400747,
    2.5823111684958038,
    3.0687518442018296,
    3.2093069902717883
  ],
  "AverageDelays": [
    6231.545454545455,
    6117.909090909091,
    6155.194444444444,
    6135.153846153846,
    6126.796875
  ]
}