{
  "transactionTimestamps": [
    1706099222494,
    1706099222418,
    1706099223355,
    1706099224057,
    1706099224088,
    1706099224696,
    1706099224136,
    1706099224447,
    1706099225618,
    1706099225136,
    1706099225573,
    1706099225743,
    1706099225511,
    1706099225728,
    1706099225760,
    1706099226426,
    1706099227051,
    1706099226832,
    1706099228749,
    1706099228796,
    1706099228842,
    1706099228343,
    1706099228982,
    1706099228795,
    1706099228793,
    1706099229663,
    1706099229708,
    1706099229489,
    1706099230226,
    1706099229897,
    1706099230040,
    1706099230570,
    1706099230319,
    1706099231114,
    1706099231222,
    1706099231673,
    1706099231423,
    1706099231831,
    1706099232610,
    1706099232611,
    1706099232488,
    1706099232731,
    1706099232872,
    1706099232793,
    1706099233324,
    1706099233298,
    1706099233886,
    1706099233560,
    1706099233716,
    1706099234229,
    1706099233607,
    1706099234649,
    1706099234338,
    1706099235305,
    1706099235492,
    1706099235738,
    1706099236618,
    1706099236486,
    1706099236159,
    1706099236254,
    1706099236906,
    1706099236893,
    1706099236879
  ],
  "blockTimestamps": [
    1706099229787,
    1706099232766,
    1706099235779,
    1706099238785,
    1706099241785
  ],
  "blockTimes": [
    1706099229,
    1706099232,
    1706099235,
    1706099238,
    1706099241
  ],
  "blockTransactions": [
    8,
    10,
    16,
    17,
    12
  ],
  "Delays": [
    7293,
    7369,
    6432,
    5730,
    5699,
    5091,
    5651,
    5340,
    7148,
    7630,
    7193,
    7023,
    7255,
    7038,
    7006,
    6340,
    5715,
    5934,
    7030,
    6983,
    6937,
    7436,
    6797,
    6984,
    6986,
    6116,
    6071,
    6290,
    5553,
    5882,
    5739,
    5209,
    5460,
    4665,
    7563,
    7112,
    7362,
    6954,
    6175,
    6174,
    6297,
    6054,
    5913,
    5992,
    5461,
    5487,
    4899,
    5225,
    5069,
    4556,
    5178,
    7136,
    7447,
    6480,
    6293,
    6047,
    5167,
    5299,
    5626,
    5531,
    4879,
    4892,
    4906
  ],
  "Throughputs": [
    1.0969422734128615,
    1.7523364485981308,
    2.5592773805043283,
    3.1305628874838867,
    3.265771603338344
  ],
  "AverageDelays": [
    6075.625,
    6493.722222222223,
    6383.088235294118,
    6245.019607843137,
    6161.888888888889
  ]
}