{
  "transactionTimestamps": [
    1706099148580,
    1706099147398,
    1706099147274,
    1706099147258,
    1706099147726,
    1706099147957,
    1706099148782,
    1706099149327,
    1706099149872,
    1706099149203,
    1706099149904,
    1706099149874,
    1706099150755,
    1706099151319,
    1706099150995,
    1706099150522,
    1706099150680,
    1706099151102,
    1706099151350,
    1706099152030,
    1706099153784,
    1706099152247,
    1706099152432,
    1706099152700,
    1706099153878,
    1706099153458,
    1706099153754,
    1706099153877,
    1706099153753,
    1706099153754,
    1706099154237,
    1706099154645,
    1706099155063,
    1706099155186,
    1706099154720,
    1706099155326,
    1706099155187,
    1706099155186,
    1706099155559,
    1706099156009,
    1706099156771,
    1706099156612,
    1706099157005,
    1706099156455,
    1706099157878,
    1706099157866,
    1706099158341,
    1706099157953,
    1706099157862,
    1706099159706,
    1706099158035,
    1706099158173,
    1706099158486,
    1706099159273,
    1706099159258,
    1706099159335,
    1706099159478,
    1706099159382,
    1706099159257,
    1706099160794,
    1706099160951,
    1706099160561,
    1706099161793,
    1706099160968,
    1706099161436,
    1706099162225
  ],
  "blockTimestamps": [
    1706099154771,
    1706099157775,
    1706099160778,
    1706099163784,
    1706099166773
  ],
  "blockTimes": [
    1706099154,
    1706099157,
    1706099160,
    1706099163,
    1706099166
  ],
  "blockTransactions": [
    11,
    13,
    15,
    15,
    12
  ],
  "Delays": [
    6191,
    7373,
    7497,
    7513,
    7045,
    6814,
    5989,
    5444,
    4899,
    5568,
    4867,
    7901,
    7020,
    6456,
    6780,
    7253,
    7095,
    6673,
    6425,
    5745,
    3991,
    5528,
    5343,
    5075,
    6900,
    7320,
    7024,
    6901,
    7025,
    7024,
    6541,
    6133,
    5715,
    5592,
    6058,
    5452,
    5591,
    5592,
    5219,
    7775,
    7013,
    7172,
    6779,
    7329,
    5906,
    5918,
    5443,
    5831,
    5922,
    4078,
    5749,
    5611,
    5298,
    4511,
    7515,
    7438,
    7295,
    7391,
    7516,
    5979,
    5822,
    6212,
    4980,
    5805,
    5337,
    4548
  ],
  "Throughputs": [
    1.7767727346147635,
    2.6101141924959217,
    3.1972454500737824,
    3.5516969218626677,
    3.6277689221129004
  ],
  "AverageDelays": [
    6290.909090909091,
    6270.208333333333,
    6271.076923076923,
    6201.981481481482,
    6223.409090909091
  ]
}