{
  "transactionTimestamps": [
    1706099266899,
    1706099267411,
    1706099267333,
    1706099268034,
    1706099268206,
    1706099268315,
    1706099269191,
    1706099269798,
    1706099269797,
    1706099270520,
    1706099270112,
    1706099270579,
    1706099270829,
    1706099271125,
    1706099271279,
    1706099271949,
    1706099272292,
    1706099272823,
    1706099273833,
    1706099273834,
    1706099273849,
    1706099273833,
    1706099273849,
    1706099274004,
    1706099274006,
    1706099274383,
    1706099275051,
    1706099275178,
    1706099275159,
    1706099275811,
    1706099276215,
    1706099277054,
    1706099276804,
    1706099276698,
    1706099276573,
    1706099277637,
    1706099277908,
    1706099278250,
    1706099278610,
    1706099278390,
    1706099278671,
    1706099278562,
    1706099279076,
    1706099280042,
    1706099279728,
    1706099280090,
    1706099280680,
    1706099279902,
    1706099280959,
    1706099281147,
    1706099281291
  ],
  "blockTimestamps": [
    1706099274797,
    1706099277783,
    1706099280774,
    1706099283776,
    1706099286774
  ],
  "blockTimes": [
    1706099274,
    1706099277,
    1706099280,
    1706099283,
    1706099286
  ],
  "blockTransactions": [
    9,
    8,
    13,
    13,
    8
  ],
  "Delays": [
    7898,
    7386,
    7464,
    6763,
    6591,
    6482,
    5606,
    4999,
    5000,
    7263,
    7671,
    7204,
    6954,
    6658,
    6504,
    5834,
    5491,
    7951,
    6941,
    6940,
    6925,
    6941,
    6925,
    6770,
    6768,
    6391,
    5723,
    5596,
    5615,
    4963,
    7561,
    6722,
    6972,
    7078,
    7203,
    6139,
    5868,
    5526,
    5166,
    5386,
    5105,
    5214,
    4700,
    6732,
    7046,
    6684,
    6094,
    6872,
    5815,
    5627,
    5483
  ],
  "Throughputs": [
    1.139528994682198,
    1.561925762587284,
    2.1621621621621623,
    2.54784618119334,
    2.5660377358490565
  ],
  "AverageDelays": [
    6465.444444444444,
    6574.588235294118,
    6540.566666666667,
    6392.023255813953,
    6376.666666666667
  ]
}