{
  "transactionTimestamps": [
    1706099297690,
    1706099297151,
    1706099297737,
    1706099298222,
    1706099298034,
    1706099298004,
    1706099298503,
    1706099298346,
    1706099299232,
    1706099299339,
    1706099299507,
    1706099299291,
    1706099299914,
    1706099300531,
    1706099300657,
    1706099300376,
    1706099301031,
    1706099300750,
    1706099301602,
    1706099301898,
    1706099302180,
    1706099302195,
    1706099301789,
    1706099303455,
    1706099302289,
    1706099303177,
    1706099303362,
    1706099303581,
    1706099303845,
    1706099303844,
    1706099304261,
    1706099303846,
    1706099303844,
    1706099304388,
    1706099304868,
    1706099304604,
    1706099304605,
    1706099304543,
    1706099305667,
    1706099305756,
    1706099306286,
    1706099305802,
    1706099306503,
    1706099307320,
    1706099306996,
    1706099306995,
    1706099307522,
    1706099307120,
    1706099307291,
    1706099308236,
    1706099307925,
    1706099307646,
    1706099308334,
    1706099308458,
    1706099308395,
    1706099308056,
    1706099308599,
    1706099309423,
    1706099308583,
    1706099308754,
    1706099309297,
    1706099309360,
    1706099309748,
    1706099310637,
    1706099310868,
    1706099311426,
    1706099311350,
    1706099311224,
    1706099311942,
    1706099311412,
    1706099312208
  ],
  "blockTimestamps": [
    1706099304781,
    1706099307777,
    1706099311386,
    1706099313783,
    1706099316799
  ],
  "blockTimes": [
    1706099304,
    1706099307,
    1706099310,
    1706099313,
    1706099316
  ],
  "blockTransactions": [
    13,
    13,
    14,
    20,
    11
  ],
  "Delays": [
    7091,
    7630,
    7044,
    6559,
    6747,
    6777,
    6278,
    6435,
    5549,
    5442,
    5274,
    5490,
    4867,
    7246,
    7120,
    7401,
    6746,
    7027,
    6175,
    5879,
    5597,
    5582,
    5988,
    4322,
    5488,
    4600,
    8024,
    7805,
    7541,
    7542,
    7125,
    7540,
    7542,
    6998,
    6518,
    6782,
    6781,
    6843,
    5719,
    5630,
    7497,
    7981,
    7280,
    6463,
    6787,
    6788,
    6261,
    6663,
    6492,
    5547,
    5858,
    6137,
    5449,
    5325,
    5388,
    5727,
    5184,
    4360,
    5200,
    5029,
    7502,
    7439,
    7051,
    6162,
    5931,
    5373,
    5449,
    5575,
    4857,
    5387,
    4591
  ],
  "Throughputs": [
    1.833309829361162,
    2.577575096659066,
    2.9205607476635516,
    3.7283290871807617,
    3.7155267151603955
  ],
  "AverageDelays": [
    6244.846153846154,
    6167.461538461538,
    6468.6,
    6336,
    6274.3239436619715
  ]
}