{
  "transactionTimestamps": [
    1706099237434,
    1706099237191,
    1706099237761,
    1706099238365,
    1706099238507,
    1706099238947,
    1706099239479,
    1706099239792,
    1706099240195,
    1706099240833,
    1706099240660,
    1706099241376,
    1706099240911,
    1706099240881,
    1706099241483,
    1706099242090,
    1706099242087,
    1706099242512,
    1706099243246,
    1706099243809,
    1706099244118,
    1706099244244,
    1706099243809,
    1706099243809,
    1706099244597,
    1706099244816,
    1706099244676,
    1706099245439,
    1706099245536,
    1706099245283,
    1706099246296,
    1706099246669,
    1706099247032,
    1706099246824,
    1706099247385,
    1706099247151,
    1706099248565,
    1706099248055,
    1706099248580,
    1706099248258,
    1706099248487,
    1706099248611,
    1706099249291,
    1706099249412,
    1706099249933,
    1706099249790,
    1706099250331,
    1706099250846,
    1706099251221,
    1706099251545,
    1706099251158,
    1706099251531
  ],
  "blockTimestamps": [
    1706099244784,
    1706099247787,
    1706099250795,
    1706099253775,
    1706099256771
  ],
  "blockTimes": [
    1706099244,
    1706099247,
    1706099250,
    1706099253,
    1706099256
  ],
  "blockTransactions": [
    9,
    9,
    12,
    12,
    10
  ],
  "Delays": [
    7350,
    7593,
    7023,
    6419,
    6277,
    5837,
    5305,
    4992,
    4589,
    6954,
    7127,
    6411,
    6876,
    6906,
    6304,
    5697,
    5700,
    5275,
    7549,
    6986,
    6677,
    6551,
    6986,
    6986,
    6198,
    5979,
    6119,
    5356,
    5259,
    5512,
    7479,
    7106,
    6743,
    6951,
    6390,
    6624,
    5210,
    5720,
    5195,
    5517,
    5288,
    5164,
    7480,
    7359,
    6838,
    6981,
    6440,
    5925,
    5550,
    5226,
    5613,
    5240
  ],
  "Throughputs": [
    1.2244897959183674,
    1.7386264850767894,
    2.245340917595988,
    2.5702221406278682,
    2.689145162124425
  ],
  "AverageDelays": [
    6153.888888888889,
    6257.5,
    6293.1,
    6242.380952380952,
    6246.7692307692305
  ]
}