{
  "transactionTimestamps": [
    1706099116770,
    1706099117564,
    1706099118062,
    1706099118278,
    1706099117893,
    1706099118247,
    1706099119058,
    1706099119149,
    1706099119130,
    1706099120626,
    1706099120441,
    1706099121032,
    1706099121772,
    1706099121295,
    1706099122291,
    1706099122203,
    1706099123416,
    1706099122775,
    1706099123459,
    1706099123741,
    1706099123741,
    1706099124505,
    1706099123741,
    1706099124383,
    1706099124988,
    1706099125576,
    1706099126459,
    1706099126060,
    1706099126716,
    1706099126917,
    1706099128413,
    1706099127243,
    1706099127725,
    1706099126996,
    1706099127212,
    1706099128115,
    1706099127492,
    1706099128524,
    1706099128599,
    1706099130205,
    1706099130315,
    1706099129985,
    1706099129955,
    1706099130500,
    1706099131669,
    1706099130776,
    1706099131715,
    1706099131606
  ],
  "blockTimestamps": [
    1706099125380,
    1706099127773,
    1706099130776,
    1706099133782,
    1706099136777
  ],
  "blockTimes": [
    1706099124,
    1706099127,
    1706099130,
    1706099133,
    1706099136
  ],
  "blockTransactions": [
    9,
    8,
    9,
    13,
    9
  ],
  "Delays": [
    8610,
    7816,
    7318,
    7102,
    7487,
    7133,
    6322,
    6231,
    6250,
    7147,
    7332,
    6741,
    6001,
    6478,
    5482,
    5570,
    4357,
    8001,
    7317,
    7035,
    7035,
    6271,
    7035,
    6393,
    5788,
    5200,
    7323,
    7722,
    7066,
    6865,
    5369,
    6539,
    6057,
    6786,
    6570,
    5667,
    6290,
    5258,
    5183,
    6572,
    6462,
    6792,
    6822,
    6277,
    5108,
    6001,
    5062,
    5171
  ],
  "Throughputs": [
    1.0452961672473868,
    1.5450331727710624,
    1.8563472797372553,
    2.292499412179638,
    2.3991602938971357
  ],
  "AverageDelays": [
    7141,
    6669.235294117647,
    6671.2307692307695,
    6567.871794871795,
    6466.958333333333
  ]
}