{
  "transactionTimestamps": [
    1706099034432,
    1706099034473,
    1706099034447,
    1706099037255,
    1706099037613,
    1706099036903,
    1706099038017,
    1706099038901,
    1706099038608,
    1706099040900,
    1706099041583,
    1706099042047,
    1706099041414
  ],
  "blockTimestamps": [
    1706099040767,
    1706099043782,
    1706099046772
  ],
  "blockTimes": [
    1706099040,
    1706099043,
    1706099046
  ],
  "blockTransactions": [
    3,
    6,
    4
  ],
  "Delays": [
    6335,
    6294,
    6320,
    6527,
    6169,
    6879,
    5765,
    4881,
    5174,
    5872,
    5189,
    4725,
    5358
  ],
  "Throughputs": [
    0.47355958958168903,
    0.9625668449197862,
    1.053484602917342
  ],
  "AverageDelays": [
    6316.333333333333,
    6038.222222222223,
    5806.7692307692305
  ]
}