{
  "transactionTimestamps": [
    1706099252368,
    1706099252822,
    1706099252885,
    1706099252338,
    1706099252527,
    1706099253449,
    1706099253493,
    1706099253992,
    1706099254828,
    1706099254795,
    1706099254548,
    1706099255516,
    1706099255374,
    1706099256239,
    1706099256920,
    1706099256531,
    1706099256655,
    1706099257594,
    1706099257826,
    1706099258411,
    1706099258819,
    1706099258820,
    1706099258821,
    1706099258820,
    1706099259297,
    1706099258960,
    1706099259664,
    1706099259927,
    1706099260457,
    1706099261372,
    1706099261453,
    1706099261404,
    1706099261141,
    1706099261265,
    1706099261732,
    1706099262046,
    1706099262742,
    1706099261859,
    1706099262916,
    1706099263475,
    1706099262915,
    1706099262885,
    1706099263041,
    1706099263913,
    1706099264240,
    1706099264970,
    1706099264922,
    1706099265652,
    1706099265731,
    1706099265578,
    1706099266915,
    1706099266186,
    1706099266526,
    1706099266277,
    1706099267473
  ],
  "blockTimestamps": [
    1706099259787,
    1706099262776,
    1706099265783,
    1706099268794,
    1706099271781
  ],
  "blockTimes": [
    1706099259,
    1706099262,
    1706099265,
    1706099268,
    1706099271
  ],
  "blockTransactions": [
    11,
    8,
    12,
    13,
    11
  ],
  "Delays": [
    7419,
    6965,
    6902,
    7449,
    7260,
    6338,
    6294,
    5795,
    4959,
    4992,
    5239,
    7260,
    7402,
    6537,
    5856,
    6245,
    6121,
    5182,
    4950,
    7372,
    6964,
    6963,
    6962,
    6963,
    6486,
    6823,
    6119,
    5856,
    5326,
    4411,
    4330,
    7390,
    7653,
    7529,
    7062,
    6748,
    6052,
    6935,
    5878,
    5319,
    5879,
    5909,
    5753,
    4881,
    7541,
    6811,
    6859,
    6129,
    6050,
    6203,
    4866,
    5595,
    5255,
    5504,
    4308
  ],
  "Throughputs": [
    1.482679606415959,
    1.8255188316679478,
    2.3108460678345137,
    2.6786801412394987,
    2.8331530417761295
  ],
  "AverageDelays": [
    6328.363636363636,
    6271.8421052631575,
    6249.677419354839,
    6289.272727272727,
    6215.436363636363
  ]
}