{
  "transactionTimestamps": [
    1706099311835,
    1706099312205,
    1706099312138,
    1706099312068,
    1706099312736,
    1706099312892,
    1706099313402,
    1706099314197,
    1706099315626,
    1706099315272,
    1706099315780,
    1706099315146,
    1706099315751,
    1706099316407,
    1706099316377,
    1706099316922,
    1706099316798,
    1706099317126,
    1706099318848,
    1706099318084,
    1706099318111,
    1706099318846,
    1706099319287,
    1706099318846,
    1706099320327,
    1706099319616,
    1706099320142,
    1706099320483,
    1706099320747,
    1706099321245,
    1706099321530,
    1706099321245,
    1706099321499,
    1706099322151,
    1706099322786,
    1706099322246,
    1706099322553,
    1706099322927,
    1706099323221,
    1706099324246,
    1706099323812,
    1706099324216,
    1706099325323,
    1706099325867,
    1706099325352,
    1706099325166,
    1706099325741,
    1706099326426,
    1706099327032,
    1706099327252
  ],
  "blockTimestamps": [
    1706099319783,
    1706099322771,
    1706099325777,
    1706099328781,
    1706099331778
  ],
  "blockTimes": [
    1706099319,
    1706099322,
    1706099325,
    1706099328,
    1706099331
  ],
  "blockTransactions": [
    8,
    10,
    11,
    11,
    10
  ],
  "Delays": [
    7948,
    7578,
    7645,
    7715,
    7047,
    6891,
    6381,
    5586,
    7145,
    7499,
    6991,
    7625,
    7020,
    6364,
    6394,
    5849,
    5973,
    5645,
    6929,
    7693,
    7666,
    6931,
    6490,
    6931,
    5450,
    6161,
    5635,
    5294,
    5030,
    7536,
    7251,
    7536,
    7282,
    6630,
    5995,
    6535,
    6228,
    5854,
    5560,
    4535,
    7966,
    7562,
    6455,
    5911,
    6426,
    6612,
    6037,
    5352,
    4746,
    4526
  ],
  "Throughputs": [
    1.0065425264217414,
    1.6459400146305778,
    2.0800459044613397,
    2.3604390416617487,
    2.5071453642882213
  ],
  "AverageDelays": [
    7098.875,
    6849.777777777777,
    6672.620689655172,
    6611.2,
    6520.82
  ]
}