{
  "transactionTimestamps": [
    1706099101542,
    1706099102682,
    1706099102489,
    1706099102505,
    1706099103269,
    1706099104433,
    1706099104603,
    1706099104664,
    1706099104679,
    1706099105377,
    1706099105644,
    1706099105875,
    1706099105954,
    1706099105658,
    1706099105782,
    1706099106730,
    1706099105813,
    1706099106854,
    1706099107060,
    1706099108709,
    1706099108666,
    1706099108739,
    1706099109143,
    1706099109095,
    1706099108741,
    1706099109747,
    1706099109733,
    1706099109421,
    1706099110327,
    1706099109825,
    1706099110216,
    1706099110995,
    1706099111057,
    1706099110729,
    1706099112023,
    1706099111791,
    1706099112986,
    1706099112473,
    1706099112726,
    1706099113085,
    1706099113175,
    1706099113864,
    1706099114002,
    1706099113675,
    1706099114097,
    1706099114170,
    1706099114101,
    1706099114889,
    1706099115202,
    1706099115292,
    1706099115431,
    1706099116518,
    1706099116911,
    1706099116972,
    1706099116598
  ],
  "blockTimestamps": [
    1706099109790,
    1706099112778,
    1706099115777,
    1706099118791,
    1706099121784
  ],
  "blockTimes": [
    1706099109,
    1706099112,
    1706099115,
    1706099118,
    1706099121
  ],
  "blockTransactions": [
    9,
    10,
    13,
    14,
    9
  ],
  "Delays": [
    8248,
    7108,
    7301,
    7285,
    6521,
    5357,
    5187,
    5126,
    5111,
    7401,
    7134,
    6903,
    6824,
    7120,
    6996,
    6048,
    6965,
    5924,
    5718,
    7068,
    7111,
    7038,
    6634,
    6682,
    7036,
    6030,
    6044,
    6356,
    5450,
    5952,
    5561,
    4782,
    7734,
    8062,
    6768,
    7000,
    5805,
    6318,
    6065,
    5706,
    5616,
    4927,
    4789,
    5116,
    4694,
    4621,
    7683,
    6895,
    6582,
    6492,
    6353,
    5266,
    4873,
    4812,
    5186
  ],
  "Throughputs": [
    1.0911736178467508,
    1.6909932360270559,
    2.247980330172111,
    2.66682126500087,
    2.7171228139511903
  ],
  "AverageDelays": [
    6360.444444444444,
    6540.894736842105,
    6438.15625,
    6287.869565217391,
    6243.345454545454
  ]
}