{
  "transactionTimestamps": [
    1706099043076,
    1706099042581,
    1706099044708,
    1706099045769,
    1706099045753,
    1706099046148,
    1706099047177,
    1706099047644,
    1706099048192,
    1706099048706,
    1706099048703,
    1706099048704,
    1706099048703,
    1706099049511,
    1706099050136,
    1706099050910,
    1706099051554,
    1706099051762,
    1706099052028,
    1706099052074,
    1706099051561,
    1706099051609,
    1706099051966,
    1706099052590,
    1706099053007,
    1706099053318,
    1706099053240,
    1706099053257,
    1706099054645,
    1706099054458,
    1706099055586,
    1706099055974,
    1706099055865,
    1706099056096,
    1706099055975,
    1706099055598,
    1706099057029,
    1706099057058,
    1706099056610
  ],
  "blockTimestamps": [
    1706099049769,
    1706099052777,
    1706099055775,
    1706099059380,
    1706099061771
  ],
  "blockTimes": [
    1706099049,
    1706099052,
    1706099055,
    1706099058,
    1706099061
  ],
  "blockTransactions": [
    3,
    5,
    8,
    12,
    11
  ],
  "Delays": [
    6693,
    7188,
    5061,
    7008,
    7024,
    6629,
    5600,
    5133,
    7583,
    7069,
    7072,
    7071,
    7072,
    6264,
    5639,
    4865,
    7826,
    7618,
    7352,
    7306,
    7819,
    7771,
    7414,
    6790,
    6373,
    6062,
    6140,
    6123,
    7126,
    7313,
    6185,
    5797,
    5906,
    5675,
    5796,
    6173,
    4742,
    4713,
    5161
  ],
  "Throughputs": [
    0.44822949350067237,
    0.8246572518297083,
    1.2599417276950942,
    1.7173699705593721,
    2.0861192832308104
  ],
  "AverageDelays": [
    6314,
    6292,
    6435.6875,
    6698.75,
    6465.4358974358975
  ]
}