{
  "transactionTimestamps": [
    1706099177087,
    1706099177706,
    1706099178163,
    1706099177724,
    1706099178238,
    1706099180044,
    1706099179602,
    1706099180559,
    1706099180091,
    1706099181165,
    1706099181147,
    1706099181317,
    1706099181878,
    1706099182361,
    1706099182862,
    1706099183779,
    1706099183779,
    1706099183779,
    1706099183779,
    1706099184212,
    1706099184493,
    1706099185225,
    1706099185316,
    1706099184787,
    1706099186238,
    1706099185769,
    1706099186222,
    1706099186844,
    1706099186891,
    1706099186643,
    1706099186365,
    1706099187692,
    1706099187646,
    1706099187847,
    1706099188250,
    1706099188265,
    1706099188901,
    1706099188964,
    1706099189245,
    1706099189010,
    1706099190370,
    1706099190085,
    1706099190279,
    1706099190726,
    1706099190642,
    1706099191118,
    1706099191751,
    1706099191612,
    1706099192079
  ],
  "blockTimestamps": [
    1706099184778,
    1706099187775,
    1706099191389,
    1706099193782,
    1706099196782
  ],
  "blockTimes": [
    1706099184,
    1706099187,
    1706099190,
    1706099193,
    1706099196
  ],
  "blockTransactions": [
    7,
    8,
    10,
    13,
    11
  ],
  "Delays": [
    7691,
    7072,
    6615,
    7054,
    6540,
    4734,
    5176,
    7216,
    7684,
    6610,
    6628,
    6458,
    5897,
    5414,
    4913,
    7610,
    7610,
    7610,
    7610,
    7177,
    6896,
    6164,
    6073,
    6602,
    5151,
    8013,
    7560,
    6938,
    6891,
    7139,
    7417,
    6090,
    6136,
    5935,
    5532,
    5517,
    4881,
    4818,
    7537,
    7772,
    6412,
    6697,
    6503,
    6056,
    6140,
    5664,
    5031,
    5170,
    4703
  ],
  "Throughputs": [
    0.9101547263034716,
    1.403443113772455,
    1.7480072717102504,
    2.2761305780173706,
    2.487941101802488
  ],
  "AverageDelays": [
    6411.714285714285,
    6380.133333333333,
    6568.2,
    6501.894736842105,
    6423.6122448979595
  ]
}