{
  "transactionTimestamps": [
    1706099161993,
    1706099162101,
    1706099162742,
    1706099162055,
    1706099162663,
    1706099163703,
    1706099163436,
    1706099163563,
    1706099164662,
    1706099164694,
    1706099164930,
    1706099165161,
    1706099165770,
    1706099166020,
    1706099166251,
    1706099166936,
    1706099166825,
    1706099167010,
    1706099167989,
    1706099167913,
    1706099167951,
    1706099168769,
    1706099168903,
    1706099169279,
    1706099168769,
    1706099170013,
    1706099169094,
    1706099170152,
    1706099170424,
    1706099170092,
    1706099171120,
    1706099171523,
    1706099171122,
    1706099171803,
    1706099171417,
    1706099172288,
    1706099172879,
    1706099172861,
    1706099172239,
    1706099172909,
    1706099173280,
    1706099173357,
    1706099174030,
    1706099174105,
    1706099174044,
    1706099175148,
    1706099175319,
    1706099175537,
    1706099175755,
    1706099176387,
    1706099176762,
    1706099176747,
    1706099176917
  ],
  "blockTimestamps": [
    1706099169774,
    1706099172781,
    1706099175779,
    1706099178788,
    1706099181772
  ],
  "blockTimes": [
    1706099169,
    1706099172,
    1706099175,
    1706099178,
    1706099181
  ],
  "blockTransactions": [
    12,
    8,
    11,
    14,
    8
  ],
  "Delays": [
    7781,
    7673,
    7032,
    7719,
    7111,
    6071,
    6338,
    6211,
    5112,
    5080,
    4844,
    4613,
    7011,
    6761,
    6530,
    5845,
    5956,
    5771,
    4792,
    4868,
    7828,
    7010,
    6876,
    6500,
    7010,
    5766,
    6685,
    5627,
    5355,
    5687,
    4659,
    7265,
    7666,
    6985,
    7371,
    6500,
    5909,
    5927,
    6549,
    5879,
    5508,
    5431,
    4758,
    4683,
    4744,
    6624,
    6453,
    6235,
    6017,
    5385,
    5010,
    5025,
    4855
  ],
  "Throughputs": [
    1.5422182238786788,
    1.853911753800519,
    2.2486580589003338,
    2.679368859779696,
    2.679609687041812
  ],
  "AverageDelays": [
    6298.75,
    6155.95,
    6197.4838709677415,
    6162.155555555555,
    6092.471698113208
  ]
}