{
  "transactionTimestamps": [
    1706099282549,
    1706099282333,
    1706099282486,
    1706099282034,
    1706099282316,
    1706099282516,
    1706099282846,
    1706099283576,
    1706099283298,
    1706099284766,
    1706099285361,
    1706099285079,
    1706099285733,
    1706099285718,
    1706099286598,
    1706099286212,
    1706099286754,
    1706099286660,
    1706099287049,
    1706099287951,
    1706099287720,
    1706099288839,
    1706099289351,
    1706099288838,
    1706099288839,
    1706099288839,
    1706099289506,
    1706099288775,
    1706099289927,
    1706099290444,
    1706099289770,
    1706099290599,
    1706099290521,
    1706099291301,
    1706099291238,
    1706099291797,
    1706099291830,
    1706099292003,
    1706099292158,
    1706099292189,
    1706099292032,
    1706099293043,
    1706099293167,
    1706099293433,
    1706099293636,
    1706099293857,
    1706099293511,
    1706099293685,
    1706099294073,
    1706099294306,
    1706099294884,
    1706099295396,
    1706099295272,
    1706099295659,
    1706099295626,
    1706099295087,
    1706099294447,
    1706099295225,
    1706099295966,
    1706099296671,
    1706099296411,
    1706099297120,
    1706099296751
  ],
  "blockTimestamps": [
    1706099289774,
    1706099292784,
    1706099295772,
    1706099298783,
    1706099301778
  ],
  "blockTimes": [
    1706099289,
    1706099292,
    1706099295,
    1706099298,
    1706099301
  ],
  "blockTransactions": [
    10,
    11,
    13,
    13,
    16
  ],
  "Delays": [
    7225,
    7441,
    7288,
    7740,
    7458,
    7258,
    6928,
    6198,
    6476,
    5008,
    7423,
    7705,
    7051,
    7066,
    6186,
    6572,
    6030,
    6124,
    5735,
    4833,
    5064,
    6933,
    6421,
    6934,
    6933,
    6933,
    6266,
    6997,
    5845,
    5328,
    6002,
    5173,
    5251,
    4471,
    7545,
    6986,
    6953,
    6780,
    6625,
    6594,
    6751,
    5740,
    5616,
    5350,
    5147,
    4926,
    5272,
    8093,
    7705,
    7472,
    6894,
    6382,
    6506,
    6119,
    6152,
    6691,
    7331,
    6553,
    5812,
    5107,
    5367,
    4658,
    5027
  ],
  "Throughputs": [
    1.384083044982699,
    2.0517830972154374,
    2.571277319821523,
    2.8951583097203395,
    3.2763014197306153
  ],
  "AverageDelays": [
    6902,
    6609.952380952381,
    6420.470588235294,
    6352.787234042553,
    6356.349206349207
  ]
}