{
  "transactionTimestamps": [
    1706099207079,
    1706099207440,
    1706099207779,
    1706099207146,
    1706099207984,
    1706099208542,
    1706099207858,
    1706099208233,
    1706099208451,
    1706099209351,
    1706099209117,
    1706099209552,
    1706099210238,
    1706099210376,
    1706099210956,
    1706099211341,
    1706099211142,
    1706099211654,
    1706099212152,
    1706099211747,
    1706099212246,
    1706099212354,
    1706099212581,
    1706099212835,
    1706099213789,
    1706099213789,
    1706099213649,
    1706099213881,
    1706099213653,
    1706099213790,
    1706099213789,
    1706099214617,
    1706099214678,
    1706099215267,
    1706099214940,
    1706099215918,
    1706099216444,
    1706099216088,
    1706099216107,
    1706099216897,
    1706099216538,
    1706099216680,
    1706099216896,
    1706099216804,
    1706099216774,
    1706099217532,
    1706099218261,
    1706099217361,
    1706099218059,
    1706099217846,
    1706099218183,
    1706099218075,
    1706099218760,
    1706099218929,
    1706099219289,
    1706099219743,
    1706099220069,
    1706099219864,
    1706099220787,
    1706099220863,
    1706099220801,
    1706099221236,
    1706099220661,
    1706099221066,
    1706099221033,
    1706099221583,
    1706099221330,
    1706099222010,
    1706099222014,
    1706099222014
  ],
  "blockTimestamps": [
    1706099214782,
    1706099217777,
    1706099220788,
    1706099223779,
    1706099226777
  ],
  "blockTimes": [
    1706099214,
    1706099217,
    1706099220,
    1706099223,
    1706099226
  ],
  "blockTransactions": [
    13,
    10,
    13,
    20,
    14
  ],
  "Delays": [
    7703,
    7342,
    7003,
    7636,
    6798,
    6240,
    6924,
    6549,
    6331,
    5431,
    5665,
    5230,
    4544,
    7401,
    6821,
    6436,
    6635,
    6123,
    5625,
    6030,
    5531,
    5423,
    5196,
    7953,
    6999,
    6999,
    7139,
    6907,
    7135,
    6998,
    6999,
    6171,
    6110,
    5521,
    5848,
    4870,
    7335,
    7691,
    7672,
    6882,
    7241,
    7099,
    6883,
    6975,
    7005,
    6247,
    5518,
    6418,
    5720,
    5933,
    5596,
    5704,
    5019,
    4850,
    4490,
    4036,
    6708,
    6913,
    5990,
    5914,
    5976,
    5541,
    6116,
    5711,
    5744,
    5194,
    5447,
    4767,
    4763,
    4763
  ],
  "Throughputs": [
    1.6876541607166038,
    2.149934567208824,
    2.626012108833613,
    3.353293413173653,
    3.5536602700781805
  ],
  "AverageDelays": [
    6415.076923076923,
    6287.695652173913,
    6396.277777777777,
    6331.785714285715,
    6201.814285714286
  ]
}