{
  "transactionTimestamps": [
    1706099086919,
    1706099088413,
    1706099088537,
    1706099088679,
    1706099089096,
    1706099089426,
    1706099089723,
    1706099089861,
    1706099089999,
    1706099089642,
    1706099089890,
    1706099090499,
    1706099090877,
    1706099090719,
    1706099090919,
    1706099092659,
    1706099092673,
    1706099093267,
    1706099092862,
    1706099093559,
    1706099093729,
    1706099093729,
    1706099093897,
    1706099093963,
    1706099093731,
    1706099093959,
    1706099093730,
    1706099093961,
    1706099094128,
    1706099094393,
    1706099094983,
    1706099095092,
    1706099096396,
    1706099096491,
    1706099096768,
    1706099096566,
    1706099096830,
    1706099097154,
    1706099097933,
    1706099097484,
    1706099097235,
    1706099097589,
    1706099097714,
    1706099098289,
    1706099098150,
    1706099097667,
    1706099098074,
    1706099098737,
    1706099099328,
    1706099098446,
    1706099098707,
    1706099099699,
    1706099100526,
    1706099100573,
    1706099100839,
    1706099101105,
    1706099100902,
    1706099101600,
    1706099101868,
    1706099101324,
    1706099101198,
    1706099102035,
    1706099102051,
    1706099102396
  ],
  "blockTimestamps": [
    1706099094774,
    1706099097779,
    1706099101382,
    1706099103787,
    1706099106789
  ],
  "blockTimes": [
    1706099094,
    1706099097,
    1706099100,
    1706099103,
    1706099106
  ],
  "blockTransactions": [
    11,
    8,
    13,
    19,
    13
  ],
  "Delays": [
    7855,
    6361,
    6237,
    6095,
    5678,
    5348,
    5051,
    4913,
    4775,
    5132,
    4884,
    7280,
    6902,
    7060,
    6860,
    5120,
    5106,
    4512,
    4917,
    7823,
    7653,
    7653,
    7485,
    7419,
    7651,
    7423,
    7652,
    7421,
    7254,
    6989,
    6399,
    6290,
    7391,
    7296,
    7019,
    7221,
    6957,
    6633,
    5854,
    6303,
    6552,
    6198,
    6073,
    5498,
    5637,
    6120,
    5713,
    5050,
    4459,
    5341,
    5080,
    7090,
    6263,
    6216,
    5950,
    5684,
    5887,
    5189,
    4921,
    5465,
    5591,
    4754,
    4738,
    4393
  ],
  "Throughputs": [
    1.400381922342457,
    1.7495395948434624,
    2.2125423494434076,
    3.023476405027271,
    3.2209360845495723
  ],
  "AverageDelays": [
    5666.272727272727,
    5794,
    6412.4375,
    6305.745098039216,
    6152.09375
  ]
}