{"a": 0.7, "b": 0.3, "communities0": [[0, 32, 8, 40, 14, 27], [1, 30], [2, 11], [3, 38, 7, 42, 12, 13, 44, 15, 16, 45, 20, 21, 25, 31], [34, 35, 4, 36], [29, 5], [26, 10, 18, 6], [24, 9], [46, 17, 22], [33, 19], [37, 23], [28, 39], [41, 43]], "q0": 0.4134696805956487, "f0": 0.7757406061765458}