{
  "transactionTimestamps": [
    1706167437145,
    1706167438101,
    1706167442762,
    1706167443193,
    1706167443196,
    1706167443195,
    1706167443195,
    1706167444527,
    1706167444495,
    1706167444655,
    1706167444718,
    1706167443670,
    1706167446003,
    1706167446083,
    1706167446402,
    1706167447166,
    1706167447596,
    1706167448036,
    1706167446163,
    1706167448740,
    1706167449230,
    1706167449405,
    1706167450172,
    1706167450617,
    1706167451579,
    1706167451896,
    1706167453061,
    1706167453284,
    1706167453411,
    1706167454507,
    1706167454906,
    1706167454906,
    1706167453826,
    1706167456104,
    1706167456152
  ],
  "blockTimestamps": [
    1706167443210,
    1706167446231,
    1706167449249,
    1706167452189,
    1706167455210,
    1706167458227,
    1706167461211
  ],
  "blockTimes": [
    1706167443,
    1706167446,
    1706167449,
    1706167452,
    1706167455,
    1706167458,
    1706167461
  ],
  "blockTransactions": [
    1,
    2,
    9,
    8,
    5,
    8,
    2
  ],
  "Delays": [
    6065,
    8130,
    3469,
    6056,
    6053,
    6054,
    6054,
    4722,
    4754,
    4594,
    4531,
    5579,
    6186,
    6106,
    5787,
    5023,
    4593,
    4153,
    6026,
    3449,
    5980,
    5805,
    5038,
    4593,
    3631,
    6331,
    5166,
    4943,
    4816,
    3720,
    3321,
    3321,
    4401,
    5107,
    5059
  ],
  "Throughputs": [
    0.16488046166529266,
    0.3301782962799912,
    0.9914077990746861,
    1.329433661260303,
    1.383891502906172,
    1.5653163836448154,
    1.4543339150668995
  ],
  "AverageDelays": [
    6065,
    5888,
    5505.083333333333,
    5369.2,
    5297.24,
    5104.545454545455,
    5103.314285714286
  ]
}