{
  "transactionTimestamps": [
    1706167463204,
    1706167463204,
    1706167464465,
    1706167465819,
    1706167464464,
    1706167470374,
    1706167471781,
    1706167471051,
    1706167473528,
    1706167471766,
    1706167472449,
    1706167478065
  ],
  "blockTimestamps": [
    1706167467228,
    1706167470247,
    1706167476239,
    1706167479262,
    1706167482249
  ],
  "blockTimes": [
    1706167467,
    1706167470,
    1706167476,
    1706167479,
    1706167482
  ],
  "blockTransactions": [
    2,
    3,
    2,
    4,
    1
  ],
  "Delays": [
    4024,
    4024,
    5782,
    4428,
    5783,
    5865,
    4458,
    8211,
    5734,
    7496,
    6813,
    4184
  ],
  "Throughputs": [
    0.4970178926441352,
    0.7099247479767145,
    0.5370157268891446,
    0.6850168140490721,
    0.6300866369125754
  ],
  "AverageDelays": [
    4024,
    4808.2,
    4909.142857142857,
    5692.545454545455,
    5566.833333333333
  ]
}