{
  "transactionTimestamps": [
    1706167479034,
    1706167483214,
    1706167483215,
    1706167484930,
    1706167489956,
    1706167491294,
    1706167491931,
    1706167490858,
    1706167493040,
    1706167493314,
    1706167492449,
    1706167494737,
    1706167494708
  ],
  "blockTimestamps": [
    1706167485204,
    1706167488197,
    1706167491276,
    1706167494215,
    1706167497232,
    1706167500186
  ],
  "blockTimes": [
    1706167485,
    1706167488,
    1706167491,
    1706167494,
    1706167497,
    1706167500
  ],
  "blockTransactions": [
    1,
    1,
    2,
    1,
    6,
    2
  ],
  "Delays": [
    6170,
    4983,
    8061,
    6346,
    4259,
    5938,
    5301,
    6374,
    4192,
    3918,
    4783,
    5449,
    5478
  ],
  "Throughputs": [
    0.1620745542949757,
    0.21826912583215102,
    0.326743996079072,
    0.32935906725512154,
    0.6044620287943729,
    0.6145990922844176
  ],
  "AverageDelays": [
    6170,
    5576.5,
    6390,
    5963.8,
    5484.090909090909,
    5480.923076923077
  ]
}