{
  "transactionTimestamps": [
    1706167423186,
    1706167423192,
    1706167423190,
    1706167424602,
    1706167424874,
    1706167424983,
    1706167426097,
    1706167426240,
    1706167427528,
    1706167427541,
    1706167428829,
    1706167428892,
    1706167430928,
    1706167431705
  ],
  "blockTimestamps": [
    1706167428233,
    1706167431221,
    1706167434189,
    1706167437207
  ],
  "blockTimes": [
    1706167428,
    1706167431,
    1706167434,
    1706167437
  ],
  "blockTransactions": [
    5,
    5,
    2,
    2
  ],
  "Delays": [
    5047,
    5041,
    5043,
    3631,
    3359,
    6238,
    5124,
    4981,
    3693,
    3680,
    5360,
    5297,
    6279,
    5502
  ],
  "Throughputs": [
    0.9906875371507827,
    1.2445550715619167,
    1.0906116513678088,
    0.9985022466300548
  ],
  "AverageDelays": [
    4424.2,
    4583.7,
    4707.833333333333,
    4876.785714285715
  ]
}