{
  "transactionTimestamps": [
    1706167403987,
    1706167404012,
    1706167405589,
    1706167405761,
    1706167407242,
    1706167407416,
    1706167408674,
    1706167408817,
    1706167410183,
    1706167410265,
    1706167411794,
    1706167413346,
    1706167414848,
    1706167416168,
    1706167417680
  ],
  "blockTimestamps": [
    1706167410246,
    1706167413198,
    1706167416204,
    1706167419224,
    1706167422254
  ],
  "blockTimes": [
    1706167410,
    1706167413,
    1706167416,
    1706167419,
    1706167422
  ],
  "blockTransactions": [
    4,
    4,
    3,
    2,
    2
  ],
  "Delays": [
    6259,
    6234,
    4657,
    4485,
    5956,
    5782,
    4524,
    4381,
    6021,
    5939,
    4410,
    5878,
    4376,
    6086,
    4574
  ],
  "Throughputs": [
    0.6390797251957181,
    0.8685267614808381,
    0.900384709830564,
    0.8531863227669488,
    0.8211528986697323
  ],
  "AverageDelays": [
    5408.75,
    5284.75,
    5331.636363636364,
    5300.153846153846,
    5304.133333333333
  ]
}