{"a": 0.2, "b": 0.8, "communities0": [[0, 76], [1, 87], [2, 90], [43, 3], [91, 4], [5, 55], [176, 6], [133, 134, 7, 135, 12, 13, 14, 16, 148, 149, 153, 159, 33, 166, 49, 50, 178, 180, 52, 182, 56, 188, 191, 68, 69, 70, 74, 77, 80, 82, 94, 96, 100, 113], [8, 54], [64, 38, 9, 78, 18, 83, 20, 31, 127], [10, 29], [192, 11], [169, 15], [120, 17, 123], [105, 19], [66, 21], [92, 22, 143], [129, 132, 177, 117, 23, 24], [25, 107], [170, 26], [193, 27], [28, 125], [155, 30], [32, 44], [34, 183], [97, 194, 35, 42, 172, 145, 147, 88, 122], [59, 36], [131, 37], [47, 39], [40, 46], [41, 63], [45, 142], [48, 154], [160, 51], [53, 175], [57, 84], [136, 58], [184, 60], [61, 102], [179, 62], [65, 185], [67, 86], [114, 71], [72, 168], [73, 181], [128, 81, 75], [93, 79], [121, 85, 190], [89, 141], [98, 95], [99, 140], [101, 150], [173, 103], [104, 112], [162, 106], [108, 109], [174, 110], [164, 111], [115, 156], [187, 116], [161, 118], [186, 119], [124, 126], [130, 151], [137, 158], [152, 138], [146, 139], [144, 163], [157, 167], [171, 165], [195, 189]], "q0": 0.48284213429322526, "f0": 0.8714764404665057}