{"a": 0.3, "b": 0.7, "communities0": [[0, 3, 8, 46, 47, 49, 18, 21, 26, 27], [1, 2, 37, 43, 28, 29, 31], [4, 7, 42, 13, 14, 48, 51, 22, 25], [34, 5], [9, 53, 45, 6], [10, 35], [11, 55], [12, 23], [17, 15], [16, 32], [19, 20], [24, 30], [40, 33, 44], [41, 36, 52], [54, 38], [50, 39]], "q0": 0.44448050630857244, "f0": 0.8602039610484407}