{"a": 0.7, "b": 0.3, "communities0": [[0, 53], [1, 209], [2, 7], [3, 79], [4, 173], [5, 191], [24, 6], [8, 105], [216, 9], [10, 26], [11, 125], [12, 15, 119], [116, 13], [222, 14], [16, 146, 180], [40, 17], [80, 18, 214, 63], [72, 19], [20, 84], [35, 21], [172, 190, 198, 22], [85, 23], [25, 49], [27, 67], [88, 28], [29, 135], [196, 30], [77, 31], [32, 161], [33, 217, 151], [34, 221], [137, 74, 36], [37, 46], [101, 38], [128, 98, 47, 39], [41, 59], [42, 195], [43, 220], [44, 78, 52], [45, 197], [48, 200], [50, 223], [121, 51], [154, 54], [92, 55], [56, 76], [57, 181], [58, 199], [115, 60], [187, 61], [62, 71], [64, 156], [65, 211], [66, 143], [112, 155, 68], [69, 175], [140, 70], [176, 73], [75, 123], [81, 177], [82, 124], [113, 83], [157, 86], [192, 87], [89, 126], [169, 90], [91, 118], [93, 94], [218, 95], [96, 167], [97, 215], [99, 205], [100, 182], [122, 102], [166, 103], [104, 224], [170, 106], [194, 107], [108, 150], [208, 109], [117, 110], [185, 111], [114, 158], [120, 210], [174, 127], [152, 129], [130, 132], [131, 141, 207], [160, 133], [171, 134], [136, 188], [138, 219], [139, 204], [202, 142], [144, 183], [145, 164], [168, 147], [178, 148], [203, 149], [153, 212], [201, 159], [184, 162], [193, 163], [165, 189], [179, 206], [186, 213]], "q0": 0.4969097222222222, "f0": 0.9407247840859196}