{"a": 0.5, "b": 0.5, "communities0": [[0, 28], [1, 57], [2, 37], [3, 14], [56, 4], [51, 5], [12, 6], [11, 7], [8, 55], [9, 25], [32, 10], [44, 13], [54, 15], [16, 33], [17, 26], [18, 47], [19, 29], [20, 38], [41, 21], [52, 22], [59, 23], [24, 39], [48, 27], [40, 30], [50, 31], [34, 58], [42, 35], [36, 46], [49, 43], [53, 45]], "q0": 0.49166666666666664, "f0": 0.8047928881618167}