{
  "transactionTimestamps": [
    1706089991047,
    1706089992029,
    1706089991860,
    1706089992445,
    1706089993381,
    1706089995052,
    1706089995395,
    1706089996363,
    1706089996074,
    1706089996074,
    1706089996643,
    1706089996626,
    1706089997971,
    1706089998772,
    1706089998986,
    1706089998499,
    1706089998620,
    1706089999513,
    1706090000202,
    1706089999893,
    1706090000716,
    1706090000882,
    1706090001920,
    1706090002937,
    1706090003173
  ],
  "blockTimestamps": [
    1706089998740,
    1706090001743,
    1706090004734,
    1706090007733
  ],
  "blockTimes": [
    1706089998,
    1706090001,
    1706090004,
    1706090007
  ],
  "blockTransactions": [
    5,
    7,
    6,
    7
  ],
  "Delays": [
    7693,
    6711,
    6880,
    6295,
    5359,
    6691,
    6348,
    5380,
    5669,
    5669,
    5100,
    5117,
    6763,
    5962,
    5748,
    6235,
    6114,
    5221,
    7531,
    7840,
    7017,
    6851,
    5813,
    4796,
    4560
  ],
  "Throughputs": [
    0.6499415052645262,
    1.1219147344801796,
    1.3151165339373128,
    1.4982620160613689
  ],
  "AverageDelays": [
    6587.6,
    6076,
    6053.055555555556,
    6134.52
  ]
}