{
  "transactionTimestamps": [
    1706089810847,
    1706089811775,
    1706089812299,
    1706089813143,
    1706089812942,
    1706089814175,
    1706089815982,
    1706089815502,
    1706089816029,
    1706089816564,
    1706089817428,
    1706089817291,
    1706089818366,
    1706089818412,
    1706089819397,
    1706089819463,
    1706089819750,
    1706089819934,
    1706089820703,
    1706089821450,
    1706089821139,
    1706089821835,
    1706089824163,
    1706089822747,
    1706089823977,
    1706089823193,
    1706089823762,
    1706089823834,
    1706089825630,
    1706089825365
  ],
  "blockTimestamps": [
    1706089818731,
    1706089821732,
    1706089824737,
    1706089827732,
    1706089830727
  ],
  "blockTimes": [
    1706089818,
    1706089821,
    1706089824,
    1706089827,
    1706089830
  ],
  "blockTransactions": [
    5,
    6,
    6,
    7,
    6
  ],
  "Delays": [
    7884,
    6956,
    6432,
    5588,
    5789,
    7557,
    5750,
    6230,
    5703,
    5168,
    4304,
    7446,
    6371,
    6325,
    5340,
    5274,
    4987,
    7798,
    7029,
    6282,
    6593,
    5897,
    3569,
    4985,
    6750,
    7534,
    6965,
    6893,
    5097,
    5362
  ],
  "Throughputs": [
    0.6341958396752917,
    1.0105649977032614,
    1.2239020878329734,
    1.4213799230085873,
    1.5090543259557345
  ],
  "AverageDelays": [
    6529.8,
    6123.727272727273,
    6064.941176470588,
    6052.375,
    6128.6
  ]
}