{
  "transactionTimestamps": [
    1706090002983,
    1706090004415,
    1706090004324,
    1706090004308,
    1706090004341,
    1706090005633,
    1706090006932,
    1706090007038,
    1706090007228,
    1706090008624,
    1706090008363,
    1706090008099,
    1706090009425,
    1706090011079,
    1706090010660,
    1706090011079,
    1706090011369,
    1706090011650,
    1706090012054,
    1706090012561,
    1706090013150,
    1706090013135,
    1706090013611,
    1706090013768,
    1706090014476,
    1706090015152,
    1706090014982,
    1706090015708,
    1706090015151,
    1706090016323,
    1706090016170,
    1706090016827,
    1706090017487,
    1706090018227,
    1706090018013,
    1706090018506,
    1706090019364,
    1706090019763,
    1706090019532,
    1706090019992,
    1706090020522
  ],
  "blockTimestamps": [
    1706090011330,
    1706090013739,
    1706090016735,
    1706090019738,
    1706090022737,
    1706090025739
  ],
  "blockTimes": [
    1706090010,
    1706090013,
    1706090016,
    1706090019,
    1706090022,
    1706090025
  ],
  "blockTransactions": [
    6,
    7,
    5,
    8,
    8,
    7
  ],
  "Delays": [
    8347,
    6915,
    7006,
    7022,
    6989,
    5697,
    6807,
    6701,
    6511,
    5115,
    5376,
    5640,
    4314,
    5656,
    6075,
    5656,
    5366,
    5085,
    7684,
    7177,
    6588,
    6603,
    6127,
    5970,
    5262,
    4586,
    7755,
    7029,
    7586,
    6414,
    6567,
    5910,
    5250,
    4510,
    7726,
    7233,
    6375,
    5976,
    6207,
    5747,
    5217
  ],
  "Throughputs": [
    0.7188211333413203,
    1.208627742655262,
    1.3089005235602094,
    1.5517755893763057,
    1.7211703958691909,
    1.8017226226050271
  ],
  "AverageDelays": [
    6996,
    6341.538461538462,
    6126.555555555556,
    6164.423076923077,
    6214.588235294118,
    6238.463414634146
  ]
}