{
  "transactionTimestamps": [
    1706089782085,
    1706089782381,
    1706089783810,
    1706089784732,
    1706089785978,
    1706089785839,
    1706089786671,
    1706089787692,
    1706089789205,
    1706089789727,
    1706089790619,
    1706089792040,
    1706089794056,
    1706089795118
  ],
  "blockTimestamps": [
    1706089788741,
    1706089791733,
    1706089795335,
    1706089797740,
    1706089800726
  ],
  "blockTimes": [
    1706089788,
    1706089791,
    1706089794,
    1706089797,
    1706089800
  ],
  "blockTransactions": [
    3,
    4,
    3,
    2,
    2
  ],
  "Delays": [
    6656,
    6360,
    4931,
    7001,
    5755,
    5894,
    5062,
    7643,
    6130,
    5608,
    7121,
    5700,
    6670,
    5608
  ],
  "Throughputs": [
    0.45072115384615385,
    0.7255389718076285,
    0.7547169811320755,
    0.7665282657297988,
    0.7510326699211416
  ],
  "AverageDelays": [
    5982.333333333333,
    5951.285714285715,
    6104,
    6155.083333333333,
    6152.785714285715
  ]
}