{
  "transactionTimestamps": [
    1706090126945,
    1706090127409,
    1706090128146,
    1706090128440,
    1706090130451,
    1706090131149,
    1706090131149,
    1706090131629,
    1706090131627,
    1706090133043,
    1706090133630,
    1706090133959,
    1706090134499,
    1706090135053,
    1706090135102,
    1706090135812,
    1706090135798,
    1706090136845,
    1706090138265,
    1706090138020,
    1706090138478,
    1706090139481,
    1706090139618,
    1706090139993
  ],
  "blockTimestamps": [
    1706090133731,
    1706090136729,
    1706090139734,
    1706090142735,
    1706090145728
  ],
  "blockTimes": [
    1706090133,
    1706090136,
    1706090139,
    1706090142,
    1706090145
  ],
  "blockTransactions": [
    4,
    5,
    4,
    6,
    5
  ],
  "Delays": [
    6786,
    6322,
    5585,
    5291,
    6278,
    5580,
    5580,
    5100,
    5102,
    6691,
    6104,
    5775,
    5235,
    7682,
    7633,
    6923,
    6937,
    5890,
    4470,
    7708,
    7250,
    6247,
    6110,
    5735
  ],
  "Throughputs": [
    0.5894488653109343,
    0.919869174161897,
    1.0164985534443662,
    1.2032932235592149,
    1.277751157961987
  ],
  "AverageDelays": [
    5996,
    5736,
    5802.2307692307695,
    6050.736842105263,
    6167.25
  ]
}