{
  "transactionTimestamps": [
    1706090021772,
    1706090022009,
    1706090023117,
    1706090023828,
    1706090022745,
    1706090024295,
    1706090025791,
    1706090026085,
    1706090026085,
    1706090025668,
    1706090026643,
    1706090027027,
    1706090027647,
    1706090028423,
    1706090029478,
    1706090030004,
    1706090030424,
    1706090030095,
    1706090030854,
    1706090031807,
    1706090034000,
    1706090034215,
    1706090034681,
    1706090034444,
    1706090035635
  ],
  "blockTimestamps": [
    1706090028732,
    1706090031740,
    1706090034739,
    1706090037732,
    1706090040727
  ],
  "blockTimes": [
    1706090028,
    1706090031,
    1706090034,
    1706090037,
    1706090040
  ],
  "blockTransactions": [
    5,
    7,
    4,
    4,
    5
  ],
  "Delays": [
    6960,
    6723,
    5615,
    4904,
    5987,
    7445,
    5949,
    5655,
    5655,
    6072,
    5097,
    4713,
    7092,
    6316,
    5261,
    4735,
    7308,
    7637,
    6878,
    5925,
    6727,
    6512,
    6046,
    6283,
    5092
  ],
  "Throughputs": [
    0.7183908045977011,
    1.203852327447833,
    1.2339014421223105,
    1.2531328320802004,
    1.3189132155104195
  ],
  "AverageDelays": [
    6037.8,
    5897.916666666667,
    5886.1875,
    6096.35,
    6103.48
  ]
}