{
  "transactionTimestamps": [
    1706089675901,
    1706089676287,
    1706089677771,
    1706089678387,
    1706089679250,
    1706089679294,
    1706089679590,
    1706089680563,
    1706089680920,
    1706089680919,
    1706089681845,
    1706089682416,
    1706089683142,
    1706089683571,
    1706089683571,
    1706089684035,
    1706089683693,
    1706089683739,
    1706089684686,
    1706089685319,
    1706089685985,
    1706089686687,
    1706089687797,
    1706089687350,
    1706089687908,
    1706089688479,
    1706089688449,
    1706089688634,
    1706089689995,
    1706089689656,
    1706089691037,
    1706089691103
  ],
  "blockTimestamps": [
    1706089683733,
    1706089686730,
    1706089689735,
    1706089692727,
    1706089695737
  ],
  "blockTimes": [
    1706089683,
    1706089686,
    1706089689,
    1706089692,
    1706089695
  ],
  "blockTransactions": [
    5,
    6,
    8,
    6,
    7
  ],
  "Delays": [
    7832,
    7446,
    5962,
    5346,
    4483,
    7436,
    7140,
    6167,
    5810,
    5811,
    4885,
    7319,
    6593,
    6164,
    6164,
    5700,
    6042,
    5996,
    5049,
    7408,
    6742,
    6040,
    4930,
    5377,
    4819,
    7258,
    7288,
    7103,
    5742,
    6081,
    4700,
    4634
  ],
  "Throughputs": [
    0.6384065372829418,
    1.0157909317573182,
    1.3734277866126934,
    1.4857957922263163,
    1.613228473482557
  ],
  "AverageDelays": [
    6213.8,
    6210.727272727273,
    6176.0526315789475,
    6106.44,
    6108.34375
  ]
}