{
  "transactionTimestamps": [
    1706089585697,
    1706089586467,
    1706089586649,
    1706089587234,
    1706089588097,
    1706089588425,
    1706089588501,
    1706089589228,
    1706089589800,
    1706089590509,
    1706089590762,
    1706089590881,
    1706089591163,
    1706089590881,
    1706089592271,
    1706089591977,
    1706089592628,
    1706089593441,
    1706089593648,
    1706089594108,
    1706089593799,
    1706089595140,
    1706089595305,
    1706089595585,
    1706089595320,
    1706089595294,
    1706089596763,
    1706089597025,
    1706089597260,
    1706089598085,
    1706089597929,
    1706089598271,
    1706089598903,
    1706089599503,
    1706089598995,
    1706089599565,
    1706089600288,
    1706089600599
  ],
  "blockTimestamps": [
    1706089593735,
    1706089596737,
    1706089599734,
    1706089602748,
    1706089605739
  ],
  "blockTimes": [
    1706089593,
    1706089596,
    1706089599,
    1706089602,
    1706089605
  ],
  "blockTransactions": [
    7,
    7,
    8,
    8,
    8
  ],
  "Delays": [
    8038,
    7268,
    7086,
    6501,
    5638,
    5310,
    5234,
    7509,
    6937,
    6228,
    5975,
    5856,
    5574,
    5856,
    7463,
    7757,
    7106,
    6293,
    6086,
    5626,
    5935,
    4594,
    7443,
    7163,
    7428,
    7454,
    5985,
    5723,
    5488,
    4663,
    7810,
    7468,
    6836,
    6236,
    6744,
    6174,
    5451,
    5140
  ],
  "Throughputs": [
    0.8708633988554366,
    1.2681159420289856,
    1.5672864572202037,
    1.7594275995542785,
    1.8960183614409738
  ],
  "AverageDelays": [
    6439.285714285715,
    6357.857142857143,
    6357.727272727273,
    6373.9,
    6396.736842105263
  ]
}