{
  "transactionTimestamps": [
    1706089916620,
    1706089916421,
    1706089919480,
    1706089919554,
    1706089918847,
    1706089920898,
    1706089921037,
    1706089920760,
    1706089923451,
    1706089923757,
    1706089923606,
    1706089923637,
    1706089923929,
    1706089924810,
    1706089924996,
    1706089927127,
    1706089927665,
    1706089927741,
    1706089927697,
    1706089928435,
    1706089928790
  ],
  "blockTimestamps": [
    1706089923728,
    1706089926732,
    1706089929732,
    1706089932726,
    1706089935730
  ],
  "blockTimes": [
    1706089923,
    1706089926,
    1706089929,
    1706089932,
    1706089935
  ],
  "blockTransactions": [
    3,
    5,
    7,
    4,
    2
  ],
  "Delays": [
    7108,
    7307,
    4248,
    7178,
    7885,
    5834,
    5695,
    5972,
    6281,
    5975,
    6126,
    6095,
    5803,
    4922,
    4736,
    5599,
    5061,
    4985,
    5029,
    7295,
    6940
  ],
  "Throughputs": [
    0.4220596510973551,
    0.7911392405063291,
    1.1439902379499696,
    1.17968458959394,
    1.098901098901099
  ],
  "AverageDelays": [
    6221,
    6403.375,
    6077.666666666667,
    5886.263157894737,
    6003.523809523809
  ]
}