{
  "transactionTimestamps": [
    1706089496716,
    1706089496825,
    1706089497957,
    1706089499438,
    1706089499951,
    1706089500835,
    1706089500646,
    1706089500836,
    1706089501283,
    1706089502604,
    1706089503532,
    1706089503393,
    1706089503193,
    1706089503502,
    1706089504484,
    1706089504281,
    1706089504777,
    1706089504404,
    1706089505756,
    1706089507402,
    1706089507171,
    1706089507091,
    1706089507930,
    1706089507994,
    1706089508533,
    1706089508228,
    1706089509307,
    1706089508688,
    1706089509463
  ],
  "blockTimestamps": [
    1706089503736,
    1706089506731,
    1706089509737,
    1706089512735,
    1706089515729
  ],
  "blockTimes": [
    1706089503,
    1706089506,
    1706089509,
    1706089512,
    1706089515
  ],
  "blockTransactions": [
    3,
    6,
    9,
    6,
    5
  ],
  "Delays": [
    7020,
    6911,
    5779,
    7293,
    6780,
    5896,
    6085,
    5895,
    5448,
    7133,
    6205,
    6344,
    6544,
    6235,
    5253,
    5456,
    4960,
    5333,
    6979,
    5333,
    5564,
    5644,
    4805,
    4741,
    7196,
    7501,
    6422,
    7041,
    6266
  ],
  "Throughputs": [
    0.4273504273504274,
    0.8986520219670494,
    1.3823823055064894,
    1.4982208627255136,
    1.5252721821911321
  ],
  "AverageDelays": [
    6570,
    6345.222222222223,
    6142.777777777777,
    5984.833333333333,
    6140.068965517241
  ]
}