{
  "transactionTimestamps": [
    1706089601649,
    1706089601991,
    1706089602240,
    1706089601833,
    1706089603063,
    1706089603075,
    1706089603681,
    1706089602936,
    1706089604020,
    1706089604066,
    1706089605092,
    1706089605214,
    1706089605892,
    1706089606247,
    1706089605891,
    1706089606231,
    1706089606525,
    1706089605892,
    1706089606478,
    1706089606475,
    1706089607660,
    1706089607827,
    1706089607474,
    1706089607966,
    1706089609186,
    1706089609850,
    1706089609432,
    1706089609695,
    1706089610549,
    1706089610548,
    1706089610037,
    1706089610315,
    1706089611245,
    1706089610424,
    1706089611166,
    1706089611819,
    1706089611989,
    1706089612747,
    1706089613197,
    1706089613932,
    1706089613931,
    1706089614508,
    1706089613796,
    1706089614882,
    1706089615315,
    1706089615437,
    1706089614786,
    1706089615159,
    1706089615855,
    1706089616131
  ],
  "blockTimestamps": [
    1706089608734,
    1706089611738,
    1706089614728,
    1706089617731,
    1706089620738
  ],
  "blockTimes": [
    1706089608,
    1706089611,
    1706089614,
    1706089617,
    1706089620
  ],
  "blockTransactions": [
    10,
    10,
    8,
    11,
    11
  ],
  "Delays": [
    7085,
    6743,
    6494,
    6901,
    5671,
    5659,
    5053,
    5798,
    4714,
    4668,
    6646,
    6524,
    5846,
    5491,
    5847,
    5507,
    5213,
    5846,
    5260,
    5263,
    7068,
    6901,
    7254,
    6762,
    5542,
    4878,
    5296,
    5033,
    7182,
    7183,
    7694,
    7416,
    6486,
    7307,
    6565,
    5912,
    5742,
    4984,
    4534,
    6806,
    6807,
    6230,
    6942,
    5856,
    5423,
    5301,
    5952,
    5579,
    4883,
    4607
  ],
  "Throughputs": [
    1.4114326040931546,
    1.9823570224997522,
    2.140836455386497,
    2.425071508518841,
    2.6193095500026193
  ],
  "AverageDelays": [
    5878.6,
    5811.45,
    5891.535714285715,
    6050.461538461538,
    6007.08
  ]
}