{
  "transactionTimestamps": [
    1706089750972,
    1706089752315,
    1706089752929,
    1706089752743,
    1706089753648,
    1706089753991,
    1706089753714,
    1706089754899,
    1706089755359,
    1706089755961,
    1706089756343,
    1706089755961,
    1706089755962,
    1706089756561,
    1706089757739,
    1706089757287,
    1706089757530,
    1706089757638,
    1706089758671,
    1706089758776,
    1706089759027,
    1706089758452,
    1706089760120,
    1706089759638,
    1706089759683,
    1706089759869,
    1706089760118,
    1706089760680,
    1706089761403,
    1706089761514,
    1706089761803,
    1706089762833,
    1706089763114,
    1706089762912,
    1706089763894,
    1706089763970,
    1706089763374,
    1706089764152,
    1706089764574,
    1706089764620,
    1706089764416,
    1706089764986
  ],
  "blockTimestamps": [
    1706089758734,
    1706089761740,
    1706089764733,
    1706089767740,
    1706089770736
  ],
  "blockTimes": [
    1706089758,
    1706089761,
    1706089764,
    1706089767,
    1706089770
  ],
  "blockTransactions": [
    7,
    7,
    11,
    7,
    10
  ],
  "Delays": [
    7762,
    6419,
    5805,
    5991,
    5086,
    4743,
    5020,
    6841,
    6381,
    5779,
    5397,
    5779,
    5778,
    5179,
    6994,
    7446,
    7203,
    7095,
    6062,
    5957,
    5706,
    6281,
    4613,
    5095,
    5050,
    7871,
    7622,
    7060,
    6337,
    6226,
    5937,
    4907,
    7622,
    7824,
    6842,
    6766,
    7362,
    6584,
    6162,
    6116,
    6320,
    5750
  ],
  "Throughputs": [
    0.9018294254058233,
    1.3001485884101038,
    1.8167284354334714,
    1.9083969465648853,
    2.125075895567699
  ],
  "AverageDelays": [
    5832.285714285715,
    5854.285714285715,
    5978.48,
    6106.9375,
    6256.428571428572
  ]
}