{
  "transactionTimestamps": [
    1706089721550,
    1706089721949,
    1706089722938,
    1706089723725,
    1706089724294,
    1706089724757,
    1706089724880,
    1706089725037,
    1706089725438,
    1706089725945,
    1706089725946,
    1706089726485,
    1706089726254,
    1706089727559,
    1706089728404,
    1706089728818,
    1706089729114,
    1706089728864,
    1706089730110,
    1706089729756,
    1706089730435,
    1706089730438,
    1706089731908,
    1706089733022,
    1706089732991,
    1706089732841,
    1706089734102,
    1706089734010,
    1706089734319,
    1706089734380
  ],
  "blockTimestamps": [
    1706089728735,
    1706089731727,
    1706089734741,
    1706089737737,
    1706089740725
  ],
  "blockTimes": [
    1706089728,
    1706089731,
    1706089734,
    1706089737,
    1706089740
  ],
  "blockTransactions": [
    5,
    8,
    7,
    6,
    4
  ],
  "Delays": [
    7185,
    6786,
    5797,
    5010,
    4441,
    6970,
    6847,
    6690,
    6289,
    5782,
    5781,
    5242,
    5473,
    7182,
    6337,
    5923,
    5627,
    5877,
    4631,
    4985,
    7302,
    7299,
    5829,
    4715,
    4746,
    4896,
    6623,
    6715,
    6406,
    6345
  ],
  "Throughputs": [
    0.6958942240779402,
    1.2773901935737448,
    1.5161852778409521,
    1.6062272193735712,
    1.5645371577574967
  ],
  "AverageDelays": [
    5843.8,
    6022.538461538462,
    5942.75,
    5909.307692307692,
    5991.033333333334
  ]
}