{
  "transactionTimestamps": [
    1706089511811,
    1706089511737,
    1706089511675,
    1706089511965,
    1706089512273,
    1706089512737,
    1706089513140,
    1706089513048,
    1706089513292,
    1706089515412,
    1706089515842,
    1706089515936,
    1706089515845,
    1706089515797,
    1706089516151,
    1706089516995,
    1706089517016,
    1706089516923,
    1706089517201,
    1706089518058,
    1706089518690,
    1706089519681,
    1706089519153,
    1706089519946,
    1706089519729,
    1706089520007,
    1706089520486,
    1706089521074,
    1706089520874,
    1706089521276,
    1706089522717
  ],
  "blockTimestamps": [
    1706089518737,
    1706089521729,
    1706089524729,
    1706089527740
  ],
  "blockTimes": [
    1706089518,
    1706089521,
    1706089524,
    1706089527
  ],
  "blockTransactions": [
    9,
    7,
    9,
    6
  ],
  "Delays": [
    6926,
    7000,
    7062,
    6772,
    6464,
    6000,
    5597,
    5689,
    5445,
    6317,
    5887,
    5793,
    5884,
    5932,
    5578,
    4734,
    7713,
    7806,
    7528,
    6671,
    6039,
    5048,
    5576,
    4783,
    5000,
    7733,
    7254,
    6666,
    6866,
    6464,
    5023
  ],
  "Throughputs": [
    1.2994513427663874,
    1.613228473482557,
    1.935284099705837,
    1.9461359784041685
  ],
  "AverageDelays": [
    6328.333333333333,
    6067.5,
    6129.76,
    6233.870967741936
  ]
}