{
  "transactionTimestamps": [
    1706089765832,
    1706089767021,
    1706089766545,
    1706089767085,
    1706089767869,
    1706089767380,
    1706089767641,
    1706089767854,
    1706089768238,
    1706089768731,
    1706089768747,
    1706089770977,
    1706089770979,
    1706089769573,
    1706089770623,
    1706089772178,
    1706089771398,
    1706089772472,
    1706089770977,
    1706089771751,
    1706089771718,
    1706089773579,
    1706089772134,
    1706089773963,
    1706089772781,
    1706089772441,
    1706089774685,
    1706089773150,
    1706089773301,
    1706089775483,
    1706089775843,
    1706089773965,
    1706089774316,
    1706089776691,
    1706089775439,
    1706089777385,
    1706089776369,
    1706089775782,
    1706089775734,
    1706089776615,
    1706089778033,
    1706089776827,
    1706089777833,
    1706089778018,
    1706089778703,
    1706089778860,
    1706089780005,
    1706089780469,
    1706089779839,
    1706089780713
  ],
  "blockTimestamps": [
    1706089773729,
    1706089776737,
    1706089779742,
    1706089782741,
    1706089785733
  ],
  "blockTimes": [
    1706089773,
    1706089776,
    1706089779,
    1706089782,
    1706089785
  ],
  "blockTransactions": [
    10,
    12,
    11,
    11,
    6
  ],
  "Delays": [
    7897,
    6708,
    7184,
    6644,
    5860,
    6349,
    6088,
    5875,
    5491,
    4998,
    7990,
    5760,
    5758,
    7164,
    6114,
    4559,
    5339,
    4265,
    5760,
    4986,
    5019,
    3158,
    7608,
    5779,
    6961,
    7301,
    5057,
    6592,
    6441,
    4259,
    3899,
    5777,
    5426,
    6050,
    7302,
    5356,
    6372,
    6959,
    7007,
    6126,
    4708,
    5914,
    4908,
    4723,
    7030,
    6873,
    5728,
    5264,
    5894,
    5020
  ],
  "Throughputs": [
    1.2663036596175763,
    2.0174232003668044,
    2.3723939611790077,
    2.6021645277662784,
    2.5124365609768353
  ],
  "AverageDelays": [
    6309.4,
    5862.090909090909,
    5880.787878787879,
    5897.522727272727,
    5906
  ]
}