{
  "transactionTimestamps": [
    1706090037789,
    1706090038449,
    1706090038729,
    1706090039775,
    1706090041097,
    1706090041587,
    1706090042575,
    1706090042636,
    1706090043590,
    1706090043749,
    1706090043303,
    1706090044576,
    1706090046194,
    1706090045887,
    1706090046754,
    1706090046865,
    1706090047404,
    1706090047659,
    1706090047899,
    1706090050325,
    1706090050743
  ],
  "blockTimestamps": [
    1706090043729,
    1706090046735,
    1706090049734,
    1706090052736,
    1706090055730
  ],
  "blockTimes": [
    1706090043,
    1706090046,
    1706090049,
    1706090052,
    1706090055
  ],
  "blockTransactions": [
    3,
    3,
    6,
    7,
    2
  ],
  "Delays": [
    5940,
    5280,
    5000,
    6960,
    5638,
    5148,
    7159,
    7098,
    6144,
    5985,
    6431,
    5158,
    6542,
    6849,
    5982,
    5871,
    5332,
    5077,
    4837,
    5405,
    4987
  ],
  "Throughputs": [
    0.505050505050505,
    0.670690811535882,
    1.0046044370029301,
    1.2711580919248011,
    1.1705033164260632
  ],
  "AverageDelays": [
    5406.666666666667,
    5661,
    5995.083333333333,
    5917.421052631579,
    5848.714285714285
  ]
}