{
  "transactionTimestamps": [
    1706090096864,
    1706090100081,
    1706090101131,
    1706090101131,
    1706090101552,
    1706090103335,
    1706090103522,
    1706090103987,
    1706090103858,
    1706090104970,
    1706090104417,
    1706090105491,
    1706090107558,
    1706090107558,
    1706090108494,
    1706090108588,
    1706090108742,
    1706090108727,
    1706090110045
  ],
  "blockTimestamps": [
    1706090103729,
    1706090106729,
    1706090109730,
    1706090112729,
    1706090115734
  ],
  "blockTimes": [
    1706090103,
    1706090106,
    1706090109,
    1706090112,
    1706090115
  ],
  "blockTransactions": [
    1,
    4,
    6,
    3,
    5
  ],
  "Delays": [
    6865,
    6648,
    5598,
    5598,
    5177,
    6395,
    6208,
    5743,
    5872,
    4760,
    5313,
    7238,
    5171,
    5171,
    7240,
    7146,
    6992,
    7007,
    5689
  ],
  "Throughputs": [
    0.14566642388929352,
    0.5068423720223011,
    0.854966578579201,
    0.8824456350456981,
    1.0068892421833597
  ],
  "AverageDelays": [
    6865,
    5977.2,
    5834.272727272727,
    5839.785714285715,
    6096.368421052632
  ]
}