{
  "transactionTimestamps": [
    1706089452067,
    1706089452692,
    1706089453847,
    1706089454108,
    1706089455189,
    1706089455820,
    1706089455816,
    1706089456377,
    1706089457359,
    1706089457520,
    1706089458259,
    1706089458593,
    1706089459507,
    1706089459134,
    1706089458839,
    1706089460460,
    1706089460503,
    1706089461909,
    1706089461814,
    1706089462261,
    1706089463154,
    1706089463218,
    1706089463355,
    1706089463716,
    1706089464917,
    1706089464558,
    1706089466043,
    1706089466339,
    1706089466368
  ],
  "blockTimestamps": [
    1706089458734,
    1706089461736,
    1706089464750,
    1706089467730,
    1706089470735
  ],
  "blockTimes": [
    1706089458,
    1706089461,
    1706089464,
    1706089467,
    1706089470
  ],
  "blockTransactions": [
    3,
    5,
    7,
    5,
    9
  ],
  "Delays": [
    6667,
    6042,
    4887,
    7628,
    6547,
    5916,
    5920,
    5359,
    7391,
    7230,
    6491,
    6157,
    5243,
    5616,
    5911,
    7270,
    7227,
    5821,
    5916,
    5469,
    7581,
    7517,
    7380,
    7019,
    5818,
    6177,
    4692,
    4396,
    4367
  ],
  "Throughputs": [
    0.4499775011249438,
    0.8273864929155031,
    1.1826854845068202,
    1.2768945923514015,
    1.5534604671094923
  ],
  "AverageDelays": [
    5865.333333333333,
    6120.75,
    6200.333333333333,
    6235.4,
    6195
  ]
}