{
  "transactionTimestamps": [
    1706089856416,
    1706089856897,
    1706089857970,
    1706089858370,
    1706089858870,
    1706089858805,
    1706089859895,
    1706089861006,
    1706089860775,
    1706089861699,
    1706089862101,
    1706089863023,
    1706089863299,
    1706089863793,
    1706089864003,
    1706089864839,
    1706089864422,
    1706089865763,
    1706089865441,
    1706089866685,
    1706089867637,
    1706089868546,
    1706089868411,
    1706089869051,
    1706089869761
  ],
  "blockTimestamps": [
    1706089863732,
    1706089866732,
    1706089870335,
    1706089872738,
    1706089875727
  ],
  "blockTimes": [
    1706089863,
    1706089866,
    1706089869,
    1706089872,
    1706089875
  ],
  "blockTransactions": [
    5,
    6,
    6,
    4,
    4
  ],
  "Delays": [
    7316,
    6835,
    5762,
    5362,
    4862,
    7927,
    6837,
    5726,
    5957,
    5033,
    4631,
    7312,
    7036,
    6542,
    6332,
    5496,
    5913,
    6975,
    7297,
    6053,
    5101,
    7181,
    7316,
    6676,
    5966
  ],
  "Throughputs": [
    0.683433570256971,
    1.0663047692904226,
    1.2213521086284933,
    1.286607033451783,
    1.294598933250479
  ],
  "AverageDelays": [
    6027.4,
    6022.545454545455,
    6169.35294117647,
    6205,
    6297.76
  ]
}