{
  "transactionTimestamps": [
    1706089691643,
    1706089692455,
    1706089692040,
    1706089692964,
    1706089693395,
    1706089694197,
    1706089694873,
    1706089694967,
    1706089695512,
    1706089695929,
    1706089696320,
    1706089696397,
    1706089696568,
    1706089697838,
    1706089697946,
    1706089698969,
    1706089699403,
    1706089699943,
    1706089700170,
    1706089700203,
    1706089700327,
    1706089700622,
    1706089701314,
    1706089703261,
    1706089704278,
    1706089704248,
    1706089704200,
    1706089704081,
    1706089705080,
    1706089705574
  ],
  "blockTimestamps": [
    1706089698735,
    1706089701733,
    1706089704728,
    1706089707738,
    1706089710730
  ],
  "blockTimes": [
    1706089698,
    1706089701,
    1706089704,
    1706089707,
    1706089710
  ],
  "blockTransactions": [
    6,
    7,
    4,
    6,
    7
  ],
  "Delays": [
    7092,
    6280,
    6695,
    5771,
    5340,
    4538,
    6860,
    6766,
    6221,
    5804,
    5413,
    5336,
    5165,
    6890,
    6782,
    5759,
    5325,
    7795,
    7568,
    7535,
    7411,
    7116,
    6424,
    7469,
    6452,
    6482,
    6530,
    6649,
    5650,
    5156
  ],
  "Throughputs": [
    0.8460236886632826,
    1.288404360753221,
    1.299197554451662,
    1.4290152221186705,
    1.5717504060355216
  ],
  "AverageDelays": [
    5952.666666666667,
    5944.692307692308,
    6002.176470588235,
    6342.869565217391,
    6342.466666666666
  ]
}