{
  "transactionTimestamps": [
    1706089976983,
    1706089977988,
    1706089978635,
    1706089979204,
    1706089981061,
    1706089981062,
    1706089982452,
    1706089982020,
    1706089983617,
    1706089983351,
    1706089984721,
    1706089984399,
    1706089985444,
    1706089986422,
    1706089987350,
    1706089986557,
    1706089987547,
    1706089988273,
    1706089988596,
    1706089989287,
    1706089990477
  ],
  "blockTimestamps": [
    1706089983728,
    1706089986735,
    1706089989734,
    1706089992733,
    1706089995735
  ],
  "blockTimes": [
    1706089983,
    1706089986,
    1706089989,
    1706089992,
    1706089995
  ],
  "blockTransactions": [
    3,
    4,
    5,
    5,
    4
  ],
  "Delays": [
    6745,
    5740,
    5093,
    7531,
    5674,
    5673,
    4283,
    7714,
    6117,
    6383,
    5013,
    5335,
    7289,
    6311,
    5383,
    6176,
    5186,
    7462,
    7139,
    6448,
    5258
  ],
  "Throughputs": [
    0.4447739065974796,
    0.7178014766201805,
    0.9411026586150106,
    1.0793650793650793,
    1.1198805460750854
  ],
  "AverageDelays": [
    5859.333333333333,
    5819.857142857143,
    5941.75,
    5979.176470588235,
    6093
  ]
}