{
  "transactionTimestamps": [
    1706089646098,
    1706089646284,
    1706089646267,
    1706089647431,
    1706089647414,
    1706089647273,
    1706089648976,
    1706089650520,
    1706089650116,
    1706089650316,
    1706089650165,
    1706089650907,
    1706089651322,
    1706089650909,
    1706089650909,
    1706089651201,
    1706089651864,
    1706089653030,
    1706089653629,
    1706089653828,
    1706089654165,
    1706089654335,
    1706089653996,
    1706089654766,
    1706089655213,
    1706089655059,
    1706089654956,
    1706089655828,
    1706089655399,
    1706089656181,
    1706089656957,
    1706089657172,
    1706089657774,
    1706089658051,
    1706089658496,
    1706089658356,
    1706089659000,
    1706089658849,
    1706089659760,
    1706089659205,
    1706089659928,
    1706089660463,
    1706089660665
  ],
  "blockTimestamps": [
    1706089653737,
    1706089656745,
    1706089659733,
    1706089662753,
    1706089665733
  ],
  "blockTimes": [
    1706089653,
    1706089656,
    1706089659,
    1706089662,
    1706089665
  ],
  "blockTransactions": [
    6,
    10,
    10,
    8,
    9
  ],
  "Delays": [
    7639,
    7453,
    7470,
    6306,
    6323,
    6464,
    7769,
    6225,
    6629,
    6429,
    6580,
    5838,
    5423,
    5836,
    5836,
    5544,
    7869,
    6703,
    6104,
    5905,
    5568,
    5398,
    5737,
    4967,
    4520,
    4674,
    7797,
    6925,
    7354,
    6572,
    5796,
    5581,
    4979,
    4702,
    7237,
    7377,
    6733,
    6884,
    5973,
    6528,
    5805,
    5270,
    5068
  ],
  "Throughputs": [
    0.7854431208273334,
    1.5027707335399643,
    1.9068573524019068,
    2.04142900030021,
    2.1899668958492486
  ],
  "AverageDelays": [
    6942.5,
    6485.25,
    6200.346153846154,
    6203.382352941177,
    6227.674418604651
  ]
}