{
  "transactionTimestamps": [
    1706089885962,
    1706089886591,
    1706089886948,
    1706089887377,
    1706089887670,
    1706089889295,
    1706089890606,
    1706089890301,
    1706089890361,
    1706089891025,
    1706089891025,
    1706089891685,
    1706089891283,
    1706089891530,
    1706089893208,
    1706089893594,
    1706089893813,
    1706089894237,
    1706089894367,
    1706089894784,
    1706089894725,
    1706089895061,
    1706089895759,
    1706089895545,
    1706089897532,
    1706089897146,
    1706089898200,
    1706089898213,
    1706089898574,
    1706089898543,
    1706089899636,
    1706089898898,
    1706089899636
  ],
  "blockTimestamps": [
    1706089893742,
    1706089896736,
    1706089899727,
    1706089902733,
    1706089905745
  ],
  "blockTimes": [
    1706089893,
    1706089896,
    1706089899,
    1706089902,
    1706089905
  ],
  "blockTransactions": [
    5,
    9,
    6,
    6,
    7
  ],
  "Delays": [
    7780,
    7151,
    6794,
    6365,
    6072,
    7441,
    6130,
    6435,
    6375,
    5711,
    5711,
    5051,
    5453,
    5206,
    6519,
    6133,
    5914,
    5490,
    5360,
    4943,
    8008,
    7672,
    6974,
    7188,
    5201,
    5587,
    7545,
    7532,
    7171,
    7202,
    6109,
    6847,
    6109
  ],
  "Throughputs": [
    0.6426735218508998,
    1.299424540560609,
    1.452960406828914,
    1.550295152346312,
    1.6680988727695496
  ],
  "AverageDelays": [
    6832.4,
    6262.5,
    6101.7,
    6256.307692307692,
    6399.363636363636
  ]
}