{
  "transactionTimestamps": [
    1706090066536,
    1706090067512,
    1706090067942,
    1706090067696,
    1706090068006,
    1706090068991,
    1706090069145,
    1706090070834,
    1706090071112,
    1706090071500,
    1706090071250,
    1706090072442,
    1706090072008,
    1706090072454,
    1706090072934,
    1706090073429,
    1706090074294,
    1706090075064,
    1706090075625,
    1706090076085,
    1706090075576,
    1706090075993,
    1706090076363,
    1706090077058,
    1706090077012,
    1706090077942,
    1706090078653,
    1706090078824,
    1706090079529,
    1706090079665,
    1706090079943,
    1706090080769,
    1706090080217
  ],
  "blockTimestamps": [
    1706090073726,
    1706090076729,
    1706090079738,
    1706090082729,
    1706090085734
  ],
  "blockTimes": [
    1706090073,
    1706090076,
    1706090079,
    1706090082,
    1706090085
  ],
  "blockTransactions": [
    7,
    4,
    7,
    8,
    7
  ],
  "Delays": [
    7190,
    6214,
    5784,
    6030,
    5720,
    4735,
    4581,
    5895,
    5617,
    5229,
    5479,
    7296,
    7730,
    7284,
    6804,
    6309,
    5444,
    4674,
    7104,
    6644,
    7153,
    6736,
    6366,
    5671,
    5717,
    4787,
    7081,
    6910,
    6205,
    6069,
    5791,
    4965,
    5517
  ],
  "Throughputs": [
    0.9735744089012517,
    1.0791719807711175,
    1.3634297833661566,
    1.6056320632372012,
    1.7189290551099072
  ],
  "AverageDelays": [
    5750.571428571428,
    5679.454545454545,
    6000.833333333333,
    6084.346153846154,
    6082.757575757576
  ]
}