{
  "transactionTimestamps": [
    1706089901366,
    1706089902274,
    1706089901999,
    1706089902061,
    1706089902723,
    1706089903119,
    1706089903150,
    1706089903538,
    1706089906094,
    1706089906171,
    1706089906264,
    1706089906030,
    1706089906497,
    1706089907619,
    1706089907205,
    1706089907528,
    1706089907711,
    1706089910697,
    1706089910944,
    1706089910145,
    1706089910776,
    1706089910589,
    1706089911480,
    1706089911976,
    1706089912422,
    1706089914486,
    1706089914457,
    1706089915216,
    1706089915445
  ],
  "blockTimestamps": [
    1706089908736,
    1706089911731,
    1706089914739,
    1706089917727,
    1706089920732
  ],
  "blockTimes": [
    1706089908,
    1706089911,
    1706089914,
    1706089917,
    1706089920
  ],
  "blockTransactions": [
    8,
    5,
    4,
    8,
    4
  ],
  "Delays": [
    7370,
    6462,
    6737,
    6675,
    6013,
    5617,
    5586,
    5198,
    5637,
    5560,
    5467,
    5701,
    5234,
    7120,
    7534,
    7211,
    7028,
    7030,
    6783,
    7582,
    6951,
    7138,
    6247,
    5751,
    5305,
    6246,
    6275,
    5516,
    5287
  ],
  "Throughputs": [
    1.0854816824966078,
    1.254220935841775,
    1.2712181260749271,
    1.5280239594156835,
    1.4974697924197047
  ],
  "AverageDelays": [
    6207.25,
    5942.846153846154,
    6244.117647058823,
    6357.48,
    6284.862068965517
  ]
}