{
  "transactionTimestamps": [
    1706089441600,
    1706089441616,
    1706089444006,
    1706089444670,
    1706089445136,
    1706089445867,
    1706089446492,
    1706089447493,
    1706089448353,
    1706089449313,
    1706089449609,
    1706089450376
  ],
  "blockTimestamps": [
    1706089446743,
    1706089449743,
    1706089452734,
    1706089455736
  ],
  "blockTimes": [
    1706089446,
    1706089449,
    1706089452,
    1706089455
  ],
  "blockTransactions": [
    1,
    4,
    3,
    4
  ],
  "Delays": [
    5143,
    8127,
    5737,
    5073,
    4607,
    6867,
    6242,
    5241,
    7383,
    6423,
    6127,
    5360
  ],
  "Throughputs": [
    0.19443904335990667,
    0.6140243153628884,
    0.7185198491108317,
    0.8488964346349746
  ],
  "AverageDelays": [
    5143,
    5737.4,
    5879.625,
    6027.5
  ]
}