{
  "transactionTimestamps": [
    1706089946507,
    1706089947731,
    1706089947913,
    1706089948423,
    1706089948422,
    1706089948497,
    1706089948788,
    1706089949501,
    1706089950667,
    1706089951053,
    1706089951886,
    1706089951827,
    1706089952073,
    1706089952133,
    1706089952350,
    1706089953185,
    1706089953966,
    1706089953787,
    1706089954157,
    1706089954994,
    1706089955274,
    1706089955633,
    1706089955938,
    1706089956590,
    1706089956451,
    1706089957087,
    1706089956904,
    1706089957889,
    1706089957979,
    1706089958378,
    1706089959209,
    1706089959564,
    1706089960071,
    1706089959702,
    1706089960546,
    1706089960749
  ],
  "blockTimestamps": [
    1706089953734,
    1706089956727,
    1706089959730,
    1706089963340,
    1706089965729
  ],
  "blockTimes": [
    1706089953,
    1706089956,
    1706089959,
    1706089962,
    1706089965
  ],
  "blockTransactions": [
    7,
    4,
    9,
    10,
    6
  ],
  "Delays": [
    7227,
    6003,
    5821,
    5311,
    5312,
    5237,
    4946,
    7226,
    6060,
    5674,
    4841,
    7903,
    7657,
    7597,
    7380,
    6545,
    5764,
    5943,
    5573,
    4736,
    8066,
    7707,
    7402,
    6750,
    6889,
    6253,
    6436,
    5451,
    5361,
    4962,
    6520,
    6165,
    5658,
    6027,
    5183,
    4980
  ],
  "Throughputs": [
    0.9685900096859,
    1.0763209393346378,
    1.5125160704832488,
    1.7822135091783997,
    1.8728540214337737
  ],
  "AverageDelays": [
    5693.857142857143,
    5787.090909090909,
    6137.8,
    6267.766666666666,
    6182.388888888889
  ]
}