{
  "transactionTimestamps": [
    1706089557679,
    1706089558081,
    1706089558251,
    1706089558360,
    1706089559688,
    1706089560877,
    1706089560877,
    1706089561964,
    1706089562798,
    1706089562518,
    1706089562596,
    1706089564098,
    1706089564050,
    1706089564022,
    1706089565176,
    1706089565377,
    1706089566223,
    1706089566611,
    1706089566732,
    1706089567399,
    1706089567663,
    1706089567105,
    1706089567822,
    1706089568591,
    1706089568992,
    1706089570275,
    1706089570726
  ],
  "blockTimestamps": [
    1706089563735,
    1706089566733,
    1706089570332,
    1706089572730,
    1706089575735
  ],
  "blockTimes": [
    1706089563,
    1706089566,
    1706089569,
    1706089572,
    1706089575
  ],
  "blockTransactions": [
    4,
    3,
    8,
    7,
    5
  ],
  "Delays": [
    6056,
    5654,
    5484,
    5375,
    7045,
    5856,
    5856,
    8368,
    7534,
    7814,
    7736,
    6234,
    6282,
    6310,
    5156,
    7353,
    6507,
    6119,
    5998,
    5331,
    5067,
    5625,
    7913,
    7144,
    6743,
    5460,
    5009
  ],
  "Throughputs": [
    0.6605019815059445,
    0.7731389441130991,
    1.1854896072077767,
    1.4616968972161317,
    1.4953478068232167
  ],
  "AverageDelays": [
    5642.25,
    5903.714285714285,
    6450.666666666667,
    6307.272727272727,
    6334.407407407408
  ]
}