{
  "transactionTimestamps": [
    1706089797938,
    1706089800979,
    1706089800979,
    1706089802460,
    1706089804008,
    1706089803546,
    1706089804274,
    1706089804935,
    1706089805567,
    1706089806444,
    1706089807532,
    1706089808250,
    1706089808667,
    1706089808852,
    1706089810072
  ],
  "blockTimestamps": [
    1706089803733,
    1706089806726,
    1706089809732,
    1706089812732,
    1706089815735
  ],
  "blockTimes": [
    1706089803,
    1706089806,
    1706089809,
    1706089812,
    1706089815
  ],
  "blockTransactions": [
    1,
    2,
    5,
    3,
    4
  ],
  "Delays": [
    5795,
    5747,
    5747,
    7272,
    5724,
    6186,
    5458,
    4797,
    7165,
    6288,
    5200,
    7485,
    7068,
    6883,
    5663
  ],
  "Throughputs": [
    0.1725625539257981,
    0.3413746017296313,
    0.6783110055960657,
    0.7435446802757875,
    0.8428386806765185
  ],
  "AverageDelays": [
    5795,
    5763,
    5840.75,
    5943.545454545455,
    6165.2
  ]
}