{
  "transactionTimestamps": [
    1706089826604,
    1706089828221,
    1706089827670,
    1706089829653,
    1706089830994,
    1706089831134,
    1706089832406,
    1706089832760,
    1706089834023,
    1706089833517,
    1706089834563,
    1706089835040,
    1706089836253,
    1706089836872,
    1706089836619,
    1706089837991,
    1706089838069,
    1706089838637,
    1706089839667,
    1706089840649
  ],
  "blockTimestamps": [
    1706089833725,
    1706089836733,
    1706089839732,
    1706089842729,
    1706089845734
  ],
  "blockTimes": [
    1706089833,
    1706089836,
    1706089839,
    1706089842,
    1706089845
  ],
  "blockTransactions": [
    3,
    3,
    5,
    5,
    4
  ],
  "Delays": [
    7121,
    5504,
    6055,
    7080,
    5739,
    5599,
    7326,
    6972,
    5709,
    6215,
    5169,
    7689,
    6476,
    5857,
    6110,
    4738,
    7665,
    7097,
    6067,
    5085
  ],
  "Throughputs": [
    0.4212891447830361,
    0.5923585743903643,
    0.837903717245582,
    0.9922480620155039,
    1.0454783063251438
  ],
  "AverageDelays": [
    6226.666666666667,
    6183,
    6226.272727272727,
    6209.9375,
    6263.65
  ]
}