{
  "transactionTimestamps": [
    1706089630794,
    1706089631168,
    1706089631672,
    1706089632136,
    1706089632045,
    1706089632227,
    1706089632619,
    1706089633126,
    1706089633866,
    1706089634791,
    1706089634895,
    1706089635311,
    1706089635990,
    1706089635895,
    1706089635895,
    1706089636052,
    1706089636959,
    1706089636330,
    1706089637774,
    1706089638019,
    1706089638450,
    1706089638893,
    1706089638359,
    1706089638636,
    1706089639246,
    1706089640029,
    1706089639615,
    1706089640185,
    1706089640432,
    1706089640941,
    1706089641662,
    1706089641831,
    1706089642354,
    1706089642633,
    1706089642602,
    1706089643659,
    1706089643399,
    1706089643796,
    1706089644308,
    1706089644787,
    1706089645064,
    1706089646018
  ],
  "blockTimestamps": [
    1706089638734,
    1706089641729,
    1706089644737,
    1706089647732,
    1706089650737
  ],
  "blockTimes": [
    1706089638,
    1706089641,
    1706089644,
    1706089647,
    1706089650
  ],
  "blockTransactions": [
    8,
    10,
    11,
    5,
    8
  ],
  "Delays": [
    7940,
    7566,
    7062,
    6598,
    6689,
    6507,
    6115,
    5608,
    7863,
    6938,
    6834,
    6418,
    5739,
    5834,
    5834,
    5677,
    4770,
    5399,
    6963,
    6718,
    6287,
    5844,
    6378,
    6101,
    5491,
    4708,
    5122,
    4552,
    4305,
    6791,
    6070,
    5901,
    5378,
    5099,
    8135,
    7078,
    7338,
    6941,
    6429,
    5950,
    5673,
    4719
  ],
  "Throughputs": [
    1.0075566750629723,
    1.6460905349794237,
    2.079896722369648,
    2.0073208170976504,
    2.106002106002106
  ],
  "AverageDelays": [
    6760.625,
    6410.611111111111,
    6133.103448275862,
    6091.14705882353,
    6175.285714285715
  ]
}