{
  "transactionTimestamps": [
    1706089538626,
    1706089538502,
    1706089539119,
    1706089539813,
    1706089540806,
    1706089541937,
    1706089542248,
    1706089542589,
    1706089542480,
    1706089543315,
    1706089543716,
    1706089545204,
    1706089546403,
    1706089546002,
    1706089545862,
    1706089545862,
    1706089546790,
    1706089546775,
    1706089547205,
    1706089547593,
    1706089549318,
    1706089550291,
    1706089549827,
    1706089550462,
    1706089550404,
    1706089551038,
    1706089551744,
    1706089551151,
    1706089553245,
    1706089553500,
    1706089554007,
    1706089554040,
    1706089554392,
    1706089554782,
    1706089555293
  ],
  "blockTimestamps": [
    1706089546343,
    1706089548731,
    1706089551730,
    1706089554733,
    1706089557732,
    1706089560731
  ],
  "blockTimes": [
    1706089545,
    1706089548,
    1706089551,
    1706089554,
    1706089557,
    1706089560
  ],
  "blockTransactions": [
    5,
    6,
    8,
    4,
    6,
    6
  ],
  "Delays": [
    7717,
    7841,
    7224,
    6530,
    5537,
    6794,
    6483,
    6142,
    6251,
    5416,
    5015,
    6526,
    5327,
    5728,
    5868,
    5868,
    4940,
    4955,
    4525,
    7140,
    5415,
    4442,
    4906,
    7270,
    7328,
    6694,
    5988,
    6581,
    4487,
    7231,
    6724,
    6691,
    6339,
    5949,
    5438
  ],
  "Throughputs": [
    0.647920176234288,
    1.0885700148441366,
    1.4499389499389501,
    1.4279505804929535,
    1.517847796503716,
    1.5833521827640804
  ],
  "AverageDelays": [
    6969.8,
    6450,
    6036.1578947368425,
    5938.695652173913,
    6032.3448275862065,
    6094.571428571428
  ]
}