{
  "transactionTimestamps": [
    1706089931122,
    1706089931862,
    1706089931398,
    1706089931940,
    1706089932878,
    1706089933217,
    1706089935328,
    1706089935901,
    1706089935701,
    1706089936040,
    1706089935763,
    1706089936040,
    1706089937043,
    1706089936796,
    1706089939212,
    1706089939064,
    1706089939035,
    1706089939893,
    1706089939761,
    1706089939574,
    1706089940390,
    1706089940252,
    1706089940283,
    1706089941081,
    1706089942828,
    1706089943087,
    1706089943614,
    1706089943990,
    1706089943779,
    1706089944225,
    1706089944114,
    1706089944175,
    1706089945375
  ],
  "blockTimestamps": [
    1706089938731,
    1706089941734,
    1706089944732,
    1706089947723,
    1706089950734
  ],
  "blockTimes": [
    1706089938,
    1706089941,
    1706089944,
    1706089947,
    1706089950
  ],
  "blockTransactions": [
    6,
    8,
    6,
    5,
    8
  ],
  "Delays": [
    7609,
    6869,
    7333,
    6791,
    5853,
    5514,
    6406,
    5833,
    6033,
    5694,
    5971,
    5694,
    4691,
    4938,
    5520,
    5668,
    5697,
    4839,
    4971,
    5158,
    7333,
    7471,
    7440,
    6642,
    4895,
    7647,
    7120,
    6744,
    6955,
    6509,
    6620,
    6559,
    5359
  ],
  "Throughputs": [
    0.7885398869759496,
    1.3192612137203166,
    1.4695077149155034,
    1.505933377507379,
    1.6826432796247197
  ],
  "AverageDelays": [
    6661.5,
    6087.785714285715,
    5854.1,
    6034.52,
    6193.212121212121
  ]
}