{
  "transactionTimestamps": [
    1706089467338,
    1706089467585,
    1706089468563,
    1706089469532,
    1706089470990,
    1706089470539,
    1706089470816,
    1706089470814,
    1706089471549,
    1706089472061,
    1706089473564,
    1706089473822,
    1706089474099,
    1706089474347,
    1706089473915,
    1706089474627,
    1706089475003,
    1706089474923,
    1706089475827,
    1706089475671,
    1706089477864,
    1706089477941,
    1706089478020,
    1706089478520,
    1706089478394,
    1706089478890,
    1706089478768,
    1706089479405,
    1706089479887
  ],
  "blockTimestamps": [
    1706089473728,
    1706089476735,
    1706089479732,
    1706089482733,
    1706089485736
  ],
  "blockTimes": [
    1706089473,
    1706089476,
    1706089479,
    1706089482,
    1706089485
  ],
  "blockTransactions": [
    3,
    7,
    7,
    5,
    7
  ],
  "Delays": [
    6390,
    6143,
    5165,
    7203,
    5745,
    6196,
    5919,
    5921,
    5186,
    4674,
    6168,
    5910,
    5633,
    5385,
    5817,
    5105,
    4729,
    7810,
    6906,
    7062,
    4869,
    4792,
    7716,
    7216,
    7342,
    6846,
    6968,
    6331,
    5849
  ],
  "Throughputs": [
    0.4694835680751174,
    1.0641694157709907,
    1.3716314345651122,
    1.4290354011042548,
    1.5762582889444505
  ],
  "AverageDelays": [
    5899.333333333333,
    5854.2,
    5722.882352941177,
    5851.272727272727,
    6103.310344827586
  ]
}