{
  "transactionTimestamps": [
    1706089961770,
    1706089961847,
    1706089962041,
    1706089962975,
    1706089964600,
    1706089964322,
    1706089965765,
    1706089965420,
    1706089966058,
    1706089967196,
    1706089966778,
    1706089968767,
    1706089968671,
    1706089969738,
    1706089970773,
    1706089970942,
    1706089970669,
    1706089973085,
    1706089973661,
    1706089974782,
    1706089974798,
    1706089975432
  ],
  "blockTimestamps": [
    1706089968750,
    1706089971731,
    1706089974733,
    1706089977733,
    1706089980731
  ],
  "blockTimes": [
    1706089968,
    1706089971,
    1706089974,
    1706089977,
    1706089980
  ],
  "blockTransactions": [
    4,
    6,
    4,
    4,
    4
  ],
  "Delays": [
    6980,
    6903,
    6709,
    5775,
    7131,
    7409,
    5966,
    6311,
    5673,
    4535,
    7955,
    5966,
    6062,
    4995,
    6960,
    6791,
    7064,
    4648,
    7070,
    5949,
    5933,
    5299
  ],
  "Throughputs": [
    0.5730659025787965,
    1.0039152695512499,
    1.0799969142945307,
    1.12760759255779,
    1.16027635673224
  ],
  "AverageDelays": [
    6591.75,
    6339.2,
    6312.142857142857,
    6324.055555555556,
    6276.545454545455
  ]
}