{
  "transactionTimestamps": [
    1706089736388,
    1706089736649,
    1706089736848,
    1706089737465,
    1706089738515,
    1706089738562,
    1706089740796,
    1706089740904,
    1706089740949,
    1706089740948,
    1706089742150,
    1706089741812,
    1706089741966,
    1706089744115,
    1706089744258,
    1706089745120,
    1706089745548,
    1706089745167,
    1706089745472,
    1706089746461,
    1706089746276,
    1706089746354,
    1706089748039,
    1706089748904,
    1706089748654,
    1706089749333,
    1706089749629,
    1706089749921,
    1706089751126
  ],
  "blockTimestamps": [
    1706089743732,
    1706089746742,
    1706089749726,
    1706089752752,
    1706089755737
  ],
  "blockTimes": [
    1706089743,
    1706089746,
    1706089749,
    1706089752,
    1706089755
  ],
  "blockTransactions": [
    6,
    5,
    4,
    8,
    6
  ],
  "Delays": [
    7344,
    7083,
    6884,
    6267,
    5217,
    5170,
    5946,
    5838,
    5793,
    5794,
    4592,
    7914,
    7760,
    5611,
    5468,
    7632,
    7204,
    7585,
    7280,
    6291,
    6476,
    6398,
    4713,
    6833,
    7083,
    6404,
    6108,
    5816,
    4611
  ],
  "Throughputs": [
    0.8169934640522876,
    1.0623913463395789,
    1.1246063877642827,
    1.4055243216817404,
    1.4987854669491962
  ],
  "AverageDelays": [
    6327.5,
    5993.454545454545,
    6178.733333333334,
    6359.130434782609,
    6314.310344827586
  ]
}