{
  "transactionTimestamps": [
    1706089523668,
    1706089523492,
    1706089523872,
    1706089523262,
    1706089523936,
    1706089523920,
    1706089525066,
    1706089526494,
    1706089526911,
    1706089527237,
    1706089527637,
    1706089527623,
    1706089530854,
    1706089530578,
    1706089530530,
    1706089530854,
    1706089531696,
    1706089531888,
    1706089533108,
    1706089533605,
    1706089534101,
    1706089534163,
    1706089534594,
    1706089534530,
    1706089535441,
    1706089535548,
    1706089536344,
    1706089537715,
    1706089537992,
    1706089537857
  ],
  "blockTimestamps": [
    1706089531338,
    1706089533735,
    1706089536743,
    1706089539748,
    1706089542731
  ],
  "blockTimes": [
    1706089530,
    1706089533,
    1706089536,
    1706089539,
    1706089542
  ],
  "blockTransactions": [
    7,
    5,
    5,
    7,
    6
  ],
  "Delays": [
    7670,
    7846,
    7466,
    8076,
    7402,
    7418,
    6272,
    7241,
    6824,
    6498,
    6098,
    6112,
    5889,
    6165,
    6213,
    5889,
    5047,
    7860,
    6640,
    6143,
    5647,
    5585,
    5154,
    5218,
    7290,
    7183,
    6387,
    5016,
    4739,
    4874
  ],
  "Throughputs": [
    0.9126466753585398,
    1.1920135094864408,
    1.3001912045889101,
    1.492537313432836,
    1.5737292136599697
  ],
  "AverageDelays": [
    7450,
    7076.916666666667,
    6713.294117647059,
    6515.541666666667,
    6395.4
  ]
}