{
  "transactionTimestamps": [
    1706089871286,
    1706089871966,
    1706089873017,
    1706089873183,
    1706089872875,
    1706089874187,
    1706089875665,
    1706089876009,
    1706089876010,
    1706089875792,
    1706089876615,
    1706089876798,
    1706089877373,
    1706089878487,
    1706089878768,
    1706089879799,
    1706089879167,
    1706089880217,
    1706089880282,
    1706089881481,
    1706089882159,
    1706089881651,
    1706089882588,
    1706089883450,
    1706089883420,
    1706089883851,
    1706089884793,
    1706089885946,
    1706089885321
  ],
  "blockTimestamps": [
    1706089878736,
    1706089881737,
    1706089884727,
    1706089887736,
    1706089890731
  ],
  "blockTimes": [
    1706089878,
    1706089881,
    1706089884,
    1706089887,
    1706089890
  ],
  "blockTransactions": [
    6,
    5,
    7,
    6,
    5
  ],
  "Delays": [
    7450,
    6770,
    5719,
    5553,
    5861,
    4549,
    6072,
    5728,
    5727,
    5945,
    5122,
    7929,
    7354,
    6240,
    5959,
    4928,
    5560,
    4510,
    7454,
    6255,
    5577,
    6085,
    5148,
    4286,
    7311,
    6880,
    5938,
    4785,
    5410
  ],
  "Throughputs": [
    0.8053691275167785,
    1.0525308582910726,
    1.3391860724648463,
    1.458966565349544,
    1.4913859604011315
  ],
  "AverageDelays": [
    5983.666666666667,
    5863.272727272727,
    5943.111111111111,
    5907.541666666667,
    5934.6551724137935
  ]
}