{
  "transactionTimestamps": [
    1706089616746,
    1706089617561,
    1706089618076,
    1706089617967,
    1706089619140,
    1706089618711,
    1706089618928,
    1706089619112,
    1706089619511,
    1706089620014,
    1706089620526,
    1706089620308,
    1706089620894,
    1706089620894,
    1706089621956,
    1706089622247,
    1706089622508,
    1706089622726,
    1706089623167,
    1706089623631,
    1706089623153,
    1706089623525,
    1706089623723,
    1706089623294,
    1706089624076,
    1706089624323,
    1706089623924,
    1706089624983,
    1706089625980,
    1706089625364,
    1706089626906,
    1706089626288,
    1706089626703,
    1706089627028,
    1706089627443,
    1706089627720,
    1706089628318,
    1706089628318,
    1706089628060,
    1706089628413,
    1706089629199,
    1706089629508,
    1706089631149
  ],
  "blockTimestamps": [
    1706089623728,
    1706089626747,
    1706089629733,
    1706089632730,
    1706089635737
  ],
  "blockTimes": [
    1706089623,
    1706089626,
    1706089629,
    1706089632,
    1706089635
  ],
  "blockTransactions": [
    4,
    12,
    12,
    9,
    6
  ],
  "Delays": [
    6982,
    6167,
    5652,
    5761,
    7607,
    8036,
    7819,
    7635,
    7236,
    6733,
    6221,
    6439,
    5853,
    5853,
    4791,
    4500,
    7225,
    7007,
    6566,
    6102,
    6580,
    6208,
    6010,
    6439,
    5657,
    5410,
    5809,
    4750,
    6750,
    7366,
    5824,
    6442,
    6027,
    5702,
    5287,
    5010,
    4412,
    7419,
    7677,
    7324,
    6538,
    6229,
    4588
  ],
  "Throughputs": [
    0.5729017473503294,
    1.5998400159984003,
    2.156002156002156,
    2.314814814814815,
    2.2642304249381286
  ],
  "AverageDelays": [
    6140.5,
    6455.3125,
    6323.142857142857,
    6212.648648648648,
    6270.767441860465
  ]
}