{
  "transactionTimestamps": [
    1706089571641,
    1706089571780,
    1706089571300,
    1706089572229,
    1706089573682,
    1706089573078,
    1706089574227,
    1706089574797,
    1706089575878,
    1706089575280,
    1706089575523,
    1706089575878,
    1706089576206,
    1706089576425,
    1706089577595,
    1706089577688,
    1706089578077,
    1706089578323,
    1706089578800,
    1706089579080,
    1706089579573,
    1706089579787,
    1706089580253,
    1706089580622,
    1706089580543,
    1706089581831,
    1706089581597,
    1706089582432,
    1706089582694,
    1706089583474,
    1706089583506,
    1706089583937,
    1706089584512,
    1706089584649,
    1706089584959
  ],
  "blockTimestamps": [
    1706089578731,
    1706089581739,
    1706089584739,
    1706089587734,
    1706089590731
  ],
  "blockTimes": [
    1706089578,
    1706089581,
    1706089584,
    1706089587,
    1706089590
  ],
  "blockTransactions": [
    6,
    8,
    8,
    6,
    7
  ],
  "Delays": [
    7090,
    6951,
    7431,
    6502,
    5049,
    5653,
    7512,
    6942,
    5861,
    6459,
    6216,
    5861,
    5533,
    5314,
    7144,
    7051,
    6662,
    6416,
    5939,
    5659,
    5166,
    4952,
    7481,
    7112,
    7191,
    5903,
    6137,
    5302,
    8037,
    7257,
    7225,
    6794,
    6219,
    6082,
    5772
  ],
  "Throughputs": [
    0.846262341325811,
    1.3864131511190334,
    1.6796457474423576,
    1.7398869073510221,
    1.8334206390780514
  ],
  "AverageDelays": [
    6446,
    6312.428571428572,
    6243.772727272727,
    6303.178571428572,
    6396.428571428572
  ]
}