{
  "transactionTimestamps": [
    1706090082018,
    1706090082776,
    1706090083411,
    1706090084229,
    1706090085538,
    1706090084691,
    1706090087528,
    1706090087990,
    1706090089113,
    1706090089177,
    1706090091715,
    1706090092724,
    1706090093841,
    1706090095587
  ],
  "blockTimestamps": [
    1706090088734,
    1706090091729,
    1706090094726,
    1706090097734,
    1706090100725
  ],
  "blockTimes": [
    1706090088,
    1706090091,
    1706090094,
    1706090097,
    1706090100
  ],
  "blockTransactions": [
    3,
    3,
    4,
    2,
    2
  ],
  "Delays": [
    6716,
    5958,
    5323,
    7500,
    6191,
    7038,
    7198,
    6736,
    5613,
    5549,
    6019,
    5010,
    6884,
    5138
  ],
  "Throughputs": [
    0.4466944609886837,
    0.6178560395427866,
    0.7869058860560277,
    0.7635530669381523,
    0.748382958250922
  ],
  "AverageDelays": [
    5999,
    6454.333333333333,
    6382.2,
    6237.583333333333,
    6205.214285714285
  ]
}