{
  "transactionTimestamps": [
    1706101366933,
    1706101365878,
    1706101368038,
    1706101368084,
    1706101368146,
    1706101368163,
    1706101369013,
    1706101369259,
    1706101369335,
    1706101369397,
    1706101369570,
    1706101370173,
    1706101370564,
    1706101370718,
    1706101371204,
    1706101371536,
    1706101371734,
    1706101369771,
    1706101371905,
    1706101370538,
    1706101372698,
    1706101373059,
    1706101373167,
    1706101373495,
    1706101373963,
    1706101374350,
    1706101374959,
    1706101375379,
    1706101375858,
    1706101375072,
    1706101374366,
    1706101374850,
    1706101376645,
    1706101377068,
    1706101376215,
    1706101378046,
    1706101378438,
    1706101377970,
    1706101379199,
    1706101380036,
    1706101380036,
    1706101378875,
    1706101379044,
    1706101380832,
    1706101381434
  ],
  "blockTimestamps": [
    1706101370785,
    1706101373564,
    1706101375770,
    1706101378763,
    1706101382436
  ],
  "blockTimes": [
    1706101369,
    1706101372,
    1706101375,
    1706101378,
    1706101381
  ],
  "blockTransactions": [
    11,
    2,
    8,
    7,
    17
  ],
  "Delays": [
    3852,
    4907,
    2747,
    2701,
    2639,
    2622,
    1772,
    1526,
    1450,
    1388,
    1215,
    3391,
    3000,
    5052,
    4566,
    4234,
    4036,
    5999,
    3865,
    5232,
    3072,
    5704,
    5596,
    5268,
    4800,
    4413,
    3804,
    3384,
    6578,
    7364,
    8070,
    7586,
    5791,
    5368,
    6221,
    4390,
    3998,
    4466,
    3237,
    2400,
    2400,
    3561,
    3392,
    1604,
    1002
  ],
  "Throughputs": [
    2.8556593977154727,
    1.9604886140853566,
    2.376372071970126,
    2.366863905325444,
    2.902664000516029
  ],
  "AverageDelays": [
    2438.090909090909,
    2554.6153846153848,
    3298.3809523809523,
    3651.25,
    3992.511111111111
  ]
}