{
  "transactionTimestamps": [
    1706101663735,
    1706101664995,
    1706101665324,
    1706101666504,
    1706101666706,
    1706101665115,
    1706101667809,
    1706101668306,
    1706101669112,
    1706101669916,
    1706101670538,
    1706101671495,
    1706101671929,
    1706101672931,
    1706101673428,
    1706101674063,
    1706101672704,
    1706101674762,
    1706101673431,
    1706101675410,
    1706101676139,
    1706101676836,
    1706101677597,
    1706101678973,
    1706101677389
  ],
  "blockTimestamps": [
    1706101670220,
    1706101672791,
    1706101676024,
    1706101679382,
    1706101681759
  ],
  "blockTimes": [
    1706101669,
    1706101672,
    1706101675,
    1706101678,
    1706101681
  ],
  "blockTransactions": [
    9,
    1,
    10,
    3,
    2
  ],
  "Delays": [
    6485,
    5225,
    4896,
    3716,
    3514,
    5105,
    2411,
    1914,
    1108,
    2875,
    5486,
    4529,
    4095,
    3093,
    2596,
    1961,
    3320,
    1262,
    2593,
    614,
    3243,
    2546,
    1785,
    2786,
    4370
  ],
  "Throughputs": [
    1.3878180416345411,
    1.1042402826855124,
    1.6274717226788185,
    1.4699303380839777,
    1.3870395028850422
  ],
  "AverageDelays": [
    3819.3333333333335,
    3724.9,
    3339.9,
    3233.5652173913045,
    3261.12
  ]
}