{
  "transactionTimestamps": [
    1706101381686,
    1706101382321,
    1706101382606,
    1706101382839,
    1706101383481,
    1706101381703,
    1706101383762,
    1706101383994,
    1706101384026,
    1706101384911,
    1706101384987,
    1706101385328,
    1706101385512,
    1706101386428,
    1706101386601,
    1706101386780,
    1706101386969,
    1706101387849,
    1706101388061,
    1706101388178,
    1706101388177,
    1706101389275,
    1706101389506,
    1706101390719,
    1706101390749,
    1706101389693
  ],
  "blockTimestamps": [
    1706101385391,
    1706101388157,
    1706101391089,
    1706101393770,
    1706101396764
  ],
  "blockTimes": [
    1706101384,
    1706101387,
    1706101390,
    1706101393,
    1706101396
  ],
  "blockTransactions": [
    1,
    10,
    7,
    7,
    1
  ],
  "Delays": [
    3705,
    5836,
    5551,
    5318,
    4676,
    6454,
    4395,
    4163,
    4131,
    3246,
    3170,
    5761,
    5577,
    4661,
    4488,
    4309,
    4120,
    3240,
    5709,
    5592,
    5593,
    4495,
    4264,
    3051,
    3021,
    7071
  ],
  "Throughputs": [
    0.2699055330634278,
    1.6998918250656776,
    1.9142826757417843,
    2.068851373717312,
    1.7243666268735907
  ],
  "AverageDelays": [
    3705,
    4604.090909090909,
    4600.055555555556,
    4581.04,
    4676.807692307692
  ]
}