{
  "transactionTimestamps": [
    1706101259682,
    1706101259839,
    1706101260838,
    1706101261023,
    1706101262442,
    1706101262504,
    1706101263608,
    1706101263950,
    1706101263956,
    1706101265134,
    1706101265150,
    1706101265259,
    1706101266333,
    1706101266349,
    1706101266784,
    1706101267890,
    1706101267967,
    1706101267999,
    1706101269170,
    1706101269388,
    1706101269494,
    1706101270704,
    1706101271014,
    1706101271063,
    1706101272311,
    1706101272373,
    1706101273676,
    1706101273754
  ],
  "blockTimestamps": [
    1706101265241,
    1706101270774,
    1706101274761,
    1706101276799
  ],
  "blockTimes": [
    1706101264,
    1706101270,
    1706101273,
    1706101276
  ],
  "blockTransactions": [
    9,
    6,
    11,
    2
  ],
  "Delays": [
    5559,
    5402,
    4403,
    4218,
    2799,
    2737,
    1633,
    1291,
    1285,
    5640,
    5624,
    5515,
    4441,
    4425,
    3990,
    6871,
    6794,
    6762,
    5591,
    5373,
    5267,
    4057,
    3747,
    3698,
    2450,
    2388,
    3123,
    3045
  ],
  "Throughputs": [
    1.618996222342148,
    1.3523260007212405,
    1.7242522713707804,
    1.6358006660045568
  ],
  "AverageDelays": [
    3258.5555555555557,
    3930.8,
    4306.153846153846,
    4218.857142857143
  ]
}