{
  "transactionTimestamps": [
    1706101407013,
    1706101409140,
    1706101409328,
    1706101410680,
    1706101410881,
    1706101411580,
    1706101411968,
    1706101412398,
    1706101412984,
    1706101413591,
    1706101413778,
    1706101414043,
    1706101414307,
    1706101415006,
    1706101415378,
    1706101415409,
    1706101415860,
    1706101416545,
    1706101416637,
    1706101416839,
    1706101417471,
    1706101417782,
    1706101417874,
    1706101418417,
    1706101418666,
    1706101418962,
    1706101419177,
    1706101419628,
    1706101419815,
    1706101420184,
    1706101420694,
    1706101421051,
    1706101421519,
    1706101421955,
    1706101422202,
    1706101423180,
    1706101423813,
    1706101423087,
    1706101424619,
    1706101425257,
    1706101426159,
    1706101426477
  ],
  "blockTimestamps": [
    1706101414764,
    1706101418060,
    1706101421490,
    1706101423793,
    1706101427426
  ],
  "blockTimes": [
    1706101414,
    1706101417,
    1706101420,
    1706101423,
    1706101426
  ],
  "blockTransactions": [
    5,
    16,
    10,
    1,
    10
  ],
  "Delays": [
    7751,
    5624,
    5436,
    4084,
    3883,
    6480,
    6092,
    5662,
    5076,
    4469,
    4282,
    4017,
    3753,
    3054,
    2682,
    2651,
    2200,
    1515,
    1423,
    1221,
    589,
    3708,
    3616,
    3073,
    2824,
    2528,
    2313,
    1862,
    1675,
    1306,
    796,
    2742,
    5907,
    5471,
    5224,
    4246,
    3613,
    4339,
    2807,
    2169,
    1267,
    949
  ],
  "Throughputs": [
    0.6450780544445878,
    1.9009685887571286,
    2.141327623126338,
    1.907032181168057,
    2.0575123695684123
  ],
  "AverageDelays": [
    5355.6,
    3902.095238095238,
    3407.9032258064517,
    3387.09375,
    3437.595238095238
  ]
}