{
  "transactionTimestamps": [
    1706101426130,
    1706101427551,
    1706101427567,
    1706101427678,
    1706101428689,
    1706101428921,
    1706101429047,
    1706101429047,
    1706101429093,
    1706101429905,
    1706101430217,
    1706101430250,
    1706101430295,
    1706101430544,
    1706101431178,
    1706101431551,
    1706101431581,
    1706101431597,
    1706101432074,
    1706101432432,
    1706101433177,
    1706101433192,
    1706101433546,
    1706101433917,
    1706101434464,
    1706101434649,
    1706101435053,
    1706101435508,
    1706101435805,
    1706101435959,
    1706101436209,
    1706101436829,
    1706101437419,
    1706101438151,
    1706101438852,
    1706101439398,
    1706101440457,
    1706101438928,
    1706101440876,
    1706101441840
  ],
  "blockTimestamps": [
    1706101432765,
    1706101436249,
    1706101439244,
    1706101442402
  ],
  "blockTimes": [
    1706101432,
    1706101435,
    1706101438,
    1706101441
  ],
  "blockTransactions": [
    9,
    19,
    7,
    5
  ],
  "Delays": [
    6635,
    5214,
    5198,
    5087,
    4076,
    3844,
    3718,
    3718,
    3672,
    6344,
    6032,
    5999,
    5954,
    5705,
    5071,
    4698,
    4668,
    4652,
    4175,
    3817,
    3072,
    3057,
    2703,
    2332,
    1785,
    1600,
    1196,
    741,
    3439,
    3285,
    3035,
    2415,
    1825,
    1093,
    392,
    3004,
    1945,
    3474,
    1526,
    562
  ],
  "Throughputs": [
    1.356443104747551,
    2.7670718450439766,
    2.668903461949062,
    2.458210422812193
  ],
  "AverageDelays": [
    4573.555555555556,
    4098.678571428572,
    3721.342857142857,
    3518.95
  ]
}