{
  "transactionTimestamps": [
    1706101304339,
    1706101304651,
    1706101304979,
    1706101305740,
    1706101306050,
    1706101306609,
    1706101307199,
    1706101307872,
    1706101308629,
    1706101308977,
    1706101307575,
    1706101309242,
    1706101309927,
    1706101310303,
    1706101310631,
    1706101311208,
    1706101311488,
    1706101311738,
    1706101310479,
    1706101312050,
    1706101312624,
    1706101312827,
    1706101313280,
    1706101313466,
    1706101313931,
    1706101314444,
    1706101314476,
    1706101315033,
    1706101315140,
    1706101315728,
    1706101316403,
    1706101316482,
    1706101317164,
    1706101317585,
    1706101317970,
    1706101318396,
    1706101319098,
    1706101319334
  ],
  "blockTimestamps": [
    1706101310684,
    1706101313794,
    1706101316213,
    1706101320177,
    1706101321759
  ],
  "blockTimes": [
    1706101309,
    1706101312,
    1706101315,
    1706101318,
    1706101321
  ],
  "blockTransactions": [
    12,
    10,
    8,
    6,
    2
  ],
  "Delays": [
    6345,
    6033,
    5705,
    4944,
    4634,
    4075,
    3485,
    2812,
    2055,
    1707,
    3109,
    1442,
    3867,
    3491,
    3163,
    2586,
    2306,
    2056,
    3315,
    1744,
    1170,
    967,
    2933,
    2747,
    2282,
    1769,
    1737,
    1180,
    1073,
    485,
    3774,
    3695,
    3013,
    2592,
    2207,
    1781,
    2661,
    2425
  ],
  "Throughputs": [
    1.8912529550827424,
    2.326811210999471,
    2.526528549772612,
    2.2730142694784696,
    2.1814006888633752
  ],
  "AverageDelays": [
    3862.1666666666665,
    3227.7727272727275,
    2840.5666666666666,
    2841.0833333333335,
    2825.3947368421054
  ]
}