{
  "transactionTimestamps": [
    1706101234702,
    1706101236192,
    1706101237459,
    1706101238864,
    1706101240273,
    1706101241429
  ],
  "blockTimestamps": [
    1706101237917,
    1706101241236,
    1706101244339
  ],
  "blockTimes": [
    1706101237,
    1706101240,
    1706101243
  ],
  "blockTransactions": [
    3,
    2,
    1
  ],
  "Delays": [
    3215,
    1725,
    458,
    2372,
    963,
    2910
  ],
  "Throughputs": [
    0.9331259720062208,
    0.7652280379553107,
    0.622600394313583
  ],
  "AverageDelays": [
    1799.3333333333333,
    1746.6,
    1940.5
  ]
}