{
  "transactionTimestamps": [
    1706101604476,
    1706101604491,
    1706101605158,
    1706101605980,
    1706101605793,
    1706101606632,
    1706101607111,
    1706101607296,
    1706101607931,
    1706101608517,
    1706101608882,
    1706101609144,
    1706101609406,
    1706101609993,
    1706101610366,
    1706101610536,
    1706101611485,
    1706101611859,
    1706101612109,
    1706101613071,
    1706101613149,
    1706101613428,
    1706101614220,
    1706101614482,
    1706101614791,
    1706101615369,
    1706101616036,
    1706101616280,
    1706101616644,
    1706101617187,
    1706101618044,
    1706101618574,
    1706101619521,
    1706101619834,
    1706101620858,
    1706101621369
  ],
  "blockTimestamps": [
    1706101609773,
    1706101612757,
    1706101616579,
    1706101619005,
    1706101622157
  ],
  "blockTimes": [
    1706101609,
    1706101612,
    1706101615,
    1706101618,
    1706101621
  ],
  "blockTransactions": [
    8,
    5,
    13,
    2,
    8
  ],
  "Delays": [
    5297,
    5282,
    4615,
    3793,
    3980,
    3141,
    2662,
    2477,
    4826,
    4240,
    3875,
    3613,
    3351,
    6586,
    6213,
    6043,
    5094,
    4720,
    4470,
    3508,
    3430,
    3151,
    2359,
    2097,
    1788,
    1210,
    2969,
    2725,
    5513,
    4970,
    4113,
    3583,
    2636,
    2323,
    1299,
    788
  ],
  "Throughputs": [
    1.5102888427411743,
    1.5698587127158554,
    2.1482277121374866,
    1.9271801225135936,
    2.036083931904304
  ],
  "AverageDelays": [
    3905.875,
    3934.769230769231,
    3916.1923076923076,
    3839.8214285714284,
    3687.222222222222
  ]
}