{
  "transactionTimestamps": [
    1706101454371,
    1706101454511,
    1706101455214,
    1706101455869,
    1706101456162,
    1706101456505,
    1706101457447,
    1706101457442,
    1706101457848,
    1706101458749,
    1706101459060,
    1706101458950,
    1706101459167,
    1706101460351,
    1706101460383,
    1706101459061,
    1706101460551,
    1706101460847,
    1706101461797,
    1706101461937,
    1706101462107,
    1706101462139,
    1706101463215,
    1706101463518,
    1706101463619,
    1706101463712,
    1706101463868,
    1706101464882,
    1706101464913,
    1706101465022,
    1706101465053,
    1706101465444,
    1706101464072,
    1706101466350,
    1706101466440,
    1706101466549,
    1706101466629,
    1706101467094,
    1706101467593,
    1706101467809,
    1706101467995,
    1706101468805,
    1706101469131,
    1706101469303,
    1706101470505,
    1706101470598,
    1706101469366
  ],
  "blockTimestamps": [
    1706101460261,
    1706101465859,
    1706101468870,
    1706101471898
  ],
  "blockTimes": [
    1706101459,
    1706101465,
    1706101468,
    1706101471
  ],
  "blockTransactions": [
    13,
    9,
    10,
    15
  ],
  "Delays": [
    5890,
    5750,
    5047,
    4392,
    4099,
    3756,
    2814,
    2819,
    2413,
    1512,
    1201,
    1311,
    1094,
    5508,
    5476,
    6798,
    5308,
    5012,
    4062,
    3922,
    3752,
    3720,
    5655,
    5352,
    5251,
    5158,
    5002,
    3988,
    3957,
    3848,
    3817,
    3426,
    7826,
    5548,
    5458,
    5349,
    5269,
    4804,
    4305,
    4089,
    3903,
    3093,
    2767,
    2595,
    1393,
    1300,
    2532
  ],
  "Throughputs": [
    2.2071307300509337,
    1.9150417827298052,
    2.207048761983585,
    2.6815769954926685
  ],
  "AverageDelays": [
    3238.3076923076924,
    3893.4545454545455,
    4097.1875,
    4071.0851063829787
  ]
}