{
  "transactionTimestamps": [
    1706101652813,
    1706101652889,
    1706101654238,
    1706101654268,
    1706101655473,
    1706101655628,
    1706101656654,
    1706101656868,
    1706101658102,
    1706101658114,
    1706101657103,
    1706101659596,
    1706101659702,
    1706101660818,
    1706101661114,
    1706101662355,
    1706101662543,
    1706101663503
  ],
  "blockTimestamps": [
    1706101658475,
    1706101660789,
    1706101663756,
    1706101666767
  ],
  "blockTimes": [
    1706101657,
    1706101660,
    1706101663,
    1706101666
  ],
  "blockTransactions": [
    8,
    2,
    3,
    5
  ],
  "Delays": [
    5662,
    5586,
    4237,
    4207,
    3002,
    2847,
    1821,
    1607,
    2687,
    2675,
    6653,
    4160,
    4054,
    5949,
    5653,
    4412,
    4224,
    3264
  ],
  "Throughputs": [
    1.4129282938890853,
    1.2537612838515546,
    1.1879740473361966,
    1.2899527017342698
  ],
  "AverageDelays": [
    3621.125,
    3433.1,
    3784.4615384615386,
    4038.8888888888887
  ]
}