{
  "transactionTimestamps": [
    1706101500042,
    1706101499032,
    1706101499576,
    1706101501555,
    1706101503207,
    1706101502539,
    1706101503986,
    1706101504078,
    1706101504655,
    1706101505186,
    1706101505530,
    1706101506092,
    1706101506434,
    1706101504842,
    1706101507086,
    1706101507504,
    1706101507908,
    1706101508359,
    1706101508965,
    1706101509109,
    1706101509586,
    1706101510567,
    1706101510583,
    1706101511111,
    1706101511747,
    1706101511901,
    1706101513144,
    1706101513331,
    1706101514634,
    1706101514650,
    1706101516092
  ],
  "blockTimestamps": [
    1706101504771,
    1706101508023,
    1706101511529,
    1706101513884,
    1706101517082
  ],
  "blockTimes": [
    1706101504,
    1706101507,
    1706101510,
    1706101513,
    1706101516
  ],
  "blockTransactions": [
    3,
    13,
    7,
    1,
    7
  ],
  "Delays": [
    4729,
    5739,
    5195,
    6468,
    4816,
    5484,
    4037,
    3945,
    3368,
    2837,
    2493,
    1931,
    1589,
    3181,
    937,
    519,
    3621,
    3170,
    2564,
    2420,
    1943,
    962,
    946,
    2773,
    5335,
    5181,
    3938,
    3751,
    2448,
    2432,
    990
  ],
  "Throughputs": [
    0.6343835906111228,
    2.0047613081067537,
    2.002263428223209,
    1.7338534893801474,
    1.81924882629108
  ],
  "AverageDelays": [
    5221,
    3579.25,
    3169.304347826087,
    3152.7916666666665,
    3217.483870967742
  ]
}