{
  "transactionTimestamps": [
    1706101484177,
    1706101484506,
    1706101485661,
    1706101486189,
    1706101486907,
    1706101487915,
    1706101488118,
    1706101489072,
    1706101489072,
    1706101489242,
    1706101489740,
    1706101490470,
    1706101490671,
    1706101491294,
    1706101492180,
    1706101490796,
    1706101492663,
    1706101491992,
    1706101493584,
    1706101494017,
    1706101494906,
    1706101493514,
    1706101495249,
    1706101493785,
    1706101495546,
    1706101495905,
    1706101494843,
    1706101496651,
    1706101497150,
    1706101497152,
    1706101496587,
    1706101498191,
    1706101498487,
    1706101498830
  ],
  "blockTimestamps": [
    1706101489896,
    1706101493100,
    1706101496501,
    1706101499381,
    1706101501874
  ],
  "blockTimes": [
    1706101489,
    1706101492,
    1706101495,
    1706101498,
    1706101501
  ],
  "blockTransactions": [
    10,
    6,
    9,
    2,
    7
  ],
  "Delays": [
    5719,
    5390,
    4235,
    3707,
    2989,
    1981,
    1778,
    824,
    824,
    654,
    3360,
    2630,
    2429,
    1806,
    920,
    2304,
    3838,
    4509,
    2917,
    2484,
    1595,
    2987,
    1252,
    2716,
    955,
    3476,
    4538,
    5223,
    4724,
    4722,
    5287,
    3683,
    3387,
    3044
  ],
  "Throughputs": [
    1.7485574401119075,
    1.7931189061974673,
    2.0285621551444337,
    1.7758484609313339,
    1.9212295869356388
  ],
  "AverageDelays": [
    2810.1,
    2596.875,
    2592.12,
    2696.925925925926,
    3026.0882352941176
  ]
}