{
  "transactionTimestamps": [
    1706101243107,
    1706101248938,
    1706101248949,
    1706101247374,
    1706101250171,
    1706101250529,
    1706101251436,
    1706101251751,
    1706101252785,
    1706101253047,
    1706101254197,
    1706101254324,
    1706101255696,
    1706101255789,
    1706101256850,
    1706101257115,
    1706101258128,
    1706101258453
  ],
  "blockTimestamps": [
    1706101249764,
    1706101252757,
    1706101256456,
    1706101259077,
    1706101261789
  ],
  "blockTimes": [
    1706101249,
    1706101252,
    1706101255,
    1706101258,
    1706101261
  ],
  "blockTransactions": [
    1,
    3,
    8,
    2,
    4
  ],
  "Delays": [
    6657,
    3819,
    3808,
    5383,
    6285,
    5927,
    5020,
    4705,
    3671,
    3409,
    2259,
    2132,
    3381,
    3288,
    4939,
    4674,
    3661,
    3336
  ],
  "Throughputs": [
    0.1502178158329578,
    0.41450777202072536,
    0.8989437411042025,
    0.8766437069505322,
    0.9634942725618243
  ],
  "AverageDelays": [
    6657,
    4916.75,
    4422.916666666667,
    4267.428571428572,
    4241.888888888889
  ]
}