{
  "transactionTimestamps": [
    1706101442150,
    1706101443376,
    1706101443423,
    1706101444059,
    1706101444059,
    1706101444616,
    1706101444896,
    1706101445396,
    1706101445582,
    1706101446237,
    1706101446423,
    1706101446852,
    1706101446892,
    1706101447526,
    1706101447947,
    1706101448214,
    1706101448510,
    1706101448712,
    1706101449347,
    1706101449550,
    1706101449952,
    1706101450070,
    1706101450484,
    1706101450795,
    1706101451371,
    1706101451449,
    1706101452042,
    1706101452962,
    1706101452976,
    1706101453754
  ],
  "blockTimestamps": [
    1706101444861,
    1706101447769,
    1706101450973,
    1706101454364,
    1706101457240
  ],
  "blockTimes": [
    1706101444,
    1706101447,
    1706101450,
    1706101453,
    1706101456
  ],
  "blockTransactions": [
    1,
    5,
    8,
    15,
    1
  ],
  "Delays": [
    2711,
    4393,
    4346,
    3710,
    3710,
    3153,
    6077,
    5577,
    5391,
    4736,
    4550,
    4121,
    4081,
    3447,
    6417,
    6150,
    5854,
    5652,
    5017,
    4814,
    4412,
    4294,
    3880,
    3569,
    2993,
    2915,
    2322,
    1402,
    1388,
    3486
  ],
  "Throughputs": [
    0.36886757654002217,
    1.0678056593699947,
    1.5867618723790093,
    2.3743245456034057,
    1.9880715705765408
  ],
  "AverageDelays": [
    2711,
    3670.5,
    4285.928571428572,
    4175.241379310345,
    4152.266666666666
  ]
}