{
  "transactionTimestamps": [
    1706101516137,
    1706101517358,
    1706101518795,
    1706101519093,
    1706101520037,
    1706101518767,
    1706101520207,
    1706101520499,
    1706101521515,
    1706101521531,
    1706101521998,
    1706101522807,
    1706101522947,
    1706101523392,
    1706101524232,
    1706101524370,
    1706101524727,
    1706101525613,
    1706101525842,
    1706101526122,
    1706101526849,
    1706101527391,
    1706101527765,
    1706101528063,
    1706101528901,
    1706101528996,
    1706101529695,
    1706101530287,
    1706101530257,
    1706101531185,
    1706101531604
  ],
  "blockTimestamps": [
    1706101522759,
    1706101526165,
    1706101529496,
    1706101532496
  ],
  "blockTimes": [
    1706101522,
    1706101525,
    1706101528,
    1706101531
  ],
  "blockTransactions": [
    4,
    13,
    8,
    6
  ],
  "Delays": [
    6622,
    5401,
    3964,
    3666,
    6128,
    7398,
    5958,
    5666,
    4650,
    4634,
    4167,
    3358,
    3218,
    2773,
    1933,
    1795,
    1438,
    3883,
    3654,
    3374,
    2647,
    2105,
    1731,
    1433,
    595,
    3500,
    2801,
    2209,
    2239,
    1311,
    892
  ],
  "Throughputs": [
    0.6040471156750227,
    1.6952532907857998,
    1.8713975596975823,
    1.8949813558285957
  ],
  "AverageDelays": [
    4913.25,
    4280.529411764706,
    3687.64,
    3391.7096774193546
  ]
}