{
  "transactionTimestamps": [
    1706101622097,
    1706101622923,
    1706101623560,
    1706101624153,
    1706101624338,
    1706101624774,
    1706101625391,
    1706101625811,
    1706101626043,
    1706101626866,
    1706101627375,
    1706101627532,
    1706101628245,
    1706101628663,
    1706101628986,
    1706101629515,
    1706101629809,
    1706101630323,
    1706101630880,
    1706101631378,
    1706101631624,
    1706101632776,
    1706101632796,
    1706101634163,
    1706101634209,
    1706101635563,
    1706101635733
  ],
  "blockTimestamps": [
    1706101625162,
    1706101630770,
    1706101633887,
    1706101636975
  ],
  "blockTimes": [
    1706101624,
    1706101630,
    1706101633,
    1706101636
  ],
  "blockTransactions": [
    6,
    6,
    11,
    4
  ],
  "Delays": [
    3065,
    2239,
    1602,
    1009,
    824,
    388,
    5379,
    4959,
    4727,
    3904,
    3395,
    3238,
    5642,
    5224,
    4901,
    4372,
    4078,
    3564,
    3007,
    2509,
    2263,
    1111,
    1091,
    2812,
    2766,
    1412,
    1242
  ],
  "Throughputs": [
    1.9575856443719413,
    1.3836042891732965,
    1.9508057675996608,
    1.8147600483936013
  ],
  "AverageDelays": [
    1521.1666666666667,
    2894.0833333333335,
    3151.782608695652,
    2989.740740740741
  ]
}