{
  "transactionTimestamps": [
    1706101349502,
    1706101349579,
    1706101348343,
    1706101351105,
    1706101351151,
    1706101352425,
    1706101352471,
    1706101351682,
    1706101353841,
    1706101353998,
    1706101353998,
    1706101355443,
    1706101355513,
    1706101353966,
    1706101355473,
    1706101356715,
    1706101356755,
    1706101358285,
    1706101358348,
    1706101358300,
    1706101357200,
    1706101359486,
    1706101359603,
    1706101359685,
    1706101358306,
    1706101360879,
    1706101360926,
    1706101361145,
    1706101359685,
    1706101360646,
    1706101362403,
    1706101362406,
    1706101362463,
    1706101363625,
    1706101363827,
    1706101362588,
    1706101363981,
    1706101363996,
    1706101364789,
    1706101365397,
    1706101365428,
    1706101365443,
    1706101366405,
    1706101366624,
    1706101366671
  ],
  "blockTimestamps": [
    1706101355432,
    1706101357793,
    1706101360772,
    1706101364123,
    1706101367740
  ],
  "blockTimes": [
    1706101354,
    1706101357,
    1706101360,
    1706101363,
    1706101366
  ],
  "blockTransactions": [
    6,
    5,
    6,
    16,
    12
  ],
  "Delays": [
    5930,
    5853,
    7089,
    4327,
    4281,
    3007,
    5322,
    6111,
    3952,
    3795,
    3795,
    5329,
    5259,
    6806,
    5299,
    4057,
    4017,
    5838,
    5775,
    5823,
    6923,
    4637,
    4520,
    4438,
    5817,
    3244,
    3197,
    2978,
    4438,
    3477,
    1720,
    1717,
    1660,
    4115,
    3913,
    5152,
    3759,
    3744,
    2951,
    2343,
    2312,
    2297,
    1335,
    1116,
    1069
  ],
  "Throughputs": [
    1.0118043844856661,
    1.326739838378965,
    1.5084294587400178,
    2.2570275630941796,
    2.4673758087509596
  ],
  "AverageDelays": [
    5081.166666666667,
    4860.181818181818,
    4954.64705882353,
    4558.515151515152,
    4100.822222222222
  ]
}