{
  "transactionTimestamps": [
    1706101319592,
    1706101318846,
    1706101320713,
    1706101320884,
    1706101321164,
    1706101322013,
    1706101322246,
    1706101322466,
    1706101323228,
    1706101323582,
    1706101323708,
    1706101323987,
    1706101323987,
    1706101324486,
    1706101324810,
    1706101325228,
    1706101325663,
    1706101323931,
    1706101325626,
    1706101326845,
    1706101326876,
    1706101325460,
    1706101326223,
    1706101328340,
    1706101328356,
    1706101329570,
    1706101329617,
    1706101329694,
    1706101329804,
    1706101328780,
    1706101330792,
    1706101330840,
    1706101331009,
    1706101331259,
    1706101332162,
    1706101332546,
    1706101332749,
    1706101333650,
    1706101334021,
    1706101334102
  ],
  "blockTimestamps": [
    1706101324756,
    1706101327985,
    1706101330981,
    1706101335137,
    1706101337340
  ],
  "blockTimes": [
    1706101324,
    1706101327,
    1706101330,
    1706101333,
    1706101336
  ],
  "blockTransactions": [
    5,
    18,
    7,
    8,
    2
  ],
  "Delays": [
    5164,
    5910,
    4043,
    3872,
    3592,
    5972,
    5739,
    5519,
    4757,
    4403,
    4277,
    3998,
    3998,
    3499,
    3175,
    2757,
    2322,
    4054,
    2359,
    1140,
    1109,
    2525,
    1762,
    2641,
    2625,
    1411,
    1364,
    1287,
    1177,
    2201,
    4345,
    4297,
    4128,
    3878,
    2975,
    2591,
    2388,
    1487,
    3319,
    3238
  ],
  "Throughputs": [
    0.9682416731216112,
    2.7403788871678776,
    2.634120642725437,
    2.444515921518173,
    2.2537750732476898
  ],
  "AverageDelays": [
    4516.2,
    3736.782608695652,
    3288.4,
    3282.657894736842,
    3282.45
  ]
}