{
  "transactionTimestamps": [
    1706101274892,
    1706101275064,
    1706101276406,
    1706101276529,
    1706101275463,
    1706101277762,
    1706101278090,
    1706101279027,
    1706101279746,
    1706101280183,
    1706101278968,
    1706101281365,
    1706101281581,
    1706101282906,
    1706101282922,
    1706101283015,
    1706101284085,
    1706101284366,
    1706101284460,
    1706101285295,
    1706101285947,
    1706101286056,
    1706101286534,
    1706101287142,
    1706101287190,
    1706101287858,
    1706101288529,
    1706101288714,
    1706101289845,
    1706101289937,
    1706101291062,
    1706101291418
  ],
  "blockTimestamps": [
    1706101279999,
    1706101283224,
    1706101285765,
    1706101288763,
    1706101292225
  ],
  "blockTimes": [
    1706101279,
    1706101282,
    1706101285,
    1706101288,
    1706101291
  ],
  "blockTransactions": [
    8,
    5,
    3,
    4,
    12
  ],
  "Delays": [
    5107,
    4935,
    3593,
    3470,
    4536,
    2237,
    1909,
    972,
    3478,
    3041,
    4256,
    1859,
    1643,
    2859,
    2843,
    2750,
    4678,
    4397,
    4303,
    3468,
    6278,
    6169,
    5691,
    5083,
    5035,
    4367,
    3696,
    3511,
    2380,
    2288,
    1163,
    807
  ],
  "Throughputs": [
    1.5664773839827686,
    1.5602496399423906,
    1.4715349949415986,
    1.4418571119602046,
    1.8461893497951885
  ],
  "AverageDelays": [
    3344.875,
    3156.6153846153848,
    3093,
    3316.7,
    3525.0625
  ]
}