{
  "transactionTimestamps": [
    1706101562545,
    1706101563969,
    1706101564046,
    1706101562469,
    1706101564126,
    1706101565167,
    1706101565584,
    1706101565630,
    1706101566720,
    1706101567141,
    1706101567886,
    1706101566780,
    1706101568605,
    1706101569275,
    1706101570081,
    1706101570435,
    1706101570729,
    1706101571490,
    1706101571928,
    1706101572639,
    1706101573245,
    1706101571930
  ],
  "blockTimestamps": [
    1706101565694,
    1706101567970,
    1706101571120,
    1706101576762
  ],
  "blockTimes": [
    1706101564,
    1706101567,
    1706101570,
    1706101576
  ],
  "blockTransactions": [
    5,
    1,
    11,
    5
  ],
  "Delays": [
    3149,
    1725,
    1648,
    3225,
    1568,
    2803,
    5536,
    5490,
    4400,
    3979,
    3234,
    4340,
    2515,
    1845,
    1039,
    685,
    391,
    5272,
    4834,
    4123,
    3517,
    4832
  ],
  "Throughputs": [
    1.5878056525881232,
    1.1059907834101383,
    1.9825072886297377,
    1.5474432018006612
  ],
  "AverageDelays": [
    2263,
    2353,
    2798.3529411764707,
    3188.6363636363635
  ]
}