{
  "transactionTimestamps": [
    1706101532645,
    1706101533160,
    1706101531870,
    1706101534043,
    1706101534105,
    1706101534496,
    1706101535266,
    1706101535324,
    1706101535647,
    1706101536162,
    1706101536561,
    1706101536638,
    1706101536809,
    1706101537863,
    1706101537867,
    1706101537972,
    1706101537693,
    1706101539139,
    1706101539169,
    1706101539542,
    1706101540455,
    1706101540454,
    1706101541014,
    1706101541961,
    1706101542011,
    1706101542307,
    1706101543327,
    1706101543514,
    1706101543807,
    1706101542600
  ],
  "blockTimestamps": [
    1706101535502,
    1706101540761,
    1706101545312,
    1706101547013
  ],
  "blockTimes": [
    1706101534,
    1706101540,
    1706101543,
    1706101546
  ],
  "blockTransactions": [
    7,
    6,
    15,
    2
  ],
  "Delays": [
    2857,
    2342,
    3632,
    1459,
    1397,
    1006,
    236,
    5437,
    5114,
    4599,
    4200,
    4123,
    3952,
    7449,
    7445,
    7340,
    7619,
    6173,
    6143,
    5770,
    4857,
    4858,
    4298,
    3351,
    3301,
    3005,
    1985,
    1798,
    3206,
    4413
  ],
  "Throughputs": [
    2.450122506125306,
    1.601774273040907,
    2.2104681455751165,
    2.0879732739420933
  ],
  "AverageDelays": [
    1847,
    3104.153846153846,
    4133.785714285715,
    4112.166666666667
  ]
}