{
  "transactionTimestamps": [
    1706101544725,
    1706101545084,
    1706101545334,
    1706101546259,
    1706101545997,
    1706101546944,
    1706101547800,
    1706101547426,
    1706101548169,
    1706101548694,
    1706101549112,
    1706101549332,
    1706101549332,
    1706101550575,
    1706101550593,
    1706101550696,
    1706101551892,
    1706101551922,
    1706101552078,
    1706101553334,
    1706101553379,
    1706101553487,
    1706101554712,
    1706101554851,
    1706101554897,
    1706101553582,
    1706101555918,
    1706101556399,
    1706101556580,
    1706101557300,
    1706101557906,
    1706101558491,
    1706101559683,
    1706101557830,
    1706101561077,
    1706101559188
  ],
  "blockTimestamps": [
    1706101550170,
    1706101555767,
    1706101558762,
    1706101561896
  ],
  "blockTimes": [
    1706101549,
    1706101555,
    1706101558,
    1706101561
  ],
  "blockTransactions": [
    13,
    6,
    7,
    10
  ],
  "Delays": [
    5445,
    5086,
    4836,
    3911,
    4173,
    3226,
    2370,
    2744,
    2001,
    1476,
    1058,
    838,
    838,
    5192,
    5174,
    5071,
    3875,
    3845,
    3689,
    5428,
    5383,
    5275,
    4050,
    3911,
    3865,
    5180,
    5978,
    5497,
    5316,
    4596,
    3990,
    3405,
    2213,
    4066,
    819,
    2708
  ],
  "Throughputs": [
    2.3875114784205693,
    1.7207027712370948,
    1.8522476312602407,
    2.09655815036981
  ],
  "AverageDelays": [
    2923.230769230769,
    3413.0526315789475,
    3766.923076923077,
    3792.4444444444443
  ]
}