{
  "transactionTimestamps": [
    1706101589760,
    1706101589837,
    1706101587999,
    1706101591262,
    1706101591357,
    1706101592613,
    1706101592706,
    1706101592955,
    1706101591604,
    1706101593778,
    1706101593888,
    1706101594137,
    1706101594369,
    1706101594915,
    1706101595472,
    1706101595488,
    1706101595812,
    1706101596384,
    1706101596743,
    1706101597021,
    1706101597442,
    1706101597643,
    1706101598154,
    1706101598446,
    1706101599065,
    1706101599330,
    1706101600075,
    1706101599061,
    1706101600572,
    1706101600663,
    1706101601697,
    1706101601776,
    1706101602058,
    1706101603049,
    1706101603079,
    1706101603312,
    1706101603607,
    1706101604429
  ],
  "blockTimestamps": [
    1706101594759,
    1706101598457,
    1706101600806,
    1706101604637,
    1706101608158
  ],
  "blockTimes": [
    1706101594,
    1706101597,
    1706101600,
    1706101603,
    1706101606
  ],
  "blockTransactions": [
    5,
    16,
    2,
    14,
    1
  ],
  "Delays": [
    4999,
    4922,
    6760,
    3497,
    3402,
    5844,
    5751,
    5502,
    6853,
    4679,
    4569,
    4320,
    4088,
    3542,
    2985,
    2969,
    2645,
    2073,
    1714,
    1436,
    1015,
    3163,
    2652,
    6191,
    5572,
    5307,
    4562,
    5576,
    4065,
    3974,
    2940,
    2861,
    2579,
    1588,
    1558,
    1325,
    1030,
    3729
  ],
  "Throughputs": [
    1.0002000400080016,
    2.4146257330113836,
    2.082201701973565,
    2.4870605632856084,
    2.0654418958582457
  ],
  "AverageDelays": [
    4716,
    3979.285714285714,
    3886.086956521739,
    3743.4594594594596,
    3743.0789473684213
  ]
}