{
  "transactionTimestamps": [
    1706101472217,
    1706101472326,
    1706101473762,
    1706101473778,
    1706101473951,
    1706101474063,
    1706101475333,
    1706101475443,
    1706101475583,
    1706101475505,
    1706101476778,
    1706101476934,
    1706101477012,
    1706101477292,
    1706101478100,
    1706101478525,
    1706101478571,
    1706101478790,
    1706101479549,
    1706101480051,
    1706101480112,
    1706101480238,
    1706101481047,
    1706101481594,
    1706101481672,
    1706101481719,
    1706101482778,
    1706101482903
  ],
  "blockTimestamps": [
    1706101475513,
    1706101481307,
    1706101486859
  ],
  "blockTimes": [
    1706101474,
    1706101480,
    1706101486
  ],
  "blockTransactions": [
    6,
    16,
    6
  ],
  "Delays": [
    3296,
    3187,
    1751,
    1735,
    1562,
    1450,
    5974,
    5864,
    5724,
    5802,
    4529,
    4373,
    4295,
    4015,
    3207,
    2782,
    2736,
    2517,
    1758,
    1256,
    1195,
    1069,
    5812,
    5265,
    5187,
    5140,
    4081,
    3956
  ],
  "Throughputs": [
    1.8203883495145632,
    2.42024202420242,
    1.9123070618767928
  ],
  "AverageDelays": [
    2163.5,
    3185.318181818182,
    3554.214285714286
  ]
}