{
  "transactionTimestamps": [
    1706101292368,
    1706101292822,
    1706101293662,
    1706101293974,
    1706101294411,
    1706101295231,
    1706101295340,
    1706101295777,
    1706101296413,
    1706101296739,
    1706101297048,
    1706101297891,
    1706101297895,
    1706101298344,
    1706101299414,
    1706101299916,
    1706101299180,
    1706101300784,
    1706101299263,
    1706101301406,
    1706101302354,
    1706101302743,
    1706101303130,
    1706101301795,
    1706101303516
  ],
  "blockTimestamps": [
    1706101295225,
    1706101298236,
    1706101301503,
    1706101303768,
    1706101306764
  ],
  "blockTimes": [
    1706101294,
    1706101297,
    1706101300,
    1706101303,
    1706101306
  ],
  "blockTransactions": [
    5,
    8,
    5,
    1,
    6
  ],
  "Delays": [
    2857,
    2403,
    1563,
    1251,
    814,
    3005,
    2896,
    2459,
    1823,
    1497,
    1188,
    345,
    341,
    3159,
    2089,
    1587,
    2323,
    719,
    4505,
    5358,
    4410,
    4021,
    3634,
    4969,
    3248
  ],
  "Throughputs": [
    1.7500875043752186,
    2.2154055896387184,
    1.9704433497536946,
    1.6666666666666665,
    1.7365934981939426
  ],
  "AverageDelays": [
    1777.6,
    1726.3076923076924,
    1795.5,
    1938.1052631578948,
    2498.56
  ]
}