{
  "transactionTimestamps": [
    1706101678000,
    1706101680391,
    1706101681960,
    1706101682332,
    1706101681104,
    1706101683087,
    1706101681906,
    1706101683509,
    1706101684597,
    1706101685063,
    1706101686275,
    1706101685483,
    1706101687824,
    1706101689448,
    1706101691971,
    1706101690825,
    1706101693534,
    1706101693411
  ],
  "blockTimestamps": [
    1706101684758,
    1706101688534,
    1706101691539,
    1706101697168
  ],
  "blockTimes": [
    1706101684,
    1706101687,
    1706101690,
    1706101696
  ],
  "blockTransactions": [
    2,
    10,
    2,
    4
  ],
  "Delays": [
    6758,
    4367,
    6574,
    6202,
    7430,
    5447,
    6628,
    5025,
    3937,
    3471,
    2259,
    3051,
    3715,
    2091,
    5197,
    6343,
    3634,
    3757
  ],
  "Throughputs": [
    0.2959455460195324,
    1.139168407062844,
    1.034049782110939,
    0.9390651085141903
  ],
  "AverageDelays": [
    5562.5,
    5095.75,
    4782.5,
    4771.444444444444
  ]
}