{
  "transactionTimestamps": [
    1706101393737,
    1706101391990,
    1706101392691,
    1706101395308,
    1706101396629,
    1706101396848,
    1706101395387,
    1706101397951,
    1706101398228,
    1706101399420,
    1706101399731,
    1706101400590,
    1706101399036,
    1706101401208,
    1706101401911,
    1706101402346,
    1706101403184,
    1706101403358,
    1706101403811,
    1706101404493,
    1706101404837,
    1706101405255,
    1706101405815,
    1706101406235,
    1706101406593,
    1706101407619,
    1706101408086
  ],
  "blockTimestamps": [
    1706101399784,
    1706101403317,
    1706101406928,
    1706101412371
  ],
  "blockTimes": [
    1706101399,
    1706101402,
    1706101405,
    1706101411
  ],
  "blockTransactions": [
    10,
    6,
    7,
    4
  ],
  "Delays": [
    6047,
    7794,
    7093,
    4476,
    3155,
    2936,
    4397,
    1833,
    1556,
    364,
    3586,
    2727,
    4281,
    2109,
    1406,
    971,
    3744,
    3570,
    3117,
    2435,
    2091,
    1673,
    1113,
    6136,
    5778,
    4752,
    4285
  ],
  "Throughputs": [
    1.65371258475277,
    1.6701461377870563,
    1.7436130695170948,
    1.4489642588816143
  ],
  "AverageDelays": [
    3965.1,
    3420.6875,
    3151.0434782608695,
    3460.185185185185
  ]
}