{
  "transactionTimestamps": [
    1706101334846,
    1706101335545,
    1706101335622,
    1706101336060,
    1706101336807,
    1706101336948,
    1706101337415,
    1706101338117,
    1706101338522,
    1706101338914,
    1706101338991,
    1706101338991,
    1706101339735,
    1706101340001,
    1706101340135,
    1706101340132,
    1706101340282,
    1706101341261,
    1706101341276,
    1706101341523,
    1706101341523,
    1706101341741,
    1706101342657,
    1706101342891,
    1706101343123,
    1706101343276,
    1706101343973,
    1706101343138,
    1706101344593,
    1706101344889,
    1706101345526,
    1706101346131,
    1706101346538,
    1706101347065,
    1706101348074,
    1706101348371,
    1706101347175
  ],
  "blockTimestamps": [
    1706101340370,
    1706101342759,
    1706101346273,
    1706101350283,
    1706101352657
  ],
  "blockTimes": [
    1706101339,
    1706101342,
    1706101345,
    1706101348,
    1706101351
  ],
  "blockTransactions": [
    6,
    6,
    19,
    5,
    1
  ],
  "Delays": [
    5524,
    4825,
    4748,
    4310,
    3563,
    3422,
    5344,
    4642,
    4237,
    3845,
    3768,
    3768,
    6538,
    6272,
    6138,
    6141,
    5991,
    5012,
    4997,
    4750,
    4750,
    4532,
    3616,
    3382,
    3150,
    2997,
    2300,
    3135,
    1680,
    1384,
    747,
    4152,
    3745,
    3218,
    2209,
    1912,
    5482
  ],
  "Throughputs": [
    1.0861694424330195,
    1.5164918488563124,
    2.7128730200402558,
    2.332059337954266,
    2.077367918701926
  ],
  "AverageDelays": [
    4398.666666666667,
    4333,
    4177.677419354839,
    4020.6666666666665,
    4060.162162162162
  ]
}