{
  "transactionTimestamps": [
    1706101636760,
    1706101636913,
    1706101638219,
    1706101638405,
    1706101639165,
    1706101639583,
    1706101639738,
    1706101640560,
    1706101640994,
    1706101641209,
    1706101642047,
    1706101642281,
    1706101642712,
    1706101643238,
    1706101643610,
    1706101644136,
    1706101644861,
    1706101645653,
    1706101645004,
    1706101646292,
    1706101647129,
    1706101648342,
    1706101648685,
    1706101647502,
    1706101650016,
    1706101650248,
    1706101651345,
    1706101651562
  ],
  "blockTimestamps": [
    1706101641335,
    1706101645763,
    1706101648759,
    1706101652132
  ],
  "blockTimes": [
    1706101639,
    1706101645,
    1706101648,
    1706101651
  ],
  "blockTransactions": [
    7,
    5,
    5,
    11
  ],
  "Delays": [
    4575,
    4422,
    3116,
    2930,
    2170,
    1752,
    1597,
    5203,
    4769,
    4554,
    3716,
    3482,
    6047,
    5521,
    5149,
    4623,
    3898,
    6479,
    7128,
    5840,
    5003,
    3790,
    3447,
    4630,
    2116,
    1884,
    787,
    570
  ],
  "Throughputs": [
    1.530054644808743,
    1.3328890369876707,
    1.416784732061005,
    1.8214936247723132
  ],
  "AverageDelays": [
    2937.4285714285716,
    3523.8333333333335,
    3972,
    3899.9285714285716
  ]
}