{"a": 0.7, "b": 0.3, "communities0": [[0, 64, 72, 48, 18, 50, 52, 85, 57, 60, 62], [1, 10, 74, 12, 46, 47, 79, 80, 81, 82, 20, 90, 61, 30], [32, 2, 3, 69, 40, 41, 17, 89], [35, 4], [5, 43, 77, 87], [33, 6, 70, 7, 9, 42, 45, 14, 15, 49, 19, 83, 54, 86, 56, 88, 28], [8, 75, 53, 23, 29], [11, 73, 67], [27, 13], [16, 24], [21, 37], [78, 22], [25], [26, 76], [68, 31], [34, 59], [36, 44], [38, 71], [91, 39], [51, 55], [65, 58, 66], [84, 63]], "q0": 0.4423372376869593, "f0": 0.8255848482569634}