{"a": 0.6, "b": 0.4, "communities0": [[0, 10, 4, 6], [8, 1, 11, 5], [9, 2, 13], [3, 12, 14, 15], [16, 7]], "q0": 0.4247015610651974, "f0": 0.6994482216565209}