{"a": 0.6, "b": 0.4, "communities0": [[0, 66, 44, 52], [72, 1], [2, 46], [3, 12], [4, 11, 77, 79, 49, 22, 61], [33, 36, 5], [76, 6], [64, 37, 7], [32, 65, 35, 8, 45, 15, 16, 18], [68, 69, 9, 78, 20, 54, 56, 62], [10, 51, 21], [26, 13, 63], [23, 14, 55], [40, 41, 74, 43, 17, 50, 59, 30, 31], [19, 42, 67, 28], [24, 48], [25, 53, 71], [27, 47], [34, 60, 29, 70], [73, 38], [80, 58, 39], [57, 75]], "q0": 0.4132805511354317, "f0": 0.9121771583726846}