{
  "transactionTimestamps": [
    1706077315922,
    1706077315921,
    1706077317095,
    1706077317155,
    1706077318577,
    1706077318701,
    1706077319992,
    1706077321253,
    1706077319931,
    1706077322682,
    1706077322868,
    1706077321518,
    1706077324212
  ],
  "blockTimestamps": [
    1706077321744,
    1706077324741,
    1706077327743
  ],
  "blockTimes": [
    1706077321,
    1706077324,
    1706077327
  ],
  "blockTransactions": [
    5,
    4,
    4
  ],
  "Delays": [
    5822,
    5823,
    4649,
    4589,
    3167,
    6040,
    4749,
    3488,
    4810,
    5061,
    4875,
    6225,
    3531
  ],
  "Throughputs": [
    0.8588114050154586,
    1.0205238689193785,
    1.099737754843076
  ],
  "AverageDelays": [
    4810,
    4793,
    4833
  ]
}