{
  "transactionTimestamps": [
    1706077148004,
    1706077148097,
    1706077148237,
    1706077148437,
    1706077147386,
    1706077147266,
    1706077149446,
    1706077149586,
    1706077149602,
    1706077149757,
    1706077150358,
    1706077148923,
    1706077150651,
    1706077150745,
    1706077150822,
    1706077150914,
    1706077151143,
    1706077152102,
    1706077152117,
    1706077152117,
    1706077152536,
    1706077152567,
    1706077153218,
    1706077153468,
    1706077153701,
    1706077154525,
    1706077154661,
    1706077154848,
    1706077153779,
    1706077153903,
    1706077155786,
    1706077155833,
    1706077156160,
    1706077155281,
    1706077155561,
    1706077156690,
    1706077156934,
    1706077156980,
    1706077157088,
    1706077157693,
    1706077158159,
    1706077158251,
    1706077158389,
    1706077158529,
    1706077159274,
    1706077159365,
    1706077159598,
    1706077159651,
    1706077160495,
    1706077160854,
    1706077160994,
    1706077159753,
    1706077161180,
    1706077162078,
    1706077162157,
    1706077162217,
    1706077162405
  ],
  "blockTimestamps": [
    1706077153747,
    1706077156753,
    1706077159738,
    1706077162748,
    1706077165742
  ],
  "blockTimes": [
    1706077153,
    1706077156,
    1706077159,
    1706077162,
    1706077165
  ],
  "blockTransactions": [
    12,
    12,
    10,
    12,
    11
  ],
  "Delays": [
    5743,
    5650,
    5510,
    5310,
    6361,
    6481,
    4301,
    4161,
    4145,
    3990,
    3389,
    4824,
    6102,
    6008,
    5931,
    5839,
    5610,
    4651,
    4636,
    4636,
    4217,
    4186,
    3535,
    3285,
    6037,
    5213,
    5077,
    4890,
    5959,
    5835,
    3952,
    3905,
    3578,
    4457,
    7187,
    6058,
    5814,
    5768,
    5660,
    5055,
    4589,
    4497,
    4359,
    4219,
    3474,
    3383,
    6144,
    6091,
    5247,
    4888,
    4748,
    5989,
    4562,
    3664,
    3585,
    3525,
    3337
  ],
  "Throughputs": [
    2.0895002611875326,
    2.7431706480740656,
    2.8975626384864497,
    3.1199131850244166,
    3.2134400721614615
  ],
  "AverageDelays": [
    4988.75,
    4937.541666666667,
    4923.64705882353,
    4944.934782608696,
    4899.070175438596
  ]
}