{
  "transactionTimestamps": [
    1706077270898,
    1706077272437,
    1706077273982,
    1706077275225,
    1706077276502,
    1706077277726,
    1706077279238,
    1706077280356,
    1706077281863
  ],
  "blockTimestamps": [
    1706077276736,
    1706077279747,
    1706077282738,
    1706077285738
  ],
  "blockTimes": [
    1706077276,
    1706077279,
    1706077282,
    1706077285
  ],
  "blockTransactions": [
    2,
    3,
    2,
    2
  ],
  "Delays": [
    5838,
    4299,
    5765,
    4522,
    3245,
    5012,
    3500,
    5382,
    3875
  ],
  "Throughputs": [
    0.34258307639602603,
    0.5650355972426263,
    0.5912162162162162,
    0.6064690026954178
  ],
  "AverageDelays": [
    5068.5,
    4733.8,
    4597.285714285715,
    4604.222222222223
  ]
}