{
  "transactionTimestamps": [
    1706077238669,
    1706077240248,
    1706077240888,
    1706077240889,
    1706077241415,
    1706077242273,
    1706077242476,
    1706077242881,
    1706077243488,
    1706077243923,
    1706077245263,
    1706077244686,
    1706077246883,
    1706077248020,
    1706077248066,
    1706077246771,
    1706077249578
  ],
  "blockTimestamps": [
    1706077243755,
    1706077246741,
    1706077249744,
    1706077252745
  ],
  "blockTimes": [
    1706077243,
    1706077246,
    1706077249,
    1706077252
  ],
  "blockTransactions": [
    2,
    7,
    2,
    6
  ],
  "Delays": [
    5086,
    3507,
    5853,
    5852,
    5326,
    4468,
    4265,
    3860,
    3253,
    5821,
    4481,
    8059,
    5862,
    4725,
    4679,
    5974,
    3167
  ],
  "Throughputs": [
    0.39323633503735744,
    1.1149653121902876,
    0.9932279909706547,
    1.2077294685990339
  ],
  "AverageDelays": [
    4296.5,
    4607.777777777777,
    4706.545454545455,
    4955.176470588235
  ]
}