{
  "transactionTimestamps": [
    1706077132890,
    1706077132997,
    1706077133373,
    1706077133697,
    1706077134101,
    1706077134289,
    1706077134848,
    1706077135266,
    1706077135266,
    1706077135482,
    1706077135809,
    1706077135811,
    1706077136293,
    1706077136588,
    1706077136760,
    1706077137055,
    1706077137134,
    1706077137394,
    1706077135810,
    1706077137876,
    1706077138123,
    1706077138324,
    1706077138356,
    1706077138838,
    1706077139130,
    1706077137865,
    1706077139438,
    1706077139470,
    1706077139715,
    1706077137860,
    1706077140117,
    1706077140627,
    1706077138993,
    1706077140720,
    1706077140812,
    1706077140919,
    1706077141134,
    1706077139873,
    1706077141645,
    1706077142108,
    1706077142188,
    1706077142220,
    1706077142591,
    1706077140822,
    1706077143057,
    1706077143741,
    1706077141986,
    1706077143803,
    1706077143880,
    1706077142188,
    1706077143894,
    1706077145241,
    1706077145273,
    1706077145457,
    1706077143991,
    1706077144950,
    1706077146539,
    1706077146723,
    1706077147003,
    1706077145334,
    1706077146067
  ],
  "blockTimestamps": [
    1706077138739,
    1706077141746,
    1706077144747,
    1706077147744,
    1706077150750
  ],
  "blockTimes": [
    1706077138,
    1706077141,
    1706077144,
    1706077147,
    1706077150
  ],
  "blockTransactions": [
    10,
    13,
    15,
    12,
    11
  ],
  "Delays": [
    5849,
    5742,
    5366,
    5042,
    4638,
    4450,
    3891,
    3473,
    3473,
    3257,
    5937,
    5935,
    5453,
    5158,
    4986,
    4691,
    4612,
    4352,
    5936,
    3870,
    3623,
    3422,
    3390,
    5909,
    5617,
    6882,
    5309,
    5277,
    5032,
    6887,
    4630,
    4120,
    5754,
    4027,
    3935,
    3828,
    3613,
    4874,
    6099,
    5636,
    5556,
    5524,
    5153,
    6922,
    4687,
    4003,
    5758,
    3941,
    3864,
    5556,
    6856,
    5509,
    5477,
    5293,
    6759,
    5800,
    4211,
    4027,
    3747,
    5416,
    4683
  ],
  "Throughputs": [
    1.7096939647803042,
    2.5971093044263776,
    3.204857889854095,
    3.366096674296486,
    3.4154535274356106
  ],
  "AverageDelays": [
    4518.1,
    4632.434782608696,
    4795.789473684211,
    4898.78,
    4962.573770491803
  ]
}