{
  "transactionTimestamps": [
    1706077255898,
    1706077255898,
    1706077257359,
    1706077257481,
    1706077258607,
    1706077258840,
    1706077259994,
    1706077260072,
    1706077261298,
    1706077261360,
    1706077262467,
    1706077262637
  ],
  "blockTimestamps": [
    1706077261743,
    1706077264743,
    1706077267736
  ],
  "blockTimes": [
    1706077261,
    1706077264,
    1706077267
  ],
  "blockTransactions": [
    4,
    6,
    2
  ],
  "Delays": [
    5845,
    5845,
    4384,
    4262,
    6136,
    5903,
    4749,
    4671,
    3445,
    3383,
    5269,
    5099
  ],
  "Throughputs": [
    0.6843455945252352,
    1.130582249858677,
    1.0136847440446022
  ],
  "AverageDelays": [
    5084,
    4862.3,
    4915.916666666667
  ]
}