{
  "transactionTimestamps": [
    1706077330938,
    1706077332556,
    1706077333865,
    1706077335355,
    1706077336492,
    1706077337784,
    1706077338924,
    1706077340422,
    1706077341670
  ],
  "blockTimestamps": [
    1706077336730,
    1706077340341,
    1706077342736,
    1706077345737
  ],
  "blockTimes": [
    1706077336,
    1706077339,
    1706077342,
    1706077345
  ],
  "blockTransactions": [
    2,
    3,
    2,
    2
  ],
  "Delays": [
    5792,
    4174,
    6476,
    4986,
    3849,
    4952,
    3812,
    5315,
    4067
  ],
  "Throughputs": [
    0.3453038674033149,
    0.5317451877060513,
    0.5933209018477708,
    0.6081491992702209
  ],
  "AverageDelays": [
    4983,
    5055.4,
    4863,
    4824.777777777777
  ]
}