{
  "transactionTimestamps": [
    1706077210866,
    1706077210866,
    1706077210866,
    1706077212095,
    1706077212486,
    1706077213292,
    1706077213369,
    1706077212203,
    1706077214066,
    1706077214548,
    1706077215202,
    1706077214518,
    1706077216007,
    1706077216690,
    1706077217576,
    1706077215749,
    1706077217945,
    1706077217220,
    1706077220355,
    1706077219129,
    1706077221600
  ],
  "blockTimestamps": [
    1706077216739,
    1706077219737,
    1706077222741,
    1706077225738
  ],
  "blockTimes": [
    1706077216,
    1706077219,
    1706077222,
    1706077225
  ],
  "blockTransactions": [
    8,
    5,
    5,
    3
  ],
  "Delays": [
    5873,
    5873,
    5873,
    4644,
    4253,
    3447,
    3370,
    4536,
    5671,
    5189,
    4535,
    5219,
    3730,
    6051,
    5165,
    6992,
    4796,
    5521,
    5383,
    6609,
    4138
  ],
  "Throughputs": [
    1.3621658436914694,
    1.4654492165483033,
    1.5157894736842106,
    1.4120494889725659
  ],
  "AverageDelays": [
    4733.625,
    4785.615384615385,
    5041,
    5088.952380952381
  ]
}