{
  "transactionTimestamps": [
    1706077192831,
    1706077193221,
    1706077194264,
    1706077194701,
    1706077195573,
    1706077195835,
    1706077195850,
    1706077195850,
    1706077196907,
    1706077197108,
    1706077197389,
    1706077197405,
    1706077198459,
    1706077198475,
    1706077198491,
    1706077198753,
    1706077199704,
    1706077199797,
    1706077199953,
    1706077200337,
    1706077201091,
    1706077201293,
    1706077201385,
    1706077201698,
    1706077202521,
    1706077202784,
    1706077202893,
    1706077204182,
    1706077205321
  ],
  "blockTimestamps": [
    1706077198745,
    1706077201736,
    1706077204741,
    1706077207745,
    1706077210746
  ],
  "blockTimes": [
    1706077198,
    1706077201,
    1706077204,
    1706077207,
    1706077210
  ],
  "blockTransactions": [
    5,
    10,
    8,
    4,
    2
  ],
  "Delays": [
    5914,
    5524,
    4481,
    4044,
    3172,
    5901,
    5886,
    5886,
    4829,
    4628,
    4347,
    4331,
    3277,
    3261,
    3245,
    5988,
    5037,
    4944,
    4788,
    4404,
    3650,
    3448,
    3356,
    6047,
    5224,
    4961,
    4852,
    6564,
    5425
  ],
  "Throughputs": [
    0.8454514710855597,
    1.6844469399213926,
    1.9311502938706968,
    1.8103795091859998,
    1.6187552330449344
  ],
  "AverageDelays": [
    4627,
    4581.733333333334,
    4536.565217391304,
    4645.37037037037,
    4738.413793103448
  ]
}