{
  "transactionTimestamps": [
    1706077225880,
    1706077225878,
    1706077227172,
    1706077227359,
    1706077228635,
    1706077228835,
    1706077229785,
    1706077230105,
    1706077231368,
    1706077231555,
    1706077232751,
    1706077234991,
    1706077233540,
    1706077236097,
    1706077234532,
    1706077237438
  ],
  "blockTimestamps": [
    1706077231738,
    1706077234749,
    1706077237740,
    1706077240740
  ],
  "blockTimes": [
    1706077231,
    1706077234,
    1706077237,
    1706077240
  ],
  "blockTransactions": [
    4,
    5,
    2,
    5
  ],
  "Delays": [
    5858,
    5860,
    4566,
    4379,
    6114,
    5914,
    4964,
    4644,
    3381,
    6185,
    4989,
    5749,
    7200,
    4643,
    6208,
    3302
  ],
  "Throughputs": [
    0.6828269033799932,
    1.0147705491036194,
    0.927487352445194,
    1.0767160161507403
  ],
  "AverageDelays": [
    5165.75,
    5075.555555555556,
    5168.545454545455,
    5247.25
  ]
}