{
  "transactionTimestamps": [
    1706077177824,
    1706077178534,
    1706077178519,
    1706077178987,
    1706077179731,
    1706077179793,
    1706077180132,
    1706077180848,
    1706077180849,
    1706077180848,
    1706077181250,
    1706077181392,
    1706077182165,
    1706077182224,
    1706077182335,
    1706077182490,
    1706077182803,
    1706077183440,
    1706077183594,
    1706077183794,
    1706077183934,
    1706077183610,
    1706077185071,
    1706077185102,
    1706077185317,
    1706077184619,
    1706077184920,
    1706077186059,
    1706077186494,
    1706077186540,
    1706077186524,
    1706077187033,
    1706077187609,
    1706077187609,
    1706077185985,
    1706077188011,
    1706077188150,
    1706077188603,
    1706077188878,
    1706077188910,
    1706077189142,
    1706077190122,
    1706077190512,
    1706077191618,
    1706077191726
  ],
  "blockTimestamps": [
    1706077183740,
    1706077186741,
    1706077189745,
    1706077192734,
    1706077195734
  ],
  "blockTimes": [
    1706077183,
    1706077186,
    1706077189,
    1706077192,
    1706077195
  ],
  "blockTransactions": [
    7,
    12,
    12,
    10,
    4
  ],
  "Delays": [
    5916,
    5206,
    5221,
    4753,
    4009,
    3947,
    3608,
    5893,
    5892,
    5893,
    5491,
    5349,
    4576,
    4517,
    4406,
    4251,
    3938,
    3301,
    3147,
    5951,
    5811,
    6135,
    4674,
    4643,
    4428,
    5126,
    4825,
    3686,
    3251,
    3205,
    3221,
    5701,
    5125,
    5125,
    6749,
    4723,
    4584,
    4131,
    3856,
    3824,
    3592,
    5612,
    5222,
    4116,
    4008
  ],
  "Throughputs": [
    1.183231913455037,
    2.130761466861052,
    2.6004529821323716,
    2.749832327297116,
    2.5125628140703515
  ],
  "AverageDelays": [
    4665.714285714285,
    4700.736842105263,
    4653.870967741936,
    4675.121951219512,
    4680.844444444445
  ]
}