{
  "transactionTimestamps": [
    1706077091725,
    1706077091794,
    1706077092925,
    1706077093468,
    1706077094511,
    1706077094883,
    1706077095814,
    1706077096434,
    1706077097257,
    1706077097882,
    1706077098534,
    1706077099106
  ],
  "blockTimestamps": [
    1706077096768,
    1706077099740,
    1706077102738
  ],
  "blockTimes": [
    1706077096,
    1706077099,
    1706077102
  ],
  "blockTransactions": [
    4,
    4,
    4
  ],
  "Delays": [
    5043,
    4974,
    3843,
    3300,
    5229,
    4857,
    3926,
    3306,
    5481,
    4856,
    4204,
    3632
  ],
  "Throughputs": [
    0.7931786634939519,
    0.9981285090455395,
    1.089621356578589
  ],
  "AverageDelays": [
    4290,
    4309.75,
    4387.583333333333
  ]
}