{
  "transactionTimestamps": [
    1706077300913,
    1706077300913,
    1706077302465,
    1706077302483,
    1706077303945,
    1706077304040,
    1706077305228,
    1706077305314,
    1706077306670,
    1706077307957,
    1706077306592,
    1706077308254,
    1706077309465
  ],
  "blockTimestamps": [
    1706077306742,
    1706077309736,
    1706077312746
  ],
  "blockTimes": [
    1706077306,
    1706077309,
    1706077312
  ],
  "blockTransactions": [
    4,
    4,
    5
  ],
  "Delays": [
    5829,
    5829,
    4277,
    4259,
    5791,
    5696,
    4508,
    4422,
    6076,
    4789,
    6154,
    4492,
    3281
  ],
  "Throughputs": [
    0.686224052153028,
    0.9067210699308624,
    1.0986224964083495
  ],
  "AverageDelays": [
    5048.5,
    5076.375,
    5031
  ]
}