{
  "transactionTimestamps": [
    1706077105785,
    1706077105792,
    1706077107013,
    1706077107445,
    1706077108161,
    1706077109035,
    1706077109637,
    1706077110209,
    1706077111733,
    1706077111219,
    1706077113331,
    1706077113736,
    1706077112714
  ],
  "blockTimestamps": [
    1706077111741,
    1706077114737,
    1706077117737
  ],
  "blockTimes": [
    1706077111,
    1706077114,
    1706077117
  ],
  "blockTransactions": [
    5,
    3,
    5
  ],
  "Delays": [
    5956,
    5949,
    4728,
    4296,
    3580,
    5702,
    5100,
    4528,
    6004,
    6518,
    4406,
    4001,
    5023
  ],
  "Throughputs": [
    0.8394895903290799,
    0.8936550491510277,
    1.0876840696117804
  ],
  "AverageDelays": [
    4901.8,
    4979.875,
    5060.846153846154
  ]
}