{
  "transactionTimestamps": [
    1706077120798,
    1706077120798,
    1706077120800,
    1706077120803,
    1706077121954,
    1706077122169,
    1706077122291,
    1706077122323,
    1706077123284,
    1706077123360,
    1706077123672,
    1706077123703,
    1706077124731,
    1706077124825,
    1706077124870,
    1706077125041,
    1706077125977,
    1706077126348,
    1706077126409,
    1706077126671,
    1706077127381,
    1706077127552,
    1706077127693,
    1706077128159,
    1706077128536,
    1706077128919,
    1706077128997,
    1706077129711,
    1706077129804,
    1706077130113,
    1706077130314,
    1706077130918,
    1706077131228,
    1706077131700,
    1706077131778,
    1706077132053,
    1706077132565
  ],
  "blockTimestamps": [
    1706077126744,
    1706077129742,
    1706077132745,
    1706077135748
  ],
  "blockTimes": [
    1706077126,
    1706077129,
    1706077132,
    1706077135
  ],
  "blockTransactions": [
    10,
    9,
    8,
    10
  ],
  "Delays": [
    5946,
    5946,
    5944,
    5941,
    4790,
    4575,
    4453,
    4421,
    3460,
    3384,
    6070,
    6039,
    5011,
    4917,
    4872,
    4701,
    3765,
    3394,
    3333,
    6074,
    5364,
    5193,
    5052,
    4586,
    4209,
    3826,
    3748,
    6037,
    5944,
    5635,
    5434,
    4830,
    4520,
    4048,
    3970,
    3695,
    3183
  ],
  "Throughputs": [
    1.6818028927009756,
    2.12432915921288,
    2.2599815853352307,
    2.4749163879598663
  ],
  "AverageDelays": [
    4886,
    4787.473684210527,
    4778.2962962962965,
    4765.135135135135
  ]
}