{"a": 0.6, "b": 0.4, "communities0": [[0, 1, 289, 217, 42, 140, 142, 238, 366, 242, 120, 313], [2, 4, 5, 7, 12, 13, 18, 19, 22, 23, 25, 27, 32, 33, 35, 40, 49, 54, 61, 64, 65, 67, 72, 74, 75, 84, 85, 90, 92, 93, 94, 108, 113, 117, 118, 119, 121, 123, 124, 125, 126, 128, 129, 130, 132, 135, 136, 137, 139, 141, 145, 147, 149, 154, 155, 158, 159, 161, 165, 166, 168, 177, 179, 182, 184, 185, 189, 192, 194, 195, 197, 201, 202, 203, 204, 206, 208, 209, 210, 214, 215, 219, 222, 223, 225, 227, 228, 229, 230, 233, 240, 245, 253, 254, 258, 260, 261, 266, 267, 268, 285, 286, 287, 290, 291, 293, 296, 299, 300, 303, 304, 307, 309, 312, 315, 318, 321, 325, 328, 340, 352, 356, 359, 360, 362, 364, 369, 371, 374, 376, 377, 379, 380, 383, 384, 391, 394, 398, 399, 400, 406, 409, 410, 414, 416, 417, 419, 423, 427], [3, 264, 10, 269, 16, 273, 146, 144, 274, 405, 281, 160, 169, 297, 43, 298, 305, 51, 55, 56, 320, 70, 330, 232, 236], [133, 6, 389, 9, 143, 271, 401, 404, 278, 151, 153, 282, 413, 162, 292, 167, 45, 180, 311, 57, 314, 59, 188, 68, 327, 199, 334, 336, 338, 83, 213, 87, 344, 89, 95, 96, 354, 355, 100, 104, 234, 116, 244, 246, 252, 381], [8, 392, 156, 415, 34, 426, 172, 48, 50, 181, 193, 200, 76, 205, 353, 99, 101, 114, 255], [131, 138, 11, 270, 14, 272, 280, 411, 412, 30, 288, 164, 420, 422, 421, 428, 301, 52, 187, 60, 62, 332, 80, 82, 86, 226, 357, 103, 105, 361, 239, 370, 247, 250], [78, 15], [385, 259, 387, 390, 263, 265, 17, 402, 403, 20, 277, 407, 279, 24, 31, 36, 38, 425, 173, 47, 176, 186, 190, 191, 66, 322, 196, 69, 198, 71, 331, 79, 221, 349, 351, 97, 106, 365, 110, 368, 115, 249, 127], [21, 63], [424, 26, 107, 46], [28, 343], [29, 150], [224, 341, 37, 326], [418, 39], [98, 295, 329, 393, 363, 44, 41, 170, 275, 346, 319], [378, 53], [257, 323, 235, 112, 183, 345, 58, 375], [408, 73], [91, 77], [256, 294, 237, 207, 81, 337, 211, 212, 348, 248, 316, 157], [88, 262], [388, 102], [109, 111, 306, 218, 347], [122, 308], [382, 333, 134], [148, 310], [152, 317], [386, 163], [171, 324], [342, 174], [372, 175], [178, 335], [216, 358], [283, 220], [284, 231], [241, 339], [243, 251], [276, 373], [396, 302], [397, 350], [395, 367]], "q0": 0.4561999347024765, "f0": 0.6027325557128356}