{"a": 0.3, "b": 0.7, "communities0": [[0, 11], [1, 21], [2, 35, 13, 20, 27], [3, 36], [32, 33, 4, 5, 39, 10, 19, 30], [17, 28, 6, 14], [38, 7], [8, 40], [16, 9, 29], [25, 12], [18, 26, 15, 23], [41, 22], [24, 34], [37, 31]], "communities1": [[0, 11], [1, 21], [2, 35, 13, 20, 27], [3, 36], [4, 5, 6, 14, 17, 28, 30], [38, 7], [8, 40], [16, 9, 29], [32, 33, 39, 10, 19], [25, 12], [18, 26, 15, 23], [41, 22], [24, 34], [37, 31]], "communities2": [[0, 11], [1, 21], [2, 35, 13, 20, 27], [3, 36], [32, 33, 4, 39, 10, 19, 23], [5, 30], [28, 6], [38, 7], [8, 40], [16, 9, 29], [25, 12], [17, 14], [18, 26, 15], [41, 22], [24, 34], [37, 31]], "communities3": [[36, 37, 14], [19, 12, 39], [16, 3, 31], [0, 35, 20], [9, 38, 7], [17, 11, 33], [8, 27, 23], [10, 18, 4], [24, 1, 28], [41, 34, 30], [25, 2, 22], [32, 5, 29], [40, 13, 15], [26, 21, 6]], "q0": 0.41861111111111104, "f0": 0.8185098892359874, "q1": 0.42361111111111105, "f1": 0.8186160921608542}