{"a": 0.6, "b": 0.4, "communities0": [[0, 19], [1, 155], [2, 124], [3, 53], [219, 4], [170, 5], [36, 6], [85, 7], [8, 280], [136, 9], [10, 157], [11, 78], [200, 42, 12, 45, 284, 191], [13, 206], [14, 270], [20, 15], [16, 262], [17, 281], [18, 293], [21, 134], [234, 22], [52, 23], [24, 163], [25, 258], [26, 98], [74, 27], [28, 84], [29, 95], [75, 30], [290, 31], [32, 227], [128, 33], [104, 34], [35, 47], [37, 167], [272, 38], [255, 39], [40, 121], [41, 246], [43, 148], [44, 253], [46, 87], [48, 122], [49, 94], [50, 115], [51, 164], [202, 54], [230, 55], [56, 105], [57, 91], [58, 211], [59, 204], [138, 60], [192, 61], [236, 62], [279, 63], [64, 195], [65, 197], [186, 66], [67, 287], [232, 68], [274, 69], [70, 135], [88, 71], [72, 210, 261], [73, 205], [76, 269], [242, 77], [149, 79], [80, 111], [81, 145], [82, 188], [282, 83], [158, 86], [89, 244], [90, 146], [92, 245], [235, 93], [96, 256], [97, 249], [209, 99], [154, 100], [201, 101], [222, 102], [288, 103], [106, 174], [107, 286], [176, 108], [109, 198], [110, 231], [112, 161], [113, 114], [273, 116], [117, 214], [126, 118], [142, 119], [120, 133], [178, 123], [266, 125], [193, 127], [184, 129], [130, 237], [131, 179], [132, 278], [137, 239], [139, 147], [171, 140], [277, 141], [159, 143], [144, 189, 168], [160, 150], [185, 151], [152, 250], [153, 252], [156, 263], [265, 162], [165, 182], [221, 166], [169, 241], [257, 172], [259, 173], [220, 175], [177, 247], [180, 190], [181, 183], [264, 187], [194, 207], [196, 268], [218, 199], [216, 203], [208, 243], [212, 223], [292, 213], [238, 215], [217, 285], [224, 283], [225, 276], [226, 267], [291, 228], [260, 229], [233, 275], [240, 248], [289, 251], [254, 271]], "q0": 0.49793333333333334, "f0": 0.9561971502525152}