{
  "transactionTimestamps": [
    1706084893865,
    1706084896539,
    1706084896975,
    1706084897908,
    1706084898063,
    1706084899445,
    1706084899443,
    1706084900727,
    1706084900479,
    1706084901782,
    1706084901894,
    1706084902406,
    1706084903140,
    1706084903853,
    1706084904213,
    1706084904892,
    1706084904520,
    1706084905280,
    1706084906288,
    1706084906396,
    1706084907745,
    1706084907577,
    1706084907743,
    1706084909074,
    1706084909060
  ],
  "blockTimestamps": [
    1706084901739,
    1706084904748,
    1706084907740,
    1706084910732,
    1706084913757
  ],
  "blockTimes": [
    1706084901,
    1706084904,
    1706084907,
    1706084910,
    1706084913
  ],
  "blockTransactions": [
    3,
    4,
    5,
    7,
    6
  ],
  "Delays": [
    7874,
    5200,
    4764,
    6840,
    6685,
    5303,
    5305,
    7013,
    7261,
    5958,
    5846,
    5334,
    7592,
    6879,
    6519,
    5840,
    6212,
    5452,
    4444,
    7361,
    6012,
    6180,
    6014,
    4683,
    4697
  ],
  "Throughputs": [
    0.381000762001524,
    0.6432049986217037,
    0.8648648648648649,
    1.1264599513843598,
    1.2567866478986527
  ],
  "AverageDelays": [
    5946,
    5995.857142857143,
    6115.25,
    6122.1578947368425,
    6050.72
  ]
}