{
  "transactionTimestamps": [
    1706084999107,
    1706084999076,
    1706084999215,
    1706084999808,
    1706085000101,
    1706085000165,
    1706085000879,
    1706085001331,
    1706085001267,
    1706085002139,
    1706085002679,
    1706085002959,
    1706085003302,
    1706085004154,
    1706085004498,
    1706085004497,
    1706085004747,
    1706085004468,
    1706085005247,
    1706085005249,
    1706085005477,
    1706085006375,
    1706085006451,
    1706085007552,
    1706085007088,
    1706085007210,
    1706085007783,
    1706085008139,
    1706085008405,
    1706085008805,
    1706085008777,
    1706085009035,
    1706085009591,
    1706085009805,
    1706085009502,
    1706085010598,
    1706085011188,
    1706085011561,
    1706085012014,
    1706085012385,
    1706085012168,
    1706085012965,
    1706085013106,
    1706085012674,
    1706085013440
  ],
  "blockTimestamps": [
    1706085006744,
    1706085009747,
    1706085012746,
    1706085016334,
    1706085018742
  ],
  "blockTimes": [
    1706085006,
    1706085009,
    1706085012,
    1706085015,
    1706085018
  ],
  "blockTransactions": [
    9,
    9,
    9,
    10,
    8
  ],
  "Delays": [
    7637,
    7668,
    7529,
    6936,
    6643,
    6579,
    5865,
    5413,
    5477,
    7608,
    7068,
    6788,
    6445,
    5593,
    5249,
    5250,
    5000,
    5279,
    7499,
    7497,
    7269,
    6371,
    6295,
    5194,
    5658,
    5536,
    4963,
    8195,
    7929,
    7529,
    7557,
    7299,
    6743,
    6529,
    6832,
    5736,
    5146,
    7181,
    6728,
    6357,
    6574,
    5777,
    5636,
    6068,
    5302
  ],
  "Throughputs": [
    1.1784732224695562,
    1.6917293233082706,
    1.9796172739936946,
    2.147791257909096,
    2.2918258212375857
  ],
  "AverageDelays": [
    6638.555555555556,
    6334.833333333333,
    6307.740740740741,
    6481.189189189189,
    6431.711111111111
  ]
}