{
  "transactionTimestamps": [
    1706084908639,
    1706084911255,
    1706084911582,
    1706084912153,
    1706084912477,
    1706084913240,
    1706084913006,
    1706084914443,
    1706084914444,
    1706084915856,
    1706084915826,
    1706084916276,
    1706084916956,
    1706084917004,
    1706084916956,
    1706084917611,
    1706084917606,
    1706084918400,
    1706084918725,
    1706084920061,
    1706084920541,
    1706084920372,
    1706084921192,
    1706084921209,
    1706084921987,
    1706084921859,
    1706084921596,
    1706084922588,
    1706084923209,
    1706084923663
  ],
  "blockTimestamps": [
    1706084916742,
    1706084919743,
    1706084922756,
    1706084925732,
    1706084928739
  ],
  "blockTimes": [
    1706084916,
    1706084919,
    1706084922,
    1706084925,
    1706084928
  ],
  "blockTransactions": [
    3,
    6,
    8,
    7,
    6
  ],
  "Delays": [
    8103,
    5487,
    5160,
    7590,
    7266,
    6503,
    6737,
    5300,
    5299,
    6900,
    6930,
    6480,
    5800,
    5752,
    5800,
    5145,
    5150,
    7332,
    7007,
    5671,
    5191,
    5360,
    4540,
    4523,
    6752,
    6880,
    7143,
    6151,
    5530,
    5076
  ],
  "Throughputs": [
    0.37023324694557574,
    0.8105187319884727,
    1.204221860168591,
    1.4040835429708067,
    1.4925373134328357
  ],
  "AverageDelays": [
    6250,
    6382.777777777777,
    6200.117647058823,
    6042.75,
    6085.266666666666
  ]
}