{
  "transactionTimestamps": [
    1706084924669,
    1706084925055,
    1706084924950,
    1706084925322,
    1706084926158,
    1706084925990,
    1706084926730,
    1706084927011,
    1706084927901,
    1706084928752,
    1706084929451,
    1706084929341,
    1706084929373,
    1706084929851,
    1706084930013,
    1706084930520,
    1706084931215,
    1706084932152,
    1706084932194,
    1706084932520,
    1706084933377,
    1706084933643,
    1706084934061,
    1706084933937,
    1706084935145,
    1706084935285,
    1706084936234,
    1706084936283,
    1706084937803,
    1706084937334,
    1706084937691,
    1706084938162
  ],
  "blockTimestamps": [
    1706084931741,
    1706084934736,
    1706084937745,
    1706084940749,
    1706084943740
  ],
  "blockTimes": [
    1706084931,
    1706084934,
    1706084937,
    1706084940,
    1706084943
  ],
  "blockTransactions": [
    7,
    7,
    6,
    6,
    6
  ],
  "Delays": [
    7072,
    6686,
    6791,
    6419,
    5583,
    5751,
    5011,
    7725,
    6835,
    5984,
    5285,
    5395,
    5363,
    4885,
    7732,
    7225,
    6530,
    5593,
    5551,
    5225,
    7372,
    7106,
    6688,
    6812,
    5604,
    5464,
    7506,
    7457,
    5937,
    6406,
    6049,
    5578
  ],
  "Throughputs": [
    0.9898190045248869,
    1.390682427734181,
    1.5295197308045274,
    1.6169154228855722,
    1.6779403282470766
  ],
  "AverageDelays": [
    6187.571428571428,
    6056.071428571428,
    6132.05,
    6218.7307692307695,
    6269.375
  ]
}