{
  "transactionTimestamps": [
    1706085494532,
    1706085494762,
    1706085495122,
    1706085496023,
    1706085496128,
    1706085496066,
    1706085497155,
    1706085497419,
    1706085497326,
    1706085497775,
    1706085498923,
    1706085498551,
    1706085499998,
    1706085499873,
    1706085499871,
    1706085499812,
    1706085500278,
    1706085501097,
    1706085501409,
    1706085501488,
    1706085501812,
    1706085502903,
    1706085502902,
    1706085502733,
    1706085503623,
    1706085503764,
    1706085504094,
    1706085504155,
    1706085505040,
    1706085505179,
    1706085505310,
    1706085505522,
    1706085506576,
    1706085506452,
    1706085507770,
    1706085507753,
    1706085507890,
    1706085508308
  ],
  "blockTimestamps": [
    1706085501739,
    1706085504746,
    1706085507746,
    1706085510749,
    1706085514332
  ],
  "blockTimes": [
    1706085501,
    1706085504,
    1706085507,
    1706085510,
    1706085513
  ],
  "blockTransactions": [
    7,
    9,
    8,
    8,
    6
  ],
  "Delays": [
    7207,
    6977,
    6617,
    5716,
    5611,
    5673,
    4584,
    7327,
    7420,
    6971,
    5823,
    6195,
    4748,
    4873,
    4875,
    4934,
    7468,
    6649,
    6337,
    6258,
    5934,
    4843,
    4844,
    5013,
    7126,
    6985,
    6655,
    6594,
    5709,
    5570,
    5439,
    5227,
    7756,
    7880,
    6562,
    6579,
    6442,
    6024
  ],
  "Throughputs": [
    0.9712779242403219,
    1.5664773839827686,
    1.8162554866051157,
    1.9732379601652588,
    1.9191919191919191
  ],
  "AverageDelays": [
    6055,
    5971.9375,
    5954.041666666667,
    6006.3125,
    6143.289473684211
  ]
}