{
  "transactionTimestamps": [
    1706085044275,
    1706085045529,
    1706085045205,
    1706085046089,
    1706085045841,
    1706085046397,
    1706085047202,
    1706085046690,
    1706085046896,
    1706085047496,
    1706085048254,
    1706085049529,
    1706085049529,
    1706085049608,
    1706085050175,
    1706085049917,
    1706085050117,
    1706085051356,
    1706085051354,
    1706085050952,
    1706085051248,
    1706085051513,
    1706085052551,
    1706085052674,
    1706085052841,
    1706085053725,
    1706085054160,
    1706085054096,
    1706085054252,
    1706085053989,
    1706085054034,
    1706085055309,
    1706085055587,
    1706085055291,
    1706085056336,
    1706085056060,
    1706085057511,
    1706085057309,
    1706085057186,
    1706085057776,
    1706085058485,
    1706085058195,
    1706085058548
  ],
  "blockTimestamps": [
    1706085051740,
    1706085054737,
    1706085057745,
    1706085061350,
    1706085063742
  ],
  "blockTimes": [
    1706085051,
    1706085054,
    1706085057,
    1706085060,
    1706085063
  ],
  "blockTransactions": [
    6,
    8,
    10,
    10,
    9
  ],
  "Delays": [
    7465,
    6211,
    6535,
    5651,
    5899,
    5343,
    7535,
    8047,
    7841,
    7241,
    6483,
    5208,
    5208,
    5129,
    7570,
    7828,
    7628,
    6389,
    6391,
    6793,
    6497,
    6232,
    5194,
    5071,
    8509,
    7625,
    7190,
    7254,
    7098,
    7361,
    7316,
    6041,
    5763,
    6059,
    7406,
    7682,
    6231,
    6433,
    6556,
    5966,
    5257,
    5547,
    5194
  ],
  "Throughputs": [
    0.8037508372404555,
    1.3381762569298414,
    1.7817371937639197,
    1.9912152269399708,
    2.2088662865361894
  ],
  "AverageDelays": [
    6184,
    6414,
    6474.541666666667,
    6635.441176470588,
    6555.279069767442
  ]
}