{
  "transactionTimestamps": [
    1706085344887,
    1706085344640,
    1706085345429,
    1706085346000,
    1706085346233,
    1706085346801,
    1706085347249,
    1706085347312,
    1706085349586,
    1706085349710,
    1706085350307,
    1706085349710,
    1706085350971,
    1706085350506,
    1706085351686,
    1706085351642,
    1706085352211,
    1706085352846,
    1706085353608,
    1706085353449,
    1706085354261,
    1706085354187,
    1706085354840,
    1706085355625,
    1706085356108,
    1706085356466,
    1706085356960,
    1706085357917,
    1706085358379,
    1706085358613
  ],
  "blockTimestamps": [
    1706085351741,
    1706085354734,
    1706085357742,
    1706085361344,
    1706085363742
  ],
  "blockTimes": [
    1706085351,
    1706085354,
    1706085357,
    1706085360,
    1706085363
  ],
  "blockTransactions": [
    6,
    5,
    7,
    7,
    5
  ],
  "Delays": [
    6854,
    7101,
    6312,
    5741,
    5508,
    4940,
    7485,
    7422,
    5148,
    5024,
    4427,
    8032,
    6771,
    7236,
    6056,
    6100,
    5531,
    4896,
    7736,
    7895,
    7083,
    7157,
    6504,
    5719,
    5236,
    7276,
    6782,
    5825,
    5363,
    5129
  ],
  "Throughputs": [
    0.8754012255617157,
    1.1170914999492232,
    1.4002333722287048,
    1.519110408944522,
    1.5910898965791567
  ],
  "AverageDelays": [
    6076,
    5996.545454545455,
    6143.555555555556,
    6316.56,
    6276.3
  ]
}