{
  "transactionTimestamps": [
    1706085330039,
    1706085331325,
    1706085331821,
    1706085331635,
    1706085332612,
    1706085333345,
    1706085333201,
    1706085333092,
    1706085334705,
    1706085334781,
    1706085334703,
    1706085335460,
    1706085336407,
    1706085336700,
    1706085336596,
    1706085337775,
    1706085337637,
    1706085337509,
    1706085337575,
    1706085337946,
    1706085338976,
    1706085339087,
    1706085339118,
    1706085338805,
    1706085340119,
    1706085340540,
    1706085340632,
    1706085341502,
    1706085341686,
    1706085341734,
    1706085342544,
    1706085341951,
    1706085341983,
    1706085343066,
    1706085342897,
    1706085343144
  ],
  "blockTimestamps": [
    1706085336742,
    1706085339738,
    1706085342733,
    1706085345747,
    1706085348739
  ],
  "blockTimes": [
    1706085336,
    1706085339,
    1706085342,
    1706085345,
    1706085348
  ],
  "blockTransactions": [
    4,
    7,
    9,
    7,
    9
  ],
  "Delays": [
    6703,
    5417,
    4921,
    5107,
    7126,
    6393,
    6537,
    6646,
    5033,
    4957,
    5035,
    7273,
    6326,
    6033,
    6137,
    4958,
    5096,
    5224,
    5158,
    4787,
    6771,
    6660,
    6629,
    6942,
    5628,
    5207,
    5115,
    7237,
    7053,
    7005,
    6195,
    6788,
    6756,
    5673,
    5842,
    5595
  ],
  "Throughputs": [
    0.5967477248992988,
    1.1341375399525724,
    1.5755475027572081,
    1.7188693659281895,
    1.9251336898395723
  ],
  "AverageDelays": [
    5537,
    5806.818181818182,
    5743.35,
    5845.148148148148,
    5998.972222222223
  ]
}