{
  "transactionTimestamps": [
    1706085418634,
    1706085419825,
    1706085420286,
    1706085421088,
    1706085420841,
    1706085421522,
    1706085422578,
    1706085422932,
    1706085423882,
    1706085424765,
    1706085424766,
    1706085425108,
    1706085424766,
    1706085425470,
    1706085426183,
    1706085426831,
    1706085427098,
    1706085427205,
    1706085427334,
    1706085427782,
    1706085427971,
    1706085428293,
    1706085428774,
    1706085429627,
    1706085429223,
    1706085429940,
    1706085430712,
    1706085431572,
    1706085431401,
    1706085431009,
    1706085432208,
    1706085432641,
    1706085432718,
    1706085433511
  ],
  "blockTimestamps": [
    1706085426743,
    1706085429752,
    1706085432737,
    1706085435732,
    1706085438728
  ],
  "blockTimes": [
    1706085426,
    1706085429,
    1706085432,
    1706085435,
    1706085438
  ],
  "blockTransactions": [
    6,
    7,
    8,
    6,
    7
  ],
  "Delays": [
    8109,
    6918,
    6457,
    5655,
    5902,
    5221,
    7174,
    6820,
    5870,
    4987,
    4986,
    4644,
    4986,
    7267,
    6554,
    5906,
    5639,
    5532,
    5403,
    4955,
    4766,
    7439,
    6958,
    6105,
    6509,
    5792,
    5020,
    7156,
    7327,
    7719,
    6520,
    6087,
    6010,
    5217
  ],
  "Throughputs": [
    0.7399186089530152,
    1.169275049469329,
    1.4890448840672197,
    1.5791320622295006,
    1.692047377326565
  ],
  "AverageDelays": [
    6377,
    5979.153846153846,
    5892.9047619047615,
    5984.222222222223,
    6106.176470588235
  ]
}