{
  "transactionTimestamps": [
    1706085239531,
    1706085240959,
    1706085240631,
    1706085240743,
    1706085241935,
    1706085242451,
    1706085242343,
    1706085243213,
    1706085243566,
    1706085244283,
    1706085244644,
    1706085244643,
    1706085245158,
    1706085245219,
    1706085246691,
    1706085247139,
    1706085246643,
    1706085247463,
    1706085248132,
    1706085247886,
    1706085248537,
    1706085248907,
    1706085248924,
    1706085249891,
    1706085250514,
    1706085251417,
    1706085251448,
    1706085251386,
    1706085251308,
    1706085251820,
    1706085252506,
    1706085252896
  ],
  "blockTimestamps": [
    1706085246732,
    1706085249744,
    1706085252745,
    1706085255741,
    1706085258739
  ],
  "blockTimes": [
    1706085246,
    1706085249,
    1706085252,
    1706085255,
    1706085258
  ],
  "blockTransactions": [
    4,
    8,
    8,
    5,
    7
  ],
  "Delays": [
    7201,
    5773,
    6101,
    5989,
    7809,
    7293,
    7401,
    6531,
    6178,
    5461,
    5100,
    5101,
    7587,
    7526,
    6054,
    5606,
    6102,
    5282,
    4613,
    4859,
    7204,
    6834,
    6817,
    5850,
    5227,
    7322,
    7291,
    7353,
    7431,
    6919,
    6233,
    5843
  ],
  "Throughputs": [
    0.5554784057769755,
    1.1749730735337316,
    1.5135462388375964,
    1.542257865515114,
    1.665972511453561
  ],
  "AverageDelays": [
    6266,
    6328.166666666667,
    6178.35,
    6219.96,
    6371.59375
  ]
}