{
  "transactionTimestamps": [
    1706085434011,
    1706085434274,
    1706085435359,
    1706085435222,
    1706085435675,
    1706085436089,
    1706085437096,
    1706085436646,
    1706085437282,
    1706085438167,
    1706085439772,
    1706085439774,
    1706085439664,
    1706085439414,
    1706085439833,
    1706085439772,
    1706085440094,
    1706085440825,
    1706085441194,
    1706085441163,
    1706085442419,
    1706085442135,
    1706085442943,
    1706085442632,
    1706085443533,
    1706085444183,
    1706085443530,
    1706085444350,
    1706085444029,
    1706085443888,
    1706085443654,
    1706085445016,
    1706085445354,
    1706085445046,
    1706085446542,
    1706085446696,
    1706085447604,
    1706085448084,
    1706085446991,
    1706085447051,
    1706085447618,
    1706085448098,
    1706085448543,
    1706085448099,
    1706085448437
  ],
  "blockTimestamps": [
    1706085441737,
    1706085444739,
    1706085447737,
    1706085450742,
    1706085453733
  ],
  "blockTimes": [
    1706085441,
    1706085444,
    1706085447,
    1706085450,
    1706085453
  ],
  "blockTransactions": [
    8,
    8,
    8,
    10,
    11
  ],
  "Delays": [
    7726,
    7463,
    6378,
    6515,
    6062,
    5648,
    4641,
    5091,
    7457,
    6572,
    4967,
    4965,
    5075,
    5325,
    4906,
    4967,
    7643,
    6912,
    6543,
    6574,
    5318,
    5602,
    4794,
    5105,
    7209,
    6559,
    7212,
    6392,
    6713,
    6854,
    7088,
    5726,
    5388,
    5696,
    7191,
    7037,
    6129,
    5649,
    6742,
    6682,
    6115,
    5635,
    5190,
    5634,
    5296
  ],
  "Throughputs": [
    1.0354646647683148,
    1.4914243102162565,
    1.7485064840448783,
    2.0321558783097244,
    2.28171585031944
  ],
  "AverageDelays": [
    6190.5,
    5859.875,
    5927.041666666667,
    6090.764705882353,
    6097.466666666666
  ]
}