{
  "transactionTimestamps": [
    1706085224147,
    1706085224756,
    1706085225637,
    1706085225600,
    1706085226348,
    1706085226456,
    1706085226983,
    1706085227652,
    1706085227653,
    1706085228480,
    1706085229636,
    1706085229748,
    1706085229637,
    1706085229854,
    1706085230248,
    1706085230573,
    1706085230881,
    1706085231253,
    1706085231684,
    1706085232397,
    1706085232674,
    1706085233187,
    1706085233886,
    1706085233740,
    1706085234086,
    1706085233710,
    1706085234222,
    1706085234287,
    1706085235584,
    1706085235369,
    1706085235978,
    1706085236674,
    1706085236752,
    1706085237126,
    1706085237950,
    1706085237952,
    1706085237701,
    1706085238139,
    1706085239234
  ],
  "blockTimestamps": [
    1706085231737,
    1706085234743,
    1706085238335,
    1706085240740,
    1706085244334
  ],
  "blockTimes": [
    1706085231,
    1706085234,
    1706085237,
    1706085240,
    1706085243
  ],
  "blockTransactions": [
    7,
    7,
    7,
    12,
    6
  ],
  "Delays": [
    7590,
    6981,
    6100,
    6137,
    5389,
    5281,
    4754,
    7091,
    7090,
    6263,
    5107,
    4995,
    5106,
    4889,
    8087,
    7762,
    7454,
    7082,
    6651,
    5938,
    5661,
    7553,
    6854,
    7000,
    6654,
    7030,
    6518,
    6453,
    5156,
    5371,
    4762,
    4066,
    3988,
    7208,
    6384,
    6382,
    6633,
    6195,
    5100
  ],
  "Throughputs": [
    0.922266139657444,
    1.3212533031332578,
    1.480124048491683,
    1.9887904538058216,
    1.9319363947094663
  ],
  "AverageDelays": [
    6033.142857142857,
    5912.357142857143,
    6257.523809523809,
    6145.848484848485,
    6172.179487179487
  ]
}