{
  "transactionTimestamps": [
    1706085178765,
    1706085179791,
    1706085181154,
    1706085181841,
    1706085183021,
    1706085183644,
    1706085184624,
    1706085184625,
    1706085184992,
    1706085186087,
    1706085187468,
    1706085187439,
    1706085187219,
    1706085187857,
    1706085188697,
    1706085188339,
    1706085190143,
    1706085191195,
    1706085191339,
    1706085191839,
    1706085192630,
    1706085192985
  ],
  "blockTimestamps": [
    1706085186742,
    1706085189739,
    1706085192749,
    1706085195737,
    1706085198733
  ],
  "blockTimes": [
    1706085186,
    1706085189,
    1706085192,
    1706085195,
    1706085198
  ],
  "blockTransactions": [
    3,
    4,
    6,
    4,
    5
  ],
  "Delays": [
    7977,
    6951,
    5588,
    7898,
    6718,
    6095,
    5115,
    8124,
    7757,
    6662,
    5281,
    5310,
    5530,
    7880,
    7040,
    7398,
    5594,
    7538,
    7394,
    6894,
    6103,
    5748
  ],
  "Throughputs": [
    0.376081233546446,
    0.6378713322398396,
    0.9296338672768879,
    1.0016497761018146,
    1.1017628205128205
  ],
  "AverageDelays": [
    6838.666666666667,
    6620.285714285715,
    6538.923076923077,
    6642.235294117647,
    6663.409090909091
  ]
}