{
  "transactionTimestamps": [
    1706084955390,
    1706084956196,
    1706084955636,
    1706084956424,
    1706084956463,
    1706084956211,
    1706084957617,
    1706084957509,
    1706084957510,
    1706084958674,
    1706084959471,
    1706084959472,
    1706084958988,
    1706084959689,
    1706084959952,
    1706084960544,
    1706084960263,
    1706084960297,
    1706084961063,
    1706084961872,
    1706084961733,
    1706084962201,
    1706084961998,
    1706084963019,
    1706084962433,
    1706084963364,
    1706084962962,
    1706084963457,
    1706084964171,
    1706084964762,
    1706084964669,
    1706084965474,
    1706084965893,
    1706084965957,
    1706084965394,
    1706084965878,
    1706084966284,
    1706084966870,
    1706084967210,
    1706084968517,
    1706084968977,
    1706084968762
  ],
  "blockTimestamps": [
    1706084961743,
    1706084964746,
    1706084967744,
    1706084970741,
    1706084973736
  ],
  "blockTimes": [
    1706084961,
    1706084964,
    1706084967,
    1706084970,
    1706084973
  ],
  "blockTransactions": [
    6,
    9,
    11,
    9,
    7
  ],
  "Delays": [
    6353,
    5547,
    6107,
    5319,
    5280,
    5532,
    7129,
    7237,
    7236,
    6072,
    5275,
    5274,
    5758,
    5057,
    4794,
    7200,
    7481,
    7447,
    6681,
    5872,
    6011,
    5543,
    5746,
    4725,
    5311,
    4380,
    7779,
    7284,
    6570,
    5979,
    6072,
    5267,
    4848,
    4784,
    5347,
    7858,
    7452,
    6866,
    6526,
    5219,
    4759,
    4974
  ],
  "Throughputs": [
    0.9444356996694475,
    1.6032492518170158,
    2.104581512060871,
    2.279981760145919,
    2.2893273738144555
  ],
  "AverageDelays": [
    5689.666666666667,
    5864.666666666667,
    5937.192307692308,
    5951.342857142857,
    5998.833333333333
  ]
}