{
  "transactionTimestamps": [
    1706085315992,
    1706085315855,
    1706085317156,
    1706085317311,
    1706085319692,
    1706085319693,
    1706085319723,
    1706085319692,
    1706085320647,
    1706085321217,
    1706085321964,
    1706085322703,
    1706085322345,
    1706085322408,
    1706085323679,
    1706085324217,
    1706085323759,
    1706085323611,
    1706085324102,
    1706085324899,
    1706085325352,
    1706085326516,
    1706085327076,
    1706085327650,
    1706085327854,
    1706085328010,
    1706085328522,
    1706085328897,
    1706085328711
  ],
  "blockTimestamps": [
    1706085321735,
    1706085324740,
    1706085327735,
    1706085330735,
    1706085333745
  ],
  "blockTimes": [
    1706085321,
    1706085324,
    1706085327,
    1706085330,
    1706085333
  ],
  "blockTransactions": [
    3,
    5,
    6,
    7,
    8
  ],
  "Delays": [
    5743,
    5880,
    4579,
    7429,
    5048,
    5047,
    5017,
    5048,
    7088,
    6518,
    5771,
    5032,
    5390,
    5327,
    7056,
    6518,
    6976,
    7124,
    6633,
    5836,
    5383,
    7229,
    6669,
    6095,
    5891,
    5735,
    5223,
    4848,
    5034
  ],
  "Throughputs": [
    0.5223750652968832,
    0.9144947416552356,
    1.1921996082772714,
    1.4244048022790476,
    1.6335267278769785
  ],
  "AverageDelays": [
    5400.666666666667,
    5473.875,
    5636.928571428572,
    5925.857142857143,
    5902.310344827586
  ]
}