{
  "transactionTimestamps": [
    1706085358831,
    1706085359996,
    1706085360926,
    1706085361250,
    1706085362117,
    1706085362867,
    1706085362507,
    1706085364197,
    1706085364723,
    1706085364724,
    1706085364882,
    1706085365724,
    1706085366346,
    1706085366858,
    1706085366920,
    1706085366996,
    1706085367606,
    1706085368268,
    1706085368268,
    1706085368736,
    1706085369442,
    1706085369536,
    1706085370784,
    1706085371035,
    1706085370770,
    1706085370816,
    1706085371936,
    1706085372134,
    1706085372077,
    1706085373715,
    1706085373063
  ],
  "blockTimestamps": [
    1706085366734,
    1706085369743,
    1706085372746,
    1706085375737,
    1706085378729
  ],
  "blockTimes": [
    1706085366,
    1706085369,
    1706085372,
    1706085375,
    1706085378
  ],
  "blockTransactions": [
    5,
    6,
    6,
    8,
    6
  ],
  "Delays": [
    7903,
    6738,
    5808,
    5484,
    4617,
    6876,
    7236,
    5546,
    5020,
    5019,
    4861,
    7022,
    6400,
    5888,
    5826,
    5750,
    5140,
    7469,
    7469,
    7001,
    6295,
    6201,
    4953,
    4702,
    4967,
    7913,
    6793,
    6595,
    6652,
    5014,
    5666
  ],
  "Throughputs": [
    0.6326711375427053,
    1.0080645161290323,
    1.221703197987783,
    1.478764935525849,
    1.5579455221630314
  ],
  "AverageDelays": [
    6110,
    5918.909090909091,
    5949.058823529412,
    6007.64,
    6091.096774193548
  ]
}