{
  "transactionTimestamps": [
    1706085299695,
    1706085300306,
    1706085301575,
    1706085302509,
    1706085303848,
    1706085304397,
    1706085304680,
    1706085304677,
    1706085305873,
    1706085306496,
    1706085307505,
    1706085307242,
    1706085307802,
    1706085308979,
    1706085308483,
    1706085309290,
    1706085310323,
    1706085310599,
    1706085311600,
    1706085311522,
    1706085312626,
    1706085312937,
    1706085313506
  ],
  "blockTimestamps": [
    1706085306737,
    1706085309734,
    1706085312737,
    1706085315738,
    1706085318735
  ],
  "blockTimes": [
    1706085306,
    1706085309,
    1706085312,
    1706085315,
    1706085318
  ],
  "blockTransactions": [
    3,
    5,
    5,
    5,
    5
  ],
  "Delays": [
    7042,
    6431,
    5162,
    7225,
    5886,
    5337,
    5054,
    5057,
    6864,
    6241,
    5232,
    5495,
    4935,
    6759,
    7255,
    6448,
    5415,
    5139,
    7135,
    7213,
    6109,
    5798,
    5229
  ],
  "Throughputs": [
    0.4260153365521159,
    0.7968921207291563,
    0.9967796350253029,
    1.1219846662095618,
    1.207983193277311
  ],
  "AverageDelays": [
    6211.666666666667,
    5899.25,
    5843.153846153846,
    5943.166666666667,
    6020.04347826087
  ]
}