{
  "transactionTimestamps": [
    1706085404132,
    1706085404824,
    1706085405298,
    1706085405846,
    1706085406293,
    1706085407024,
    1706085407067,
    1706085408201,
    1706085408060,
    1706085407796,
    1706085407784,
    1706085409103,
    1706085409522,
    1706085409756,
    1706085410357,
    1706085409754,
    1706085410528,
    1706085410991,
    1706085411395,
    1706085411597,
    1706085411752,
    1706085411907,
    1706085412351,
    1706085412804,
    1706085412863,
    1706085412942,
    1706085413991,
    1706085414116,
    1706085414376,
    1706085414546,
    1706085415452,
    1706085415702,
    1706085415670,
    1706085416124,
    1706085416711,
    1706085417236,
    1706085416986,
    1706085417736,
    1706085417953,
    1706085418123,
    1706085418755
  ],
  "blockTimestamps": [
    1706085411741,
    1706085415335,
    1706085417738,
    1706085420747,
    1706085423741
  ],
  "blockTimes": [
    1706085411,
    1706085414,
    1706085417,
    1706085420,
    1706085423
  ],
  "blockTransactions": [
    5,
    9,
    10,
    9,
    8
  ],
  "Delays": [
    7609,
    6917,
    6443,
    5895,
    5448,
    8311,
    8268,
    7134,
    7275,
    7539,
    7551,
    6232,
    5813,
    5579,
    7381,
    7984,
    7210,
    6747,
    6343,
    6141,
    5986,
    5831,
    5387,
    4934,
    7884,
    7805,
    6756,
    6631,
    6371,
    6201,
    5295,
    5045,
    5077,
    7617,
    7030,
    6505,
    6755,
    6005,
    5788,
    5618,
    4986
  ],
  "Throughputs": [
    0.6571165724799579,
    1.2496652682317237,
    1.7639276789651623,
    1.986157086969606,
    2.0908766382783415
  ],
  "AverageDelays": [
    6462.4,
    6858.142857142857,
    6664.916666666667,
    6576.454545454545,
    6520.170731707317
  ]
}