{
  "transactionTimestamps": [
    1706085015448,
    1706085015358,
    1706085016912,
    1706085016491,
    1706085017023,
    1706085018400,
    1706085019506,
    1706085019211,
    1706085020410,
    1706085019722,
    1706085021531,
    1706085021187,
    1706085022383,
    1706085022546,
    1706085022968,
    1706085023835,
    1706085024554,
    1706085025567,
    1706085025907,
    1706085026466,
    1706085026717,
    1706085027552
  ],
  "blockTimestamps": [
    1706085021742,
    1706085024752,
    1706085027739,
    1706085030736,
    1706085033734
  ],
  "blockTimes": [
    1706085021,
    1706085024,
    1706085027,
    1706085030,
    1706085033
  ],
  "blockTransactions": [
    4,
    5,
    5,
    4,
    4
  ],
  "Delays": [
    6294,
    6384,
    4830,
    5251,
    7729,
    6352,
    5246,
    5541,
    4342,
    8017,
    6208,
    6552,
    5356,
    5193,
    7768,
    6901,
    6182,
    5169,
    7827,
    7268,
    7017,
    6182
  ],
  "Throughputs": [
    0.6355258976803305,
    0.9673258813413586,
    1.1390448295500772,
    1.1773940345368916,
    1.203106201465602
  ],
  "AverageDelays": [
    5689.75,
    5774.333333333333,
    5949.642857142857,
    6073.055555555556,
    6254.954545454545
  ]
}