{
  "transactionTimestamps": [
    1706085194603,
    1706085195026,
    1706085195862,
    1706085196067,
    1706085196233,
    1706085197182,
    1706085198678,
    1706085199488,
    1706085199626,
    1706085199626,
    1706085199939,
    1706085200145,
    1706085199627,
    1706085201063,
    1706085200766,
    1706085202184,
    1706085202601,
    1706085202850,
    1706085203362,
    1706085203194,
    1706085203662,
    1706085204017,
    1706085204033,
    1706085204465,
    1706085203895,
    1706085205147,
    1706085205177,
    1706085206054,
    1706085207001,
    1706085206908,
    1706085206971,
    1706085208058,
    1706085207312,
    1706085208168,
    1706085208462,
    1706085208229,
    1706085208682
  ],
  "blockTimestamps": [
    1706085201736,
    1706085204740,
    1706085208339,
    1706085210742,
    1706085213746
  ],
  "blockTimes": [
    1706085201,
    1706085204,
    1706085207,
    1706085210,
    1706085213
  ],
  "blockTransactions": [
    6,
    4,
    7,
    10,
    10
  ],
  "Delays": [
    7133,
    6710,
    5874,
    5669,
    5503,
    4554,
    6062,
    5252,
    5114,
    5114,
    8400,
    8194,
    8712,
    7276,
    7573,
    6155,
    5738,
    7892,
    7380,
    7548,
    7080,
    6725,
    6709,
    6277,
    6847,
    5595,
    5565,
    7692,
    6745,
    6838,
    6775,
    5688,
    6434,
    5578,
    5284,
    5517,
    5064
  ],
  "Throughputs": [
    0.8411608019066311,
    0.9864851533984413,
    1.2376237623762376,
    1.6729661069459074,
    1.9328213968552472
  ],
  "AverageDelays": [
    5907.166666666667,
    5698.5,
    6413.705882352941,
    6542.62962962963,
    6439.621621621622
  ]
}