{
  "transactionTimestamps": [
    1706084984557,
    1706084985857,
    1706084985888,
    1706084986739,
    1706084987034,
    1706084987034,
    1706084987611,
    1706084987775,
    1706084989082,
    1706084989488,
    1706084989488,
    1706084989488,
    1706084989889,
    1706084990107,
    1706084990343,
    1706084991143,
    1706084991282,
    1706084992149,
    1706084991637,
    1706084992041,
    1706084992524,
    1706084992323,
    1706084993316,
    1706084993425,
    1706084993316,
    1706084993935,
    1706084994464,
    1706084995207,
    1706084994650,
    1706084995500,
    1706084995810,
    1706084996015,
    1706084996282,
    1706084995860,
    1706084996604,
    1706084996635,
    1706084996592,
    1706084996928,
    1706084997916,
    1706084997977,
    1706084998861
  ],
  "blockTimestamps": [
    1706084991741,
    1706084994746,
    1706084997742,
    1706085000746,
    1706085003748
  ],
  "blockTimes": [
    1706084991,
    1706084994,
    1706084997,
    1706085000,
    1706085003
  ],
  "blockTransactions": [
    4,
    9,
    10,
    8,
    10
  ],
  "Delays": [
    7184,
    5884,
    5853,
    5002,
    7712,
    7712,
    7135,
    6971,
    5664,
    5258,
    5258,
    5258,
    4857,
    7635,
    7399,
    6599,
    6460,
    5593,
    6105,
    5701,
    5218,
    5419,
    4426,
    7321,
    7430,
    6811,
    6282,
    5539,
    6096,
    5246,
    4936,
    7733,
    7466,
    7888,
    7144,
    7113,
    7156,
    6820,
    5832,
    5771,
    4887
  ],
  "Throughputs": [
    0.5567928730512249,
    1.2758857591520267,
    1.744406522563519,
    1.914880474396195,
    2.136418112656975
  ],
  "AverageDelays": [
    5980.75,
    6134.461538461538,
    6100.130434782609,
    6127.870967741936,
    6287.170731707317
  ]
}