{
  "transactionTimestamps": [
    1706085150142,
    1706085150762,
    1706085151256,
    1706085152621,
    1706085152186,
    1706085153636,
    1706085154598,
    1706085154598,
    1706085154674,
    1706085154596,
    1706085155023,
    1706085155365,
    1706085156618,
    1706085157166,
    1706085156508,
    1706085157166,
    1706085157431,
    1706085157493,
    1706085158697,
    1706085158557,
    1706085158557,
    1706085159228,
    1706085159704,
    1706085160233,
    1706085160915,
    1706085161506,
    1706085161705,
    1706085161973,
    1706085162543,
    1706085162991,
    1706085162729,
    1706085163195,
    1706085163766
  ],
  "blockTimestamps": [
    1706085156752,
    1706085159743,
    1706085162749,
    1706085165739,
    1706085168739
  ],
  "blockTimes": [
    1706085156,
    1706085159,
    1706085162,
    1706085165,
    1706085168
  ],
  "blockTransactions": [
    3,
    7,
    8,
    7,
    8
  ],
  "Delays": [
    6610,
    5990,
    5496,
    7122,
    7557,
    6107,
    5145,
    5145,
    5069,
    5147,
    7726,
    7384,
    6131,
    5583,
    6241,
    5583,
    5318,
    5256,
    7042,
    7182,
    7182,
    6511,
    6035,
    5506,
    4824,
    7233,
    7034,
    6766,
    6196,
    5748,
    6010,
    5544,
    4973
  ],
  "Throughputs": [
    0.45385779122541603,
    1.0415581710238515,
    1.4277782184500676,
    1.6028723472462654,
    1.774479754799161
  ],
  "AverageDelays": [
    6032,
    5938.8,
    6033.888888888889,
    6115.68,
    6133.212121212121
  ]
}