{
  "transactionTimestamps": [
    1706085373932,
    1706085374922,
    1706085374985,
    1706085375204,
    1706085376379,
    1706085376362,
    1706085376243,
    1706085377433,
    1706085378245,
    1706085378990,
    1706085379282,
    1706085379735,
    1706085379733,
    1706085379483,
    1706085380598,
    1706085380378,
    1706085380564,
    1706085381726,
    1706085382010,
    1706085382324,
    1706085382818,
    1706085383750,
    1706085383396,
    1706085383207,
    1706085384203,
    1706085383814,
    1706085384207,
    1706085385148,
    1706085385706,
    1706085386361,
    1706085386578,
    1706085386623,
    1706085387532,
    1706085388033,
    1706085388015,
    1706085387721,
    1706085388217
  ],
  "blockTimestamps": [
    1706085381741,
    1706085384748,
    1706085387747,
    1706085390742,
    1706085393736
  ],
  "blockTimes": [
    1706085381,
    1706085384,
    1706085387,
    1706085390,
    1706085393
  ],
  "blockTransactions": [
    7,
    7,
    6,
    9,
    8
  ],
  "Delays": [
    7809,
    6819,
    6756,
    6537,
    5362,
    5379,
    5498,
    7315,
    6503,
    5758,
    5466,
    5013,
    5015,
    5265,
    7149,
    7369,
    7183,
    6021,
    5737,
    5423,
    7924,
    6992,
    7346,
    7535,
    6539,
    6928,
    6535,
    5594,
    5036,
    7375,
    7158,
    7113,
    6204,
    5703,
    5721,
    6015,
    5519
  ],
  "Throughputs": [
    0.8964015879113842,
    1.294378698224852,
    1.4477017734346724,
    1.7251635930993459,
    1.8683094324378915
  ],
  "AverageDelays": [
    6308.571428571428,
    6035.357142857143,
    6168.85,
    6338.137931034483,
    6340.918918918919
  ]
}