{
  "transactionTimestamps": [
    1706085464703,
    1706085465273,
    1706085465769,
    1706085466139,
    1706085466930,
    1706085467334,
    1706085469667,
    1706085469792,
    1706085470150,
    1706085469791,
    1706085470705,
    1706085471526,
    1706085472539,
    1706085472927,
    1706085473712,
    1706085473436,
    1706085474335,
    1706085474721,
    1706085474133,
    1706085475345,
    1706085476282,
    1706085477077,
    1706085476922,
    1706085477677,
    1706085478188,
    1706085477849,
    1706085478902
  ],
  "blockTimestamps": [
    1706085471745,
    1706085474734,
    1706085477738,
    1706085480738,
    1706085483741
  ],
  "blockTimes": [
    1706085471,
    1706085474,
    1706085477,
    1706085480,
    1706085483
  ],
  "blockTransactions": [
    5,
    4,
    4,
    8,
    6
  ],
  "Delays": [
    7042,
    6472,
    5976,
    5606,
    4815,
    7400,
    5067,
    4942,
    4584,
    7947,
    7033,
    6212,
    5199,
    7811,
    7026,
    7302,
    6403,
    6017,
    6605,
    5393,
    4456,
    6664,
    6819,
    6064,
    5553,
    5892,
    4839
  ],
  "Throughputs": [
    0.7100255609201932,
    0.8972186222709599,
    0.9973149213655542,
    1.3096351730589335,
    1.4182161991805862
  ],
  "AverageDelays": [
    5982.2,
    5767.111111111111,
    6022.692307692308,
    6157.523809523809,
    6116.259259259259
  ]
}