{
  "transactionTimestamps": [
    1706084938826,
    1706084940318,
    1706084940753,
    1706084941484,
    1706084941871,
    1706084941981,
    1706084943368,
    1706084944551,
    1706084944459,
    1706084944458,
    1706084944617,
    1706084944458,
    1706084945870,
    1706084946135,
    1706084945854,
    1706084947165,
    1706084947209,
    1706084947362,
    1706084948309,
    1706084947720,
    1706084948619,
    1706084948958,
    1706084948541,
    1706084948927,
    1706084949560,
    1706084950338,
    1706084951668,
    1706084951820,
    1706084951740,
    1706084952102,
    1706084952763,
    1706084952720,
    1706084953229,
    1706084953354,
    1706084954053,
    1706084954272
  ],
  "blockTimestamps": [
    1706084946735,
    1706084949737,
    1706084952755,
    1706084955737,
    1706084958745
  ],
  "blockTimes": [
    1706084946,
    1706084949,
    1706084952,
    1706084955,
    1706084958
  ],
  "blockTransactions": [
    5,
    7,
    8,
    6,
    10
  ],
  "Delays": [
    7909,
    6417,
    5982,
    5251,
    4864,
    7756,
    6369,
    5186,
    5278,
    5279,
    5120,
    5279,
    6885,
    6620,
    6901,
    5590,
    5546,
    5393,
    4446,
    5035,
    7118,
    6779,
    7196,
    6810,
    6177,
    5399,
    7077,
    6925,
    7005,
    6643,
    5982,
    6025,
    5516,
    5391,
    4692,
    4473
  ],
  "Throughputs": [
    0.6321911746112024,
    1.0998075336816058,
    1.4358532557972574,
    1.537460824315534,
    1.8073196445604698
  ],
  "AverageDelays": [
    6084.6,
    5890.833333333333,
    5855.3,
    6022.5,
    6008.722222222223
  ]
}