{
  "transactionTimestamps": [
    1706085074208,
    1706085074967,
    1706085076032,
    1706085075448,
    1706085076030,
    1706085076265,
    1706085076512,
    1706085076980,
    1706085077600,
    1706085077242,
    1706085078356,
    1706085078995,
    1706085079245,
    1706085079533,
    1706085079533,
    1706085079534,
    1706085080343,
    1706085080434,
    1706085080248,
    1706085080480,
    1706085080871,
    1706085081440,
    1706085081751,
    1706085082310,
    1706085082143,
    1706085082450,
    1706085082760,
    1706085083535,
    1706085083646,
    1706085083567,
    1706085083971,
    1706085084096,
    1706085083878,
    1706085083630,
    1706085084665,
    1706085084775,
    1706085084516,
    1706085084945,
    1706085085363,
    1706085085829,
    1706085085780,
    1706085086895,
    1706085087210,
    1706085086637,
    1706085086790,
    1706085087717,
    1706085088106,
    1706085088369,
    1706085088244,
    1706085088665
  ],
  "blockTimestamps": [
    1706085082336,
    1706085084747,
    1706085087749,
    1706085090744,
    1706085094348
  ],
  "blockTimes": [
    1706085081,
    1706085084,
    1706085087,
    1706085090,
    1706085093
  ],
  "blockTransactions": [
    8,
    8,
    11,
    13,
    10
  ],
  "Delays": [
    8128,
    7369,
    6304,
    6888,
    6306,
    6071,
    5824,
    5356,
    7147,
    7505,
    6391,
    5752,
    5502,
    5214,
    5214,
    5213,
    7406,
    7315,
    7501,
    7269,
    6878,
    6309,
    5998,
    5439,
    5606,
    5299,
    4989,
    7209,
    7098,
    7177,
    6773,
    6648,
    6866,
    7114,
    6079,
    5969,
    6228,
    5799,
    5381,
    4915,
    8568,
    7453,
    7138,
    7711,
    7558,
    6631,
    6242,
    5979,
    6104,
    5683
  ],
  "Throughputs": [
    0.984251968503937,
    1.5181706044216718,
    1.9939443172586957,
    2.418964683115626,
    2.4826216484607744
  ],
  "AverageDelays": [
    6530.75,
    6261.5,
    6303.444444444444,
    6336.225,
    6450.32
  ]
}