{
  "transactionTimestamps": [
    1706085451451,
    1706085450882,
    1706085451333,
    1706085451474,
    1706085451889,
    1706085452572,
    1706085452603,
    1706085452712,
    1706085454600,
    1706085454786,
    1706085454786,
    1706085455439,
    1706085455842,
    1706085455750,
    1706085456120,
    1706085456909,
    1706085457081,
    1706085457328,
    1706085457935,
    1706085457796,
    1706085458803,
    1706085459188,
    1706085458955,
    1706085460097,
    1706085460533,
    1706085460206,
    1706085460455,
    1706085461984,
    1706085461739,
    1706085461615,
    1706085462248,
    1706085463473,
    1706085463519,
    1706085463691
  ],
  "blockTimestamps": [
    1706085456742,
    1706085459736,
    1706085462737,
    1706085465736,
    1706085468764
  ],
  "blockTimes": [
    1706085456,
    1706085459,
    1706085462,
    1706085465,
    1706085468
  ],
  "blockTransactions": [
    5,
    4,
    10,
    8,
    7
  ],
  "Delays": [
    5291,
    5860,
    5409,
    5268,
    4853,
    7164,
    7133,
    7024,
    5136,
    7951,
    7951,
    7298,
    6895,
    6987,
    6617,
    5828,
    5656,
    5409,
    4802,
    7940,
    6933,
    6548,
    6781,
    5639,
    5203,
    5530,
    5281,
    6780,
    7025,
    7149,
    6516,
    5291,
    5245,
    5073
  ],
  "Throughputs": [
    0.9450009450009449,
    1.0863005431502715,
    1.6835016835016836,
    1.8900945047252362,
    1.9638421995032636
  ],
  "AverageDelays": [
    5336.2,
    5904.222222222223,
    6238.526315789473,
    6236.555555555556,
    6219.588235294118
  ]
}