{
  "transactionTimestamps": [
    1706085389650,
    1706085390148,
    1706085390707,
    1706085391201,
    1706085391078,
    1706085392102,
    1706085392287,
    1706085392397,
    1706085393501,
    1706085393813,
    1706085394653,
    1706085394496,
    1706085394747,
    1706085394749,
    1706085394747,
    1706085395068,
    1706085395751,
    1706085395861,
    1706085396313,
    1706085397607,
    1706085397782,
    1706085398231,
    1706085398137,
    1706085398011,
    1706085398232,
    1706085399162,
    1706085398633,
    1706085399349,
    1706085399865,
    1706085399644,
    1706085399131,
    1706085399983,
    1706085401144,
    1706085401662,
    1706085401815,
    1706085402683,
    1706085402575,
    1706085403775,
    1706085403361,
    1706085403081,
    1706085404022
  ],
  "blockTimestamps": [
    1706085396733,
    1706085399744,
    1706085402736,
    1706085405733,
    1706085408738
  ],
  "blockTimes": [
    1706085396,
    1706085399,
    1706085402,
    1706085405,
    1706085408
  ],
  "blockTransactions": [
    8,
    4,
    10,
    10,
    9
  ],
  "Delays": [
    7083,
    6585,
    6026,
    5532,
    5655,
    4631,
    4446,
    4336,
    6243,
    5931,
    5091,
    5248,
    7989,
    7987,
    7989,
    7668,
    6985,
    6875,
    6423,
    5129,
    4954,
    4505,
    7596,
    7722,
    7501,
    6571,
    7100,
    6384,
    5868,
    6089,
    6602,
    5750,
    7594,
    7076,
    6923,
    6055,
    6163,
    4963,
    5377,
    5657,
    4716
  ],
  "Throughputs": [
    1.1294649159960468,
    1.1888250445809392,
    1.6811860003056702,
    1.9896785425604677,
    2.147946353730092
  ],
  "AverageDelays": [
    5536.75,
    5567.25,
    6059.590909090909,
    6265.4375,
    6219.951219512195
  ]
}