{
  "transactionTimestamps": [
    1706085164445,
    1706085165164,
    1706085166061,
    1706085165691,
    1706085166586,
    1706085167159,
    1706085167098,
    1706085167009,
    1706085168464,
    1706085169687,
    1706085169609,
    1706085169750,
    1706085169610,
    1706085170870,
    1706085171055,
    1706085171460,
    1706085170979,
    1706085172255,
    1706085172700,
    1706085173342,
    1706085173575,
    1706085173843,
    1706085174090,
    1706085174694,
    1706085175442,
    1706085175271,
    1706085175831,
    1706085177215,
    1706085176957,
    1706085177357,
    1706085178688,
    1706085178454
  ],
  "blockTimestamps": [
    1706085171739,
    1706085174737,
    1706085178338,
    1706085181346,
    1706085183737
  ],
  "blockTimes": [
    1706085171,
    1706085174,
    1706085177,
    1706085180,
    1706085183
  ],
  "blockTransactions": [
    7,
    6,
    6,
    7,
    6
  ],
  "Delays": [
    7294,
    6575,
    5678,
    6048,
    5153,
    4580,
    4641,
    7728,
    6273,
    5050,
    5128,
    4987,
    5127,
    7468,
    7283,
    6878,
    7359,
    6083,
    5638,
    8004,
    7771,
    7503,
    7256,
    6652,
    5904,
    6075,
    7906,
    6522,
    6780,
    6380,
    5049,
    5283
  ],
  "Throughputs": [
    0.9596928982725529,
    1.2631169840652934,
    1.3675951918232203,
    1.5383705106206733,
    1.6587186398507152
  ],
  "AverageDelays": [
    5709.857142857143,
    5712.461538461538,
    6051.105263157895,
    6312.923076923077,
    6314.25
  ]
}