{
  "transactionTimestamps": [
    1706085120597,
    1706085120347,
    1706085122069,
    1706085121760,
    1706085124573,
    1706085124575,
    1706085124574,
    1706085124995,
    1706085125101,
    1706085126250,
    1706085126436,
    1706085127769,
    1706085127836,
    1706085127416,
    1706085128603,
    1706085128807,
    1706085129167,
    1706085129178,
    1706085128746,
    1706085129886,
    1706085130602,
    1706085131426,
    1706085131316,
    1706085131749,
    1706085132807,
    1706085132949,
    1706085132681,
    1706085133544,
    1706085132946
  ],
  "blockTimestamps": [
    1706085126727,
    1706085129741,
    1706085132741,
    1706085135736,
    1706085138740
  ],
  "blockTimes": [
    1706085126,
    1706085129,
    1706085132,
    1706085135,
    1706085138
  ],
  "blockTransactions": [
    2,
    6,
    6,
    7,
    8
  ],
  "Delays": [
    6130,
    6380,
    7672,
    7981,
    5168,
    5166,
    5167,
    4746,
    7640,
    6491,
    6305,
    4972,
    4905,
    5325,
    7133,
    6929,
    6569,
    6558,
    6990,
    5850,
    5134,
    7314,
    7424,
    6991,
    5933,
    5791,
    6059,
    5196,
    5794
  ],
  "Throughputs": [
    0.3262642740619902,
    0.8748906386701663,
    1.152832674571805,
    1.3871457824162758,
    1.5984126109243233
  ],
  "AverageDelays": [
    6255,
    6051.25,
    6003.428571428572,
    6152.9047619047615,
    6197
  ]
}