{
  "transactionTimestamps": [
    1706085209646,
    1706085210265,
    1706085210789,
    1706085210851,
    1706085211393,
    1706085211801,
    1706085212077,
    1706085212355,
    1706085213088,
    1706085213290,
    1706085214282,
    1706085214188,
    1706085214633,
    1706085214633,
    1706085215494,
    1706085214871,
    1706085215677,
    1706085216205,
    1706085216053,
    1706085216712,
    1706085216886,
    1706085217163,
    1706085217476,
    1706085217944,
    1706085218016,
    1706085219080,
    1706085218418,
    1706085218886,
    1706085219448,
    1706085219402,
    1706085220395,
    1706085220053,
    1706085220283,
    1706085221161,
    1706085221532,
    1706085221752,
    1706085222166,
    1706085222615,
    1706085222089,
    1706085222212,
    1706085223155,
    1706085224019,
    1706085223744
  ],
  "blockTimestamps": [
    1706085216743,
    1706085220343,
    1706085222743,
    1706085225744,
    1706085228740
  ],
  "blockTimes": [
    1706085216,
    1706085219,
    1706085222,
    1706085225,
    1706085228
  ],
  "blockTransactions": [
    6,
    8,
    10,
    10,
    9
  ],
  "Delays": [
    7097,
    6478,
    5954,
    5892,
    5350,
    4942,
    8266,
    7988,
    7255,
    7053,
    6061,
    6155,
    5710,
    5710,
    7249,
    7872,
    7066,
    6538,
    6690,
    6031,
    5857,
    5580,
    5267,
    4799,
    7728,
    6664,
    7326,
    6858,
    6296,
    6342,
    5349,
    5691,
    5461,
    4583,
    7208,
    6988,
    6574,
    6125,
    6651,
    6528,
    5585,
    4721,
    4996
  ],
  "Throughputs": [
    0.8454276454840073,
    1.308778162101524,
    1.8324807207757503,
    2.1120636103863837,
    2.2520163402115845
  ],
  "AverageDelays": [
    5952.166666666667,
    6422.214285714285,
    6369.166666666667,
    6328.176470588235,
    6291.488372093023
  ]
}