{
  "transactionTimestamps": [
    1706085134783,
    1706085135482,
    1706085135991,
    1706085136347,
    1706085136593,
    1706085137599,
    1706085137429,
    1706085137601,
    1706085138704,
    1706085139016,
    1706085139585,
    1706085139585,
    1706085140098,
    1706085140366,
    1706085140801,
    1706085141252,
    1706085141454,
    1706085142075,
    1706085141856,
    1706085142492,
    1706085142167,
    1706085143251,
    1706085142989,
    1706085144075,
    1706085143395,
    1706085144530,
    1706085145055,
    1706085144951,
    1706085145545,
    1706085146120,
    1706085146308,
    1706085146606,
    1706085146186,
    1706085146618,
    1706085147286,
    1706085148439,
    1706085148531,
    1706085147751,
    1706085148653
  ],
  "blockTimestamps": [
    1706085141737,
    1706085144740,
    1706085147740,
    1706085150738,
    1706085153737
  ],
  "blockTimes": [
    1706085141,
    1706085144,
    1706085147,
    1706085150,
    1706085153
  ],
  "blockTransactions": [
    5,
    8,
    8,
    10,
    8
  ],
  "Delays": [
    6954,
    6255,
    5746,
    5390,
    5144,
    7141,
    7311,
    7139,
    6036,
    5724,
    5155,
    5155,
    4642,
    7374,
    6939,
    6488,
    6286,
    5665,
    5884,
    5248,
    5573,
    7487,
    7749,
    6663,
    7343,
    6208,
    5683,
    5787,
    5193,
    4618,
    4430,
    7131,
    7551,
    7119,
    6451,
    5298,
    5206,
    5986,
    5084
  ],
  "Throughputs": [
    0.7190106413574922,
    1.3056141408054633,
    1.6207455429497568,
    1.9429645879034785,
    2.05761316872428
  ],
  "AverageDelays": [
    5897.8,
    5984,
    6059.476190476191,
    6077.741935483871,
    6108.615384615385
  ]
}