{
  "transactionTimestamps": [
    1706085104479,
    1706085104448,
    1706085104668,
    1706085105518,
    1706085106091,
    1706085105565,
    1706085108301,
    1706085108364,
    1706085108752,
    1706085109564,
    1706085109559,
    1706085109605,
    1706085109559,
    1706085110072,
    1706085111962,
    1706085112070,
    1706085113201,
    1706085112072,
    1706085112164,
    1706085112628,
    1706085113015,
    1706085113464,
    1706085113324,
    1706085114084,
    1706085116086,
    1706085116194,
    1706085116536,
    1706085116940,
    1706085117514,
    1706085117684
  ],
  "blockTimestamps": [
    1706085111749,
    1706085114734,
    1706085117742,
    1706085120742,
    1706085123737
  ],
  "blockTimes": [
    1706085111,
    1706085114,
    1706085117,
    1706085120,
    1706085123
  ],
  "blockTransactions": [
    6,
    8,
    6,
    6,
    4
  ],
  "Delays": [
    7270,
    7301,
    7081,
    6231,
    5658,
    6184,
    6433,
    6370,
    5982,
    5170,
    5175,
    5129,
    5175,
    4662,
    5780,
    5672,
    4541,
    5670,
    5578,
    5114,
    7727,
    7278,
    7418,
    6658,
    4656,
    4548,
    7201,
    6797,
    6223,
    6053
  ],
  "Throughputs": [
    0.8253094910591472,
    1.36518771331058,
    1.5079544597753147,
    1.5987210231814546,
    1.5577941634645343
  ],
  "AverageDelays": [
    6620.833333333333,
    5987.214285714285,
    5808.8,
    5940.807692307692,
    6024.5
  ]
}