{
  "transactionTimestamps": [
    1706085029135,
    1706085030348,
    1706085030194,
    1706085030164,
    1706085031324,
    1706085033004,
    1706085034515,
    1706085034516,
    1706085034456,
    1706085034515,
    1706085034123,
    1706085035604,
    1706085037331,
    1706085037057,
    1706085037131,
    1706085037191,
    1706085038435,
    1706085038154,
    1706085038448,
    1706085038386,
    1706085038697,
    1706085039720,
    1706085041565,
    1706085041767,
    1706085041347,
    1706085041643,
    1706085042683,
    1706085042466,
    1706085042958,
    1706085043237,
    1706085042884
  ],
  "blockTimestamps": [
    1706085036739,
    1706085039741,
    1706085043340,
    1706085045739,
    1706085048743
  ],
  "blockTimes": [
    1706085036,
    1706085039,
    1706085042,
    1706085045,
    1706085048
  ],
  "blockTransactions": [
    5,
    6,
    5,
    6,
    9
  ],
  "Delays": [
    7604,
    6391,
    6545,
    6575,
    5415,
    6737,
    5226,
    5225,
    5285,
    5226,
    5618,
    7736,
    6009,
    6283,
    6209,
    6149,
    7304,
    7585,
    7291,
    7353,
    7042,
    6019,
    7178,
    6976,
    7396,
    7100,
    6060,
    6277,
    5785,
    5506,
    5859
  ],
  "Throughputs": [
    0.6575486586007364,
    1.0371487837073354,
    1.1263639563533967,
    1.3249819320645628,
    1.5809873521011832
  ],
  "AverageDelays": [
    6506,
    5986.090909090909,
    6139.5625,
    6401.227272727273,
    6418.193548387097
  ]
}