{
  "transactionTimestamps": [
    1706085480806,
    1706085480788,
    1706085482061,
    1706085481879,
    1706085482233,
    1706085483259,
    1706085484330,
    1706085484797,
    1706085485472,
    1706085484797,
    1706085484798,
    1706085485624,
    1706085485699,
    1706085486878,
    1706085486988,
    1706085487860,
    1706085488404,
    1706085488403,
    1706085489228,
    1706085489602,
    1706085489586,
    1706085489134,
    1706085490019,
    1706085490376,
    1706085490300,
    1706085491033,
    1706085491713,
    1706085491466,
    1706085491854,
    1706085492241,
    1706085492706,
    1706085493523,
    1706085493138,
    1706085493417,
    1706085494019
  ],
  "blockTimestamps": [
    1706085486740,
    1706085489747,
    1706085492737,
    1706085495743,
    1706085498740
  ],
  "blockTimes": [
    1706085486,
    1706085489,
    1706085492,
    1706085495,
    1706085498
  ],
  "blockTransactions": [
    4,
    5,
    6,
    10,
    10
  ],
  "Delays": [
    5934,
    5952,
    4679,
    4861,
    7514,
    6488,
    5417,
    4950,
    4275,
    7940,
    7939,
    7113,
    7038,
    5859,
    5749,
    7883,
    7339,
    7340,
    6515,
    6141,
    6157,
    6609,
    5724,
    5367,
    5443,
    7707,
    7027,
    7274,
    6886,
    6499,
    6034,
    5217,
    5602,
    5323,
    4721
  ],
  "Throughputs": [
    0.6740815638692281,
    1.006598814450285,
    1.2572290671360322,
    1.67369619066747,
    1.95160031225605
  ],
  "AverageDelays": [
    5356.5,
    5563.333333333333,
    6113.866666666667,
    6249.04,
    6243.314285714286
  ]
}