{
  "transactionTimestamps": [
    1706084885380,
    1706084885348,
    1706084888388,
    1706084888694,
    1706084889907,
    1706084889751,
    1706084892401,
    1706084892462,
    1706084893632
  ],
  "blockTimestamps": [
    1706084889741,
    1706084892732,
    1706084895745,
    1706084898736
  ],
  "blockTimes": [
    1706084889,
    1706084892,
    1706084895,
    1706084898
  ],
  "blockTransactions": [
    1,
    1,
    4,
    3
  ],
  "Delays": [
    4361,
    7384,
    7357,
    7051,
    5838,
    5994,
    6335,
    6274,
    5104
  ],
  "Throughputs": [
    0.2293052052281587,
    0.2720348204570185,
    0.5788712011577424,
    0.6738544474393531
  ],
  "AverageDelays": [
    4361,
    5872.5,
    6330.833333333333,
    6188.666666666667
  ]
}