{
  "transactionTimestamps": [
    1706085254732,
    1706085254950,
    1706085255569,
    1706085255788,
    1706085255897,
    1706085256380,
    1706085256911,
    1706085257284,
    1706085258713,
    1706085259646,
    1706085259567,
    1706085259876,
    1706085259645,
    1706085259645,
    1706085259586,
    1706085260297,
    1706085260774,
    1706085260575,
    1706085261298,
    1706085262109,
    1706085262273,
    1706085262388,
    1706085263159,
    1706085262432,
    1706085263425,
    1706085263241,
    1706085263550,
    1706085263410,
    1706085263783,
    1706085263985,
    1706085264733,
    1706085265410,
    1706085265910,
    1706085265661,
    1706085265628,
    1706085266877,
    1706085266656,
    1706085267356,
    1706085267093,
    1706085267109,
    1706085268242,
    1706085268041,
    1706085268070
  ],
  "blockTimestamps": [
    1706085261739,
    1706085264740,
    1706085267747,
    1706085270746,
    1706085273738
  ],
  "blockTimes": [
    1706085261,
    1706085264,
    1706085267,
    1706085270,
    1706085273
  ],
  "blockTransactions": [
    7,
    9,
    9,
    10,
    8
  ],
  "Delays": [
    7007,
    6789,
    6170,
    5951,
    5842,
    5359,
    4828,
    7456,
    6027,
    5094,
    5173,
    4864,
    5095,
    5095,
    5154,
    4443,
    6973,
    7172,
    6449,
    5638,
    5474,
    5359,
    4588,
    5315,
    4322,
    7505,
    7196,
    7336,
    6963,
    6761,
    6013,
    5336,
    4836,
    5085,
    5118,
    6861,
    7082,
    6382,
    6645,
    6629,
    5496,
    5697,
    5668
  ],
  "Throughputs": [
    0.999000999000999,
    1.598721023181455,
    1.9208605455243948,
    2.1855876108405146,
    2.262443438914027
  ],
  "AverageDelays": [
    5992.285714285715,
    5646.6875,
    5665.48,
    5822.457142857143,
    5912.697674418605
  ]
}