{
  "transactionTimestamps": [
    1706085284530,
    1706085283988,
    1706085284052,
    1706085285074,
    1706085285560,
    1706085285793,
    1706085286924,
    1706085287282,
    1706085287453,
    1706085288475,
    1706085288429,
    1706085288338,
    1706085289668,
    1706085289511,
    1706085289435,
    1706085289666,
    1706085290970,
    1706085289666,
    1706085291017,
    1706085292321,
    1706085290696,
    1706085290738,
    1706085291783,
    1706085291879,
    1706085293903,
    1706085292633,
    1706085292168,
    1706085293329,
    1706085293097,
    1706085295208,
    1706085294044,
    1706085293765,
    1706085294211,
    1706085296325,
    1706085295408,
    1706085296218,
    1706085295704,
    1706085298497,
    1706085296962,
    1706085297105,
    1706085298485
  ],
  "blockTimestamps": [
    1706085291740,
    1706085294744,
    1706085297740,
    1706085301341,
    1706085303735
  ],
  "blockTimes": [
    1706085291,
    1706085294,
    1706085297,
    1706085300,
    1706085303
  ],
  "blockTransactions": [
    7,
    11,
    11,
    8,
    4
  ],
  "Delays": [
    7210,
    7752,
    7688,
    6666,
    6180,
    5947,
    4816,
    7462,
    7291,
    6269,
    6315,
    6406,
    5076,
    5233,
    5309,
    5078,
    3774,
    5078,
    6723,
    5419,
    7044,
    7002,
    5957,
    5861,
    3837,
    5107,
    5572,
    4411,
    4643,
    6133,
    7297,
    7576,
    7130,
    5016,
    5933,
    5123,
    5637,
    5238,
    6773,
    6630,
    5250
  ],
  "Throughputs": [
    0.970873786407767,
    1.7622870569806148,
    2.1953065859197576,
    2.200939860805425,
    2.134860713355897
  ],
  "AverageDelays": [
    6608.428571428572,
    6086.111111111111,
    5900.896551724138,
    5972.189189189189,
    5972.243902439024
  ]
}