{
  "transactionTimestamps": [
    1706085270285,
    1706085269789,
    1706085270439,
    1706085270098,
    1706085270949,
    1706085271401,
    1706085271494,
    1706085271292,
    1706085271404,
    1706085272489,
    1706085273360,
    1706085273892,
    1706085274182,
    1706085274660,
    1706085274521,
    1706085274659,
    1706085274366,
    1706085274659,
    1706085275860,
    1706085275255,
    1706085275315,
    1706085275970,
    1706085277172,
    1706085277093,
    1706085277417,
    1706085277066,
    1706085277216,
    1706085278287,
    1706085278274,
    1706085278381,
    1706085278504,
    1706085278581,
    1706085278875,
    1706085279426,
    1706085279486,
    1706085279734,
    1706085279328,
    1706085280741,
    1706085280479,
    1706085281241,
    1706085281641,
    1706085282032,
    1706085282263,
    1706085282495,
    1706085282635,
    1706085281782,
    1706085282898,
    1706085283664
  ],
  "blockTimestamps": [
    1706085276737,
    1706085279745,
    1706085282743,
    1706085285745,
    1706085288744
  ],
  "blockTimes": [
    1706085276,
    1706085279,
    1706085282,
    1706085285,
    1706085288
  ],
  "blockTransactions": [
    9,
    9,
    11,
    11,
    8
  ],
  "Delays": [
    6452,
    6948,
    6298,
    6639,
    5788,
    5336,
    5243,
    5445,
    5333,
    7256,
    6385,
    5853,
    5563,
    5085,
    5224,
    5086,
    5379,
    5086,
    6883,
    7488,
    7428,
    6773,
    5571,
    5650,
    5326,
    5677,
    5527,
    4456,
    4469,
    7364,
    7241,
    7164,
    6870,
    6319,
    6259,
    6011,
    6417,
    5004,
    5266,
    4504,
    7103,
    6712,
    6481,
    6249,
    6109,
    6962,
    5846,
    5080
  ],
  "Throughputs": [
    1.3949163050216986,
    1.9027484143763211,
    2.3278214801733825,
    2.5873221216041395,
    2.60035754916301
  ],
  "AverageDelays": [
    5942.444444444444,
    5799.944444444444,
    5849.896551724138,
    5951.65,
    6012.666666666667
  ]
}