{
  "transactionTimestamps": [
    1706085059785,
    1706085060122,
    1706085060801,
    1706085061170,
    1706085061479,
    1706085062040,
    1706085064533,
    1706085064189,
    1706085064533,
    1706085064533,
    1706085065341,
    1706085064765,
    1706085065215,
    1706085065851,
    1706085066545,
    1706085067244,
    1706085067213,
    1706085068375,
    1706085068284,
    1706085067692,
    1706085068673,
    1706085068457,
    1706085068864,
    1706085068703,
    1706085069604,
    1706085069758,
    1706085069974,
    1706085070701,
    1706085071324,
    1706085071716,
    1706085072429,
    1706085072538,
    1706085072162,
    1706085072816,
    1706085073063,
    1706085072631,
    1706085073450
  ],
  "blockTimestamps": [
    1706085066736,
    1706085069734,
    1706085072749,
    1706085075760,
    1706085078738
  ],
  "blockTimes": [
    1706085066,
    1706085069,
    1706085072,
    1706085075,
    1706085078
  ],
  "blockTransactions": [
    5,
    6,
    8,
    9,
    9
  ],
  "Delays": [
    6951,
    6614,
    5935,
    5566,
    5257,
    7694,
    5201,
    5545,
    5201,
    5201,
    4393,
    7984,
    7534,
    6898,
    6204,
    5505,
    5536,
    4374,
    4465,
    8068,
    7087,
    7303,
    6896,
    7057,
    6156,
    6002,
    5786,
    5059,
    7414,
    7022,
    6309,
    6200,
    6576,
    5922,
    5675,
    6107,
    5288
  ],
  "Throughputs": [
    0.719320961012804,
    1.105638757664087,
    1.4655970379512495,
    1.7527386541471048,
    1.95219754128634
  ],
  "AverageDelays": [
    6064.6,
    5778,
    5897.789473684211,
    6124,
    6161.756756756757
  ]
}