{"a": 0.3, "b": 0.7, "communities0": [[0, 36, 37, 13, 45, 26], [1, 34, 5, 6, 39, 9, 11, 12, 43, 16, 19, 29, 30], [33, 2, 3, 4, 10, 44, 15, 17, 22, 23, 24, 25, 27, 28], [40, 7], [8, 21], [18, 14], [20, 46], [32, 41, 38, 31], [42, 35]], "q0": 0.40361789596161873, "f0": 0.8123466738426299}