{
  "transactionTimestamps": [
    1706150523471,
    1706150524246,
    1706150524901,
    1706150525961,
    1706150526214,
    1706150526214,
    1706150526721,
    1706150527019,
    1706150527081,
    1706150527441,
    1706150528075,
    1706150528104,
    1706150528134,
    1706150528857,
    1706150528887,
    1706150529148,
    1706150529798,
    1706150529845,
    1706150529893,
    1706150530590,
    1706150530668,
    1706150530759,
    1706150531361,
    1706150531623,
    1706150531683,
    1706150532320,
    1706150532426,
    1706150532567,
    1706150532971,
    1706150533294,
    1706150534026,
    1706150534059
  ],
  "blockTimestamps": [
    1706150529151,
    1706150532154,
    1706150535164,
    1706150538152
  ],
  "blockTimes": [
    1706150529,
    1706150532,
    1706150535,
    1706150538
  ],
  "blockTransactions": [
    4,
    11,
    10,
    7
  ],
  "Delays": [
    5680,
    4905,
    4250,
    3190,
    5940,
    5940,
    5433,
    5135,
    5073,
    4713,
    4079,
    4050,
    4020,
    3297,
    3267,
    6016,
    5366,
    5319,
    5271,
    4574,
    4496,
    4405,
    3803,
    3541,
    3481,
    5832,
    5726,
    5585,
    5181,
    4858,
    4126,
    4093
  ],
  "Throughputs": [
    0.7042253521126761,
    1.7275135321893356,
    2.1380313007782434,
    2.1796880321503984
  ],
  "AverageDelays": [
    4506.25,
    4598.133333333333,
    4609.76,
    4707.65625
  ]
}