{
  "transactionTimestamps": [
    1706150601471,
    1706150602513,
    1706150603307,
    1706150604359,
    1706150604454,
    1706150605354,
    1706150606053,
    1706150606257,
    1706150606257,
    1706150606259,
    1706150606900,
    1706150605508,
    1706150607165,
    1706150607226,
    1706150605743,
    1706150607286,
    1706150607919,
    1706150607965,
    1706150608168,
    1706150608291,
    1706150608615,
    1706150608879,
    1706150608926,
    1706150609096,
    1706150609345,
    1706150609811,
    1706150609952,
    1706150610091,
    1706150610181,
    1706150610616,
    1706150610709,
    1706150610877,
    1706150611188,
    1706150611203,
    1706150611281,
    1706150611821,
    1706150611853,
    1706150612251,
    1706150612638,
    1706150612669,
    1706150612884,
    1706150613351,
    1706150613554,
    1706150613705,
    1706150612050,
    1706150612390,
    1706150614555,
    1706150618116,
    1706150618832,
    1706150619296
  ],
  "blockTimestamps": [
    1706150607144,
    1706150610145,
    1706150613151,
    1706150616162,
    1706150619158,
    1706150622191,
    1706150625140
  ],
  "blockTimes": [
    1706150607,
    1706150610,
    1706150613,
    1706150616,
    1706150619,
    1706150622,
    1706150625
  ],
  "blockTransactions": [
    3,
    8,
    16,
    14,
    6,
    1,
    2
  ],
  "Delays": [
    5673,
    4631,
    3837,
    5786,
    5691,
    4791,
    4092,
    3888,
    3888,
    3886,
    3245,
    7643,
    5986,
    5925,
    7408,
    5865,
    5232,
    5186,
    4983,
    4860,
    4536,
    4272,
    4225,
    4055,
    3806,
    3340,
    3199,
    6071,
    5981,
    5546,
    5453,
    5285,
    4974,
    4959,
    4881,
    4341,
    4309,
    3911,
    3524,
    3493,
    3278,
    5807,
    5604,
    5453,
    7108,
    6768,
    4603,
    4075,
    6308,
    5844
  ],
  "Throughputs": [
    0.5288207297726071,
    1.2681577127046346,
    2.3116438356164384,
    2.790824314205976,
    2.6573189348108777,
    2.316602316602317,
    2.112467784866281
  ],
  "AverageDelays": [
    4713.666666666667,
    4491.636363636364,
    4812.185185185185,
    4778.90243902439,
    4920.808510638298,
    4903.1875,
    4950.1
  ]
}