{
  "transactionTimestamps": [
    1706150682415,
    1706150683175,
    1706150686283,
    1706150686285,
    1706150686982,
    1706150687340,
    1706150687949,
    1706150688367,
    1706150688972,
    1706150689425,
    1706150689748,
    1706150690371,
    1706150690665,
    1706150691023,
    1706150691537,
    1706150691878,
    1706150692363,
    1706150692955,
    1706150693432,
    1706150693914,
    1706150694164,
    1706150694596,
    1706150694846,
    1706150695309,
    1706150695683,
    1706150696322,
    1706150696474,
    1706150697140,
    1706150697544,
    1706150698132,
    1706150698460,
    1706150698937,
    1706150699297,
    1706150699948,
    1706150700134,
    1706150700979,
    1706150701043,
    1706150701829,
    1706150702140,
    1706150702787,
    1706150702834
  ],
  "blockTimestamps": [
    1706150688150,
    1706150691146,
    1706150694156,
    1706150697154,
    1706150700160,
    1706150703154,
    1706150706145
  ],
  "blockTimes": [
    1706150688,
    1706150691,
    1706150694,
    1706150697,
    1706150700,
    1706150703,
    1706150706
  ],
  "blockTransactions": [
    2,
    5,
    6,
    7,
    7,
    7,
    7
  ],
  "Delays": [
    5735,
    4975,
    4863,
    4861,
    4164,
    3806,
    3197,
    5789,
    5184,
    4731,
    4408,
    3785,
    3491,
    6131,
    5617,
    5276,
    4791,
    4199,
    3722,
    3240,
    5996,
    5564,
    5314,
    4851,
    4477,
    3838,
    3686,
    6014,
    5610,
    5022,
    4694,
    4217,
    3857,
    3206,
    6011,
    5166,
    5102,
    4316,
    4005,
    3358,
    3311
  ],
  "Throughputs": [
    0.34873583260680036,
    0.8017409231474059,
    1.1072310706072737,
    1.356944161747744,
    1.5215553677092137,
    1.6394233087419836,
    1.727770754319427
  ],
  "AverageDelays": [
    5355,
    4514.428571428572,
    4537.615384615385,
    4598.25,
    4655.222222222223,
    4656.205882352941,
    4623.90243902439
  ]
}