{
  "transactionTimestamps": [
    1706150746312,
    1706150747413,
    1706150748205,
    1706150748812,
    1706150749590,
    1706150750520,
    1706150756307,
    1706150757182,
    1706150758253,
    1706150757602,
    1706150759153,
    1706150759788,
    1706150760441,
    1706150761171,
    1706150762201,
    1706150762943
  ],
  "blockTimestamps": [
    1706150751143,
    1706150754149,
    1706150757144,
    1706150760144,
    1706150763162,
    1706150766146
  ],
  "blockTimes": [
    1706150751,
    1706150754,
    1706150757,
    1706150760,
    1706150763,
    1706150766
  ],
  "blockTransactions": [
    2,
    3,
    1,
    1,
    5,
    4
  ],
  "Delays": [
    4831,
    3730,
    5944,
    5337,
    4559,
    6624,
    3837,
    5980,
    4909,
    5560,
    4009,
    3374,
    5705,
    4975,
    3945,
    3203
  ],
  "Throughputs": [
    0.4139929621196439,
    0.6379992344009188,
    0.5539143279172821,
    0.5060728744939271,
    0.7121661721068249,
    0.8066955732580418
  ],
  "AverageDelays": [
    4280.5,
    4880.2,
    5170.833333333333,
    4980.285714285715,
    4891.166666666667,
    4782.625
  ]
}