{
  "transactionTimestamps": [
    1706150280007,
    1706150280100,
    1706150280502,
    1706150280719,
    1706150281180,
    1706150281367,
    1706150281571,
    1706150282065,
    1706150282204,
    1706150282514,
    1706150282745,
    1706150282993,
    1706150283458,
    1706150283677,
    1706150284547,
    1706150284593,
    1706150285486,
    1706150285642,
    1706150284547,
    1706150286527,
    1706150287492,
    1706150286095,
    1706150288127,
    1706150289064,
    1706150289821,
    1706150290600,
    1706150291547,
    1706150292337,
    1706150293427,
    1706150291998,
    1706150294373,
    1706150293071,
    1706150295321,
    1706150296158,
    1706150296840,
    1706150297540,
    1706150298329,
    1706150299041,
    1706150298143
  ],
  "blockTimestamps": [
    1706150286154,
    1706150289144,
    1706150292148,
    1706150295150,
    1706150298156,
    1706150301144,
    1706150304152
  ],
  "blockTimes": [
    1706150286,
    1706150289,
    1706150292,
    1706150295,
    1706150298,
    1706150301,
    1706150304
  ],
  "blockTransactions": [
    12,
    7,
    4,
    4,
    5,
    4,
    3
  ],
  "Delays": [
    6147,
    6054,
    5652,
    5435,
    4974,
    4787,
    4583,
    4089,
    3950,
    3640,
    3409,
    3161,
    5686,
    5467,
    4597,
    4551,
    3658,
    3502,
    4597,
    5621,
    4656,
    6053,
    4021,
    6086,
    5329,
    4550,
    3603,
    5819,
    4729,
    6158,
    3783,
    5085,
    5823,
    4986,
    4304,
    3604,
    5823,
    5111,
    6009
  ],
  "Throughputs": [
    1.9521717911176182,
    2.0794571522381524,
    1.894407379952228,
    1.7830020471504986,
    1.7631825444928095,
    1.7031745280787245,
    1.6152412507765583
  ],
  "AverageDelays": [
    4656.75,
    4628.368421052632,
    4708.260869565217,
    4735.481481481482,
    4794.75,
    4781.916666666667,
    4848.51282051282
  ]
}