{
  "transactionTimestamps": [
    1706150666272,
    1706150667348,
    1706150668236,
    1706150668996,
    1706150669927,
    1706150670982,
    1706150671669,
    1706150672542,
    1706150673351,
    1706150674424,
    1706150675103,
    1706150676072,
    1706150676999,
    1706150677729,
    1706150678802,
    1706150679594,
    1706150680577,
    1706150681375
  ],
  "blockTimestamps": [
    1706150670144,
    1706150673152,
    1706150676148,
    1706150679152,
    1706150682148,
    1706150685147
  ],
  "blockTimes": [
    1706150670,
    1706150673,
    1706150676,
    1706150679,
    1706150682,
    1706150685
  ],
  "blockTransactions": [
    1,
    4,
    3,
    3,
    4,
    3
  ],
  "Delays": [
    3872,
    5804,
    4916,
    4156,
    3225,
    5166,
    4479,
    3606,
    5801,
    4728,
    4049,
    6076,
    5149,
    4419,
    3346,
    5553,
    4570,
    3772
  ],
  "Throughputs": [
    0.2582644628099174,
    0.7267441860465116,
    0.8100445524503849,
    0.8540372670807453,
    0.944822373393802,
    0.9536423841059603
  ],
  "AverageDelays": [
    3872,
    4394.6,
    4403,
    4527.454545454545,
    4586.133333333333,
    4593.722222222223
  ]
}