{
  "transactionTimestamps": [
    1706150502373,
    1706150502450,
    1706150503225,
    1706150504079,
    1706150503444,
    1706150505011,
    1706150505930,
    1706150506209,
    1706150506209,
    1706150506765,
    1706150506937,
    1706150507218,
    1706150507466,
    1706150507668,
    1706150507993,
    1706150508242,
    1706150508288,
    1706150508988,
    1706150509019,
    1706150509375,
    1706150509823,
    1706150509963,
    1706150510148,
    1706150510719,
    1706150510826,
    1706150511044,
    1706150510197,
    1706150511388,
    1706150511444,
    1706150511819,
    1706150512114,
    1706150512377,
    1706150512765,
    1706150513015,
    1706150513343,
    1706150513453,
    1706150514055,
    1706150514086,
    1706150514983,
    1706150516009,
    1706150516954,
    1706150517990,
    1706150518816,
    1706150519891,
    1706150520522,
    1706150521590,
    1706150522664
  ],
  "blockTimestamps": [
    1706150508153,
    1706150511151,
    1706150514150,
    1706150517152,
    1706150520172,
    1706150523142,
    1706150526140
  ],
  "blockTimes": [
    1706150508,
    1706150511,
    1706150514,
    1706150517,
    1706150520,
    1706150523,
    1706150526
  ],
  "blockTransactions": [
    5,
    10,
    10,
    11,
    5,
    3,
    3
  ],
  "Delays": [
    5780,
    5703,
    4928,
    4074,
    4709,
    6140,
    5221,
    4942,
    4942,
    4386,
    4214,
    3933,
    3685,
    3483,
    3158,
    5908,
    5862,
    5162,
    5131,
    4775,
    4327,
    4187,
    4002,
    3431,
    3324,
    6108,
    6955,
    5764,
    5708,
    5333,
    5038,
    4775,
    4387,
    4137,
    3809,
    3699,
    6117,
    6086,
    5189,
    4163,
    3218,
    5152,
    4326,
    3251,
    5618,
    4550,
    3476
  ],
  "Throughputs": [
    0.8650519031141868,
    1.7088174982911823,
    2.1227816931306784,
    2.4358887610799105,
    2.3035001966402606,
    2.118542057874717,
    1.977531871923255
  ],
  "AverageDelays": [
    5038.8,
    4619.866666666667,
    4616.28,
    4753.333333333333,
    4777.878048780488,
    4741.409090909091,
    4729.063829787234
  ]
}