{
  "transactionTimestamps": [
    1706150426166,
    1706150426166,
    1706150426927,
    1706150427082,
    1706150427812,
    1706150428029,
    1706150428573,
    1706150428915,
    1706150429206,
    1706150429597,
    1706150429940,
    1706150430447,
    1706150430618,
    1706150431071,
    1706150431601,
    1706150431993,
    1706150432664,
    1706150432804,
    1706150433362,
    1706150433501,
    1706150434198,
    1706150435191,
    1706150436091,
    1706150441754
  ],
  "blockTimestamps": [
    1706150430144,
    1706150433751,
    1706150436153,
    1706150439152,
    1706150442146,
    1706150445148
  ],
  "blockTimes": [
    1706150430,
    1706150433,
    1706150436,
    1706150439,
    1706150442,
    1706150445
  ],
  "blockTransactions": [
    3,
    8,
    7,
    4,
    1,
    1
  ],
  "Delays": [
    3978,
    3978,
    3217,
    6669,
    5939,
    5722,
    5178,
    4836,
    4545,
    4154,
    3811,
    5706,
    5535,
    5082,
    4552,
    4160,
    3489,
    3349,
    5790,
    5651,
    4954,
    3961,
    6055,
    3394
  ],
  "Throughputs": [
    0.7541478129713424,
    1.4502307185234014,
    1.8023430459597476,
    1.6941321423070999,
    1.4392991239048811,
    1.2643557054051207
  ],
  "AverageDelays": [
    3724.3333333333335,
    4729.727272727273,
    4661.111111111111,
    4738.909090909091,
    4796.130434782609,
    4737.708333333333
  ]
}