{
  "transactionTimestamps": [
    1706150562309,
    1706150563382,
    1706150566233,
    1706150566235,
    1706150566235,
    1706150567023,
    1706150567054,
    1706150567257,
    1706150567999,
    1706150568061,
    1706150568092,
    1706150568915,
    1706150569023,
    1706150569896,
    1706150570005,
    1706150569087,
    1706150570814,
    1706150570972,
    1706150571728,
    1706150571744,
    1706150572394,
    1706150572595,
    1706150573239,
    1706150573254,
    1706150574183,
    1706150574850,
    1706150575489,
    1706150573935,
    1706150576504,
    1706150576004,
    1706150577544,
    1706150578289,
    1706150578974,
    1706150580981
  ],
  "blockTimestamps": [
    1706150568145,
    1706150571160,
    1706150574151,
    1706150577146,
    1706150580149,
    1706150583153,
    1706150586141
  ],
  "blockTimes": [
    1706150568,
    1706150571,
    1706150574,
    1706150577,
    1706150580,
    1706150583,
    1706150586
  ],
  "blockTransactions": [
    2,
    7,
    9,
    6,
    5,
    4,
    1
  ],
  "Delays": [
    5836,
    4763,
    4927,
    4925,
    4925,
    4137,
    4106,
    3903,
    3161,
    6090,
    6059,
    5236,
    5128,
    4255,
    4146,
    5064,
    3337,
    3179,
    5418,
    5402,
    4752,
    4551,
    3907,
    3892,
    5966,
    5299,
    4660,
    6214,
    3645,
    7149,
    5609,
    4864,
    4179,
    5160
  ],
  "Throughputs": [
    0.3427004797806717,
    1.0168342560162693,
    1.520013511231211,
    1.6175776774280515,
    1.6255605381165918,
    1.583189407023604,
    1.426653239342061
  ],
  "AverageDelays": [
    5299.5,
    4520.333333333333,
    4620.944444444444,
    4629.125,
    4720.103448275862,
    4808.606060606061,
    4818.941176470588
  ]
}