{
  "transactionTimestamps": [
    1706150646263,
    1706150646263,
    1706150647304,
    1706150647366,
    1706150647972,
    1706150648298,
    1706150648967,
    1706150649184,
    1706150649768,
    1706150649923,
    1706150650390,
    1706150650667,
    1706150651429,
    1706150651444,
    1706150652428,
    1706150652504,
    1706150653419,
    1706150653453,
    1706150654308,
    1706150654308
  ],
  "blockTimestamps": [
    1706150652153,
    1706150655156,
    1706150658153
  ],
  "blockTimes": [
    1706150652,
    1706150655,
    1706150658
  ],
  "blockTransactions": [
    7,
    7,
    6
  ],
  "Delays": [
    5890,
    5890,
    4849,
    4787,
    4181,
    3855,
    3186,
    5972,
    5388,
    5233,
    4766,
    4489,
    3727,
    3712,
    5725,
    5649,
    4734,
    4700,
    3845,
    3845
  ],
  "Throughputs": [
    1.1884550084889645,
    1.5742718992465983,
    1.682085786375105
  ],
  "AverageDelays": [
    4662.571428571428,
    4708.928571428572,
    4721.15
  ]
}