{
  "transactionTimestamps": [
    1706150027900,
    1706150028054,
    1706150028910,
    1706150028926,
    1706150029797,
    1706150029828,
    1706150030481,
    1706150030603,
    1706150031349,
    1706150031504,
    1706150032267,
    1706150032347,
    1706150033172,
    1706150033312,
    1706150033981,
    1706150034182,
    1706150034758,
    1706150035109,
    1706150035574,
    1706150035979
  ],
  "blockTimestamps": [
    1706150029075,
    1706150031158,
    1706150035298,
    1706150037147,
    1706150041283
  ],
  "blockTimes": [
    1706150028,
    1706150031,
    1706150034,
    1706150037,
    1706150040
  ],
  "blockTransactions": [
    2,
    1,
    12,
    3,
    2
  ],
  "Delays": [
    1175,
    1021,
    2248,
    6372,
    5501,
    5470,
    4817,
    4695,
    3949,
    3794,
    3031,
    2951,
    2126,
    1986,
    1317,
    2965,
    2389,
    2038,
    5709,
    5304
  ],
  "Throughputs": [
    1.702127659574468,
    0.9208103130755064,
    2.02757502027575,
    1.9465772683032334,
    1.494433236195173
  ],
  "AverageDelays": [
    1098,
    1481.3333333333333,
    3363.5333333333333,
    3213.6111111111113,
    3442.9
  ]
}