{
  "transactionTimestamps": [
    1706150386147,
    1706150386146,
    1706150386861,
    1706150386985,
    1706150387589,
    1706150387914,
    1706150388570,
    1706150388585,
    1706150389333,
    1706150389488,
    1706150390095,
    1706150390480,
    1706150391061,
    1706150391554,
    1706150391664,
    1706150392614,
    1706150392629,
    1706150393253,
    1706150393596,
    1706150394106
  ],
  "blockTimestamps": [
    1706150391144,
    1706150394149,
    1706150397148,
    1706150400144
  ],
  "blockTimes": [
    1706150391,
    1706150394,
    1706150397,
    1706150400
  ],
  "blockTransactions": [
    6,
    6,
    7,
    1
  ],
  "Delays": [
    4997,
    4998,
    4283,
    4159,
    3555,
    3230,
    5579,
    5564,
    4816,
    4661,
    4054,
    3669,
    6087,
    5594,
    5484,
    4534,
    4519,
    3895,
    3552,
    6038
  ],
  "Throughputs": [
    1.2007204322593557,
    1.4996250937265683,
    1.7271157167530224,
    1.4288776166321355
  ],
  "AverageDelays": [
    4203.666666666667,
    4463.75,
    4591.0526315789475,
    4663.4
  ]
}