{
  "transactionTimestamps": [
    1706150586245,
    1706150586244,
    1706150587163,
    1706150587243,
    1706150586244,
    1706150587891,
    1706150588110,
    1706150588559,
    1706150588858,
    1706150589290,
    1706150589583,
    1706150589939,
    1706150590547,
    1706150590626,
    1706150591527,
    1706150591634,
    1706150592293,
    1706150592451,
    1706150592927,
    1706150591756,
    1706150593440,
    1706150593948,
    1706150592820,
    1706150594350,
    1706150595108,
    1706150595785,
    1706150596539,
    1706150597274,
    1706150597645,
    1706150598080,
    1706150599038,
    1706150599677,
    1706150598605,
    1706150598900,
    1706150600695
  ],
  "blockTimestamps": [
    1706150592154,
    1706150595149,
    1706150598152,
    1706150601143,
    1706150604147
  ],
  "blockTimes": [
    1706150592,
    1706150595,
    1706150598,
    1706150601,
    1706150604
  ],
  "blockTransactions": [
    9,
    6,
    9,
    5,
    6
  ],
  "Delays": [
    5909,
    5910,
    4991,
    4911,
    5910,
    4263,
    4044,
    3595,
    3296,
    5859,
    5566,
    5210,
    4602,
    4523,
    3622,
    6518,
    5859,
    5701,
    5225,
    6396,
    4712,
    4204,
    5332,
    3802,
    6035,
    5358,
    4604,
    3869,
    3498,
    6067,
    5109,
    4470,
    5542,
    5247,
    3452
  ],
  "Throughputs": [
    1.523100355390083,
    1.6846361185983827,
    2.015621063240111,
    1.9465700093972347,
    1.9550888168919673
  ],
  "AverageDelays": [
    4758.777777777777,
    4814.066666666667,
    4998.333333333333,
    4942.206896551724,
    4948.885714285714
  ]
}