{
  "transactionTimestamps": [
    1706150366133,
    1706150366133,
    1706150366810,
    1706150367153,
    1706150367715,
    1706150367966,
    1706150368699,
    1706150368743,
    1706150369349,
    1706150369707,
    1706150370346,
    1706150370421,
    1706150371041,
    1706150371354,
    1706150371975,
    1706150371990,
    1706150373015,
    1706150373077,
    1706150373774,
    1706150373805
  ],
  "blockTimestamps": [
    1706150370145,
    1706150373143,
    1706150376147,
    1706150379147
  ],
  "blockTimes": [
    1706150370,
    1706150373,
    1706150376,
    1706150379
  ],
  "blockTransactions": [
    3,
    7,
    6,
    4
  ],
  "Delays": [
    4012,
    4012,
    3335,
    5990,
    5428,
    5177,
    4444,
    4400,
    3794,
    3436,
    5801,
    5726,
    5106,
    4793,
    4172,
    4157,
    6132,
    6070,
    5373,
    5342
  ],
  "Throughputs": [
    0.7477567298105684,
    1.4265335235378032,
    1.5977631316157381,
    1.5368065160596283
  ],
  "AverageDelays": [
    3786.3333333333335,
    4402.8,
    4611.4375,
    4835
  ]
}