{
  "transactionTimestamps": [
    1706150626260,
    1706150626259,
    1706150627180,
    1706150627289,
    1706150625652,
    1706150628160,
    1706150628160,
    1706150628937,
    1706150629014,
    1706150629688,
    1706150629904,
    1706150630525,
    1706150630742,
    1706150631242,
    1706150631764,
    1706150632120,
    1706150632604,
    1706150633068,
    1706150633627,
    1706150634155,
    1706150634279
  ],
  "blockTimestamps": [
    1706150631153,
    1706150634149,
    1706150637151,
    1706150640151
  ],
  "blockTimes": [
    1706150631,
    1706150634,
    1706150637,
    1706150640
  ],
  "blockTransactions": [
    5,
    8,
    6,
    2
  ],
  "Delays": [
    4893,
    4894,
    3973,
    3864,
    5501,
    5989,
    5989,
    5212,
    5135,
    4461,
    4245,
    3624,
    3407,
    5909,
    5387,
    5031,
    4547,
    4083,
    3524,
    5996,
    5872
  ],
  "Throughputs": [
    1.0218679746576742,
    1.6478641145899353,
    1.7445597282159582,
    1.511770210927939
  ],
  "AverageDelays": [
    4625,
    4706.692307692308,
    4719.368421052632,
    4835.047619047619
  ]
}