{
  "transactionTimestamps": [
    1706150442654,
    1706150443451,
    1706150444324,
    1706150443140,
    1706150445035,
    1706150446058,
    1706150446172,
    1706150446173,
    1706150446930,
    1706150446977,
    1706150447240,
    1706150447827,
    1706150447907,
    1706150448616,
    1706150448677,
    1706150449421,
    1706150449578,
    1706150450074,
    1706150450431,
    1706150451021,
    1706150451327,
    1706150452056,
    1706150452335,
    1706150452862,
    1706150453156,
    1706150453874,
    1706150454108
  ],
  "blockTimestamps": [
    1706150448153,
    1706150451152,
    1706150454160,
    1706150457146,
    1706150460143
  ],
  "blockTimes": [
    1706150448,
    1706150451,
    1706150454,
    1706150457,
    1706150460
  ],
  "blockTransactions": [
    4,
    9,
    6,
    7,
    1
  ],
  "Delays": [
    5499,
    4702,
    3829,
    5013,
    6117,
    5094,
    4980,
    4979,
    4222,
    4175,
    3912,
    3325,
    3245,
    5544,
    5483,
    4739,
    4582,
    4086,
    3729,
    6125,
    5819,
    5090,
    4811,
    4284,
    3990,
    3272,
    6035
  ],
  "Throughputs": [
    0.7274049827241317,
    1.5297717109908215,
    1.6513123587693377,
    1.794093292851228,
    1.5438275487449253
  ],
  "AverageDelays": [
    4760.75,
    4545.538461538462,
    4592.368421052632,
    4640.2307692307695,
    4691.888888888889
  ]
}