{
  "transactionTimestamps": [
    1706150763954,
    1706150764698,
    1706150765772,
    1706150766318,
    1706150766393,
    1706150767306,
    1706150767504,
    1706150768253,
    1706150769245,
    1706150770062,
    1706150770916,
    1706150771802,
    1706150772683,
    1706150773742,
    1706150774590,
    1706150775271,
    1706150776095,
    1706150777149,
    1706150778069,
    1706150779024,
    1706150779850,
    1706150780856
  ],
  "blockTimestamps": [
    1706150769149,
    1706150772148,
    1706150775151,
    1706150778151,
    1706150781151,
    1706150784153
  ],
  "blockTimes": [
    1706150769,
    1706150772,
    1706150775,
    1706150778,
    1706150781,
    1706150784
  ],
  "blockTransactions": [
    3,
    5,
    4,
    3,
    3,
    4
  ],
  "Delays": [
    5195,
    4451,
    3377,
    5830,
    5755,
    4842,
    4644,
    3895,
    5906,
    5089,
    4235,
    3349,
    5468,
    4409,
    3561,
    5880,
    5056,
    4002,
    6084,
    5129,
    4303,
    3297
  ],
  "Throughputs": [
    0.5774783445620789,
    0.9763241396143518,
    1.071715638117353,
    1.0565612453335211,
    1.046694190847241,
    1.0891628298430613
  ],
  "AverageDelays": [
    4341,
    4748.625,
    4714,
    4667.066666666667,
    4719.111111111111,
    4716.227272727273
  ]
}