{
  "transactionTimestamps": [
    1706150299385,
    1706150304514,
    1706150306096,
    1706150306097,
    1706150305708,
    1706150306894,
    1706150307176,
    1706150307828,
    1706150307843,
    1706150308602,
    1706150308759,
    1706150309565,
    1706150309813,
    1706150310495,
    1706150310587,
    1706150309846,
    1706150311428,
    1706150311398,
    1706150312268,
    1706150312314,
    1706150312979,
    1706150311352,
    1706150313181,
    1706150313755,
    1706150314285,
    1706150314749,
    1706150315305,
    1706150315757,
    1706150315990,
    1706150316408,
    1706150315308,
    1706150316748,
    1706150317074,
    1706150317574,
    1706150316360,
    1706150317961,
    1706150318514,
    1706150318706,
    1706150319340,
    1706150319478,
    1706150320147,
    1706150320428,
    1706150320967,
    1706150321231,
    1706150320458
  ],
  "blockTimestamps": [
    1706150307150,
    1706150310158,
    1706150313160,
    1706150316151,
    1706150319146,
    1706150322158,
    1706150325147
  ],
  "blockTimes": [
    1706150307,
    1706150310,
    1706150313,
    1706150316,
    1706150319,
    1706150322,
    1706150325
  ],
  "blockTransactions": [
    1,
    5,
    7,
    8,
    8,
    9,
    7
  ],
  "Delays": [
    7765,
    5644,
    4062,
    4061,
    4450,
    3264,
    5984,
    5332,
    5317,
    4558,
    4401,
    3595,
    3347,
    5656,
    5564,
    6305,
    4723,
    4753,
    3883,
    3837,
    3172,
    7794,
    5965,
    5391,
    4861,
    4397,
    3841,
    3389,
    3156,
    5750,
    6850,
    5410,
    5084,
    4584,
    5798,
    4197,
    3644,
    3452,
    5807,
    5669,
    5000,
    4719,
    4180,
    3916,
    4689
  ],
  "Throughputs": [
    0.128783000643915,
    0.556947925368978,
    0.9437386569872958,
    1.2525348920434214,
    1.4675370679621478,
    1.6686426909058973,
    1.746758792019253
  ],
  "AverageDelays": [
    7765,
    4874.333333333333,
    4752.307692307692,
    4746.333333333333,
    4774.724137931034,
    4822,
    4827.022222222222
  ]
}