{
  "transactionTimestamps": [
    1706150546218,
    1706150547215,
    1706150548177,
    1706150548911,
    1706150549779,
    1706150550599,
    1706150551524,
    1706150552502,
    1706150553527,
    1706150554370,
    1706150555381,
    1706150555989,
    1706150557028,
    1706150557727,
    1706150558537,
    1706150559674,
    1706150560360,
    1706150561353
  ],
  "blockTimestamps": [
    1706150550144,
    1706150553145,
    1706150556153,
    1706150559151,
    1706150562152,
    1706150565147
  ],
  "blockTimes": [
    1706150550,
    1706150553,
    1706150556,
    1706150559,
    1706150562,
    1706150565
  ],
  "blockTransactions": [
    1,
    4,
    3,
    4,
    3,
    3
  ],
  "Delays": [
    3926,
    5930,
    4968,
    4234,
    3366,
    5554,
    4629,
    3651,
    5624,
    4781,
    3770,
    3162,
    5124,
    4425,
    3615,
    5473,
    4787,
    3794
  ],
  "Throughputs": [
    0.25471217524197654,
    0.7218131947452,
    0.8052340211373931,
    0.9278589654372535,
    0.9413832057236099,
    0.9509218659200169
  ],
  "AverageDelays": [
    3926,
    4484.8,
    4532.25,
    4466.25,
    4450.6,
    4489.611111111111
  ]
}