{
  "transactionTimestamps": [
    1706150406149,
    1706150406150,
    1706150407023,
    1706150407132,
    1706150408090,
    1706150408229,
    1706150408995,
    1706150409117,
    1706150409615,
    1706150409755,
    1706150410594,
    1706150410610,
    1706150411371,
    1706150411448,
    1706150412207,
    1706150412472,
    1706150413213,
    1706150413309,
    1706150414067,
    1706150414221
  ],
  "blockTimestamps": [
    1706150412758,
    1706150415150,
    1706150418150
  ],
  "blockTimes": [
    1706150412,
    1706150415,
    1706150418
  ],
  "blockTransactions": [
    7,
    7,
    6
  ],
  "Delays": [
    6609,
    6608,
    5735,
    5626,
    4668,
    4529,
    3763,
    6033,
    5535,
    5395,
    4556,
    4540,
    3779,
    3702,
    5943,
    5678,
    4937,
    4841,
    4083,
    3929
  ],
  "Throughputs": [
    1.0591617491299743,
    1.5553827352516387,
    1.6665277893508874
  ],
  "AverageDelays": [
    5362.571428571428,
    5077,
    5024.45
  ]
}