{
  "transactionTimestamps": [
    1706150045967,
    1706150045972,
    1706150045976,
    1706150045972,
    1706150046643,
    1706150046783,
    1706150046813,
    1706150047155,
    1706150047686,
    1706150047717,
    1706150047795,
    1706150047889,
    1706150048367,
    1706150048756,
    1706150048756,
    1706150048804,
    1706150049083,
    1706150049486,
    1706150049609,
    1706150049827,
    1706150049826,
    1706150050311,
    1706150050372,
    1706150050496,
    1706150050839,
    1706150051089,
    1706150051136,
    1706150051427,
    1706150051566,
    1706150051923,
    1706150052094,
    1706150052216,
    1706150052292,
    1706150052800,
    1706150053000,
    1706150053064,
    1706150053170,
    1706150053697,
    1706150053775,
    1706150053789,
    1706150054118,
    1706150054397,
    1706150054397,
    1706150054833,
    1706150055049,
    1706150055327,
    1706150055652,
    1706150055855,
    1706150055934,
    1706150056713,
    1706150056758,
    1706150055126,
    1706150056896,
    1706150057517,
    1706150057688,
    1706150057766,
    1706150058503,
    1706150058610,
    1706150058749,
    1706150059275,
    1706150059541,
    1706150059760,
    1706150060069,
    1706150060300,
    1706150060660,
    1706150060875
  ],
  "blockTimestamps": [
    1706150049153,
    1706150052344,
    1706150055956,
    1706150058148,
    1706150061148,
    1706150064151
  ],
  "blockTimes": [
    1706150049,
    1706150052,
    1706150055,
    1706150058,
    1706150061,
    1706150064
  ],
  "blockTransactions": [
    8,
    22,
    15,
    2,
    9,
    10
  ],
  "Delays": [
    3186,
    3181,
    3177,
    3181,
    2510,
    2370,
    2340,
    1998,
    4658,
    4627,
    4549,
    4455,
    3977,
    3588,
    3588,
    3540,
    3261,
    2858,
    2735,
    2517,
    2518,
    2033,
    1972,
    1848,
    1505,
    1255,
    1208,
    917,
    778,
    421,
    3862,
    3740,
    3664,
    3156,
    2956,
    2892,
    2786,
    2259,
    2181,
    2167,
    1838,
    1559,
    1559,
    1123,
    907,
    2821,
    2496,
    5293,
    5214,
    4435,
    4390,
    6022,
    4252,
    3631,
    3460,
    3382,
    5648,
    5541,
    5402,
    4876,
    4610,
    4391,
    4082,
    3851,
    3491,
    3276
  ],
  "Throughputs": [
    2.5109855618330195,
    4.704406460718206,
    4.504955450996095,
    3.8584681060668258,
    3.688821553257361,
    3.6295644522657278
  ],
  "AverageDelays": [
    2742.875,
    2691.7,
    2608.8888888888887,
    2611,
    2907.0714285714284,
    3150.969696969697
  ]
}