{
  "transactionTimestamps": [
    1706150342809,
    1706150346125,
    1706150346125,
    1706150346949,
    1706150346964,
    1706150347758,
    1706150347914,
    1706150348698,
    1706150348713,
    1706150349432,
    1706150349510,
    1706150350410,
    1706150350490,
    1706150351228,
    1706150351411,
    1706150352163,
    1706150352316,
    1706150353084,
    1706150353285,
    1706150353879,
    1706150354218
  ],
  "blockTimestamps": [
    1706150349143,
    1706150352144,
    1706150355144,
    1706150358146
  ],
  "blockTimes": [
    1706150349,
    1706150352,
    1706150355,
    1706150358
  ],
  "blockTransactions": [
    1,
    8,
    6,
    6
  ],
  "Delays": [
    6334,
    6019,
    6019,
    5195,
    5180,
    4386,
    4230,
    3446,
    3431,
    5712,
    5634,
    4734,
    4654,
    3916,
    3733,
    5983,
    5830,
    5062,
    4861,
    4267,
    3928
  ],
  "Throughputs": [
    0.15787811809283234,
    0.96411355115158,
    1.2160518848804214,
    1.3692377909630307
  ],
  "AverageDelays": [
    6334,
    4915.555555555556,
    4841.533333333334,
    4883.523809523809
  ]
}