{
  "transactionTimestamps": [
    1706150726310,
    1706150726310,
    1706150727264,
    1706150727279,
    1706150728247,
    1706150728263,
    1706150728874,
    1706150729202,
    1706150729764,
    1706150729841,
    1706150730532,
    1706150730655,
    1706150731389,
    1706150731483,
    1706150732309,
    1706150732496,
    1706150733274,
    1706150733353,
    1706150734199,
    1706150734230
  ],
  "blockTimestamps": [
    1706150730149,
    1706150733147,
    1706150736151,
    1706150739140
  ],
  "blockTimes": [
    1706150730,
    1706150733,
    1706150736,
    1706150739
  ],
  "blockTransactions": [
    2,
    8,
    6,
    4
  ],
  "Delays": [
    3839,
    3839,
    5883,
    5868,
    4900,
    4884,
    4273,
    3945,
    3383,
    3306,
    5619,
    5496,
    4762,
    4668,
    3842,
    3655,
    5866,
    5787,
    4941,
    4910
  ],
  "Throughputs": [
    0.5209690023443605,
    1.4626298083954952,
    1.6258510313992482,
    1.558846453624318
  ],
  "AverageDelays": [
    3839,
    4412,
    4510.125,
    4683.3
  ]
}