{
  "transactionTimestamps": [
    1706150486198,
    1706150486198,
    1706150486199,
    1706150487074,
    1706150487291,
    1706150487932,
    1706150488055,
    1706150487152,
    1706150488725,
    1706150488740,
    1706150489598,
    1706150490394,
    1706150489349,
    1706150491485,
    1706150492558,
    1706150492902,
    1706150493225,
    1706150494018,
    1706150494222,
    1706150494627,
    1706150494738,
    1706150494894,
    1706150495531,
    1706150495687,
    1706150495902,
    1706150494113,
    1706150496262,
    1706150496509,
    1706150496682,
    1706150497011,
    1706150495979,
    1706150497382,
    1706150497416,
    1706150497847,
    1706150498358,
    1706150498357,
    1706150498590,
    1706150499317,
    1706150499426,
    1706150499935,
    1706150500457,
    1706150500717,
    1706150501553,
    1706150501661
  ],
  "blockTimestamps": [
    1706150490151,
    1706150493166,
    1706150496150,
    1706150499160,
    1706150502152,
    1706150505152
  ],
  "blockTimes": [
    1706150490,
    1706150493,
    1706150496,
    1706150499,
    1706150502,
    1706150505
  ],
  "blockTransactions": [
    3,
    8,
    5,
    9,
    12,
    7
  ],
  "Delays": [
    3953,
    3953,
    3952,
    6092,
    5875,
    5234,
    5111,
    6014,
    4441,
    4426,
    3568,
    5756,
    6801,
    4665,
    3592,
    3248,
    5935,
    5142,
    4938,
    4533,
    4422,
    4266,
    3629,
    3473,
    3258,
    8039,
    5890,
    5643,
    5470,
    5141,
    6173,
    4770,
    4736,
    4305,
    3794,
    3795,
    3562,
    5835,
    5726,
    5217,
    4695,
    4435,
    3599,
    3491
  ],
  "Throughputs": [
    0.7589172780166962,
    1.5786452353616534,
    1.607717041800643,
    1.9287147045209072,
    2.3191676068697507,
    2.321409728817136
  ],
  "AverageDelays": [
    3952.6666666666665,
    4783.545454545455,
    4792.5625,
    4651.08,
    4799.864864864865,
    4786.204545454545
  ]
}