{
  "transactionTimestamps": [
    1706150703546,
    1706150706295,
    1706150706295,
    1706150707146,
    1706150707346,
    1706150707796,
    1706150708139,
    1706150708593,
    1706150708828,
    1706150709292,
    1706150709663,
    1706150710238,
    1706150710285,
    1706150711213,
    1706150711348,
    1706150711911,
    1706150712224,
    1706150713015,
    1706150713031,
    1706150713763,
    1706150713873
  ],
  "blockTimestamps": [
    1706150709159,
    1706150712161,
    1706150715149,
    1706150718144
  ],
  "blockTimes": [
    1706150709,
    1706150712,
    1706150715,
    1706150718
  ],
  "blockTransactions": [
    1,
    8,
    7,
    5
  ],
  "Delays": [
    5613,
    5866,
    5866,
    5015,
    4815,
    4365,
    4022,
    3568,
    3333,
    5857,
    5486,
    4911,
    4864,
    3936,
    3801,
    3238,
    5920,
    5129,
    5113,
    4381,
    4271
  ],
  "Throughputs": [
    0.1781578478531979,
    1.044689495066744,
    1.3789537188658105,
    1.4385532264693792
  ],
  "AverageDelays": [
    5613,
    4718.111111111111,
    4659.75,
    4731.9047619047615
  ]
}