{"a": 0.8, "b": 0.2, "communities0": [[0, 3, 260, 134, 135, 140, 18, 280, 288, 168, 298, 183, 68, 70, 204, 77, 220, 231, 111, 239, 116], [1, 146], [2, 104, 136, 210, 118], [4, 84], [5, 318], [166, 6], [153, 7], [8, 172], [9, 171], [10, 106], [130, 262, 138, 11, 12, 271, 15, 16, 144, 273, 149, 150, 151, 22, 24, 283, 158, 34, 291, 295, 40, 305, 52, 55, 186, 316, 317, 191, 319, 192, 194, 193, 196, 326, 200, 78, 79, 80, 217, 218, 90, 93, 222, 94, 100, 102, 230, 242, 243, 115, 246, 247, 124, 254], [81, 13], [164, 14], [17, 83], [19, 180], [290, 20], [21, 279], [284, 23], [25, 86], [208, 240, 26, 236], [58, 27], [147, 28], [330, 29], [160, 30], [73, 169, 207, 178, 59, 31], [32, 275], [33, 46], [35, 39], [36, 215], [37, 175], [312, 38], [41, 287], [161, 42], [65, 43, 297], [289, 44], [163, 45], [155, 47], [48, 250], [49, 187], [105, 50], [51, 53], [259, 54], [56, 126], [57, 159], [321, 60], [137, 61], [245, 62], [278, 63], [64, 248], [66, 310], [296, 67], [69, 277], [309, 71], [72, 184], [74, 85], [170, 75], [76, 325], [320, 322, 261, 199, 202, 235, 237, 143, 272, 209, 82, 306, 121, 154, 91, 221], [314, 87], [88, 141], [89, 294], [128, 92], [113, 95], [96, 238], [97, 198], [98, 274], [99, 173], [101, 311], [195, 103], [107, 269], [108, 300], [313, 109], [241, 110], [112, 229], [329, 114], [117, 142], [162, 119], [120, 256], [122, 308], [328, 123, 252], [323, 125], [132, 127], [129, 177], [131, 182], [133, 174], [139, 228], [145, 285], [148, 244], [152, 315], [281, 156], [157, 189], [282, 165], [249, 211, 167], [176, 201], [225, 179], [251, 181], [185, 227], [188, 255], [268, 190, 327], [197, 263], [203, 276], [234, 205], [257, 206], [212, 270], [232, 213], [233, 214, 223], [216, 253], [264, 219], [224, 304], [226, 301], [258, 324], [265, 302], [266, 267], [307, 286], [299, 292], [293, 303]], "q0": 0.4880521810166869, "f0": 0.8989193674217711}