{"a": 0.3, "b": 0.7, "communities0": [[0, 41, 40, 20], [1, 42, 46, 18, 19, 54, 23, 57], [2, 21], [3, 59, 60], [4, 28], [5, 30], [6, 13, 48, 25, 31], [7, 53, 14, 47], [8, 32], [9, 55], [37, 39, 10, 45, 56], [34, 11], [12], [24, 51, 15], [16, 58, 36], [17, 44, 49], [38, 22], [26, 50], [27, 29], [33, 52], [35, 43]], "communities1": [[0, 41, 40, 20], [1, 12, 23], [2, 21], [3, 59, 60], [4, 28], [5, 30], [6, 13, 48, 25, 31], [7, 53, 14, 47], [8, 32], [9, 55], [37, 39, 10, 45, 56], [34, 11], [24, 51, 15], [16, 58, 36], [17, 44, 49], [42, 46, 18, 19, 54, 57], [38, 22], [26, 50], [27, 29], [33, 52], [35, 43]], "communities2": [[0, 41], [1, 12, 23], [2, 21], [59, 3, 60], [4, 28], [5, 30], [48, 25, 6], [53, 47, 14, 7], [8, 32], [9, 55], [10, 45, 39], [34, 11], [13, 31], [24, 51, 15], [16, 58, 36], [17, 44, 49], [42, 46, 18, 19, 54, 57], [40, 20], [38, 22], [26, 50], [27, 29], [33, 52], [43, 35], [56, 37]], "communities3": [[11, 30, 14], [9, 46, 57], [8, 28, 47], [49, 3, 15], [17, 12, 22], [23, 5, 31], [35, 13, 54], [42, 55, 39], [18, 27, 21], [45, 29, 6], [56, 32, 52], [0, 41, 44], [1, 26, 4], [25, 10, 7], [19, 36, 38], [16, 51, 53], [48, 33, 60], [34, 59, 37], [40, 24, 58], [50, 20], [2, 43]], "q0": 0.45943318360026025, "f0": 0.8248449987314117, "q1": 0.4645759591117601, "f1": 0.8166543564503004}