{
  "transactionTimestamps": [
    1706096583737,
    1706096583742,
    1706096584813,
    1706096584891,
    1706096585548,
    1706096585738,
    1706096586453,
    1706096586499,
    1706096587372,
    1706096587577,
    1706096588447,
    1706096588525
  ],
  "blockTimestamps": [
    1706096587764,
    1706096590769,
    1706096593771
  ],
  "blockTimes": [
    1706096587,
    1706096590,
    1706096593
  ],
  "blockTransactions": [
    2,
    8,
    2
  ],
  "Delays": [
    4027,
    4022,
    5956,
    5878,
    5221,
    5031,
    4316,
    4270,
    3397,
    3192,
    5324,
    5246
  ],
  "Throughputs": [
    0.4966476285075739,
    1.422070534698521,
    1.1959338249950169
  ],
  "AverageDelays": [
    4024.5,
    4531,
    4656.666666666667
  ]
}