{
  "transactionTimestamps": [
    1706096638594,
    1706096638845,
    1706096639924,
    1706096640920,
    1706096641577,
    1706096642636,
    1706096643416,
    1706096643774,
    1706096643774,
    1706096644444,
    1706096644506,
    1706096644553,
    1706096645475,
    1706096645569,
    1706096646360,
    1706096646438,
    1706096647440,
    1706096647439,
    1706096648449,
    1706096648231
  ],
  "blockTimestamps": [
    1706096644771,
    1706096647773,
    1706096650782,
    1706096653772
  ],
  "blockTimes": [
    1706096644,
    1706096647,
    1706096650,
    1706096653
  ],
  "blockTransactions": [
    4,
    8,
    6,
    2
  ],
  "Delays": [
    6177,
    5926,
    4847,
    3851,
    6196,
    5137,
    4357,
    3999,
    3999,
    3329,
    3267,
    3220,
    5307,
    5213,
    4422,
    4344,
    3342,
    3343,
    5323,
    5541
  ],
  "Throughputs": [
    0.6475635421725757,
    1.307331953371827,
    1.4768624876928125,
    1.3176966662274343
  ],
  "AverageDelays": [
    5200.25,
    4525.416666666667,
    4459.777777777777,
    4557
  ]
}