{
  "transactionTimestamps": [
    1706096609212,
    1706096608271,
    1706096613754,
    1706096613754,
    1706096613754,
    1706096613759,
    1706096614449,
    1706096614618,
    1706096614867,
    1706096615411,
    1706096615630,
    1706096616052,
    1706096614851,
    1706096616381,
    1706096616753,
    1706096617218,
    1706096615286,
    1706096617799,
    1706096617987,
    1706096618250,
    1706096618466,
    1706096617386,
    1706096619045,
    1706096619279,
    1706096619466,
    1706096620072,
    1706096618592,
    1706096620321,
    1706096620785,
    1706096621239,
    1706096621476,
    1706096620165,
    1706096622174
  ],
  "blockTimestamps": [
    1706096614766,
    1706096617768,
    1706096620773,
    1706096623773,
    1706096626771
  ],
  "blockTimes": [
    1706096614,
    1706096617,
    1706096620,
    1706096623,
    1706096626
  ],
  "blockTransactions": [
    2,
    5,
    10,
    11,
    5
  ],
  "Delays": [
    5554,
    6495,
    4014,
    4014,
    4014,
    4009,
    3319,
    6155,
    5906,
    5362,
    5143,
    4721,
    5922,
    4392,
    4020,
    3555,
    5487,
    5974,
    5786,
    5523,
    5307,
    6387,
    4728,
    4494,
    4307,
    3701,
    5181,
    3452,
    5986,
    5532,
    5295,
    6606,
    4597
  ],
  "Throughputs": [
    0.3601008282319049,
    0.8181393174380552,
    1.4704610327826313,
    1.922944852688689,
    1.8793780967025455
  ],
  "AverageDelays": [
    6024.5,
    4488.428571428572,
    4828.35294117647,
    4890.071428571428,
    4998.121212121212
  ]
}