{
  "transactionTimestamps": [
    1706096598752,
    1706096598751,
    1706096599542,
    1706096600304,
    1706096599650,
    1706096601174,
    1706096602065,
    1706096603160,
    1706096603185,
    1706096603999,
    1706096602357,
    1706096604215,
    1706096604682,
    1706096605368,
    1706096606258,
    1706096605086,
    1706096607348,
    1706096608018
  ],
  "blockTimestamps": [
    1706096602782,
    1706096605788,
    1706096608777,
    1706096611793
  ],
  "blockTimes": [
    1706096602,
    1706096605,
    1706096608,
    1706096611
  ],
  "blockTransactions": [
    3,
    4,
    7,
    4
  ],
  "Delays": [
    4030,
    4031,
    3240,
    5484,
    6138,
    4614,
    3723,
    5617,
    5592,
    4778,
    6420,
    4562,
    4095,
    3409,
    5535,
    6707,
    4445,
    3775
  ],
  "Throughputs": [
    0.7444168734491314,
    0.9948834565093804,
    1.396508728179551,
    1.3802622498274673
  ],
  "AverageDelays": [
    3767,
    4465.714285714285,
    4695.214285714285,
    4788.611111111111
  ]
}