{
  "transactionTimestamps": [
    1706096669101,
    1706096667529,
    1706096669428,
    1706096670033,
    1706096670361,
    1706096670831,
    1706096671220,
    1706096671564,
    1706096671933,
    1706096672558,
    1706096673026,
    1706096673258,
    1706096673790,
    1706096673789,
    1706096674070,
    1706096674816,
    1706096674926,
    1706096674926,
    1706096675456,
    1706096675813,
    1706096675829,
    1706096676424,
    1706096676548,
    1706096676813,
    1706096677484,
    1706096677530,
    1706096677609,
    1706096678137,
    1706096678339,
    1706096678664,
    1706096679194,
    1706096680208,
    1706096681049,
    1706096681767,
    1706096682827,
    1706096683528
  ],
  "blockTimestamps": [
    1706096674788,
    1706096677789,
    1706096680774,
    1706096683774,
    1706096686772
  ],
  "blockTimes": [
    1706096674,
    1706096677,
    1706096680,
    1706096683,
    1706096686
  ],
  "blockTransactions": [
    8,
    7,
    11,
    6,
    4
  ],
  "Delays": [
    5687,
    7259,
    5360,
    4755,
    4427,
    3957,
    3568,
    3224,
    5856,
    5231,
    4763,
    4531,
    3999,
    4000,
    3719,
    5958,
    5848,
    5848,
    5318,
    4961,
    4945,
    4350,
    4226,
    3961,
    3290,
    3244,
    6165,
    5637,
    5435,
    5110,
    4580,
    3566,
    5723,
    5005,
    3945,
    3244
  ],
  "Throughputs": [
    1.406717074028486,
    1.7265193370165746,
    2.227362289043091,
    2.180876439719212,
    2.0372361496236775
  ],
  "AverageDelays": [
    4779.625,
    4689.066666666667,
    4703.2692307692305,
    4774.3125,
    4741.527777777777
  ]
}