{
  "transactionTimestamps": [
    1706096569578,
    1706096569530,
    1706096570464,
    1706096570556,
    1706096571212,
    1706096571553,
    1706096572316,
    1706096572346,
    1706096572986,
    1706096573454,
    1706096573624,
    1706096574250
  ],
  "blockTimestamps": [
    1706096570376,
    1706096576380,
    1706096578775
  ],
  "blockTimes": [
    1706096569,
    1706096575,
    1706096578
  ],
  "blockTransactions": [
    2,
    7,
    3
  ],
  "Delays": [
    798,
    846,
    5916,
    5824,
    5168,
    4827,
    4064,
    4034,
    3394,
    5321,
    5151,
    4525
  ],
  "Throughputs": [
    2.506265664160401,
    1.323140252866804,
    1.3047732956398828
  ],
  "AverageDelays": [
    822,
    3874.5555555555557,
    4155.666666666667
  ]
}