{
  "transactionTimestamps": [
    1706096698587,
    1706096703802,
    1706096704765,
    1706096705636,
    1706096706771,
    1706096707754,
    1706096708545,
    1706096709390,
    1706096710386,
    1706096711479,
    1706096712243,
    1706096713114
  ],
  "blockTimestamps": [
    1706096704782,
    1706096707771,
    1706096710771,
    1706096713780,
    1706096716766
  ],
  "blockTimes": [
    1706096704,
    1706096707,
    1706096710,
    1706096713,
    1706096716
  ],
  "blockTransactions": [
    1,
    1,
    3,
    4,
    3
  ],
  "Delays": [
    6195,
    3969,
    6006,
    5135,
    4000,
    6026,
    5235,
    4390,
    3394,
    5287,
    4523,
    3652
  ],
  "Throughputs": [
    0.16142050040355124,
    0.2177700348432056,
    0.41037426132632965,
    0.5923780688474956,
    0.6601023158589582
  ],
  "AverageDelays": [
    6195,
    5082,
    5061,
    4927.777777777777,
    4817.666666666667
  ]
}