{
  "transactionTimestamps": [
    1706096624609,
    1706096623674,
    1706096625543,
    1706096626177,
    1706096626909,
    1706096627597,
    1706096628767,
    1706096628768,
    1706096628768,
    1706096629763,
    1706096629842,
    1706096629872,
    1706096628548,
    1706096630508,
    1706096630602,
    1706096630727,
    1706096631271,
    1706096631552,
    1706096631864,
    1706096632235,
    1706096632251,
    1706096632455,
    1706096632767,
    1706096631662,
    1706096632969,
    1706096633169,
    1706096633292,
    1706096633432,
    1706096633991,
    1706096634086,
    1706096634289,
    1706096634974,
    1706096634974,
    1706096635395,
    1706096636016,
    1706096636093,
    1706096636403,
    1706096636995,
    1706096637102,
    1706096637443,
    1706096637752,
    1706096637831,
    1706096638409
  ],
  "blockTimestamps": [
    1706096629773,
    1706096633372,
    1706096635772,
    1706096638793,
    1706096641773
  ],
  "blockTimes": [
    1706096629,
    1706096632,
    1706096635,
    1706096638,
    1706096641
  ],
  "blockTransactions": [
    4,
    5,
    13,
    12,
    9
  ],
  "Delays": [
    5164,
    6099,
    4230,
    3596,
    6463,
    5775,
    4605,
    4604,
    4604,
    6009,
    5930,
    5900,
    7224,
    5264,
    5170,
    5045,
    4501,
    4220,
    3908,
    3537,
    3521,
    3317,
    6026,
    7131,
    5824,
    5624,
    5501,
    5361,
    4802,
    4707,
    4504,
    3819,
    3819,
    3398,
    5757,
    5680,
    5370,
    4778,
    4671,
    4330,
    4021,
    3942,
    3364
  ],
  "Throughputs": [
    0.774593338497289,
    1.0270455323519343,
    1.9707963809011915,
    2.397067117879301,
    2.505243532975996
  ],
  "AverageDelays": [
    4772.25,
    5015.555555555556,
    4940.272727272727,
    4976.529411764706,
    4909.6511627906975
  ]
}