{
  "transactionTimestamps": [
    1706096658779,
    1706096658779,
    1706096658779,
    1706096659637,
    1706096659762,
    1706096659901,
    1706096660651,
    1706096660699,
    1706096660900,
    1706096661477,
    1706096661648,
    1706096661788,
    1706096662175,
    1706096662394,
    1706096662597,
    1706096663082,
    1706096663035,
    1706096663672,
    1706096664031,
    1706096664730,
    1706096665739,
    1706096664311,
    1706096666592,
    1706096667434,
    1706096668213,
    1706096668399
  ],
  "blockTimestamps": [
    1706096662774,
    1706096666378,
    1706096668774,
    1706096671768
  ],
  "blockTimes": [
    1706096662,
    1706096665,
    1706096668,
    1706096671
  ],
  "blockTransactions": [
    3,
    11,
    6,
    6
  ],
  "Delays": [
    3995,
    3995,
    3995,
    6741,
    6616,
    6477,
    5727,
    5679,
    5478,
    4901,
    4730,
    4590,
    4203,
    3984,
    6177,
    5692,
    5739,
    5102,
    4743,
    4044,
    6029,
    7457,
    5176,
    4334,
    3555,
    3369
  ],
  "Throughputs": [
    0.7509386733416771,
    1.842347677325964,
    2.001000500250125,
    2.0016937408576485
  ],
  "AverageDelays": [
    3995,
    5079.357142857143,
    5130.4,
    5097.2307692307695
  ]
}