{
  "transactionTimestamps": [
    1706096684499,
    1706096685329,
    1706096686403,
    1706096687366,
    1706096688277,
    1706096688790,
    1706096688790,
    1706096688790,
    1706096689615,
    1706096689941,
    1706096689691,
    1706096690284,
    1706096690672,
    1706096690719,
    1706096691187,
    1706096691468,
    1706096691515,
    1706096692011,
    1706096692120,
    1706096692227,
    1706096692725,
    1706096693252,
    1706096693267,
    1706096693764,
    1706096694883,
    1706096695816,
    1706096696831,
    1706096697545
  ],
  "blockTimestamps": [
    1706096689763,
    1706096692772,
    1706096695779,
    1706096698788,
    1706096701769
  ],
  "blockTimes": [
    1706096689,
    1706096692,
    1706096695,
    1706096698,
    1706096701
  ],
  "blockTransactions": [
    3,
    5,
    12,
    5,
    3
  ],
  "Delays": [
    5264,
    4434,
    3360,
    5406,
    4495,
    3982,
    3982,
    3982,
    6164,
    5838,
    6088,
    5495,
    5107,
    5060,
    4592,
    4311,
    4264,
    3768,
    3659,
    3552,
    6063,
    5536,
    5521,
    5024,
    3905,
    5953,
    4938,
    4224
  ],
  "Throughputs": [
    0.5699088145896656,
    0.9670010878762239,
    1.773049645390071,
    1.7495975925537126,
    1.6213086276780544
  ],
  "AverageDelays": [
    4352.666666666667,
    4363.125,
    4640.15,
    4754.08,
    4784.535714285715
  ]
}