{"a": 0.4, "b": 0.6, "communities0": [[0, 44], [1, 97], [9, 2], [3, 20], [4, 85], [89, 5, 94], [51, 6], [40, 7], [8, 45], [10, 47], [24, 11], [74, 12], [16, 13], [58, 14], [59, 15], [80, 17], [18, 50], [98, 19], [42, 21], [22, 55], [39, 23], [25, 86], [26, 30], [27, 78], [28, 62], [48, 29], [35, 31], [32, 70], [33, 61], [34, 37], [67, 36], [75, 38], [41, 68], [43, 52], [69, 46], [49, 84], [82, 53], [54, 95], [56, 87], [57, 79], [60, 76], [66, 63], [64, 92], [65, 83], [88, 71], [72, 77], [73, 93], [96, 81], [90, 91]], "q0": 0.49470000000000003, "f0": 0.8587065014605386}