{
  "transactionTimestamps": [
    1706182886177,
    1706182887254,
    1706182887366,
    1706182885972,
    1706182887689,
    1706182888705,
    1706182888876,
    1706182888924,
    1706182887986,
    1706182890032,
    1706182890392,
    1706182890118,
    1706182891497,
    1706182891998,
    1706182892309,
    1706182892882,
    1706182893507,
    1706182893554,
    1706182894285,
    1706182892867,
    1706182894815,
    1706182894830,
    1706182895469,
    1706182895670,
    1706182895950,
    1706182896357,
    1706182896839,
    1706182897025,
    1706182897243,
    1706182897931,
    1706182896526,
    1706182898318,
    1706182898411,
    1706182898740,
    1706182899225,
    1706182899458,
    1706182899582,
    1706182900286,
    1706182900675,
    1706182900718,
    1706182901851,
    1706182902038,
    1706182900927,
    1706182902223
  ],
  "blockTimestamps": [
    1706182891189,
    1706182894781,
    1706182897213,
    1706182900218,
    1706182903217,
    1706182906229
  ],
  "blockTimes": [
    1706182891,
    1706182894,
    1706182897,
    1706182900,
    1706182903,
    1706182906
  ],
  "blockTransactions": [
    5,
    6,
    7,
    10,
    9,
    7
  ],
  "Delays": [
    5012,
    3935,
    3823,
    5217,
    3500,
    6076,
    5905,
    5857,
    6795,
    4749,
    4389,
    7095,
    5716,
    5215,
    4904,
    4331,
    3706,
    3659,
    5933,
    7351,
    5403,
    5388,
    4749,
    4548,
    4268,
    3861,
    3379,
    3193,
    5974,
    5286,
    6691,
    4899,
    4806,
    4477,
    3992,
    3759,
    3635,
    5943,
    5554,
    5511,
    4378,
    4191,
    5302,
    4006
  ],
  "Throughputs": [
    0.9976057462090983,
    1.2784751278475128,
    1.6310257339615803,
    1.9941599601168007,
    2.171361502347418,
    2.194294833433074
  ],
  "AverageDelays": [
    4297.4,
    5023.454545454545,
    4993.555555555556,
    4927.035714285715,
    4904.756756756757,
    4917.295454545455
  ]
}