{
  "transactionTimestamps": [
    1706182982836,
    1706182984663,
    1706182986171,
    1706182985332,
    1706182987407,
    1706182987468,
    1706182988839,
    1706182988888,
    1706182989462,
    1706182987408,
    1706182990007,
    1706182990228,
    1706182990634,
    1706182991144,
    1706182990135,
    1706182991688,
    1706182992481,
    1706182992934,
    1706182992075,
    1706182993526,
    1706182993901,
    1706182994305,
    1706182995347,
    1706182994895,
    1706182995691,
    1706182994351,
    1706182996487,
    1706182996843,
    1706182997310,
    1706182997917,
    1706182998072,
    1706182999195,
    1706182999430,
    1706183000627,
    1706182998789,
    1706183001869
  ],
  "blockTimestamps": [
    1706182990200,
    1706182993805,
    1706182996212,
    1706182999204,
    1706183002211,
    1706183005204
  ],
  "blockTimes": [
    1706182990,
    1706182993,
    1706182996,
    1706182999,
    1706183002,
    1706183005
  ],
  "blockTransactions": [
    4,
    7,
    7,
    8,
    5,
    5
  ],
  "Delays": [
    7364,
    5537,
    4029,
    4868,
    6398,
    6337,
    4966,
    4917,
    4343,
    6397,
    3798,
    5984,
    5578,
    5068,
    6077,
    4524,
    3731,
    3278,
    7129,
    5678,
    5303,
    4899,
    3857,
    4309,
    3513,
    4853,
    5724,
    5368,
    4901,
    4294,
    4139,
    6009,
    5774,
    4577,
    6415,
    3335
  ],
  "Throughputs": [
    0.5431830526887561,
    1.0028261464126174,
    1.3456937799043063,
    1.5884652981427176,
    1.6,
    1.609442060085837
  ],
  "AverageDelays": [
    5449.5,
    5359.454545454545,
    5177.444444444444,
    5105.192307692308,
    5069.709677419355,
    5090.861111111111
  ]
}