{
  "transactionTimestamps": [
    1706182804920,
    1706182806043,
    1706182807322,
    1706182807328,
    1706182808632,
    1706182808820,
    1706182810086,
    1706182810195,
    1706182811272,
    1706182811537,
    1706182812177,
    1706182812489,
    1706182812875,
    1706182813718,
    1706182813844,
    1706182814452,
    1706182812690,
    1706182814889,
    1706182815076,
    1706182815791,
    1706182816223,
    1706182816239,
    1706182817364
  ],
  "blockTimestamps": [
    1706182810192,
    1706182813196,
    1706182816191,
    1706182819195,
    1706182822180
  ],
  "blockTimes": [
    1706182810,
    1706182813,
    1706182816,
    1706182819,
    1706182822
  ],
  "blockTransactions": [
    1,
    5,
    7,
    7,
    3
  ],
  "Delays": [
    5272,
    7153,
    5874,
    5868,
    4564,
    4376,
    6105,
    5996,
    4919,
    4654,
    4014,
    3702,
    3316,
    5477,
    5351,
    4743,
    6505,
    4306,
    4119,
    3404,
    5957,
    5941,
    4816
  ],
  "Throughputs": [
    0.1896813353566009,
    0.7249879168680522,
    1.1534025374855823,
    1.4010507880910683,
    1.332560834298957
  ],
  "AverageDelays": [
    5272,
    5517.833333333333,
    5062.538461538462,
    4985.9,
    5062.260869565217
  ]
}