{
  "transactionTimestamps": [
    1706183007410,
    1706183008748,
    1706183007411,
    1706183009936,
    1706183011104,
    1706183014271,
    1706183015463,
    1706183014805,
    1706183016670,
    1706183017031,
    1706183018186,
    1706183018279,
    1706183019320,
    1706183017841,
    1706183019678,
    1706183020881,
    1706183021286,
    1706183022407
  ],
  "blockTimestamps": [
    1706183011208,
    1706183014205,
    1706183017814,
    1706183020213,
    1706183023213,
    1706183026203
  ],
  "blockTimes": [
    1706183011,
    1706183014,
    1706183017,
    1706183020,
    1706183023,
    1706183026
  ],
  "blockTransactions": [
    1,
    3,
    1,
    4,
    6,
    3
  ],
  "Delays": [
    3798,
    5457,
    6794,
    4269,
    6710,
    5942,
    4750,
    5408,
    3543,
    6182,
    5027,
    4934,
    3893,
    5372,
    3535,
    5322,
    4917,
    3796
  ],
  "Throughputs": [
    0.2632964718272775,
    0.5886681383370125,
    0.4805843906189927,
    0.7029602436928845,
    0.9491868632538125,
    0.9578034374501144
  ],
  "AverageDelays": [
    3798,
    5079.5,
    5405.6,
    5185.666666666667,
    5040.933333333333,
    4980.5
  ]
}