{
  "transactionTimestamps": [
    1706183122902,
    1706183124401,
    1706183125585,
    1706183126427,
    1706183126771,
    1706183127488,
    1706183127924,
    1706183127986,
    1706183127222,
    1706183127488,
    1706183128972,
    1706183129152,
    1706183130355,
    1706183130711,
    1706183132722,
    1706183131596,
    1706183134172,
    1706183133673,
    1706183135477,
    1706183137128,
    1706183137863,
    1706183136665,
    1706183138533,
    1706183137286,
    1706183139295,
    1706183138502,
    1706183140088,
    1706183140466,
    1706183141936,
    1706183141657,
    1706183142933
  ],
  "blockTimestamps": [
    1706183128210,
    1706183131210,
    1706183134219,
    1706183137215,
    1706183140213,
    1706183143213,
    1706183146211
  ],
  "blockTimes": [
    1706183128,
    1706183131,
    1706183134,
    1706183137,
    1706183140,
    1706183143,
    1706183146
  ],
  "blockTransactions": [
    2,
    6,
    5,
    3,
    3,
    7,
    5
  ],
  "Delays": [
    5308,
    3809,
    5625,
    4783,
    4439,
    3722,
    3286,
    3224,
    6997,
    6731,
    5247,
    5067,
    3864,
    6504,
    4493,
    5619,
    6041,
    6540,
    4736,
    6085,
    5350,
    6548,
    4680,
    5927,
    3918,
    4711,
    6123,
    5745,
    4275,
    4554,
    3278
  ],
  "Throughputs": [
    0.37678975131876413,
    0.9629272989889264,
    1.1487143235839887,
    1.1178648780828617,
    1.0975680203338918,
    1.2800945300576043,
    1.329958385173109
  ],
  "AverageDelays": [
    4558.5,
    4274.5,
    4777.076923076923,
    4919.875,
    5054.473684210527,
    5125.153846153846,
    5071.903225806452
  ]
}