{
  "transactionTimestamps": [
    1706183027425,
    1706183027426,
    1706183027425,
    1706183028870,
    1706183029026,
    1706183027424,
    1706183030465,
    1706183030558,
    1706183028761,
    1706183031792,
    1706183033292,
    1706183033572,
    1706183031810,
    1706183034476,
    1706183035335,
    1706183035986,
    1706183034554,
    1706183036920,
    1706183034774,
    1706183037419,
    1706183036218,
    1706183038182,
    1706183038431,
    1706183038664,
    1706183039554,
    1706183039928,
    1706183040161,
    1706183039319,
    1706183040988,
    1706183041297,
    1706183041406,
    1706183041484,
    1706183042323,
    1706183042525,
    1706183042681,
    1706183042742,
    1706183041981,
    1706183044004
  ],
  "blockTimestamps": [
    1706183032816,
    1706183035225,
    1706183038204,
    1706183041207,
    1706183044205,
    1706183047203
  ],
  "blockTimes": [
    1706183032,
    1706183035,
    1706183038,
    1706183041,
    1706183044,
    1706183047
  ],
  "blockTransactions": [
    4,
    6,
    4,
    7,
    8,
    9
  ],
  "Delays": [
    5391,
    5390,
    5391,
    3946,
    6199,
    7801,
    4760,
    4667,
    6464,
    3433,
    4912,
    4632,
    6394,
    3728,
    5872,
    5221,
    6653,
    4287,
    6433,
    3788,
    4989,
    6023,
    5774,
    5541,
    4651,
    4277,
    4044,
    4886,
    3217,
    5906,
    5797,
    5719,
    4880,
    4678,
    4522,
    4461,
    5222,
    3199
  ],
  "Throughputs": [
    0.7419773696902244,
    1.2820512820512822,
    1.2988217830967623,
    1.52372659991293,
    1.7282479141835518,
    1.9213267266659926
  ],
  "AverageDelays": [
    5029.5,
    5344.2,
    5222,
    5254.809523809524,
    5129.793103448276,
    5082.8421052631575
  ]
}