{
  "transactionTimestamps": [
    1706182748022,
    1706182748056,
    1706182749247,
    1706182749264,
    1706182750461,
    1706182750836,
    1706182751909,
    1706182752299,
    1706182753044,
    1706182753464,
    1706182754395,
    1706182755094,
    1706182755795,
    1706182756562,
    1706182757247,
    1706182757811
  ],
  "blockTimestamps": [
    1706182753198,
    1706182756185,
    1706182759197,
    1706182762186
  ],
  "blockTimes": [
    1706182753,
    1706182756,
    1706182759,
    1706182762
  ],
  "blockTransactions": [
    4,
    4,
    5,
    3
  ],
  "Delays": [
    5176,
    5142,
    3951,
    3934,
    5724,
    5349,
    4276,
    3886,
    6153,
    5733,
    4802,
    4103,
    3402,
    5624,
    4939,
    4375
  ],
  "Throughputs": [
    0.7727975270479134,
    0.9800318510351587,
    1.1633109619686801,
    1.1296243998870377
  ],
  "AverageDelays": [
    4550.75,
    4679.75,
    4740.846153846154,
    4785.5625
  ]
}