{
  "transactionTimestamps": [
    1706183082542,
    1706183082325,
    1706183082277,
    1706183087463,
    1706183087462,
    1706183088657,
    1706183088780,
    1706183088734,
    1706183089049,
    1706183090096,
    1706183090126,
    1706183090172,
    1706183089234,
    1706183090438,
    1706183089422,
    1706183091326,
    1706183091357,
    1706183091373,
    1706183092897,
    1706183092912,
    1706183091888,
    1706183094055,
    1706183094463,
    1706183095678,
    1706183095788,
    1706183096910,
    1706183097113,
    1706183097672,
    1706183099262,
    1706183098608,
    1706183100880,
    1706183102516
  ],
  "blockTimestamps": [
    1706183089213,
    1706183092211,
    1706183095217,
    1706183098220,
    1706183101213,
    1706183104216,
    1706183107206
  ],
  "blockTimes": [
    1706183089,
    1706183092,
    1706183095,
    1706183098,
    1706183101,
    1706183104,
    1706183107
  ],
  "blockTransactions": [
    3,
    5,
    10,
    5,
    5,
    3,
    1
  ],
  "Delays": [
    6671,
    6888,
    6936,
    4748,
    4749,
    3554,
    3431,
    3477,
    6168,
    5121,
    5091,
    5045,
    5983,
    4779,
    5795,
    3891,
    3860,
    3844,
    5323,
    5308,
    6332,
    4165,
    3757,
    5535,
    5425,
    4303,
    4100,
    3541,
    4954,
    5608,
    3336,
    4690
  ],
  "Throughputs": [
    0.449707690001499,
    0.8273864929155031,
    1.4201183431952662,
    1.4670238550835566,
    1.499651866530984,
    1.4302851342622498,
    1.2974375608173856
  ],
  "AverageDelays": [
    6831.666666666667,
    5056.75,
    5001.722222222223,
    4996.347826086957,
    4922.142857142857,
    4894.129032258064,
    4887.75
  ]
}