{
  "transactionTimestamps": [
    1706183187507,
    1706183187507,
    1706183188881,
    1706183189117,
    1706183190053,
    1706183190585,
    1706183191582,
    1706183191736,
    1706183193092,
    1706183192968,
    1706183194305,
    1706183195601,
    1706183196763,
    1706183199186,
    1706183200507,
    1706183199791,
    1706183201930
  ],
  "blockTimestamps": [
    1706183191222,
    1706183194200,
    1706183197209,
    1706183200208,
    1706183203216,
    1706183206206
  ],
  "blockTimes": [
    1706183191,
    1706183194,
    1706183197,
    1706183200,
    1706183203,
    1706183206
  ],
  "blockTransactions": [
    2,
    4,
    3,
    4,
    1,
    3
  ],
  "Delays": [
    3715,
    3715,
    5319,
    5083,
    4147,
    3615,
    5627,
    5473,
    4117,
    7240,
    5903,
    4607,
    3445,
    4030,
    5699,
    6415,
    4276
  ],
  "Throughputs": [
    0.5383580080753702,
    0.8964589870013447,
    0.9276437847866419,
    1.0235414534288638,
    0.891208861162391,
    0.9091395261778704
  ],
  "AverageDelays": [
    3715,
    4265.666666666667,
    4534.555555555556,
    4769.692307692308,
    4716.857142857143,
    4848.588235294118
  ]
}