{
  "transactionTimestamps": [
    1706183267550,
    1706183268864,
    1706183270291,
    1706183271849,
    1706183273359,
    1706183274904,
    1706183276090,
    1706183277731,
    1706183278886,
    1706183279995,
    1706183281518,
    1706183282655
  ],
  "blockTimestamps": [
    1706183272186,
    1706183275200,
    1706183278207,
    1706183281181,
    1706183284183,
    1706183287181
  ],
  "blockTimes": [
    1706183272,
    1706183275,
    1706183278,
    1706183281,
    1706183284,
    1706183287
  ],
  "blockTransactions": [
    2,
    2,
    2,
    2,
    2,
    2
  ],
  "Delays": [
    4636,
    3322,
    4909,
    3351,
    4848,
    3303,
    5091,
    3450,
    5297,
    4188,
    5663,
    4526
  ],
  "Throughputs": [
    0.4314063848144952,
    0.5228758169934641,
    0.5630102280191424,
    0.5868975130217886,
    0.6012144531954549,
    0.611278080586827
  ],
  "AverageDelays": [
    3979,
    4054.5,
    4061.5,
    4113.75,
    4239.5,
    4382
  ]
}