{
  "transactionTimestamps": [
    1706183062358,
    1706183062886,
    1706183063528,
    1706183062403,
    1706183064421,
    1706183063169,
    1706183065118,
    1706183065571,
    1706183066439,
    1706183067453,
    1706183067452,
    1706183067967,
    1706183066843,
    1706183068824,
    1706183068902,
    1706183069539,
    1706183070101,
    1706183070241,
    1706183069181,
    1706183070879,
    1706183070010,
    1706183071612,
    1706183072420,
    1706183071473,
    1706183072965,
    1706183072965,
    1706183074117,
    1706183074102,
    1706183073650,
    1706183073541,
    1706183075411,
    1706183075552,
    1706183075615,
    1706183075099,
    1706183076832,
    1706183076953,
    1706183077122,
    1706183078481,
    1706183078596,
    1706183079475,
    1706183079614,
    1706183080003,
    1706183078044,
    1706183081017,
    1706183081142,
    1706183081469,
    1706183079971
  ],
  "blockTimestamps": [
    1706183068207,
    1706183071214,
    1706183074206,
    1706183077204,
    1706183080209,
    1706183083203,
    1706183086213
  ],
  "blockTimes": [
    1706183068,
    1706183071,
    1706183074,
    1706183077,
    1706183080,
    1706183083,
    1706183086
  ],
  "blockTransactions": [
    6,
    6,
    8,
    6,
    10,
    6,
    5
  ],
  "Delays": [
    5849,
    5321,
    4679,
    5804,
    3786,
    5038,
    6096,
    5643,
    4775,
    3761,
    3762,
    3247,
    7363,
    5382,
    5304,
    4667,
    4105,
    3965,
    5025,
    3327,
    7194,
    5592,
    4784,
    5731,
    4239,
    4239,
    6092,
    6107,
    6559,
    6668,
    4798,
    4657,
    4594,
    5110,
    3377,
    3256,
    6081,
    4722,
    4607,
    3728,
    3589,
    3200,
    8169,
    5196,
    5071,
    4744,
    6242
  ],
  "Throughputs": [
    1.0258163788681827,
    1.3550135501355014,
    1.6880486158001349,
    1.7513134851138354,
    2.0166937426474707,
    2.0148716718637565,
    1.9702368476210437
  ],
  "AverageDelays": [
    5079.5,
    4813.416666666667,
    4844.95,
    4949.153846153846,
    4997.111111111111,
    4900.547619047619,
    5005.212765957447
  ]
}