{
  "transactionTimestamps": [
    1706182822700,
    1706182823919,
    1706182827331,
    1706182827332,
    1706182828597,
    1706182828848,
    1706182830109,
    1706182830360,
    1706182831323,
    1706182832851,
    1706182831572,
    1706182834395,
    1706182835643,
    1706182838152,
    1706182839369,
    1706182838676,
    1706182841455,
    1706182840879
  ],
  "blockTimestamps": [
    1706182828178,
    1706182831185,
    1706182834199,
    1706182837204,
    1706182840181,
    1706182843181,
    1706182846182
  ],
  "blockTimes": [
    1706182828,
    1706182831,
    1706182834,
    1706182837,
    1706182840,
    1706182843,
    1706182846
  ],
  "blockTransactions": [
    1,
    3,
    4,
    3,
    2,
    2,
    3
  ],
  "Delays": [
    5478,
    7266,
    3854,
    3853,
    5602,
    5351,
    4090,
    3839,
    5881,
    4353,
    5632,
    5786,
    4538,
    5029,
    3812,
    7506,
    4727,
    5303
  ],
  "Throughputs": [
    0.18254837531945967,
    0.47142015321154984,
    0.6957126706670145,
    0.758411472697187,
    0.7436645500829472,
    0.7323861139592793,
    0.7665445873434972
  ],
  "AverageDelays": [
    5478,
    5112.75,
    4916.625,
    5018.090909090909,
    5040.2307692307695,
    4957.6,
    5105.555555555556
  ]
}