{
  "transactionTimestamps": [
    1706183283856,
    1706183287553,
    1706183288971,
    1706183290110,
    1706183290227,
    1706183291654,
    1706183290781,
    1706183291264,
    1706183293086,
    1706183294306,
    1706183295688,
    1706183297044,
    1706183297414,
    1706183298336,
    1706183299631,
    1706183297977
  ],
  "blockTimestamps": [
    1706183290779,
    1706183293180,
    1706183296197,
    1706183299182,
    1706183302202,
    1706183305183
  ],
  "blockTimes": [
    1706183290,
    1706183293,
    1706183296,
    1706183299,
    1706183302,
    1706183305
  ],
  "blockTransactions": [
    1,
    2,
    5,
    3,
    3,
    2
  ],
  "Delays": [
    6923,
    5627,
    4209,
    6087,
    5970,
    4543,
    5416,
    4933,
    6096,
    4876,
    3494,
    5158,
    4788,
    3866,
    5552,
    7206
  ],
  "Throughputs": [
    0.1444460494005489,
    0.32175032175032175,
    0.6482456851146585,
    0.7177345687067728,
    0.7631091246048185,
    0.7502227223707038
  ],
  "AverageDelays": [
    6923,
    5586.333333333333,
    5463.5,
    5288.545454545455,
    5141.857142857143,
    5296.5
  ]
}