{
  "transactionTimestamps": [
    1706182841999,
    1706182846418,
    1706182847343,
    1706182847339,
    1706182847401,
    1706182848851,
    1706182848914,
    1706182847821,
    1706182850520,
    1706182850176,
    1706182851626,
    1706182851672,
    1706182853046,
    1706182853218,
    1706182854202,
    1706182854357,
    1706182853250,
    1706182854108,
    1706182855699,
    1706182855324,
    1706182857117,
    1706182859020,
    1706182860425,
    1706182861126,
    1706182859912,
    1706182862032,
    1706182861858
  ],
  "blockTimestamps": [
    1706182849179,
    1706182852183,
    1706182855187,
    1706182858199,
    1706182861184,
    1706182864185,
    1706182867188
  ],
  "blockTimes": [
    1706182849,
    1706182852,
    1706182855,
    1706182858,
    1706182861,
    1706182864,
    1706182867
  ],
  "blockTransactions": [
    1,
    7,
    4,
    5,
    4,
    2,
    4
  ],
  "Delays": [
    7180,
    5765,
    4840,
    4844,
    4782,
    3332,
    3269,
    4362,
    4667,
    5011,
    3561,
    3515,
    5153,
    4981,
    3997,
    3842,
    4949,
    7076,
    5485,
    5860,
    4067,
    5165,
    3760,
    6062,
    7276,
    5156,
    5330
  ],
  "Throughputs": [
    0.1392757660167131,
    0.7855459544383347,
    0.9099181073703366,
    1.0493827160493827,
    1.09460516028147,
    1.0366898043811412,
    1.071896462741673
  ],
  "AverageDelays": [
    7180,
    4796.75,
    4594,
    4591.176470588235,
    4787.523809523809,
    4759.260869565217,
    4936.555555555556
  ]
}