{
  "transactionTimestamps": [
    1706182867354,
    1706182867352,
    1706182867353,
    1706182867354,
    1706182868535,
    1706182868910,
    1706182868940,
    1706182867926,
    1706182869830,
    1706182870047,
    1706182868910,
    1706182870500,
    1706182871295,
    1706182871341,
    1706182872870,
    1706182872870,
    1706182873304,
    1706182872104,
    1706182873999,
    1706182874562,
    1706182873814,
    1706182874422,
    1706182875871,
    1706182875466,
    1706182874422,
    1706182874982,
    1706182877072,
    1706182877134,
    1706182878028,
    1706182878403,
    1706182878450,
    1706182879310,
    1706182879573,
    1706182879933,
    1706182878936,
    1706182880387,
    1706182880556,
    1706182881181,
    1706182881368,
    1706182881742,
    1706182881008,
    1706182882926,
    1706182881211,
    1706182883163,
    1706182881850,
    1706182884362,
    1706182884773,
    1706182879310,
    1706182879573,
    1706182879933,
    1706182880387,
    1706182878936,
    1706182880556,
    1706182881181,
    1706182881368,
    1706182881742,
    1706182881008,
    1706182882926,
    1706182881211,
    1706182883163,
    1706182881850,
    1706182884362,
    1706182884773
  ],
  "blockTimestamps": [
    1706182873178,
    1706182876188,
    1706182879192,
    1706182882193,
    1706182885213,
    1706182885262
  ],
  "blockTimes": [
    1706182873,
    1706182876,
    1706182879,
    1706182882,
    1706182885,
    1706182885
  ],
  "blockTransactions": [
    9,
    7,
    8,
    7,
    16,
    16
  ],
  "Delays": [
    5824,
    5826,
    5825,
    5824,
    4643,
    4268,
    4238,
    5252,
    3348,
    6141,
    7278,
    5688,
    4893,
    4847,
    3318,
    3318,
    5888,
    7088,
    5193,
    4630,
    5378,
    4770,
    3321,
    3726,
    7771,
    7211,
    5121,
    5059,
    4165,
    3790,
    3743,
    5903,
    5640,
    5280,
    6277,
    4826,
    4657,
    4032,
    3845,
    3471,
    4205,
    2287,
    4002,
    2050,
    3363,
    851,
    440,
    5952,
    5689,
    5329,
    4875,
    6326,
    4706,
    4081,
    3894,
    3520,
    4254,
    2336,
    4051,
    2099,
    3412,
    900,
    489
  ],
  "Throughputs": [
    1.5453296703296704,
    1.8111840615802581,
    2.0273694880892044,
    2.089089561291192,
    2.6317263004647513,
    3.517980790708063
  ],
  "AverageDelays": [
    5005.333333333333,
    5033.1875,
    5021.875,
    5076.935483870968,
    4649.234042553191,
    4451.222222222223
  ]
}