{
  "transactionTimestamps": [
    1706182961255,
    1706182963580,
    1706182962052,
    1706182964451,
    1706182964780,
    1706182965933,
    1706182967382,
    1706182967398,
    1706182967398,
    1706182968022,
    1706182966397,
    1706182968648,
    1706182966805,
    1706182967663,
    1706182969349,
    1706182969799,
    1706182968678,
    1706182968787,
    1706182970497,
    1706182968911,
    1706182971247,
    1706182971998,
    1706182972418,
    1706182972901,
    1706182973740,
    1706182974270,
    1706182975299,
    1706182973724,
    1706182975440,
    1706182975565,
    1706182974302,
    1706182974723,
    1706182976672,
    1706182976874,
    1706182976994,
    1706182975518,
    1706182977853,
    1706182976297,
    1706182978277,
    1706182979481,
    1706182979869,
    1706182978572,
    1706182981103,
    1706182981399,
    1706182982539,
    1706182982132
  ],
  "blockTimestamps": [
    1706182969210,
    1706182972211,
    1706182975818,
    1706182978209,
    1706182981210,
    1706182984209,
    1706182987209
  ],
  "blockTimes": [
    1706182969,
    1706182972,
    1706182975,
    1706182978,
    1706182981,
    1706182984,
    1706182987
  ],
  "blockTransactions": [
    6,
    8,
    8,
    4,
    11,
    5,
    4
  ],
  "Delays": [
    7955,
    5630,
    7158,
    4759,
    4430,
    3277,
    4829,
    4813,
    4813,
    4189,
    5814,
    3563,
    5406,
    4548,
    6469,
    6019,
    7140,
    7031,
    5321,
    6907,
    4571,
    3820,
    5791,
    5308,
    4469,
    3939,
    5911,
    7486,
    5770,
    5645,
    6908,
    6487,
    4538,
    4336,
    4216,
    5692,
    3357,
    7912,
    5932,
    4728,
    4340,
    5637,
    6106,
    5810,
    4670,
    5077
  ],
  "Throughputs": [
    0.754242614707731,
    1.2778386272362177,
    1.5106777449701296,
    1.5335614014391883,
    1.8541718867451769,
    1.8297464494205802,
    1.7723664945673114
  ],
  "AverageDelays": [
    5534.833333333333,
    5084.571428571428,
    5384.636363636364,
    5306.5,
    5359.864864864865,
    5401.523809523809,
    5402.760869565217
  ]
}