{
  "transactionTimestamps": [
    1706183242239,
    1706183241100,
    1706183240517,
    1706183247162,
    1706183247536,
    1706183248732,
    1706183247955,
    1706183247536,
    1706183249918,
    1706183251070,
    1706183252517,
    1706183253843,
    1706183254125,
    1706183255109,
    1706183255296,
    1706183256268,
    1706183256500,
    1706183254907,
    1706183257668,
    1706183258958,
    1706183260173,
    1706183261702
  ],
  "blockTimestamps": [
    1706183248206,
    1706183251207,
    1706183254227,
    1706183257199,
    1706183260191,
    1706183263197,
    1706183266181
  ],
  "blockTimes": [
    1706183248,
    1706183251,
    1706183254,
    1706183257,
    1706183260,
    1706183263,
    1706183266
  ],
  "blockTransactions": [
    3,
    2,
    4,
    3,
    6,
    2,
    2
  ],
  "Delays": [
    5967,
    7106,
    7689,
    4045,
    3671,
    5495,
    6272,
    6691,
    4309,
    6129,
    4682,
    3356,
    6066,
    5082,
    4895,
    3923,
    3691,
    5284,
    5529,
    4239,
    6008,
    4479
  ],
  "Throughputs": [
    0.5027652086475616,
    0.5575379125780553,
    0.7507507507507508,
    0.8021390374331551,
    1.0026737967914439,
    0.9542895314438401,
    0.9188873110015872
  ],
  "AverageDelays": [
    6920.666666666667,
    5695.6,
    5693.888888888889,
    5451,
    5241.833333333333,
    5206.05,
    5209.454545454545
  ]
}