{
  "transactionTimestamps": [
    1706182767309,
    1706182768632,
    1706182774127,
    1706182775354,
    1706182774957,
    1706182776744,
    1706182778069,
    1706182779459,
    1706182780703,
    1706182782277
  ],
  "blockTimestamps": [
    1706182771182,
    1706182774194,
    1706182780185,
    1706182783189,
    1706182786188
  ],
  "blockTimes": [
    1706182771,
    1706182774,
    1706182780,
    1706182783,
    1706182786
  ],
  "blockTransactions": [
    1,
    1,
    4,
    2,
    2
  ],
  "Delays": [
    3873,
    5562,
    6058,
    4831,
    5228,
    3441,
    5120,
    3730,
    5485,
    3911
  ],
  "Throughputs": [
    0.2581977794990963,
    0.29048656499636893,
    0.4659832246039143,
    0.5037783375314862,
    0.529689072514434
  ],
  "AverageDelays": [
    3873,
    4717.5,
    4832.166666666667,
    4730.375,
    4723.9
  ]
}