{
  "transactionTimestamps": [
    1706183144556,
    1706183143496,
    1706183145928,
    1706183147321,
    1706183148758,
    1706183147492,
    1706183148302,
    1706183150257,
    1706183151412,
    1706183153845,
    1706183152754,
    1706183155435,
    1706183154453,
    1706183156589,
    1706183157776,
    1706183158978,
    1706183160350,
    1706183159305,
    1706183161513,
    1706183162748
  ],
  "blockTimestamps": [
    1706183149205,
    1706183152207,
    1706183155215,
    1706183158248,
    1706183161214,
    1706183164210,
    1706183167211
  ],
  "blockTimes": [
    1706183149,
    1706183152,
    1706183155,
    1706183158,
    1706183161,
    1706183164,
    1706183167
  ],
  "blockTransactions": [
    3,
    3,
    3,
    2,
    4,
    3,
    2
  ],
  "Delays": [
    4649,
    5709,
    3277,
    4886,
    3449,
    4715,
    6913,
    4958,
    3803,
    4403,
    5494,
    5779,
    6761,
    4625,
    3438,
    5232,
    3860,
    4905,
    5698,
    4463
  ],
  "Throughputs": [
    0.6453000645300064,
    0.7842112142203633,
    0.8443568815085842,
    0.8033888401986561,
    0.9004682434866129,
    0.9158441029815814,
    0.8828073273008166
  ],
  "AverageDelays": [
    4545,
    4447.5,
    4706.555555555556,
    4750.545454545455,
    4857.266666666666,
    4825.333333333333,
    4850.85
  ]
}