{
  "transactionTimestamps": [
    1706183327568,
    1706183328998,
    1706183330418,
    1706183331807,
    1706183333147,
    1706183339307,
    1706183340581,
    1706183339991,
    1706183341909,
    1706183343369
  ],
  "blockTimestamps": [
    1706183332184,
    1706183335184,
    1706183338201,
    1706183344192,
    1706183347195
  ],
  "blockTimes": [
    1706183332,
    1706183335,
    1706183338,
    1706183344,
    1706183347
  ],
  "blockTransactions": [
    2,
    2,
    1,
    2,
    3
  ],
  "Delays": [
    4616,
    3186,
    4766,
    3377,
    5054,
    4885,
    3611,
    7204,
    5286,
    3826
  ],
  "Throughputs": [
    0.43327556325823224,
    0.5252100840336135,
    0.47023417661995676,
    0.4210779595765159,
    0.5095022163346411
  ],
  "AverageDelays": [
    3901,
    3986.25,
    4199.8,
    4213.571428571428,
    4581.1
  ]
}