{
  "transactionTimestamps": [
    1706182903284,
    1706182903440,
    1706182903739,
    1706182904626,
    1706182904751,
    1706182904922,
    1706182906124,
    1706182906357,
    1706182906666,
    1706182907367,
    1706182907444,
    1706182907536,
    1706182908053,
    1706182908614,
    1706182907491,
    1706182908893,
    1706182909544,
    1706182909964,
    1706182909001,
    1706182910979,
    1706182911292,
    1706182910497,
    1706182912542,
    1706182912431,
    1706182913772,
    1706182916423,
    1706182917703,
    1706182916455,
    1706182918934,
    1706182917046,
    1706182919184,
    1706182919902,
    1706182920214,
    1706182920462,
    1706182921339,
    1706182919839,
    1706182920479,
    1706182922009,
    1706182921683,
    1706182923258
  ],
  "blockTimestamps": [
    1706182909201,
    1706182912208,
    1706182915204,
    1706182918212,
    1706182921203,
    1706182924206,
    1706182927225
  ],
  "blockTimes": [
    1706182909,
    1706182912,
    1706182915,
    1706182918,
    1706182921,
    1706182924,
    1706182927
  ],
  "blockTransactions": [
    6,
    10,
    6,
    2,
    3,
    7,
    6
  ],
  "Delays": [
    5917,
    5761,
    5462,
    4575,
    4450,
    4279,
    6084,
    5851,
    5542,
    4841,
    4764,
    4672,
    4155,
    3594,
    4717,
    3315,
    5660,
    5240,
    6203,
    4225,
    3912,
    4707,
    5670,
    5781,
    7431,
    4780,
    3500,
    7751,
    5272,
    7160,
    5022,
    4304,
    3992,
    3744,
    5886,
    7386,
    6746,
    5216,
    5542,
    3967
  ],
  "Throughputs": [
    1.014027378739226,
    1.7929179740026895,
    1.8456375838926176,
    1.607717041800643,
    1.5067805123053741,
    1.6250836440110887,
    1.6707739860490374
  ],
  "AverageDelays": [
    5074,
    4873.6875,
    4905.727272727273,
    4974.041666666667,
    5003.259259259259,
    5068.617647058823,
    5176.9
  ]
}