{
  "transactionTimestamps": [
    1706183207516,
    1706183207517,
    1706183208967,
    1706183208998,
    1706183210447,
    1706183210478,
    1706183211677,
    1706183211849,
    1706183213283,
    1706183213437,
    1706183214592,
    1706183214810,
    1706183216071,
    1706183217398,
    1706183220857,
    1706183222262,
    1706183221372
  ],
  "blockTimestamps": [
    1706183212225,
    1706183215207,
    1706183218244,
    1706183221208,
    1706183224211,
    1706183227211
  ],
  "blockTimes": [
    1706183212,
    1706183215,
    1706183218,
    1706183221,
    1706183224,
    1706183227
  ],
  "blockTransactions": [
    4,
    4,
    3,
    3,
    1,
    2
  ],
  "Delays": [
    4709,
    4708,
    3258,
    3227,
    4760,
    4729,
    3530,
    3358,
    4961,
    4807,
    3652,
    6398,
    5137,
    3810,
    3354,
    4949,
    5839
  ],
  "Throughputs": [
    0.8494372478233171,
    1.0401768300611105,
    1.0253542132736764,
    1.0224948875255624,
    0.8984725965858041,
    0.8631632394008631
  ],
  "AverageDelays": [
    3975.5,
    4034.875,
    4154.454545454545,
    4360.285714285715,
    4293.2,
    4422.705882352941
  ]
}