{
  "transactionTimestamps": [
    1706183164042,
    1706183165648,
    1706183167499,
    1706183167501,
    1706183168778,
    1706183169028,
    1706183170044,
    1706183170588,
    1706183171383,
    1706183171603,
    1706183171822,
    1706183172521,
    1706183173192,
    1706183173349,
    1706183172335,
    1706183174082,
    1706183174373,
    1706183174638,
    1706183175282,
    1706183175654,
    1706183175897,
    1706183176742,
    1706183176960,
    1706183177505
  ],
  "blockTimestamps": [
    1706183170206,
    1706183173208,
    1706183176212,
    1706183179213,
    1706183182209
  ],
  "blockTimes": [
    1706183170,
    1706183173,
    1706183176,
    1706183179,
    1706183182
  ],
  "blockTransactions": [
    2,
    4,
    6,
    9,
    3
  ],
  "Delays": [
    6164,
    4558,
    5709,
    5707,
    4430,
    4180,
    6168,
    5624,
    4829,
    4609,
    4390,
    3691,
    6021,
    5864,
    6878,
    5131,
    4840,
    4575,
    3931,
    3559,
    3316,
    5467,
    5249,
    4704
  ],
  "Throughputs": [
    0.32446463335496434,
    0.65459306131355,
    0.9860312243221035,
    1.3842198932173226,
    1.321076677492156
  ],
  "AverageDelays": [
    5361,
    5124.666666666667,
    5004.916666666667,
    4960.666666666667,
    4983.083333333333
  ]
}