{
  "transactionTimestamps": [
    1706182783945,
    1706182785177,
    1706182786582,
    1706182787312,
    1706182787314,
    1706182787320,
    1706182788137,
    1706182788524,
    1706182788903,
    1706182788981,
    1706182789681,
    1706182789712,
    1706182790056,
    1706182790353,
    1706182791305,
    1706182791351,
    1706182791693,
    1706182791258,
    1706182792783,
    1706182792926,
    1706182792987,
    1706182794065,
    1706182794190,
    1706182795294,
    1706182795541,
    1706182796666,
    1706182796900,
    1706182797088,
    1706182798571,
    1706182797923,
    1706182799740,
    1706182800925,
    1706182802237,
    1706182803406
  ],
  "blockTimestamps": [
    1706182789185,
    1706182792197,
    1706182795191,
    1706182798205,
    1706182801194,
    1706182804190,
    1706182807186
  ],
  "blockTimes": [
    1706182789,
    1706182792,
    1706182795,
    1706182798,
    1706182801,
    1706182804,
    1706182807
  ],
  "blockTransactions": [
    2,
    8,
    7,
    6,
    5,
    4,
    2
  ],
  "Delays": [
    5240,
    4008,
    5615,
    4885,
    4883,
    4877,
    4060,
    3673,
    3294,
    3216,
    5510,
    5479,
    5135,
    4838,
    3886,
    3840,
    3498,
    6947,
    5422,
    5279,
    5218,
    4140,
    4015,
    5900,
    5653,
    4528,
    4294,
    4106,
    5619,
    6267,
    4450,
    3265,
    4949,
    3780
  ],
  "Throughputs": [
    0.38167938931297707,
    1.2118274357731458,
    1.5116485861639692,
    1.6129032258064517,
    1.6232825091309642,
    1.5806371943689799,
    1.462931887612409
  ],
  "AverageDelays": [
    4624,
    4375.1,
    4466.882352941177,
    4650.347826086957,
    4694.25,
    4720,
    4699.088235294118
  ]
}