{
  "transactionTimestamps": [
    1706183107475,
    1706183107475,
    1706183107476,
    1706183108739,
    1706183108986,
    1706183110266,
    1706183110468,
    1706183111467,
    1706183111777,
    1706183112776,
    1706183113089,
    1706183114148,
    1706183114525,
    1706183113368,
    1706183113883,
    1706183115736,
    1706183115988,
    1706183117186,
    1706183117495,
    1706183118811,
    1706183120202,
    1706183121433,
    1706183120637,
    1706183119984
  ],
  "blockTimestamps": [
    1706183113208,
    1706183116207,
    1706183119221,
    1706183122205,
    1706183125205
  ],
  "blockTimes": [
    1706183113,
    1706183116,
    1706183119,
    1706183122,
    1706183125
  ],
  "blockTransactions": [
    5,
    5,
    7,
    3,
    4
  ],
  "Delays": [
    5733,
    5733,
    5732,
    4469,
    4222,
    5941,
    5739,
    4740,
    4430,
    3431,
    6132,
    5073,
    4696,
    5853,
    5338,
    3485,
    3233,
    5019,
    4710,
    3394,
    5003,
    3772,
    4568,
    5221
  ],
  "Throughputs": [
    0.8721437292865865,
    1.1452130096197894,
    1.4473012089221862,
    1.357773251866938,
    1.353637901861252
  ],
  "AverageDelays": [
    5177.8,
    5017,
    4940,
    4855.15,
    4819.458333333333
  ]
}