{
  "transactionTimestamps": [
    1706182942289,
    1706182942615,
    1706182941944,
    1706182940836,
    1706182943191,
    1706182942460,
    1706182943287,
    1706182945577,
    1706182944050,
    1706182946793,
    1706182947397,
    1706182947399,
    1706182947400,
    1706182948052,
    1706182946463,
    1706182948603,
    1706182948852,
    1706182948897,
    1706182948100,
    1706182948632,
    1706182950215,
    1706182950497,
    1706182950624,
    1706182949485,
    1706182950156,
    1706182951605,
    1706182951791,
    1706182952730,
    1706182951761,
    1706182951574,
    1706182953364,
    1706182954192,
    1706182954676,
    1706182955111,
    1706182953879,
    1706182955704,
    1706182956095,
    1706182956157,
    1706182954737,
    1706182956328,
    1706182957081,
    1706182957251,
    1706182955923,
    1706182957360,
    1706182957531,
    1706182958046,
    1706182956940,
    1706182958607,
    1706182958637,
    1706182958747,
    1706182959167,
    1706182959182,
    1706182959879,
    1706182959930,
    1706182960070,
    1706182958668,
    1706182960507,
    1706182960600,
    1706182961099,
    1706182961507,
    1706182961615,
    1706182960412,
    1706182962301,
    1706182962957
  ],
  "blockTimestamps": [
    1706182948203,
    1706182951209,
    1706182954211,
    1706182957212,
    1706182960208,
    1706182963207,
    1706182966208
  ],
  "blockTimes": [
    1706182948,
    1706182951,
    1706182954,
    1706182957,
    1706182960,
    1706182963,
    1706182966
  ],
  "blockTransactions": [
    7,
    6,
    11,
    7,
    9,
    14,
    10
  ],
  "Delays": [
    5914,
    5588,
    6259,
    7367,
    5012,
    5743,
    4916,
    5632,
    7159,
    4416,
    3812,
    3810,
    3809,
    6159,
    7748,
    5608,
    5359,
    5314,
    6111,
    5579,
    3996,
    3714,
    3587,
    4726,
    7056,
    5607,
    5421,
    4482,
    5451,
    5638,
    3848,
    6016,
    5532,
    5097,
    6329,
    4504,
    4113,
    4051,
    5471,
    3880,
    6126,
    5956,
    7284,
    5847,
    5676,
    5161,
    6267,
    4600,
    4570,
    4460,
    4040,
    4025,
    3328,
    3277,
    6138,
    7540,
    5701,
    5608,
    5109,
    4701,
    4593,
    5796,
    3907,
    3251
  ],
  "Throughputs": [
    1.1836320595197836,
    1.4573991031390134,
    2.0130850528434827,
    2.0773302955169872,
    2.232267425637591,
    2.581508748446314,
    2.6756971445294537
  ],
  "AverageDelays": [
    5828.428571428572,
    5341.307692307692,
    5305.75,
    5317.451612903225,
    5245.85,
    5193.537037037037,
    5199.921875
  ]
}