{
  "transactionTimestamps": [
    1706183300755,
    1706183306993,
    1706183307558,
    1706183307558,
    1706183308096,
    1706183309092,
    1706183309092,
    1706183307828,
    1706183309656,
    1706183310341,
    1706183310386,
    1706183311199,
    1706183311682,
    1706183311810,
    1706183312449,
    1706183313061,
    1706183313138,
    1706183314560,
    1706183316115,
    1706183317379,
    1706183319300,
    1706183320516,
    1706183321686,
    1706183320079
  ],
  "blockTimestamps": [
    1706183308182,
    1706183311784,
    1706183314185,
    1706183317183,
    1706183320181,
    1706183323187,
    1706183326181
  ],
  "blockTimes": [
    1706183308,
    1706183311,
    1706183314,
    1706183317,
    1706183320,
    1706183323,
    1706183326
  ],
  "blockTransactions": [
    1,
    3,
    7,
    5,
    3,
    2,
    3
  ],
  "Delays": [
    7427,
    4791,
    4226,
    4226,
    6089,
    5093,
    5093,
    6357,
    4529,
    3844,
    3799,
    5984,
    5501,
    5373,
    4734,
    4122,
    7043,
    5621,
    4066,
    5808,
    3887,
    5665,
    4495,
    6102
  ],
  "Throughputs": [
    0.13464386697185943,
    0.36268020672771784,
    0.8190618019359642,
    0.9739469198928657,
    0.9780706269947493,
    0.9361626248216833,
    0.9439156768662
  ],
  "AverageDelays": [
    7427,
    5167.5,
    5043.090909090909,
    5074.25,
    5153.578947368421,
    5124.428571428572,
    5161.458333333333
  ]
}