{
  "transactionTimestamps": [
    1706183227522,
    1706183227522,
    1706183227522,
    1706183228781,
    1706183228935,
    1706183229077,
    1706183230120,
    1706183230246,
    1706183230433,
    1706183231665,
    1706183231757,
    1706183232817,
    1706183232957,
    1706183231712,
    1706183234450,
    1706183235771,
    1706183234309,
    1706183237409,
    1706183237864,
    1706183239362,
    1706183238797,
    1706183240817
  ],
  "blockTimestamps": [
    1706183233217,
    1706183236214,
    1706183239225,
    1706183242221,
    1706183245206
  ],
  "blockTimes": [
    1706183233,
    1706183236,
    1706183239,
    1706183242,
    1706183245
  ],
  "blockTransactions": [
    6,
    7,
    4,
    2,
    3
  ],
  "Delays": [
    5695,
    5695,
    5695,
    4436,
    4282,
    4140,
    6094,
    5968,
    5781,
    4549,
    4457,
    3397,
    3257,
    7513,
    4775,
    3454,
    4916,
    4812,
    4357,
    5844,
    6409,
    4389
  ],
  "Throughputs": [
    1.0535557506584723,
    1.495628163828808,
    1.4526189865846364,
    1.2926049391115042,
    1.2440624293146347
  ],
  "AverageDelays": [
    4990.5,
    4880.461538461538,
    4947.294117647059,
    4909.105263157895,
    4996.136363636364
  ]
}