{
  "transactionTimestamps": [
    1706172219497,
    1706172223219,
    1706172224320,
    1706172225473,
    1706172226253,
    1706172227246,
    1706172228322,
    1706172229272,
    1706172230265,
    1706172231012,
    1706172231696,
    1706172232500,
    1706172233590
  ],
  "blockTimestamps": [
    1706172225321,
    1706172228252,
    1706172231250,
    1706172234190,
    1706172237240
  ],
  "blockTimes": [
    1706172225,
    1706172228,
    1706172231,
    1706172234,
    1706172237
  ],
  "blockTransactions": [
    1,
    2,
    3,
    3,
    4
  ],
  "Delays": [
    5824,
    5033,
    3932,
    5777,
    4997,
    4004,
    5868,
    4918,
    3925,
    6228,
    5544,
    4740,
    3650
  ],
  "Throughputs": [
    0.1717032967032967,
    0.34266133637921187,
    0.5105079554156385,
    0.6125365820458722,
    0.732683311728569
  ],
  "AverageDelays": [
    5824,
    4929.666666666667,
    4927.833333333333,
    4919.777777777777,
    4956.923076923077
  ]
}