{
  "transactionTimestamps": [
    1706172203218,
    1706172203220,
    1706172203219,
    1706172204013,
    1706172204230,
    1706172204277,
    1706172204932,
    1706172204963,
    1706172205089,
    1706172205682,
    1706172206057,
    1706172206087,
    1706172206682,
    1706172206743,
    1706172207224,
    1706172207685,
    1706172207585,
    1706172208124,
    1706172208530,
    1706172209260,
    1706172209262,
    1706172210051,
    1706172210438,
    1706172211179,
    1706172211581,
    1706172212016,
    1706172212545,
    1706172212795,
    1706172213417,
    1706172213588,
    1706172214339,
    1706172215508,
    1706172216555,
    1706172217536,
    1706172218596
  ],
  "blockTimestamps": [
    1706172207190,
    1706172210211,
    1706172213805,
    1706172216250,
    1706172219234,
    1706172222208
  ],
  "blockTimes": [
    1706172207,
    1706172210,
    1706172213,
    1706172216,
    1706172219,
    1706172222
  ],
  "blockTransactions": [
    3,
    11,
    7,
    7,
    4,
    3
  ],
  "Delays": [
    3972,
    3970,
    3971,
    6198,
    5981,
    5934,
    5279,
    5248,
    5122,
    4529,
    4154,
    4124,
    3529,
    3468,
    6581,
    6120,
    6220,
    5681,
    5275,
    4545,
    4543,
    6199,
    5812,
    5071,
    4669,
    4234,
    3705,
    3455,
    5817,
    5646,
    4895,
    3726,
    5653,
    4672,
    3612
  ],
  "Throughputs": [
    0.7552870090634441,
    2.0020020020020017,
    1.9835647492207424,
    2.1485573971761815,
    1.9980019980019983,
    1.8430753027909428
  ],
  "AverageDelays": [
    3971,
    4677.071428571428,
    4973.523809523809,
    4913.892857142857,
    4927.28125,
    4903.142857142857
  ]
}