{
  "transactionTimestamps": [
    1706172098002,
    1706172097550,
    1706172103169,
    1706172103170,
    1706172103173,
    1706172104057,
    1706172104353,
    1706172104523,
    1706172104785,
    1706172105317,
    1706172105501,
    1706172105706,
    1706172106152,
    1706172104569,
    1706172106681,
    1706172106932,
    1706172106918,
    1706172107431,
    1706172107818,
    1706172107976,
    1706172108195,
    1706172108506,
    1706172108880,
    1706172109052,
    1706172109207,
    1706172109828,
    1706172110295,
    1706172110964,
    1706172111372,
    1706172112136,
    1706172112289,
    1706172113111,
    1706172113328
  ],
  "blockTimestamps": [
    1706172105261,
    1706172108857,
    1706172111234,
    1706172114243,
    1706172117238
  ],
  "blockTimes": [
    1706172105,
    1706172108,
    1706172111,
    1706172114,
    1706172117
  ],
  "blockTransactions": [
    2,
    7,
    11,
    8,
    5
  ],
  "Delays": [
    7259,
    7711,
    5688,
    5687,
    5684,
    4800,
    4504,
    4334,
    4072,
    5917,
    5733,
    5528,
    5082,
    6665,
    4553,
    4302,
    4316,
    3803,
    3416,
    3258,
    6048,
    5737,
    5363,
    5191,
    5036,
    4415,
    3948,
    3279,
    5866,
    5102,
    4949,
    4127,
    3910
  ],
  "Throughputs": [
    0.275520044083207,
    0.8291110087517273,
    1.5114873035066507,
    1.7240317714426452,
    1.7155333749220212
  ],
  "AverageDelays": [
    7485,
    5526.555555555556,
    5115.6,
    5047.464285714285,
    5008.575757575758
  ]
}