{
  "transactionTimestamps": [
    1706172143195,
    1706172149071,
    1706172150152,
    1706172154740,
    1706172156189
  ],
  "blockTimestamps": [
    1706172150195,
    1706172156251,
    1706172162253
  ],
  "blockTimes": [
    1706172150,
    1706172156,
    1706172162
  ],
  "blockTransactions": [
    1,
    2,
    2
  ],
  "Delays": [
    7000,
    7180,
    6099,
    7513,
    6064
  ],
  "Throughputs": [
    0.14285714285714285,
    0.2297794117647059,
    0.2623570154265925
  ],
  "AverageDelays": [
    7000,
    6759.666666666667,
    6771.2
  ]
}