{
  "transactionTimestamps": [
    1706172123179,
    1706172123179,
    1706172124057,
    1706172124353,
    1706172125039,
    1706172125070,
    1706172125788,
    1706172125804,
    1706172126831,
    1706172126971,
    1706172127628,
    1706172128060
  ],
  "blockTimestamps": [
    1706172129213,
    1706172132203
  ],
  "blockTimes": [
    1706172129,
    1706172132
  ],
  "blockTransactions": [
    8,
    4
  ],
  "Delays": [
    6034,
    6034,
    5156,
    4860,
    4174,
    4143,
    3425,
    3409,
    5372,
    5232,
    4575,
    4143
  ],
  "Throughputs": [
    1.3258203513423932,
    1.3297872340425534
  ],
  "AverageDelays": [
    4654.375,
    4713.083333333333
  ]
}