{
  "transactionTimestamps": [
    1706172177414,
    1706172178614,
    1706172179532,
    1706172179177,
    1706172183214,
    1706172183214,
    1706172184004,
    1706172184301,
    1706172184864,
    1706172185240,
    1706172185894,
    1706172186269,
    1706172186706,
    1706172187392,
    1706172187515,
    1706172188283,
    1706172189186,
    1706172190167,
    1706172190872,
    1706172191790,
    1706172192588,
    1706172193377
  ],
  "blockTimestamps": [
    1706172183257,
    1706172186817,
    1706172189213,
    1706172192231,
    1706172195249,
    1706172198269
  ],
  "blockTimes": [
    1706172183,
    1706172186,
    1706172189,
    1706172192,
    1706172195,
    1706172198
  ],
  "blockTransactions": [
    3,
    1,
    7,
    5,
    4,
    2
  ],
  "Delays": [
    5843,
    4643,
    3725,
    7640,
    5999,
    5999,
    5209,
    4912,
    4349,
    3973,
    3319,
    5962,
    5525,
    4839,
    4716,
    3948,
    6063,
    5082,
    4377,
    3459,
    5681,
    4892
  ],
  "Throughputs": [
    0.5134348793428034,
    0.425396150164841,
    0.9322823968132893,
    1.0798407234932847,
    1.1213905242500701,
    1.0549029009829778
  ],
  "AverageDelays": [
    4737,
    5462.75,
    5055.545454545455,
    5037.5625,
    4979.1,
    5007.045454545455
  ]
}