{
  "transactionTimestamps": [
    1706172243229,
    1706172243230,
    1706172244100,
    1706172244256,
    1706172244863,
    1706172244957,
    1706172245966,
    1706172246077,
    1706172246761,
    1706172247182,
    1706172247585,
    1706172248071,
    1706172249149,
    1706172250118,
    1706172251020,
    1706172252000,
    1706172253152,
    1706172254132
  ],
  "blockTimestamps": [
    1706172249230,
    1706172252191,
    1706172255330,
    1706172258204
  ],
  "blockTimes": [
    1706172249,
    1706172252,
    1706172255,
    1706172258
  ],
  "blockTransactions": [
    7,
    5,
    3,
    3
  ],
  "Delays": [
    6001,
    6000,
    5130,
    4974,
    4367,
    4273,
    3264,
    6114,
    5430,
    5009,
    4606,
    4120,
    6181,
    5212,
    4310,
    6204,
    5052,
    4072
  ],
  "Throughputs": [
    1.1664722546242292,
    1.3389868332961392,
    1.2395669779357077,
    1.2020033388981637
  ],
  "AverageDelays": [
    4858.428571428572,
    4940.666666666667,
    4999.4,
    5017.722222222223
  ]
}