{
  "transactionTimestamps": [
    1706172160903,
    1706172163207,
    1706172163208,
    1706172163210,
    1706172163209,
    1706172164146,
    1706172162232,
    1706172164193,
    1706172164350,
    1706172164476,
    1706172164939,
    1706172165064,
    1706172165171,
    1706172165744,
    1706172165946,
    1706172166041,
    1706172166851,
    1706172166821,
    1706172166930,
    1706172165464,
    1706172167647,
    1706172167864,
    1706172166274,
    1706172167910,
    1706172167631,
    1706172171414,
    1706172172337,
    1706172173270,
    1706172171869,
    1706172172773,
    1706172174423,
    1706172173315,
    1706172175124,
    1706172176277
  ],
  "blockTimestamps": [
    1706172165214,
    1706172168239,
    1706172171827,
    1706172174198,
    1706172177232,
    1706172180240
  ],
  "blockTimes": [
    1706172165,
    1706172168,
    1706172171,
    1706172174,
    1706172177,
    1706172180
  ],
  "blockTransactions": [
    1,
    10,
    13,
    1,
    4,
    5
  ],
  "Delays": [
    4311,
    5032,
    5031,
    5029,
    5030,
    4093,
    6007,
    4046,
    3889,
    3763,
    3300,
    6763,
    6656,
    6083,
    5881,
    5786,
    4976,
    5006,
    4897,
    6363,
    4180,
    3963,
    5553,
    3917,
    6567,
    5818,
    4895,
    3962,
    5363,
    7467,
    5817,
    6925,
    5116,
    3963
  ],
  "Throughputs": [
    0.2319647413593134,
    1.499454743729553,
    2.1969974368363236,
    1.8804061677322301,
    1.775981382815849,
    1.758287221389047
  ],
  "AverageDelays": [
    4311,
    4502.818181818182,
    4981.458333333333,
    5044.88,
    5040,
    5160.235294117647
  ]
}