{
  "transactionTimestamps": [
    1706172263236,
    1706172263236,
    1706172264260,
    1706172264385,
    1706172265087,
    1706172265353,
    1706172266054,
    1706172266490,
    1706172267003,
    1706172267409,
    1706172268080,
    1706172268158
  ],
  "blockTimestamps": [
    1706172267243,
    1706172270236,
    1706172273245
  ],
  "blockTimes": [
    1706172267,
    1706172270,
    1706172273
  ],
  "blockTransactions": [
    2,
    6,
    4
  ],
  "Delays": [
    4007,
    4007,
    5976,
    5851,
    5149,
    4883,
    4182,
    3746,
    6242,
    5836,
    5165,
    5087
  ],
  "Throughputs": [
    0.4991265285749938,
    1.1428571428571428,
    1.1989209711259865
  ],
  "AverageDelays": [
    4007,
    4725.125,
    5010.916666666667
  ]
}