{
  "transactionTimestamps": [
    1706172283251,
    1706172283251,
    1706172284241,
    1706172284395,
    1706172285142,
    1706172285282,
    1706172286013,
    1706172286091,
    1706172286778,
    1706172286933,
    1706172287943,
    1706172288052
  ],
  "blockTimestamps": [
    1706172288199,
    1706172291275,
    1706172294212
  ],
  "blockTimes": [
    1706172288,
    1706172291,
    1706172294
  ],
  "blockTransactions": [
    4,
    7,
    1
  ],
  "Delays": [
    4948,
    4948,
    3958,
    3804,
    6133,
    5993,
    5262,
    5184,
    4497,
    4342,
    3332,
    6160
  ],
  "Throughputs": [
    0.8084074373484236,
    1.370887337986042,
    1.0947906212936775
  ],
  "AverageDelays": [
    4414.5,
    4763.727272727273,
    4880.083333333333
  ]
}