{"a": 0.3, "b": 0.7, "communities0": [[0, 32, 43, 44, 15, 48, 54, 25, 57, 31], [65, 1, 33, 6, 10, 12, 16, 17, 18, 30], [2, 36, 21], [3, 27], [4, 22], [5, 14], [58, 7], [8, 38], [64, 9], [11, 35], [13, 63], [49, 19], [20, 29], [46, 23], [24, 60, 47], [26, 55], [28, 53], [34, 37], [59, 39], [40, 62], [41, 52], [42, 45], [50, 51], [56, 61]], "communities1": [[0, 65, 32, 43, 44, 15, 48, 54, 25, 31, 57], [1, 33, 6, 10, 12, 16, 17, 18, 30], [2, 36, 21], [3, 27], [4, 22], [5, 14], [58, 7], [8, 38], [64, 9], [11, 35], [13, 63], [49, 19], [20, 29], [46, 23], [24, 60, 47], [26, 55], [28, 53], [34, 37], [59, 39], [40, 62], [41, 52], [42, 45], [50, 51], [56, 61]], "communities2": [[0, 1, 32, 65, 10, 43, 12, 44, 15, 16, 17, 18, 48, 54, 25, 57, 30, 31], [2, 36, 21], [27, 3], [4, 22], [5, 14], [33, 6], [58, 7], [8, 38], [64, 9], [35, 11], [13, 63], [49, 19], [20, 29], [46, 23], [24, 60, 47], [26, 55], [28, 53], [34, 37], [59, 39], [40, 62], [41, 52], [42, 45], [50, 51], [56, 61]], "communities3": [[16, 51, 44], [3, 45, 46], [58, 62, 47], [20, 13, 14], [2, 18, 59], [32, 21, 22], [33, 28, 55], [25, 26, 38], [49, 43, 23], [64, 34, 39], [56, 41, 37], [24, 5, 61], [27, 11, 6], [8, 9, 15], [57, 31, 63], [10, 42, 7], [35, 53, 54], [48, 65, 29], [50, 4], [19, 12], [1, 52], [40, 30], [0, 60], [17, 36]], "q0": 0.45759816646991314, "f0": 0.7756333595482496, "q1": 0.46850735142692224, "f1": 0.7747842083504044}