{"a": 0.5, "b": 0.5, "communities0": [[0, 86], [1, 5, 6, 7, 9, 16, 18, 19, 21, 28, 29, 31, 32, 39, 51, 58, 60, 62, 63, 64, 68, 70, 73, 74, 79], [48, 2, 27, 44], [34, 3, 66, 82, 54], [4, 8, 77, 80, 56], [10, 46], [11, 14, 23], [13, 84, 12, 47], [40, 15], [17, 61, 30], [20, 45], [69, 22], [24, 42, 76], [25, 49], [33, 71, 72, 75, 83, 52, 26], [35, 37], [65, 36, 87], [43, 38], [41, 59], [50, 85], [57, 53], [67, 55], [81, 78]], "q0": 0.42722617695868637, "f0": 0.8946345067919953}