{"a": 0.8, "b": 0.2, "communities0": [[0, 39], [1, 27], [2, 23], [3, 21], [58, 4], [51, 5], [6, 47], [50, 7], [8, 12, 54], [9, 25], [10, 15], [11, 46], [33, 13], [18, 14], [16, 17], [35, 19], [20, 45], [53, 22], [24, 49, 56], [26, 30], [28, 31], [41, 29], [32, 34], [57, 36], [37, 38], [40, 55], [42, 43], [59, 44], [48, 52]], "q0": 0.4907016060862215, "f0": 0.800353379861464}