{"a": 0.3, "b": 0.7, "communities0": [[0, 3, 4], [1, 2, 5, 6, 8, 12, 14], [9, 7], [10, 13], [11, 15]], "communities1": [[0, 3, 4], [1, 10, 13], [2, 5, 6, 8, 12, 14], [9, 7], [11, 15]], "communities2": [[0, 3, 4], [1, 2, 5, 6, 8, 12, 14], [9, 7], [10, 13], [11, 15]], "communities3": [[11, 3, 4, 6], [2, 12, 15], [8, 13, 14], [1, 5, 7], [0, 9, 10]], "q0": 0.3403320312500001, "f0": 0.7084888449629237, "q1": 0.3637695312500001, "f1": 0.7028376282574047}