{"a": 0.8, "b": 0.2, "communities0": [[0, 1, 5, 6, 7, 10, 12, 14], [2, 4], [8, 3], [16, 9, 11], [13, 15]], "q0": 0.36279296875, "f0": 0.6982374596179448}