{"a": 0.4, "b": 0.6, "communities0": [[0, 24], [1, 40, 12, 47, 23, 31], [2, 30], [34, 3, 22], [43, 4, 13], [32, 52, 5, 7], [48, 6], [8, 54], [9, 35], [10, 42, 45], [11, 36, 15], [38, 46, 14, 49, 51, 27], [16, 21, 19, 37], [17, 26], [18, 28], [33, 20], [25, 55], [41, 29], [44, 39], [50, 53]], "q0": 0.37902345776990926, "f0": 0.9302339570249045}