{"a": 0.4, "b": 0.6, "communities0": [[0, 118], [120, 1], [2, 103], [240, 3], [50, 4], [178, 5], [122, 6], [270, 7], [8, 62], [112, 9], [10, 163], [233, 11], [12, 183], [13, 263], [14, 127], [78, 15], [16, 219], [17, 135], [18, 195], [289, 19], [49, 20], [41, 21], [245, 22], [110, 23], [24, 249], [25, 259], [26, 191], [58, 27], [291, 28, 63], [216, 29], [30, 55], [51, 166, 31], [32, 73], [33, 202], [34, 242], [35, 253], [152, 36], [232, 37], [284, 38], [169, 39], [40, 272], [42, 207], [80, 43], [44, 197], [91, 45], [145, 46], [107, 47], [48, 265], [192, 52], [81, 68, 53], [144, 54], [56, 60], [57, 115], [241, 59], [221, 61], [64, 158], [65, 157], [66, 215], [136, 67], [285, 69], [155, 70], [174, 71], [72, 226], [168, 74], [75, 187], [76, 189], [77, 102], [153, 79], [82, 287], [83, 260], [177, 84], [210, 85], [86, 231], [280, 106, 229, 87], [88, 234], [264, 89], [194, 90], [92, 252], [93, 286], [266, 94], [223, 95], [96, 258], [97, 108], [113, 98], [99, 227], [100, 181], [217, 101], [104, 114], [105, 218], [244, 109], [220, 111], [116, 159], [117, 254], [236, 119], [121, 126], [267, 123], [124, 271], [209, 125], [128, 292], [129, 262], [130, 140], [146, 131], [132, 293], [133, 150], [137, 134], [138, 212], [139, 255], [256, 141], [213, 142], [206, 143], [273, 147], [275, 148], [283, 149], [239, 151], [154, 172], [188, 156], [160, 203], [161, 290], [288, 162], [164, 268], [165, 230], [190, 167], [170, 261], [171, 175], [250, 173], [176, 204], [179, 205], [180, 294], [243, 182], [184, 282], [185, 201], [186, 246], [193, 225], [196, 237], [276, 198], [251, 199], [200, 277], [208, 211], [214, 238], [224, 222], [281, 228], [248, 235], [278, 247], [257, 269], [274, 279]], "q0": 0.4981333333333334, "f0": 0.9561911437257695}