{"a": 0.7, "b": 0.3, "communities0": [[0, 70, 72, 73, 104, 177, 18, 19, 119, 152, 154, 155, 125], [1, 97, 129, 35, 131, 6, 71, 164, 74, 44, 173, 175, 51, 85, 88, 153, 91, 127], [89, 2, 100, 166, 11, 45, 141, 144, 49, 117, 56, 57, 126, 63], [130, 3, 7, 139, 15, 17, 146, 20, 21, 149, 150, 25, 156, 157, 159, 41, 42, 174, 176, 58, 60, 62, 65, 67, 80, 94, 115, 118], [160, 162, 4, 69, 133, 13, 79, 112, 87], [132, 101, 5, 134, 8, 165, 168, 169, 10, 14, 142, 48, 81, 83, 52, 23, 122, 123], [161, 37, 9, 46, 110, 145, 180, 181, 24, 90, 59, 120, 29], [32, 64, 96, 99, 103, 136, 12, 47, 116, 22, 55, 86, 121, 182], [138, 140, 16, 148, 31, 163, 36, 38, 39, 167, 43, 50, 68, 75, 77, 78, 84, 93, 95, 102, 105, 107, 108], [26, 27, 114], [171, 172, 113, 28, 30], [33, 178, 137, 158], [40, 170, 34], [76, 53], [98, 54], [92, 61], [66, 82], [143, 106, 147, 151], [128, 109], [124, 111], [179, 135]], "q0": 0.44011861685540843, "f0": 0.5905844468604767}