{"a": 0.7, "b": 0.3, "communities0": [[0, 11], [16, 1], [25, 2], [3, 31], [4, 52], [37, 5], [48, 6], [21, 7], [8, 57], [9, 46], [10, 54], [12, 13], [36, 14], [40, 15], [17, 43], [18, 22], [35, 19], [50, 20], [27, 23], [24, 58], [56, 26], [28, 45], [51, 29], [42, 30], [32, 44], [33, 47], [41, 34], [38, 55], [49, 53, 39]], "q0": 0.49083333333333323, "f0": 0.8050532618233754}