{"a": 0.2, "b": 0.8, "communities0": [[0, 33, 5, 8, 20, 24], [16, 1], [2, 34, 4, 36, 6, 38, 10, 12, 13, 15, 18, 21, 22, 25, 26, 27, 28], [9, 3], [35, 7], [11, 37, 23], [14, 30], [32, 17, 31], [19, 29]], "q0": 0.36247777777777773, "f0": 0.9581086640591475}