{"a": 0.2, "b": 0.8, "communities0": [[0, 2, 34, 37, 50, 19, 20, 56, 60, 29], [48, 1, 15], [11, 3], [4, 5, 41, 45, 54, 23, 26], [17, 6], [52, 7], [8, 22], [16, 9], [33, 59, 10, 46, 47, 14, 18, 21, 57, 27, 31], [12, 30], [13], [24, 28], [25, 61], [32, 35, 40, 43, 44, 49, 53, 55], [42, 36], [58, 38], [39], [64, 51], [62, 63]], "q0": 0.4337120188148789, "f0": 0.9353739553368263}