{"a": 0.8, "b": 0.2, "communities0": [[0, 62], [89, 1], [2, 95], [66, 3], [104, 4], [60, 5], [13, 6], [57, 7], [8, 111], [9, 46], [10, 22], [11, 78], [12, 21], [28, 14], [97, 15], [16, 90], [17, 50], [18, 59], [19, 71], [40, 20], [74, 23], [24, 34], [25, 58], [105, 26], [27, 53], [81, 29], [73, 30], [91, 31], [32, 106], [33, 93], [35, 61], [116, 36], [113, 37], [38, 87], [108, 39], [41, 103], [112, 42], [88, 43], [44, 69], [68, 45], [86, 47], [48, 55], [64, 49], [51, 110], [52, 109], [67, 54], [56, 82], [98, 63], [65, 79], [77, 70], [72, 76], [115, 75], [80, 94], [83, 84], [107, 85], [92, 101], [96, 102], [99, 119], [114, 100], [117, 118]], "q0": 0.49583333333333324, "f0": 0.8775373642785369}