{"a": 0.8, "b": 0.2, "communities0": [[0, 3, 4, 5, 6, 7, 8, 9, 10, 12, 22, 24, 26, 27, 28, 29, 31, 33, 34, 37, 38, 41, 44, 46, 47, 49, 50, 53, 54, 56, 57, 58, 62, 63, 66, 69, 70, 74, 79, 82], [80, 1, 77], [2, 20, 13], [18, 11], [25, 23, 14, 15], [16, 59], [17, 43], [65, 19], [35, 21], [30, 39], [32, 64], [67, 36], [40, 42, 60], [68, 45], [48, 72, 61, 78], [83, 51, 76], [81, 52], [71, 55], [73, 75]], "q0": 0.354536115916955, "f0": 0.9153954268553057}