{"a": 0.3, "b": 0.7, "communities0": [[0], [8, 1, 10, 7], [2, 12, 5, 15], [3], [4, 6], [9, 11], [13, 14]], "communities1": [[0, 3], [8, 1, 10, 7], [2, 12, 5, 15], [4, 6], [9, 11], [13, 14]], "communities2": [[0, 3], [8, 1, 10, 7], [2, 12, 5, 15], [4, 6], [9, 11], [13, 14]], "communities3": [[10, 11, 14], [2, 13, 7], [8, 1, 9], [3, 5, 15], [12, 4], [0, 6]], "q0": 0.38250000000000006, "f0": 0.7447646766984429, "q1": 0.43000000000000005, "f1": 0.7196385477141376}