{
  "transactionTimestamps": [
    1706081025525,
    1706081026392,
    1706081026408,
    1706081027495,
    1706081027789,
    1706081028408,
    1706081029791,
    1706081029851,
    1706081030581,
    1706081030580,
    1706081030876,
    1706081030581,
    1706081030736,
    1706081031873,
    1706081033092,
    1706081032814,
    1706081033587,
    1706081033480,
    1706081033479,
    1706081034330,
    1706081034812,
    1706081034127,
    1706081034236,
    1706081034677,
    1706081034812,
    1706081035555,
    1706081036886,
    1706081037503,
    1706081037427,
    1706081038003,
    1706081038174,
    1706081037738,
    1706081038766,
    1706081038812,
    1706081039041,
    1706081038859,
    1706081039292
  ],
  "blockTimestamps": [
    1706081032752,
    1706081035736,
    1706081038741,
    1706081041739,
    1706081044734
  ],
  "blockTimes": [
    1706081032,
    1706081035,
    1706081038,
    1706081041,
    1706081044
  ],
  "blockTransactions": [
    5,
    9,
    5,
    8,
    10
  ],
  "Delays": [
    7227,
    6360,
    6344,
    5257,
    4963,
    7328,
    5945,
    5885,
    5155,
    5156,
    4860,
    5155,
    5000,
    3863,
    5649,
    5927,
    5154,
    5261,
    5262,
    7409,
    6927,
    7612,
    7503,
    7062,
    6927,
    6184,
    4853,
    7231,
    7307,
    6731,
    6560,
    6996,
    5968,
    5922,
    5693,
    5875,
    5442
  ],
  "Throughputs": [
    0.6918500069185001,
    1.3710704142591323,
    1.4376513317191284,
    1.6652275811027508,
    1.9261804362538393
  ],
  "AverageDelays": [
    6030.2,
    5607,
    5565.8421052631575,
    5934.37037037037,
    6052.783783783784
  ]
}