{
  "transactionTimestamps": [
    1706081250515,
    1706081251647,
    1706081252080,
    1706081252158,
    1706081252080,
    1706081253242,
    1706081253428,
    1706081253195,
    1706081254618,
    1706081255650,
    1706081255714,
    1706081255728,
    1706081255728,
    1706081255759,
    1706081256258,
    1706081256774,
    1706081257022,
    1706081257614,
    1706081259105,
    1706081258838,
    1706081258947,
    1706081259849,
    1706081259274,
    1706081260053,
    1706081260455,
    1706081260269,
    1706081260703,
    1706081261056,
    1706081262084,
    1706081262054,
    1706081263352,
    1706081263553,
    1706081263537,
    1706081264019,
    1706081264367,
    1706081265225
  ],
  "blockTimestamps": [
    1706081257746,
    1706081260733,
    1706081264339,
    1706081266744,
    1706081269745
  ],
  "blockTimes": [
    1706081257,
    1706081260,
    1706081263,
    1706081266,
    1706081269
  ],
  "blockTransactions": [
    7,
    6,
    8,
    7,
    8
  ],
  "Delays": [
    7231,
    6099,
    5666,
    5588,
    5666,
    4504,
    4318,
    7538,
    6115,
    5083,
    5019,
    5005,
    5005,
    8580,
    8081,
    7565,
    7317,
    6725,
    5234,
    5501,
    5392,
    6895,
    7470,
    6691,
    6289,
    6475,
    6041,
    5688,
    7661,
    7691,
    6393,
    6192,
    6208,
    5726,
    5378,
    4520
  ],
  "Throughputs": [
    0.968054211035818,
    1.272264631043257,
    1.5190972222222223,
    1.725306550003081,
    1.8720748829953198
  ],
  "AverageDelays": [
    5581.714285714285,
    5602.846153846154,
    6058.666666666667,
    6170.75,
    6181.944444444444
  ]
}