{
  "transactionTimestamps": [
    1706080995431,
    1706080996814,
    1706080996984,
    1706080996396,
    1706080996689,
    1706080997574,
    1706080997528,
    1706080998274,
    1706080997994,
    1706080998738,
    1706080999919,
    1706081000570,
    1706081000199,
    1706081000570,
    1706081001162,
    1706081000928,
    1706081000990,
    1706081001425,
    1706081001672,
    1706081002002,
    1706081002028,
    1706081002587,
    1706081003133,
    1706081003272,
    1706081004482,
    1706081004061,
    1706081004637,
    1706081004420,
    1706081004404,
    1706081005635,
    1706081005120,
    1706081005227,
    1706081006039,
    1706081006366,
    1706081006998,
    1706081007337,
    1706081007666,
    1706081008221,
    1706081008531,
    1706081008750,
    1706081009025,
    1706081009272
  ],
  "blockTimestamps": [
    1706081002738,
    1706081005764,
    1706081008737,
    1706081011752,
    1706081014743
  ],
  "blockTimes": [
    1706081002,
    1706081005,
    1706081008,
    1706081011,
    1706081014
  ],
  "blockTransactions": [
    8,
    9,
    7,
    11,
    7
  ],
  "Delays": [
    7307,
    5924,
    5754,
    6342,
    6049,
    5164,
    5210,
    4464,
    7770,
    7026,
    5845,
    5194,
    5565,
    5194,
    4602,
    4836,
    4774,
    7312,
    7065,
    6735,
    6709,
    6150,
    5604,
    5465,
    7270,
    7691,
    7115,
    7332,
    7348,
    6117,
    6632,
    6525,
    5713,
    5386,
    4754,
    7406,
    7077,
    6522,
    6212,
    5993,
    5718,
    5471
  ],
  "Throughputs": [
    1.0948405638428904,
    1.645214361753605,
    1.8036975800390802,
    2.1444764413945223,
    2.1748135874067938
  ],
  "AverageDelays": [
    5776.75,
    5707.058823529412,
    5919.166666666667,
    6112.657142857143,
    6151
  ]
}