{
  "transactionTimestamps": [
    1706081145535,
    1706081146511,
    1706081145877,
    1706081146325,
    1706081147165,
    1706081147784,
    1706081147876,
    1706081150654,
    1706081150039,
    1706081150653,
    1706081151413,
    1706081150932,
    1706081151227,
    1706081152641,
    1706081152375,
    1706081153157,
    1706081153757,
    1706081154040,
    1706081154407,
    1706081155513,
    1706081155125,
    1706081155254,
    1706081155387,
    1706081156537,
    1706081157084,
    1706081156552,
    1706081158112,
    1706081158279,
    1706081158579,
    1706081159413,
    1706081159566
  ],
  "blockTimestamps": [
    1706081153341,
    1706081155735,
    1706081158744,
    1706081161735,
    1706081164737
  ],
  "blockTimes": [
    1706081152,
    1706081155,
    1706081158,
    1706081161,
    1706081164
  ],
  "blockTransactions": [
    5,
    5,
    8,
    8,
    5
  ],
  "Delays": [
    7806,
    6830,
    7464,
    7016,
    6176,
    7951,
    7859,
    5081,
    5696,
    5082,
    7331,
    7812,
    7517,
    6103,
    6369,
    5587,
    4987,
    4704,
    7328,
    6222,
    6610,
    6481,
    6348,
    5198,
    4651,
    5183,
    6625,
    6458,
    6158,
    5324,
    5171
  ],
  "Throughputs": [
    0.6405329233922623,
    0.9803921568627452,
    1.3627072450601863,
    1.6049382716049383,
    1.61441516508697
  ],
  "AverageDelays": [
    7058.4,
    6696.1,
    6520.611111111111,
    6361.2307692307695,
    6294.451612903225
  ]
}