{
  "transactionTimestamps": [
    1706081220195,
    1706081220722,
    1706081221360,
    1706081221946,
    1706081222954,
    1706081222614,
    1706081223630,
    1706081223286,
    1706081224859,
    1706081224348,
    1706081225603,
    1706081225713,
    1706081225714,
    1706081225715,
    1706081225721,
    1706081226756,
    1706081226817,
    1706081227530,
    1706081227777,
    1706081228541,
    1706081228431,
    1706081228680,
    1706081228788,
    1706081229457,
    1706081229717,
    1706081229717,
    1706081230042,
    1706081230043,
    1706081230786,
    1706081231613,
    1706081231285,
    1706081232835,
    1706081232666,
    1706081232742,
    1706081233333,
    1706081234014,
    1706081234104,
    1706081233824,
    1706081234383,
    1706081234555
  ],
  "blockTimestamps": [
    1706081227748,
    1706081230739,
    1706081233739,
    1706081236740,
    1706081239744
  ],
  "blockTimes": [
    1706081227,
    1706081230,
    1706081233,
    1706081236,
    1706081239
  ],
  "blockTransactions": [
    6,
    9,
    8,
    8,
    9
  ],
  "Delays": [
    7553,
    7026,
    6388,
    5802,
    4794,
    5134,
    7109,
    7453,
    5880,
    6391,
    5136,
    5026,
    5025,
    5024,
    5018,
    6983,
    6922,
    6209,
    5962,
    5198,
    5308,
    5059,
    4951,
    7283,
    7023,
    7023,
    6698,
    6697,
    5954,
    5127,
    5455,
    6909,
    7078,
    7002,
    6411,
    5730,
    5640,
    5920,
    5361,
    5189
  ],
  "Throughputs": [
    0.7943863365550112,
    1.4226100151745067,
    1.698168930891908,
    1.8736778482925354,
    2.046140467543097
  ],
  "AverageDelays": [
    6116.166666666667,
    5917.266666666666,
    5884.826086956522,
    6019.709677419355,
    6046.275
  ]
}