{
  "transactionTimestamps": [
    1706081040620,
    1706081041345,
    1706081041731,
    1706081041839,
    1706081042503,
    1706081042008,
    1706081042023,
    1706081043077,
    1706081043061,
    1706081043217,
    1706081045224,
    1706081045006,
    1706081045591,
    1706081045763,
    1706081045591,
    1706081045591,
    1706081046057,
    1706081046536,
    1706081046258,
    1706081046943,
    1706081046677,
    1706081047673,
    1706081047563,
    1706081048386,
    1706081048263,
    1706081048990,
    1706081049497,
    1706081049450,
    1706081049514,
    1706081049793,
    1706081050041,
    1706081050557,
    1706081050729,
    1706081050134,
    1706081050881,
    1706081051220,
    1706081052071,
    1706081051916,
    1706081051687,
    1706081052380,
    1706081053325,
    1706081053154,
    1706081053731,
    1706081053823,
    1706081053543,
    1706081054352,
    1706081054335
  ],
  "blockTimestamps": [
    1706081047741,
    1706081050748,
    1706081053737,
    1706081056736,
    1706081059740
  ],
  "blockTimes": [
    1706081047,
    1706081050,
    1706081053,
    1706081056,
    1706081059
  ],
  "blockTransactions": [
    8,
    8,
    9,
    13,
    9
  ],
  "Delays": [
    7121,
    6396,
    6010,
    5902,
    5238,
    5733,
    5718,
    4664,
    7687,
    7531,
    5524,
    5742,
    5157,
    4985,
    5157,
    5157,
    7680,
    7201,
    7479,
    6794,
    7060,
    6064,
    6174,
    5351,
    5474,
    7746,
    7239,
    7286,
    7222,
    6943,
    6695,
    6179,
    6007,
    6602,
    5855,
    5516,
    4665,
    4820,
    8053,
    7360,
    6415,
    6586,
    6009,
    5917,
    6197,
    5388,
    5405
  ],
  "Throughputs": [
    1.1234377194214296,
    1.5797788309636651,
    1.9059236105816877,
    2.3579051873914123,
    2.4581589958158996
  ],
  "AverageDelays": [
    5847.75,
    5857.625,
    6119.96,
    6204.578947368421,
    6236.255319148936
  ]
}