{
  "transactionTimestamps": [
    1706081054972,
    1706081056110,
    1706081056155,
    1706081057052,
    1706081057580,
    1706081057626,
    1706081058389,
    1706081058729,
    1706081058560,
    1706081059822,
    1706081060595,
    1706081060595,
    1706081061078,
    1706081060595,
    1706081060890,
    1706081060983,
    1706081062780,
    1706081062502,
    1706081062269,
    1706081062377,
    1706081063286,
    1706081063257,
    1706081063196,
    1706081064235,
    1706081064422,
    1706081064577,
    1706081065477,
    1706081065338,
    1706081065541,
    1706081066798,
    1706081067014,
    1706081066705,
    1706081066643,
    1706081067542,
    1706081067511,
    1706081068539,
    1706081068212,
    1706081068815,
    1706081069792
  ],
  "blockTimestamps": [
    1706081062736,
    1706081065740,
    1706081068743,
    1706081071743,
    1706081074742
  ],
  "blockTimes": [
    1706081062,
    1706081065,
    1706081068,
    1706081071,
    1706081074
  ],
  "blockTransactions": [
    5,
    10,
    8,
    9,
    7
  ],
  "Delays": [
    7764,
    6626,
    6581,
    5684,
    5156,
    8114,
    7351,
    7011,
    7180,
    5918,
    5145,
    5145,
    4662,
    5145,
    4850,
    7760,
    5963,
    6241,
    6474,
    6366,
    5457,
    5486,
    5547,
    7508,
    7321,
    7166,
    6266,
    6405,
    6202,
    4945,
    4729,
    5038,
    8099,
    7200,
    7231,
    6203,
    6530,
    5927,
    4950
  ],
  "Throughputs": [
    0.6439979392065945,
    1.3930163447251114,
    1.670176457773582,
    1.908055572118538,
    1.9726858877086495
  ],
  "AverageDelays": [
    6362.2,
    6155.466666666666,
    6157.652173913043,
    6162.6875,
    6239.641025641025
  ]
}