{
  "transactionTimestamps": [
    1706080921690,
    1706080921424,
    1706080922921,
    1706080923230,
    1706080925519,
    1706080925519,
    1706080925520,
    1706080927608,
    1706080926224,
    1706080926535,
    1706080927609,
    1706080928909,
    1706080928360,
    1706080929003,
    1706080929094,
    1706080929906,
    1706080929593,
    1706080930307,
    1706080930216,
    1706080931284,
    1706080933647,
    1706080932232,
    1706080933011,
    1706080933428,
    1706080934175,
    1706080933366,
    1706080933413,
    1706080934640
  ],
  "blockTimestamps": [
    1706080927744,
    1706080930745,
    1706080933741,
    1706080936745,
    1706080939758
  ],
  "blockTimes": [
    1706080927,
    1706080930,
    1706080933,
    1706080936,
    1706080939
  ],
  "blockTransactions": [
    2,
    5,
    6,
    7,
    8
  ],
  "Delays": [
    6054,
    6320,
    7824,
    7515,
    5226,
    5226,
    5225,
    6133,
    7517,
    7206,
    6132,
    4832,
    5381,
    7742,
    7651,
    6839,
    7152,
    6438,
    6529,
    5461,
    6111,
    7526,
    6747,
    6330,
    5583,
    6392,
    6345,
    5118
  ],
  "Throughputs": [
    0.3303600925008259,
    0.7730535615681944,
    1.0787486515641855,
    1.328462304882099,
    1.5497011290679654
  ],
  "AverageDelays": [
    6187,
    6198.571428571428,
    6199.307692307692,
    6420.15,
    6376.964285714285
  ]
}