{
  "transactionTimestamps": [
    1706080980829,
    1706080981759,
    1706080982378,
    1706080983088,
    1706080983386,
    1706080983867,
    1706080984707,
    1706080985564,
    1706080985564,
    1706080985564,
    1706080985626,
    1706080986234,
    1706080986872,
    1706080988255,
    1706080987446,
    1706080988035,
    1706080988255,
    1706080988644,
    1706080989880,
    1706080989435,
    1706080989047,
    1706080989695,
    1706080989974,
    1706080991310,
    1706080990832,
    1706080991977,
    1706080992288,
    1706080992816,
    1706080993202,
    1706080992847,
    1706080993450,
    1706080993773,
    1706080993988,
    1706080994144,
    1706080994701
  ],
  "blockTimestamps": [
    1706080987736,
    1706080990740,
    1706080993743,
    1706080996744,
    1706080999736
  ],
  "blockTimes": [
    1706080987,
    1706080990,
    1706080993,
    1706080996,
    1706080999
  ],
  "blockTransactions": [
    4,
    8,
    6,
    7,
    10
  ],
  "Delays": [
    6907,
    5977,
    5358,
    4648,
    7354,
    6873,
    6033,
    5176,
    5176,
    5176,
    5114,
    4506,
    6871,
    5488,
    6297,
    5708,
    5488,
    5099,
    6864,
    7309,
    7697,
    7049,
    6770,
    5434,
    5912,
    7759,
    7448,
    6920,
    6534,
    6889,
    6286,
    5963,
    5748,
    5592,
    5035
  ],
  "Throughputs": [
    0.5791226292167366,
    1.2107759055594793,
    1.3938361468174074,
    1.5708451146716935,
    1.8511662347278786
  ],
  "AverageDelays": [
    5722.5,
    5691.5,
    5736.055555555556,
    6011.36,
    6127.371428571429
  ]
}