{
  "transactionTimestamps": [
    1706080791504,
    1706080791427,
    1706080791459,
    1706080794051,
    1706080794154,
    1706080794342,
    1706080795215,
    1706080795432,
    1706080795526,
    1706080797711,
    1706080798618,
    1706080798648,
    1706080798725,
    1706080799687
  ],
  "blockTimestamps": [
    1706080798747,
    1706080801742,
    1706080804740
  ],
  "blockTimes": [
    1706080798,
    1706080801,
    1706080804
  ],
  "blockTransactions": [
    3,
    6,
    5
  ],
  "Delays": [
    7243,
    7320,
    7288,
    7691,
    7588,
    7400,
    6527,
    6310,
    6216,
    7029,
    6122,
    6092,
    6015,
    5053
  ],
  "Throughputs": [
    0.41419301394449815,
    0.8790779449111155,
    1.0577213659715925
  ],
  "AverageDelays": [
    7283.666666666667,
    7064.777777777777,
    6706.714285714285
  ]
}