{
  "transactionTimestamps": [
    1706080875629,
    1706080876079,
    1706080876585,
    1706080876508,
    1706080877407,
    1706080877312,
    1706080877607,
    1706080877824,
    1706080878428,
    1706080880497,
    1706080880499,
    1706080880498,
    1706080880572,
    1706080881035,
    1706080881455,
    1706080881721,
    1706080881129,
    1706080882499,
    1706080883198,
    1706080882718,
    1706080882640,
    1706080883663,
    1706080884052,
    1706080884436,
    1706080884822,
    1706080884517,
    1706080885102,
    1706080885581,
    1706080885659,
    1706080886231,
    1706080885796,
    1706080886881,
    1706080887394,
    1706080886896,
    1706080886882,
    1706080887595,
    1706080888369,
    1706080888462,
    1706080888677,
    1706080888741,
    1706080889186
  ],
  "blockTimestamps": [
    1706080882740,
    1706080885747,
    1706080888742,
    1706080892357,
    1706080894739
  ],
  "blockTimes": [
    1706080882,
    1706080885,
    1706080888,
    1706080891,
    1706080894
  ],
  "blockTransactions": [
    8,
    6,
    10,
    8,
    9
  ],
  "Delays": [
    7111,
    6661,
    6155,
    6232,
    5333,
    5428,
    5133,
    4916,
    7319,
    5250,
    5248,
    5249,
    5175,
    4712,
    7287,
    7021,
    7613,
    6243,
    5544,
    6024,
    6102,
    5079,
    4690,
    4306,
    7535,
    7840,
    7255,
    6776,
    6698,
    6126,
    6561,
    5476,
    7345,
    7843,
    7857,
    7144,
    6370,
    6277,
    6062,
    5998,
    5553
  ],
  "Throughputs": [
    1.1250175783996625,
    1.3836726625815379,
    1.8302447952413636,
    1.9129603060736489,
    2.1454735740450026
  ],
  "AverageDelays": [
    5871.125,
    5708.714285714285,
    5826.291666666667,
    6065.5625,
    6208.463414634146
  ]
}