{
  "transactionTimestamps": [
    1706081087026,
    1706081087227,
    1706081088426,
    1706081088256,
    1706081090616,
    1706081090615,
    1706081090801,
    1706081090615,
    1706081090645,
    1706081091892,
    1706081092048,
    1706081093450,
    1706081093450,
    1706081093712,
    1706081094784,
    1706081094754,
    1706081094351,
    1706081094785,
    1706081094707,
    1706081095504,
    1706081095814,
    1706081097681,
    1706081097085,
    1706081097039,
    1706081098411,
    1706081098397,
    1706081098361,
    1706081099104,
    1706081098516,
    1706081099710
  ],
  "blockTimestamps": [
    1706081092736,
    1706081096335,
    1706081098758,
    1706081101741,
    1706081104738
  ],
  "blockTimes": [
    1706081092,
    1706081095,
    1706081098,
    1706081101,
    1706081104
  ],
  "blockTransactions": [
    4,
    4,
    6,
    7,
    9
  ],
  "Delays": [
    5710,
    5509,
    4310,
    4480,
    5719,
    5720,
    5534,
    5720,
    8113,
    6866,
    6710,
    5308,
    5308,
    5046,
    6957,
    6987,
    7390,
    6956,
    7034,
    6237,
    5927,
    7057,
    7653,
    7699,
    6327,
    6341,
    6377,
    5634,
    6222,
    5028
  ],
  "Throughputs": [
    0.7005253940455342,
    0.8593833924159416,
    1.1933174224343677,
    1.4271151885830784,
    1.6937669376693767
  ],
  "AverageDelays": [
    5002.25,
    5337.75,
    5718.071428571428,
    6073.380952380952,
    6195.966666666666
  ]
}