{
  "transactionTimestamps": [
    1706081159892,
    1706081160003,
    1706081160467,
    1706081161182,
    1706081162562,
    1706081162888,
    1706081162642,
    1706081163893,
    1706081163613,
    1706081164250,
    1706081165028,
    1706081165060,
    1706081165665,
    1706081165666,
    1706081166427,
    1706081166113,
    1706081167670,
    1706081167917,
    1706081168368,
    1706081168833,
    1706081168894,
    1706081169736,
    1706081169334,
    1706081169148,
    1706081169859,
    1706081170625,
    1706081171243,
    1706081170406,
    1706081172293,
    1706081172277,
    1706081171817,
    1706081172403,
    1706081173227,
    1706081173242,
    1706081173609,
    1706081173900,
    1706081173869,
    1706081174577,
    1706081174720
  ],
  "blockTimestamps": [
    1706081167739,
    1706081170740,
    1706081173734,
    1706081176744,
    1706081179748
  ],
  "blockTimes": [
    1706081167,
    1706081170,
    1706081173,
    1706081176,
    1706081179
  ],
  "blockTransactions": [
    7,
    6,
    6,
    11,
    9
  ],
  "Delays": [
    7847,
    7736,
    7272,
    6557,
    5177,
    4851,
    5097,
    6847,
    7127,
    6490,
    5712,
    5680,
    5075,
    8068,
    7307,
    7621,
    6064,
    5817,
    5366,
    7911,
    7850,
    7008,
    7410,
    7596,
    6885,
    6119,
    5501,
    6338,
    4451,
    4467,
    7931,
    7345,
    6521,
    6506,
    6139,
    5848,
    5879,
    5171,
    5028
  ],
  "Throughputs": [
    0.8920606601248885,
    1.1983775811209438,
    1.37263401242595,
    1.7802041300735818,
    1.9641418211120063
  ],
  "AverageDelays": [
    6362.428571428572,
    6266.7692307692305,
    6405.8421052631575,
    6441.566666666667,
    6400.384615384615
  ]
}