{
  "transactionTimestamps": [
    1706080816630,
    1706080817637,
    1706080817515,
    1706080817019,
    1706080818337,
    1706080818554,
    1706080819923,
    1706080820480,
    1706080820479,
    1706080821307,
    1706080821245,
    1706080821367,
    1706080822472,
    1706080822939,
    1706080822674,
    1706080823479,
    1706080824772,
    1706080824335,
    1706080824819,
    1706080824912,
    1706080825691,
    1706080825909,
    1706080826730,
    1706080826127,
    1706080827508,
    1706080827880,
    1706080829023,
    1706080828835,
    1706080829286,
    1706080829381,
    1706080829475
  ],
  "blockTimestamps": [
    1706080822742,
    1706080825739,
    1706080828754,
    1706080831744,
    1706080834767
  ],
  "blockTimes": [
    1706080822,
    1706080825,
    1706080828,
    1706080831,
    1706080834
  ],
  "blockTransactions": [
    4,
    5,
    7,
    8,
    7
  ],
  "Delays": [
    6112,
    5105,
    5227,
    5723,
    7402,
    7185,
    5816,
    5259,
    5260,
    7447,
    7509,
    7387,
    6282,
    5815,
    6080,
    5275,
    6972,
    7409,
    6925,
    6832,
    6053,
    5835,
    5014,
    5617,
    7259,
    6887,
    5744,
    5932,
    5481,
    5386,
    5292
  ],
  "Throughputs": [
    0.6544502617801047,
    0.9880338127127017,
    1.319696469811943,
    1.5879317189360858,
    1.7092132105640403
  ],
  "AverageDelays": [
    5541.75,
    5898.777777777777,
    6180.25,
    6230.875,
    6178.129032258064
  ]
}