{
  "transactionTimestamps": [
    1706080799954,
    1706080801942,
    1706080801711,
    1706080803019,
    1706080803096,
    1706080803206,
    1706080804352,
    1706080805484,
    1706080805538,
    1706080805480,
    1706080805478,
    1706080805990,
    1706080806798,
    1706080807029,
    1706080807185,
    1706080808432,
    1706080807953,
    1706080808600,
    1706080808694,
    1706080809364,
    1706080809395,
    1706080809952,
    1706080810031,
    1706080810385,
    1706080810107,
    1706080810880,
    1706080811049,
    1706080812178,
    1706080812548,
    1706080812763,
    1706080813026,
    1706080812965,
    1706080813864,
    1706080814035,
    1706080814052,
    1706080814360,
    1706080815015
  ],
  "blockTimestamps": [
    1706080807743,
    1706080811335,
    1706080813732,
    1706080816740,
    1706080819740
  ],
  "blockTimes": [
    1706080807,
    1706080810,
    1706080813,
    1706080816,
    1706080819
  ],
  "blockTransactions": [
    4,
    8,
    7,
    9,
    9
  ],
  "Delays": [
    7789,
    5801,
    6032,
    4724,
    8239,
    8129,
    6983,
    5851,
    5797,
    5855,
    5857,
    5345,
    6934,
    6703,
    6547,
    5300,
    5779,
    5132,
    5038,
    7376,
    7345,
    6788,
    6709,
    6355,
    6633,
    5860,
    5691,
    4562,
    7192,
    6977,
    6714,
    6775,
    5876,
    5705,
    5688,
    5380,
    4725
  ],
  "Throughputs": [
    0.5135447425856978,
    1.054388893770319,
    1.3790100159674843,
    1.6680567139282734,
    1.8700090973415544
  ],
  "AverageDelays": [
    6086.5,
    6366.833333333333,
    6201.8421052631575,
    6255.5,
    6221.243243243243
  ]
}