{
  "transactionTimestamps": [
    1706080906276,
    1706080906585,
    1706080906990,
    1706080907501,
    1706080908266,
    1706080907920,
    1706080910514,
    1706080910514,
    1706080910453,
    1706080910936,
    1706080911575,
    1706080911172,
    1706080912056,
    1706080912009,
    1706080912322,
    1706080912836,
    1706080914000,
    1706080914373,
    1706080915850,
    1706080914407,
    1706080915062,
    1706080914811,
    1706080915634,
    1706080916114,
    1706080916284,
    1706080916939,
    1706080917248,
    1706080918023,
    1706080918555,
    1706080919003,
    1706080919313,
    1706080920217
  ],
  "blockTimestamps": [
    1706080912737,
    1706080915738,
    1706080918757,
    1706080921748,
    1706080924753
  ],
  "blockTimes": [
    1706080912,
    1706080915,
    1706080918,
    1706080921,
    1706080924
  ],
  "blockTransactions": [
    5,
    4,
    9,
    7,
    7
  ],
  "Delays": [
    6461,
    6152,
    5747,
    5236,
    4471,
    7818,
    5224,
    5224,
    5285,
    7821,
    7182,
    7585,
    6701,
    6748,
    6435,
    5921,
    4757,
    4384,
    5898,
    7341,
    6686,
    6937,
    6114,
    5634,
    5464,
    7814,
    7505,
    6730,
    6198,
    5750,
    5440,
    4536
  ],
  "Throughputs": [
    0.773874013310633,
    0.9511731135066582,
    1.4421921320407018,
    1.6158221302998967,
    1.731882881420144
  ],
  "AverageDelays": [
    5613.4,
    5735.333333333333,
    6064,
    6129.04,
    6162.46875
  ]
}