{
  "transactionTimestamps": [
    1706080860078,
    1706080860516,
    1706080860515,
    1706080860638,
    1706080861912,
    1706080861571,
    1706080862036,
    1706080861911,
    1706080862937,
    1706080863204,
    1706080864570,
    1706080865195,
    1706080865164,
    1706080864647,
    1706080865811,
    1706080865487,
    1706080865489,
    1706080865535,
    1706080865487,
    1706080866355,
    1706080866229,
    1706080866866,
    1706080867747,
    1706080868262,
    1706080868665,
    1706080868789,
    1706080868461,
    1706080868975,
    1706080868291,
    1706080869208,
    1706080869363,
    1706080869286,
    1706080869567,
    1706080869812,
    1706080870122,
    1706080870152,
    1706080870883,
    1706080871862,
    1706080872327,
    1706080872128,
    1706080872993,
    1706080873337,
    1706080873570,
    1706080873308,
    1706080873401,
    1706080873492,
    1706080874175,
    1706080874436,
    1706080874559
  ],
  "blockTimestamps": [
    1706080867746,
    1706080870737,
    1706080873748,
    1706080876739,
    1706080879740
  ],
  "blockTimes": [
    1706080867,
    1706080870,
    1706080873,
    1706080876,
    1706080879
  ],
  "blockTransactions": [
    9,
    11,
    10,
    8,
    11
  ],
  "Delays": [
    7668,
    7230,
    7231,
    7108,
    5834,
    6175,
    5710,
    5835,
    4809,
    7533,
    6167,
    5542,
    5573,
    6090,
    4926,
    5250,
    5248,
    5202,
    5250,
    4382,
    7519,
    6882,
    6001,
    5486,
    5083,
    4959,
    5287,
    4773,
    5457,
    4540,
    7376,
    7453,
    7172,
    6927,
    6617,
    6587,
    5856,
    4877,
    7413,
    7612,
    6747,
    6403,
    6170,
    6432,
    6339,
    6248,
    5565,
    5304,
    5181
  ],
  "Throughputs": [
    1.1737089201877935,
    1.8763486255746316,
    2.194586686174104,
    2.2807754636576436,
    2.4921167734716714
  ],
  "AverageDelays": [
    6400,
    5938.15,
    5825,
    5989.868421052632,
    6061.816326530612
  ]
}