{
  "transactionTimestamps": [
    1706081175975,
    1706081176023,
    1706081176459,
    1706081176272,
    1706081177283,
    1706081177517,
    1706081177330,
    1706081177266,
    1706081178199,
    1706081178573,
    1706081180094,
    1706081179565,
    1706081180047,
    1706081180679,
    1706081180679,
    1706081180635,
    1706081181129,
    1706081181486,
    1706081181174,
    1706081182508,
    1706081182338,
    1706081183580,
    1706081183672,
    1706081183872,
    1706081183904,
    1706081184293,
    1706081184978,
    1706081185466,
    1706081184806,
    1706081185502,
    1706081186570,
    1706081186865,
    1706081187331,
    1706081188090,
    1706081188432,
    1706081188944,
    1706081188246,
    1706081189500,
    1706081189207
  ],
  "blockTimestamps": [
    1706081182735,
    1706081185732,
    1706081188738,
    1706081191748,
    1706081194740
  ],
  "blockTimes": [
    1706081182,
    1706081185,
    1706081188,
    1706081191,
    1706081194
  ],
  "blockTransactions": [
    8,
    8,
    8,
    8,
    7
  ],
  "Delays": [
    6760,
    6712,
    6276,
    6463,
    5452,
    5218,
    5405,
    5469,
    7533,
    7159,
    5638,
    6167,
    5685,
    5053,
    5053,
    5097,
    7609,
    7252,
    7564,
    6230,
    6400,
    5158,
    5066,
    4866,
    7844,
    7455,
    6770,
    6282,
    6942,
    6246,
    5178,
    4883,
    7409,
    6650,
    6308,
    5796,
    6494,
    5240,
    5533
  ],
  "Throughputs": [
    1.183431952662722,
    1.639848314030952,
    1.880435634255269,
    2.0287833639764155,
    2.0783373301358914
  ],
  "AverageDelays": [
    5969.375,
    5946.25,
    6053.541666666667,
    6152.65625,
    6161.923076923077
  ]
}