{
  "transactionTimestamps": [
    1706081266728,
    1706081266634,
    1706081267876,
    1706081267937,
    1706081270734,
    1706081270734,
    1706081270659,
    1706081270408,
    1706081270734,
    1706081271700,
    1706081272042,
    1706081273382,
    1706081273475,
    1706081273756,
    1706081274488,
    1706081274643,
    1706081274319,
    1706081275498,
    1706081275202,
    1706081275621,
    1706081276968,
    1706081277390,
    1706081278662,
    1706081276998,
    1706081277916,
    1706081278194,
    1706081278785,
    1706081279033,
    1706081280202
  ],
  "blockTimestamps": [
    1706081273337,
    1706081275740,
    1706081278739,
    1706081282341,
    1706081284739
  ],
  "blockTimes": [
    1706081272,
    1706081275,
    1706081278,
    1706081281,
    1706081284
  ],
  "blockTransactions": [
    4,
    5,
    5,
    8,
    7
  ],
  "Delays": [
    6609,
    6703,
    5461,
    5400,
    5006,
    5006,
    5081,
    5332,
    5006,
    7039,
    6697,
    5357,
    5264,
    4983,
    7853,
    7698,
    8022,
    6843,
    7139,
    6720,
    5373,
    4951,
    6077,
    7741,
    6823,
    6545,
    5954,
    5706,
    4537
  ],
  "Throughputs": [
    0.6052352852171281,
    0.9986684420772303,
    1.165598201648489,
    1.409082175110485,
    1.6101271445227916
  ],
  "AverageDelays": [
    6043.25,
    5511.555555555556,
    5638.857142857143,
    6070.136363636364,
    6100.896551724138
  ]
}