{
  "transactionTimestamps": [
    1706081069651,
    1706081070175,
    1706081071190,
    1706081071468,
    1706081071483,
    1706081072597,
    1706081072796,
    1706081072395,
    1706081075109,
    1706081075604,
    1706081075825,
    1706081075730,
    1706081075604,
    1706081076828,
    1706081076504,
    1706081077076,
    1706081078583,
    1706081079171,
    1706081079699,
    1706081080039,
    1706081079730,
    1706081079591,
    1706081080367,
    1706081081129,
    1706081080756,
    1706081081020,
    1706081082914,
    1706081083379,
    1706081083593,
    1706081084059,
    1706081084183,
    1706081084414,
    1706081084342
  ],
  "blockTimestamps": [
    1706081077749,
    1706081080732,
    1706081083747,
    1706081086738,
    1706081089735
  ],
  "blockTimes": [
    1706081077,
    1706081080,
    1706081083,
    1706081086,
    1706081089
  ],
  "blockTransactions": [
    8,
    4,
    5,
    9,
    7
  ],
  "Delays": [
    8098,
    7574,
    6559,
    6281,
    6266,
    5152,
    4953,
    5354,
    5623,
    5128,
    4907,
    5002,
    8143,
    6919,
    7243,
    6671,
    5164,
    7567,
    7039,
    6699,
    7008,
    7147,
    6371,
    5609,
    5982,
    5718,
    6821,
    6356,
    6142,
    5676,
    5552,
    5321,
    5393
  ],
  "Throughputs": [
    0.9878982464806124,
    1.0829347531811209,
    1.206015891032917,
    1.5216246269093463,
    1.6430989842660826
  ],
  "AverageDelays": [
    6279.625,
    5908.083333333333,
    6178.64705882353,
    6314.5,
    6225.393939393939
  ]
}