{
  "transactionTimestamps": [
    1706081205711,
    1706081205561,
    1706081206833,
    1706081206925,
    1706081207111,
    1706081208227,
    1706081208756,
    1706081208275,
    1706081209829,
    1706081209998,
    1706081210699,
    1706081211087,
    1706081210699,
    1706081211026,
    1706081211477,
    1706081212158,
    1706081212533,
    1706081212480,
    1706081213623,
    1706081213545,
    1706081213857,
    1706081214275,
    1706081214927,
    1706081214867,
    1706081215037,
    1706081215998,
    1706081215025,
    1706081216340,
    1706081216185,
    1706081217144,
    1706081217543,
    1706081218535,
    1706081218811,
    1706081219247,
    1706081218827,
    1706081219680,
    1706081219448
  ],
  "blockTimestamps": [
    1706081212745,
    1706081215737,
    1706081218734,
    1706081221741,
    1706081224735
  ],
  "blockTimes": [
    1706081212,
    1706081215,
    1706081218,
    1706081221,
    1706081224
  ],
  "blockTransactions": [
    6,
    7,
    8,
    9,
    7
  ],
  "Delays": [
    7034,
    7184,
    5912,
    5820,
    5634,
    4518,
    6981,
    7462,
    5908,
    5739,
    5038,
    4650,
    5038,
    7708,
    7257,
    6576,
    6201,
    6254,
    5111,
    5189,
    4877,
    7466,
    6814,
    6874,
    6704,
    5743,
    6716,
    5401,
    5556,
    4597,
    7192,
    6200,
    5924,
    5488,
    5908,
    5055,
    5287
  ],
  "Throughputs": [
    0.8529997156667615,
    1.296628765210453,
    1.612531674729325,
    1.8714909544603866,
    1.9449116904962152
  ],
  "AverageDelays": [
    6017,
    5916.7692307692305,
    6004.333333333333,
    6065.4,
    6027.459459459459
  ]
}