{
  "transactionTimestamps": [
    1706081130751,
    1706081131748,
    1706081132523,
    1706081132309,
    1706081133065,
    1706081133720,
    1706081133128,
    1706081133657,
    1706081134545,
    1706081135647,
    1706081136161,
    1706081135647,
    1706081136006,
    1706081136925,
    1706081137479,
    1706081137062,
    1706081137695,
    1706081138268,
    1706081137988,
    1706081139120,
    1706081138647,
    1706081139389,
    1706081139638,
    1706081140183,
    1706081139667,
    1706081141571,
    1706081141188,
    1706081141016,
    1706081141651,
    1706081142132,
    1706081142583,
    1706081143126,
    1706081143219,
    1706081143265,
    1706081144026,
    1706081144242,
    1706081144134
  ],
  "blockTimestamps": [
    1706081137738,
    1706081140748,
    1706081143740,
    1706081146739,
    1706081149742
  ],
  "blockTimes": [
    1706081137,
    1706081140,
    1706081143,
    1706081146,
    1706081149
  ],
  "blockTransactions": [
    4,
    8,
    9,
    8,
    8
  ],
  "Delays": [
    6987,
    5990,
    5215,
    5429,
    7683,
    7028,
    7620,
    7091,
    6203,
    5101,
    4587,
    5101,
    7734,
    6815,
    6261,
    6678,
    6045,
    5472,
    5752,
    4620,
    5093,
    7350,
    7101,
    6556,
    7072,
    5168,
    5551,
    5723,
    5088,
    7610,
    7159,
    6616,
    6523,
    6477,
    5716,
    5500,
    5608
  ],
  "Throughputs": [
    0.5724917704308,
    1.2003601080324098,
    1.6167526368465623,
    1.8138603952964725,
    1.9482912958769945
  ],
  "AverageDelays": [
    5905.25,
    6169.583333333333,
    6119.285714285715,
    6141.862068965517,
    6197.918918918919
  ]
}