{
  "transactionTimestamps": [
    1706080890145,
    1706080891250,
    1706080891156,
    1706080891189,
    1706080892351,
    1706080892506,
    1706080892600,
    1706080894736,
    1706080895294,
    1706080895512,
    1706080895511,
    1706080895340,
    1706080895836,
    1706080895511,
    1706080896722,
    1706080896549,
    1706080897876,
    1706080898386,
    1706080898139,
    1706080898415,
    1706080899349,
    1706080899738,
    1706080899086,
    1706080899708,
    1706080899708,
    1706080899707,
    1706080900958,
    1706080901145,
    1706080901908,
    1706080901954,
    1706080902356,
    1706080902791,
    1706080903395,
    1706080903739,
    1706080904295,
    1706080903862,
    1706080904129
  ],
  "blockTimestamps": [
    1706080897738,
    1706080900738,
    1706080903746,
    1706080906744,
    1706080909739
  ],
  "blockTimes": [
    1706080897,
    1706080900,
    1706080903,
    1706080906,
    1706080909
  ],
  "blockTransactions": [
    7,
    7,
    6,
    10,
    7
  ],
  "Delays": [
    7593,
    6488,
    6582,
    6549,
    5387,
    5232,
    5138,
    6002,
    5444,
    5226,
    5227,
    5398,
    4902,
    5227,
    7024,
    7197,
    5870,
    5360,
    5607,
    5331,
    7395,
    7006,
    7658,
    7036,
    7036,
    7037,
    5786,
    5599,
    4836,
    4790,
    7383,
    6948,
    6344,
    6000,
    5444,
    5877,
    5610
  ],
  "Throughputs": [
    0.9219017516133281,
    1.321627489851789,
    1.4704801117564883,
    1.807337791433219,
    1.8883331632132285
  ],
  "AverageDelays": [
    6138.428571428572,
    5742.5,
    5839.2,
    6032.1,
    6069.4324324324325
  ]
}