{
  "transactionTimestamps": [
    1706080934701,
    1706080935170,
    1706080936837,
    1706080937162,
    1706080939367,
    1706080938358,
    1706080938049,
    1706080938126,
    1706080938218,
    1706080939429,
    1706080940578,
    1706080940532,
    1706080940532,
    1706080940532,
    1706080941154,
    1706080940983,
    1706080942007,
    1706080942253,
    1706080942981,
    1706080942578,
    1706080943355,
    1706080943259,
    1706080943728,
    1706080943544,
    1706080944497,
    1706080944763,
    1706080944949,
    1706080945447,
    1706080944686,
    1706080946158,
    1706080946374,
    1706080946849,
    1706080947114,
    1706080948168,
    1706080947406,
    1706080948016,
    1706080947796,
    1706080948743,
    1706080949520,
    1706080948961,
    1706080949768
  ],
  "blockTimestamps": [
    1706080942739,
    1706080945739,
    1706080948740,
    1706080951739,
    1706080954738
  ],
  "blockTimes": [
    1706080942,
    1706080945,
    1706080948,
    1706080951,
    1706080954
  ],
  "blockTransactions": [
    7,
    9,
    8,
    9,
    8
  ],
  "Delays": [
    8038,
    7569,
    5902,
    5577,
    3372,
    4381,
    4690,
    7613,
    7521,
    6310,
    5161,
    5207,
    5207,
    5207,
    4585,
    4756,
    6733,
    6487,
    5759,
    6162,
    5385,
    5481,
    5012,
    5196,
    7242,
    6976,
    6790,
    6292,
    7053,
    5581,
    5365,
    4890,
    4625,
    6570,
    7332,
    6722,
    6942,
    5995,
    5218,
    5777,
    4970
  ],
  "Throughputs": [
    0.8708633988554366,
    1.4495379597753215,
    1.7095234703326447,
    1.9368470477755604,
    2.046214503169137
  ],
  "AverageDelays": [
    5647,
    5693.5,
    5721.291666666667,
    5821.969696969697,
    5893.926829268293
  ]
}