{
  "transactionTimestamps": [
    1706081190483,
    1706081190358,
    1706081191357,
    1706081191511,
    1706081191882,
    1706081192798,
    1706081192999,
    1706081193483,
    1706081194636,
    1706081194684,
    1706081195693,
    1706081195787,
    1706081195804,
    1706081195693,
    1706081196349,
    1706081197299,
    1706081197733,
    1706081197750,
    1706081198557,
    1706081198464,
    1706081198774,
    1706081199627,
    1706081199084,
    1706081200097,
    1706081200035,
    1706081200159,
    1706081201260,
    1706081201290,
    1706081201930,
    1706081202055,
    1706081202724,
    1706081203185,
    1706081203201,
    1706081204064,
    1706081204079,
    1706081204436
  ],
  "blockTimestamps": [
    1706081197742,
    1706081200743,
    1706081203739,
    1706081206737,
    1706081209734
  ],
  "blockTimes": [
    1706081197,
    1706081200,
    1706081203,
    1706081206,
    1706081209
  ],
  "blockTransactions": [
    6,
    8,
    10,
    5,
    7
  ],
  "Delays": [
    7259,
    7384,
    6385,
    6231,
    5860,
    4944,
    7744,
    7260,
    6107,
    6059,
    5050,
    4956,
    4939,
    5050,
    7390,
    6440,
    6006,
    5989,
    5182,
    5275,
    4965,
    4112,
    4655,
    3642,
    6702,
    6578,
    5477,
    5447,
    4807,
    7679,
    7010,
    6549,
    6533,
    5670,
    5655,
    5298
  ],
  "Throughputs": [
    0.8265601322496211,
    1.364522417153996,
    1.8105009052504526,
    1.7841762027808539,
    1.8700327255726974
  ],
  "AverageDelays": [
    6343.833333333333,
    6087.714285714285,
    5786.833333333333,
    5789.482758620689,
    5896.916666666667
  ]
}