{
  "transactionTimestamps": [
    1706080966723,
    1706080967716,
    1706080967965,
    1706080969161,
    1706080970365,
    1706080970549,
    1706080970550,
    1706080971401,
    1706080971497,
    1706080972619,
    1706080973704,
    1706080973858,
    1706080973921,
    1706080975256,
    1706080974883,
    1706080975086,
    1706080975918,
    1706080977094,
    1706080977699,
    1706080977808,
    1706080978327,
    1706080979107,
    1706080979635,
    1706080979633
  ],
  "blockTimestamps": [
    1706080972749,
    1706080975741,
    1706080978779,
    1706080981756,
    1706080984753
  ],
  "blockTimes": [
    1706080972,
    1706080975,
    1706080978,
    1706080981,
    1706080984
  ],
  "blockTransactions": [
    3,
    4,
    4,
    7,
    6
  ],
  "Delays": [
    6026,
    5033,
    4784,
    6580,
    5376,
    5192,
    5191,
    7378,
    7282,
    6160,
    5075,
    7898,
    7835,
    6500,
    6873,
    6670,
    5838,
    4662,
    7054,
    6945,
    6426,
    5646,
    5118,
    5120
  ],
  "Throughputs": [
    0.49784268171257884,
    0.7762253271235307,
    0.9124087591240877,
    1.197365795250449,
    1.3311148086522462
  ],
  "AverageDelays": [
    5281,
    5454.571428571428,
    5825.181818181818,
    6130.722222222223,
    6110.916666666667
  ]
}