{
  "transactionTimestamps": [
    1706080831913,
    1706080831790,
    1706080833109,
    1706080833172,
    1706080835591,
    1706080835482,
    1706080835483,
    1706080835996,
    1706080836776,
    1706080837228,
    1706080838314,
    1706080838372,
    1706080839413,
    1706080839602,
    1706080839444,
    1706080840223,
    1706080840877,
    1706080841375,
    1706080842165,
    1706080842630,
    1706080843361,
    1706080843468,
    1706080843718,
    1706080844620
  ],
  "blockTimestamps": [
    1706080837734,
    1706080840740,
    1706080843738,
    1706080846742,
    1706080849734
  ],
  "blockTimes": [
    1706080837,
    1706080840,
    1706080843,
    1706080846,
    1706080849
  ],
  "blockTransactions": [
    3,
    5,
    5,
    5,
    6
  ],
  "Delays": [
    5821,
    5944,
    4625,
    7568,
    5149,
    5258,
    5257,
    4744,
    6962,
    6510,
    5424,
    5366,
    4325,
    7140,
    7298,
    6519,
    5865,
    5367,
    7569,
    7104,
    6373,
    6266,
    6016,
    5114
  ],
  "Throughputs": [
    0.5153753650575503,
    0.9063101846607001,
    1.0993657505285412,
    1.2138377503540358,
    1.34672577296448
  ],
  "AverageDelays": [
    5463.333333333333,
    5545.75,
    5611.7692307692305,
    5841.222222222223,
    5982.666666666667
  ]
}