{
  "transactionTimestamps": [
    1706080846684,
    1706080846047,
    1706080846514,
    1706080848063,
    1706080847675,
    1706080849196,
    1706080850484,
    1706080850484,
    1706080850530,
    1706080850312,
    1706080850485,
    1706080851262,
    1706080851683,
    1706080852395,
    1706080852815,
    1706080853265,
    1706080853389,
    1706080853698,
    1706080854176,
    1706080854750,
    1706080854677,
    1706080854516,
    1706080855138,
    1706080855729,
    1706080856178,
    1706080856409,
    1706080857263,
    1706080857032,
    1706080857543,
    1706080857108,
    1706080858376,
    1706080858266,
    1706080858611,
    1706080858982
  ],
  "blockTimestamps": [
    1706080853342,
    1706080855748,
    1706080858742,
    1706080861742,
    1706080864747
  ],
  "blockTimes": [
    1706080852,
    1706080855,
    1706080858,
    1706080861,
    1706080864
  ],
  "blockTransactions": [
    4,
    8,
    7,
    8,
    7
  ],
  "Delays": [
    6658,
    7295,
    6828,
    5279,
    8073,
    6552,
    5264,
    5264,
    5218,
    5436,
    5263,
    4486,
    7059,
    6347,
    5927,
    5477,
    5353,
    5044,
    4566,
    6992,
    7065,
    7226,
    6604,
    6013,
    5564,
    5333,
    4479,
    7715,
    7204,
    7639,
    6371,
    6481,
    6136,
    5765
  ],
  "Throughputs": [
    0.6007810153199159,
    1.323918799646955,
    1.575717366064024,
    1.7930668083410812,
    1.8823008359630184
  ],
  "AverageDelays": [
    6515,
    5968,
    5862.578947368421,
    5950.555555555556,
    6116.941176470588
  ]
}