{
  "transactionTimestamps": [
    1706081114847,
    1706081115765,
    1706081116526,
    1706081117787,
    1706081118379,
    1706081119693,
    1706081120635,
    1706081120636,
    1706081120839,
    1706081120636,
    1706081121941,
    1706081123092,
    1706081122874,
    1706081123217,
    1706081123746,
    1706081124875,
    1706081124642,
    1706081124533,
    1706081125185,
    1706081125949,
    1706081127454,
    1706081127576,
    1706081128457,
    1706081128582,
    1706081128955,
    1706081129385,
    1706081129679
  ],
  "blockTimestamps": [
    1706081122739,
    1706081125740,
    1706081128741,
    1706081131749,
    1706081134737
  ],
  "blockTimes": [
    1706081122,
    1706081125,
    1706081128,
    1706081131,
    1706081134
  ],
  "blockTransactions": [
    4,
    5,
    5,
    6,
    7
  ],
  "Delays": [
    7892,
    6974,
    6213,
    4952,
    7361,
    6047,
    5105,
    5104,
    4901,
    8105,
    6800,
    5649,
    5867,
    5524,
    8003,
    6874,
    7107,
    7216,
    6564,
    5800,
    7283,
    7161,
    6280,
    6155,
    5782,
    5352,
    5058
  ],
  "Throughputs": [
    0.5068423720223011,
    0.8262186725419994,
    1.0076291924571759,
    1.1832919181161992,
    1.3574660633484164
  ],
  "AverageDelays": [
    6507.75,
    6061,
    6178.142857142857,
    6402.9,
    6338.111111111111
  ]
}