{
  "transactionTimestamps": [
    1706080950638,
    1706080951275,
    1706080951604,
    1706080951681,
    1706080952113,
    1706080953012,
    1706080953523,
    1706080954785,
    1706080955545,
    1706080955930,
    1706080955545,
    1706080955885,
    1706080956753,
    1706080957110,
    1706080957857,
    1706080958092,
    1706080958870,
    1706080959196,
    1706080959473,
    1706080960140,
    1706080960311,
    1706080960716,
    1706080960653,
    1706080961315,
    1706080961968,
    1706080962863,
    1706080963394,
    1706080963765,
    1706080964228,
    1706080964462,
    1706080964723,
    1706080964924
  ],
  "blockTimestamps": [
    1706080957743,
    1706080960748,
    1706080963749,
    1706080966783,
    1706080969741
  ],
  "blockTimes": [
    1706080957,
    1706080960,
    1706080963,
    1706080966,
    1706080969
  ],
  "blockTransactions": [
    5,
    6,
    6,
    7,
    8
  ],
  "Delays": [
    7105,
    6468,
    6139,
    6062,
    5630,
    7736,
    7225,
    5963,
    5203,
    4818,
    5203,
    7864,
    6996,
    6639,
    5892,
    5657,
    4879,
    7587,
    7310,
    6643,
    6472,
    6067,
    6130,
    5468,
    7773,
    6878,
    6347,
    5976,
    5513,
    5279,
    5018,
    4817
  ],
  "Throughputs": [
    0.7037297677691766,
    1.0880316518298714,
    1.296621157806422,
    1.486528336946423,
    1.675129560801968
  ],
  "AverageDelays": [
    6280.8,
    6141.090909090909,
    6204.64705882353,
    6298.166666666667,
    6211.15625
  ]
}