{
  "transactionTimestamps": [
    1706081101417,
    1706081101711,
    1706081101648,
    1706081102240,
    1706081103112,
    1706081102880,
    1706081102801,
    1706081103548,
    1706081105624,
    1706081105528,
    1706081105811,
    1706081106339,
    1706081106120,
    1706081107021,
    1706081106990,
    1706081107593,
    1706081107270,
    1706081108302,
    1706081109694,
    1706081109697,
    1706081109646,
    1706081110270,
    1706081110720,
    1706081110256,
    1706081110966,
    1706081111619,
    1706081111634,
    1706081112560,
    1706081113085,
    1706081113605,
    1706081114089,
    1706081114430
  ],
  "blockTimestamps": [
    1706081107771,
    1706081110734,
    1706081113747,
    1706081116738,
    1706081119735
  ],
  "blockTimes": [
    1706081107,
    1706081110,
    1706081113,
    1706081116,
    1706081119
  ],
  "blockTransactions": [
    6,
    5,
    7,
    9,
    5
  ],
  "Delays": [
    6354,
    6060,
    6123,
    5531,
    4659,
    4891,
    7933,
    7186,
    5110,
    5206,
    4923,
    7408,
    7627,
    6726,
    6757,
    6154,
    6477,
    5445,
    7044,
    7041,
    7092,
    6468,
    6018,
    6482,
    5772,
    5119,
    5104,
    7175,
    6650,
    6130,
    5646,
    5305
  ],
  "Throughputs": [
    0.9442870632672332,
    1.1806375442739079,
    1.4598540145985401,
    1.7622870569806148,
    1.7469156021399714
  ],
  "AverageDelays": [
    5603,
    5816,
    6142.777777777777,
    6174.444444444444,
    6175.5
  ]
}