{"a": 0.3, "b": 0.7, "communities0": [[0, 37, 40, 136, 43, 107, 13, 46, 15, 118, 23, 57, 59], [1, 129, 130, 134, 6, 7, 9, 135, 11, 141, 21, 22, 24, 26, 32, 44, 47, 51, 54, 58, 73, 75, 78, 83, 84, 85, 87, 90, 96, 97, 98, 101, 102, 103, 111, 116, 119, 127], [2, 36, 133, 123, 126], [3, 4, 5, 138, 12, 14, 18, 19, 31, 33, 38, 45, 48, 55, 68, 74, 77, 79, 81, 91, 94, 99, 100, 105, 109, 114, 120, 124], [8, 72], [10, 131], [16, 140], [17, 20], [25, 76, 62], [64, 35, 42, 139, 49, 117, 86, 56, 27, 30, 63], [121, 115, 28], [122, 92, 29, 39], [34, 110], [41, 60], [65, 50, 132, 125], [52, 69], [108, 53], [80, 61], [66, 93], [112, 67], [70, 71, 137, 113, 82, 89, 95], [88, 106], [104, 142], [128]], "q0": 0.4522809334873556, "f0": 0.6125276452381195}