{"a": 0.5, "b": 0.5, "communities0": [[0, 34, 39, 8, 11, 44, 24, 26, 27, 28, 29], [1, 35, 4, 40, 42, 43, 14, 49, 20, 25], [19, 2, 3], [32, 5, 30], [6, 23], [7, 13, 15, 21, 22], [38, 9, 12, 48, 50], [33, 10, 18, 31], [16, 45], [17, 47], [36, 46], [41, 37]], "q0": 0.4083871953882435, "f0": 0.8856951820980424}