{"a": 0.6, "b": 0.4, "communities0": [[0, 24, 10, 78], [1, 26, 51, 23], [32, 2, 7, 43, 13, 14, 45, 28, 18, 19, 84, 27, 60, 61, 62, 63], [3, 11, 15, 16, 20, 55, 25, 58, 30, 57], [82, 4, 44, 71], [40, 5, 53], [33, 6], [8, 22], [48, 9], [64, 65, 35, 73, 12, 77, 46, 49, 52], [17, 69], [38, 72, 41, 47, 79, 81, 50, 83, 21, 59, 31], [67, 68, 29, 54], [34, 42, 37, 70], [74, 36], [56, 76, 39], [66, 85], [80, 75]], "q0": 0.4620062630430602, "f0": 0.9028987295499442}