{
  "transactionTimestamps": [
    1705977153943,
    1705977153943,
    1705977154743,
    1705977155461,
    1705977155679,
    1705977156427,
    1705977156489,
    1705977157224,
    1705977157317,
    1705977157878,
    1705977158236,
    1705977158939
  ],
  "blockTimestamps": [
    1705977156471,
    1705977159069,
    1705977163493
  ],
  "blockTimes": [
    1705977154,
    1705977155,
    1705977158
  ],
  "blockTransactions": [
    3,
    2,
    7
  ],
  "Delays": [
    2528,
    2528,
    1728,
    3608,
    3390,
    7066,
    7004,
    6269,
    6176,
    5615,
    5257,
    4554
  ],
  "Throughputs": [
    1.1867088607594936,
    0.9754194303550526,
    1.256544502617801
  ],
  "AverageDelays": [
    2261.3333333333335,
    2756.4,
    4643.583333333333
  ]
}