{
  "transactionTimestamps": [
    1705977395834,
    1705977395834,
    1705977397395,
    1705977397674,
    1705977398172,
    1705977398721,
    1705977399297,
    1705977399374,
    1705977399938,
    1705977400218,
    1705977400858,
    1705977401108
  ],
  "blockTimestamps": [
    1705977400727,
    1705977402621,
    1705977408508
  ],
  "blockTimes": [
    1705977396,
    1705977400,
    1705977402
  ],
  "blockTransactions": [
    9,
    1,
    2
  ],
  "Delays": [
    4893,
    4893,
    3332,
    3053,
    2555,
    2006,
    1430,
    1353,
    789,
    2403,
    7650,
    7400
  ],
  "Throughputs": [
    1.8393623543838138,
    1.4734050390452336,
    0.9468202619536058
  ],
  "AverageDelays": [
    2700.4444444444443,
    2670.7,
    3479.75
  ]
}