{
  "transactionTimestamps": [
    1705976293373,
    1705976293373,
    1705976294357,
    1705976294590,
    1705976295010,
    1705976295507,
    1705976295772,
    1705976296176,
    1705976296533,
    1705976297106,
    1705976297356,
    1705976298010
  ],
  "blockTimestamps": [
    1705976296625,
    1705976297381,
    1705976298328,
    1705976298829
  ],
  "blockTimes": [
    1705976291,
    1705976296,
    1705976297,
    1705976298
  ],
  "blockTransactions": [
    4,
    4,
    2,
    2
  ],
  "Delays": [
    3252,
    3252,
    2268,
    2035,
    2371,
    1874,
    1609,
    1205,
    1795,
    1222,
    1473,
    819
  ],
  "Throughputs": [
    1.2300123001230012,
    1.996007984031936,
    2.0181634712411705,
    2.19941348973607
  ],
  "AverageDelays": [
    2701.75,
    2233.25,
    2088.3,
    1931.25
  ]
}