{
  "transactionTimestamps": [
    1705976814157,
    1705976815324,
    1705976816102,
    1705976814157,
    1705976817003,
    1705976817065,
    1705976817766,
    1705976818001,
    1705976816457,
    1705976818797,
    1705976818859,
    1705976819483,
    1705976820510
  ],
  "blockTimestamps": [
    1705976818685,
    1705976819421,
    1705976821777,
    1705976828053
  ],
  "blockTimes": [
    1705976812,
    1705976817,
    1705976818,
    1705976821
  ],
  "blockTransactions": [
    2,
    7,
    2,
    2
  ],
  "Delays": [
    4528,
    3361,
    3319,
    5264,
    2418,
    2356,
    1655,
    1420,
    2964,
    2980,
    2918,
    8570,
    7543
  ],
  "Throughputs": [
    0.441696113074205,
    1.709726443768997,
    1.4435695538057742,
    0.9355210132412204
  ],
  "AverageDelays": [
    3944.5,
    3031.6666666666665,
    3016.6363636363635,
    3792
  ]
}