{
  "transactionTimestamps": [
    1705977213847,
    1705977215025,
    1705977215884,
    1705977216600,
    1705977217240,
    1705977218068,
    1705977218940,
    1705977219972,
    1705977220737,
    1705977221599,
    1705977222315,
    1705977223391
  ],
  "blockTimestamps": [
    1705977219043,
    1705977219517,
    1705977219772,
    1705977226517
  ],
  "blockTimes": [
    1705977215,
    1705977218,
    1705977219,
    1705977221
  ],
  "blockTransactions": [
    2,
    4,
    1,
    5
  ],
  "Delays": [
    5196,
    4018,
    3633,
    2917,
    2277,
    1449,
    832,
    6545,
    5780,
    4918,
    4202,
    3126
  ],
  "Throughputs": [
    0.3849114703618168,
    1.0582010582010581,
    1.1814345991561181,
    0.9471191791633781
  ],
  "AverageDelays": [
    4607,
    3248.3333333333335,
    2903.1428571428573,
    3741.0833333333335
  ]
}