{
  "transactionTimestamps": [
    1705977577430,
    1705977577430,
    1705977578127,
    1705977578408,
    1705977578952,
    1705977579139,
    1705977579968,
    1705977579874,
    1705977580698,
    1705977580668,
    1705977581353,
    1705977581648
  ],
  "blockTimestamps": [
    1705977613341
  ],
  "blockTimes": [
    1705977576
  ],
  "blockTransactions": [
    12
  ],
  "Delays": [
    35911,
    35911,
    35214,
    34933,
    34389,
    34202,
    33373,
    33467,
    32643,
    32673,
    31988,
    31693
  ],
  "Throughputs": [
    0.3341594497507727
  ],
  "AverageDelays": [
    33866.416666666664
  ]
}