{
  "transactionTimestamps": [
    1705977508840,
    1705977508840,
    1705977509542,
    1705977509837,
    1705977510445,
    1705977510649,
    1705977511518,
    1705977511581,
    1705977512502,
    1705977512502,
    1705977513174,
    1705977513453
  ],
  "blockTimestamps": [
    1705977511386,
    1705977511864,
    1705977516855
  ],
  "blockTimes": [
    1705977508,
    1705977510,
    1705977511
  ],
  "blockTransactions": [
    5,
    1,
    6
  ],
  "Delays": [
    2546,
    2546,
    1844,
    1549,
    941,
    1215,
    5337,
    5274,
    4353,
    4353,
    3681,
    3402
  ],
  "Throughputs": [
    1.9638648860958368,
    1.9841269841269842,
    1.4971927635683093
  ],
  "AverageDelays": [
    1885.2,
    1773.5,
    3086.75
  ]
}