{
  "transactionTimestamps": [
    1705977423164,
    1705977423164,
    1705977423874,
    1705977423936,
    1705977424654,
    1705977424952,
    1705977425544,
    1705977425701,
    1705977426341,
    1705977426341,
    1705977427227,
    1705977427195
  ],
  "blockTimestamps": [
    1705977424591,
    1705977425138,
    1705977425473,
    1705977425768,
    1705977429260
  ],
  "blockTimes": [
    1705977424,
    1705977425,
    1705977426,
    1705977427,
    1705977428
  ],
  "blockTransactions": [
    2,
    2,
    1,
    1,
    6
  ],
  "Delays": [
    1427,
    1427,
    1264,
    1202,
    819,
    816,
    3716,
    3559,
    2919,
    2919,
    2033,
    2065
  ],
  "Throughputs": [
    1.4015416958654519,
    2.026342451874367,
    2.1654395842355996,
    2.304147465437788,
    1.968503937007874
  ],
  "AverageDelays": [
    1427,
    1330,
    1227.8,
    1159.1666666666667,
    2013.8333333333333
  ]
}