{
  "transactionTimestamps": [
    1705977486905,
    1705977486905,
    1705977487682,
    1705977488447,
    1705977488431,
    1705977489211,
    1705977489305,
    1705977490008,
    1705977490273,
    1705977490961,
    1705977491163,
    1705977492160
  ],
  "blockTimestamps": [
    1705977492963,
    1705977494742
  ],
  "blockTimes": [
    1705977488,
    1705977492
  ],
  "blockTransactions": [
    11,
    1
  ],
  "Delays": [
    6058,
    6058,
    5281,
    4516,
    4532,
    3752,
    3658,
    2955,
    2690,
    2002,
    1800,
    2582
  ],
  "Throughputs": [
    1.8157807857378674,
    1.5311981625622049
  ],
  "AverageDelays": [
    3936.5454545454545,
    3823.6666666666665
  ]
}