{
  "transactionTimestamps": [
    1705978607423,
    1705978608656,
    1705978609500,
    1705978610138,
    1705978611027,
    1705978612101,
    1705978612882,
    1705978615174,
    1705978614229,
    1705978615830,
    1705978616486,
    1705978617282,
    1705978618344
  ],
  "blockTimestamps": [
    1705978625750
  ],
  "blockTimes": [
    1705978606
  ],
  "blockTransactions": [
    13
  ],
  "Delays": [
    18327,
    17094,
    16250,
    15612,
    14723,
    13649,
    12868,
    10576,
    11521,
    9920,
    9264,
    8468,
    7406
  ],
  "Throughputs": [
    0.7093359524199269
  ],
  "AverageDelays": [
    12744.461538461539
  ]
}