{
  "transactionTimestamps": [
    1705976642995,
    1705976642995,
    1705976644001,
    1705976643753,
    1705976644626,
    1705976644642,
    1705976645484,
    1705976645594,
    1705976646278,
    1705976646355,
    1705976647009,
    1705976647151
  ],
  "blockTimestamps": [
    1705976645778,
    1705976649297
  ],
  "blockTimes": [
    1705976643,
    1705976645
  ],
  "blockTransactions": [
    2,
    10
  ],
  "Delays": [
    2783,
    2783,
    5296,
    5544,
    4671,
    4655,
    3813,
    3703,
    3019,
    2942,
    2288,
    2146
  ],
  "Throughputs": [
    0.7186489399928135,
    1.904157410345922
  ],
  "AverageDelays": [
    2783,
    3636.9166666666665
  ]
}