{
  "transactionTimestamps": [
    1705976335019,
    1705976336033,
    1705976335019,
    1705976336729,
    1705976336790,
    1705976337474,
    1705976337895,
    1705976338223,
    1705976338846,
    1705976339063,
    1705976339811,
    1705976339873
  ],
  "blockTimestamps": [
    1705976336369,
    1705976336729,
    1705976337789,
    1705976338485,
    1705976338950,
    1705976342387
  ],
  "blockTimes": [
    1705976336,
    1705976337,
    1705976339,
    1705976340,
    1705976341,
    1705976342
  ],
  "blockTransactions": [
    1,
    2,
    2,
    1,
    2,
    4
  ],
  "Delays": [
    1350,
    696,
    1710,
    1060,
    999,
    1011,
    1055,
    727,
    3541,
    3324,
    2576,
    2514
  ],
  "Throughputs": [
    0.7407407407407407,
    1.7543859649122808,
    1.8050541516245486,
    1.7311021350259663,
    2.035105571101501,
    1.6286644951140063
  ],
  "AverageDelays": [
    1350,
    1252,
    1163,
    1137.6666666666667,
    1076,
    1713.5833333333333
  ]
}