{
  "transactionTimestamps": [
    1705976310178,
    1705976310178,
    1705976311268,
    1705976310973,
    1705976311815,
    1705976312003,
    1705976312610,
    1705976312796,
    1705976313348,
    1705976313535,
    1705976314254,
    1705976314674
  ],
  "blockTimestamps": [
    1705976312653,
    1705976313853,
    1705976314409,
    1705976317780
  ],
  "blockTimes": [
    1705976311,
    1705976313,
    1705976314,
    1705976315
  ],
  "blockTransactions": [
    6,
    3,
    1,
    2
  ],
  "Delays": [
    2475,
    2475,
    1385,
    1680,
    838,
    650,
    1243,
    1057,
    505,
    874,
    3526,
    3106
  ],
  "Throughputs": [
    2.4242424242424243,
    2.4489795918367347,
    2.363507445048452,
    1.5785319652722967
  ],
  "AverageDelays": [
    1583.8333333333333,
    1367.5555555555557,
    1318.2,
    1651.1666666666667
  ]
}