{
  "transactionTimestamps": [
    1705978356383,
    1705978356383,
    1705978357269,
    1705978357517,
    1705978358203,
    1705978358218,
    1705978358859,
    1705978358874,
    1705978359560,
    1705978359979,
    1705978360573,
    1705978360774
  ],
  "blockTimestamps": [
    1705978361136,
    1705978362946
  ],
  "blockTimes": [
    1705978356,
    1705978360
  ],
  "blockTransactions": [
    6,
    6
  ],
  "Delays": [
    4753,
    4753,
    3867,
    3619,
    2933,
    2918,
    4087,
    4072,
    3386,
    2967,
    2373,
    2172
  ],
  "Throughputs": [
    1.2623606143488322,
    1.8284321194575652
  ],
  "AverageDelays": [
    3807.1666666666665,
    3491.6666666666665
  ]
}