{
  "transactionTimestamps": [
    1705976684141,
    1705976684141,
    1705976685045,
    1705976685030,
    1705976686090,
    1705976686139,
    1705976686824,
    1705976687199,
    1705976687555,
    1705976688103,
    1705976688649,
    1705976688805
  ],
  "blockTimestamps": [
    1705976689546,
    1705976692612
  ],
  "blockTimes": [
    1705976686,
    1705976688
  ],
  "blockTransactions": [
    7,
    5
  ],
  "Delays": [
    5405,
    5405,
    4501,
    4516,
    3456,
    3407,
    2722,
    5413,
    5057,
    4509,
    3963,
    3807
  ],
  "Throughputs": [
    1.2950971322849214,
    1.4165978042734033
  ],
  "AverageDelays": [
    4201.714285714285,
    4346.75
  ]
}