{
  "transactionTimestamps": [
    1705977170728,
    1705977170728,
    1705977171603,
    1705977171959,
    1705977172350,
    1705977172709,
    1705977173317,
    1705977173693,
    1705977173946,
    1705977174448,
    1705977174821,
    1705977175117
  ],
  "blockTimestamps": [
    1705977182477
  ],
  "blockTimes": [
    1705977170
  ],
  "blockTransactions": [
    12
  ],
  "Delays": [
    11749,
    11749,
    10874,
    10518,
    10127,
    9768,
    9160,
    8784,
    8531,
    8029,
    7656,
    7360
  ],
  "Throughputs": [
    1.0213635202995999
  ],
  "AverageDelays": [
    9525.416666666666
  ]
}