{
  "transactionTimestamps": [
    1705976659492,
    1705976659492,
    1705976660542,
    1705976660558,
    1705976661402,
    1705976661635,
    1705976662290,
    1705976662432,
    1705976663258,
    1705976663367,
    1705976664350,
    1705976664397,
    1705976665472,
    1705976668123,
    1705976667450,
    1705976668963,
    1705976670836,
    1705976671493,
    1705976670167,
    1705976672287
  ],
  "blockTimestamps": [
    1705976664691,
    1705976666599,
    1705976668237,
    1705976671533,
    1705976671603,
    1705976679946
  ],
  "blockTimes": [
    1705976660,
    1705976665,
    1705976667,
    1705976669,
    1705976670,
    1705976673
  ],
  "blockTransactions": [
    10,
    2,
    1,
    1,
    3,
    3
  ],
  "Delays": [
    5199,
    5199,
    4149,
    4133,
    3289,
    3056,
    2401,
    2259,
    1433,
    1324,
    2249,
    2202,
    2765,
    3410,
    4153,
    2640,
    767,
    8453,
    9779,
    7659
  ],
  "Throughputs": [
    1.9234468166955185,
    1.6884761502743773,
    1.4865637507146943,
    1.1626941283946515,
    1.4036826025926843,
    0.977803852547179
  ],
  "AverageDelays": [
    3244.2,
    3074.4166666666665,
    3050.6153846153848,
    3076.285714285714,
    2978.1176470588234,
    3825.95
  ]
}