{
  "transactionTimestamps": [
    1705977262475,
    1705977263592,
    1705977264605,
    1705977265676,
    1705977266581,
    1705977267643,
    1705977268343,
    1705977269279,
    1705977270295,
    1705977271057,
    1705977271724,
    1705977272596
  ],
  "blockTimestamps": [
    1705977264610,
    1705977268645,
    1705977270042,
    1705977270330,
    1705977273591,
    1705977274547
  ],
  "blockTimes": [
    1705977262,
    1705977263,
    1705977268,
    1705977269,
    1705977271,
    1705977272
  ],
  "blockTransactions": [
    1,
    4,
    2,
    1,
    2,
    2
  ],
  "Delays": [
    2135,
    5053,
    4040,
    2969,
    2064,
    2399,
    1699,
    1051,
    3296,
    2534,
    2823,
    1951
  ],
  "Throughputs": [
    0.468384074941452,
    0.8103727714748784,
    0.9250693802035153,
    1.0184595798854232,
    0.8996041741633681,
    0.9940357852882704
  ],
  "AverageDelays": [
    2135,
    3252.2,
    2908.4285714285716,
    2676.25,
    2724,
    2667.8333333333335
  ]
}