{
  "transactionTimestamps": [
    1705977127121,
    1705977127121,
    1705977128345,
    1705977128689,
    1705977129438,
    1705977129672,
    1705977130094,
    1705977130623,
    1705977130734,
    1705977131468,
    1705977131562,
    1705977132185
  ],
  "blockTimestamps": [
    1705977128410,
    1705977134135,
    1705977134319
  ],
  "blockTimes": [
    1705977127,
    1705977129,
    1705977133
  ],
  "blockTransactions": [
    2,
    8,
    2
  ],
  "Delays": [
    1289,
    1289,
    5790,
    5446,
    4697,
    4463,
    4041,
    3512,
    3401,
    2667,
    2757,
    2134
  ],
  "Throughputs": [
    1.5515903801396431,
    1.42571998859424,
    1.667129758266185
  ],
  "AverageDelays": [
    1289,
    3659.5,
    3457.1666666666665
  ]
}