{
  "transactionTimestamps": [
    1705978272682,
    1705978272682,
    1705978274005,
    1705978274411,
    1705978275020,
    1705978275454,
    1705978276063,
    1705978276361,
    1705978276887,
    1705978277077,
    1705978277764,
    1705978277843
  ],
  "blockTimestamps": [
    1705978276361,
    1705978278430,
    1705978278585
  ],
  "blockTimes": [
    1705978274,
    1705978275,
    1705978277
  ],
  "blockTransactions": [
    5,
    2,
    5
  ],
  "Delays": [
    3679,
    3679,
    2356,
    1950,
    1341,
    2976,
    2367,
    2224,
    1698,
    1508,
    821,
    742
  ],
  "Throughputs": [
    1.359064963305246,
    1.2178148921363952,
    2.032864645095714
  ],
  "AverageDelays": [
    2601,
    2621.1428571428573,
    2111.75
  ]
}