{
  "transactionTimestamps": [
    1705977191172,
    1705977191172,
    1705977192204,
    1705977192547,
    1705977193014,
    1705977193264,
    1705977193917,
    1705977194056,
    1705977194681,
    1705977194852,
    1705977195802,
    1705977195817
  ],
  "blockTimestamps": [
    1705977195813,
    1705977197790,
    1705977199471
  ],
  "blockTimes": [
    1705977190,
    1705977195,
    1705977197
  ],
  "blockTransactions": [
    7,
    3,
    2
  ],
  "Delays": [
    4641,
    4641,
    3609,
    3266,
    2799,
    2549,
    1896,
    3734,
    3109,
    2938,
    3669,
    3654
  ],
  "Throughputs": [
    1.5082956259426847,
    1.5110305228165608,
    1.4459573442583444
  ],
  "AverageDelays": [
    3343,
    3318.2,
    3375.4166666666665
  ]
}