{
  "transactionTimestamps": [
    1705977532179,
    1705977532179,
    1705977533241,
    1705977533428,
    1705977533976,
    1705977534504,
    1705977535017,
    1705977535203,
    1705977536035,
    1705977536313,
    1705977536719,
    1705977537217
  ],
  "blockTimestamps": [
    1705977560323
  ],
  "blockTimes": [
    1705977531
  ],
  "blockTransactions": [
    12
  ],
  "Delays": [
    28144,
    28144,
    27082,
    26895,
    26347,
    25819,
    25306,
    25120,
    24288,
    24010,
    23604,
    23106
  ],
  "Throughputs": [
    0.42637862421830586
  ],
  "AverageDelays": [
    25655.416666666668
  ]
}