{
  "transactionTimestamps": [
    1705978429404,
    1705978430311,
    1705978429404,
    1705978431262,
    1705978431357,
    1705978432228,
    1705978432305,
    1705978433038,
    1705978433179,
    1705978433740,
    1705978434159,
    1705978434455,
    1705978434878,
    1705978435683,
    1705978436617,
    1705978437395,
    1705978438172,
    1705978438828
  ],
  "blockTimestamps": [
    1705978434463,
    1705978438227,
    1705978439774,
    1705978440888
  ],
  "blockTimes": [
    1705978427,
    1705978435,
    1705978437,
    1705978439
  ],
  "blockTransactions": [
    10,
    3,
    3,
    2
  ],
  "Delays": [
    5059,
    4152,
    5059,
    3201,
    3106,
    2235,
    2158,
    1425,
    1284,
    723,
    4068,
    3772,
    3349,
    4091,
    3157,
    2379,
    2716,
    2060
  ],
  "Throughputs": [
    1.9766752322593397,
    1.4734217386376516,
    1.5429122468659595,
    1.567398119122257
  ],
  "AverageDelays": [
    2840.2,
    3045.4615384615386,
    3076.125,
    2999.6666666666665
  ]
}