{
  "transactionTimestamps": [
    1705976700765,
    1705976700765,
    1705976701815,
    1705976701970,
    1705976702719,
    1705976702955,
    1705976703529,
    1705976703809,
    1705976704420,
    1705976704639,
    1705976705509,
    1705976705649,
    1705976706554,
    1705976707477,
    1705976708131,
    1705976708943,
    1705976709831,
    1705976710535
  ],
  "blockTimestamps": [
    1705976721900
  ],
  "blockTimes": [
    1705976700
  ],
  "blockTransactions": [
    18
  ],
  "Delays": [
    21135,
    21135,
    20085,
    19930,
    19181,
    18945,
    18371,
    18091,
    17480,
    17261,
    16391,
    16251,
    15346,
    14423,
    13769,
    12957,
    12069,
    11365
  ],
  "Throughputs": [
    0.8516678495386798
  ],
  "AverageDelays": [
    16899.166666666668
  ]
}