{
  "transactionTimestamps": [
    1705976273804,
    1705976273804,
    1705976274646,
    1705976274908,
    1705976275606,
    1705976275870,
    1705976276568,
    1705976276847,
    1705976277349,
    1705976277786,
    1705976278145,
    1705976278504
  ],
  "blockTimestamps": [
    1705976280767
  ],
  "blockTimes": [
    1705976272
  ],
  "blockTransactions": [
    12
  ],
  "Delays": [
    6963,
    6963,
    6121,
    5859,
    5161,
    4897,
    4199,
    3920,
    3418,
    2981,
    2622,
    2263
  ],
  "Throughputs": [
    1.7233950883239983
  ],
  "AverageDelays": [
    4613.916666666667
  ]
}