{
  "transactionTimestamps": [
    1705977434020,
    1705977434020,
    1705977434792,
    1705977435134,
    1705977435649,
    1705977436183,
    1705977436542,
    1705977437163,
    1705977437584,
    1705977438131,
    1705977438537,
    1705977438912
  ],
  "blockTimestamps": [
    1705977437374,
    1705977440314,
    1705977442147
  ],
  "blockTimes": [
    1705977433,
    1705977436,
    1705977439
  ],
  "blockTransactions": [
    5,
    2,
    5
  ],
  "Delays": [
    3354,
    3354,
    2582,
    2240,
    1725,
    4131,
    3772,
    4984,
    4563,
    4016,
    3610,
    3235
  ],
  "Throughputs": [
    1.4907573047107932,
    1.1121703209405784,
    1.4765596160944996
  ],
  "AverageDelays": [
    2651,
    3022.5714285714284,
    3463.8333333333335
  ]
}