{"a": 0.4, "b": 0.6, "communities0": [[0, 15], [1, 11], [2, 20], [17, 3], [4, 7, 9, 14, 19], [13, 5], [12, 6], [8, 10], [16, 18]], "q0": 0.46031746031746024, "f0": 0.699044045320529}