{"a": 0.8, "b": 0.2, "communities0": [[0, 16, 27, 24], [1, 7], [2, 28, 39], [3, 37], [34, 35, 4, 11, 17, 22, 30], [10, 5], [36, 6, 8, 41, 40, 12, 14, 19, 23], [9, 44], [25, 13], [26, 15], [33, 18], [20, 21], [43, 29], [38, 31], [32, 42]], "q0": 0.45760193975821334, "f0": 0.8388319591190724}