{
  "transactionTimestamps": [
    1706158180533,
    1706158181169,
    1706158182052,
    1706158183212,
    1706158183895,
    1706158183521,
    1706158183336,
    1706158184605,
    1706158184404,
    1706158184187,
    1706158185774,
    1706158185206,
    1706158185888,
    1706158186105,
    1706158186615,
    1706158186105,
    1706158187002,
    1706158187003,
    1706158186692,
    1706158187003,
    1706158186955,
    1706158187064,
    1706158187777,
    1706158189249,
    1706158189897,
    1706158189620,
    1706158190597,
    1706158190100,
    1706158190734,
    1706158191772,
    1706158191924,
    1706158192579,
    1706158192624,
    1706158192732,
    1706158192732,
    1706158193024,
    1706158193365,
    1706158192453,
    1706158192832,
    1706158193569,
    1706158193040,
    1706158193320,
    1706158193522,
    1706158193723,
    1706158194153,
    1706158195543,
    1706158196071,
    1706158195667,
    1706158196969,
    1706158196599,
    1706158197308,
    1706158197650,
    1706158197947,
    1706158198550,
    1706158198566,
    1706158198287,
    1706158198941,
    1706158199166,
    1706158198904,
    1706158199229,
    1706158198875,
    1706158199661,
    1706158199909,
    1706158199486,
    1706158199426,
    1706158199815
  ],
  "blockTimestamps": [
    1706158188193,
    1706158191184,
    1706158194182,
    1706158197179,
    1706158200182,
    1706158203180,
    1706158206178
  ],
  "blockTimes": [
    1706158188,
    1706158191,
    1706158194,
    1706158197,
    1706158200,
    1706158203,
    1706158206
  ],
  "blockTransactions": [
    5,
    11,
    8,
    10,
    11,
    11,
    10
  ],
  "Delays": [
    7660,
    7024,
    6141,
    4981,
    4298,
    7663,
    7848,
    6579,
    6780,
    6997,
    5410,
    5978,
    5296,
    5079,
    4569,
    5079,
    7180,
    7179,
    7490,
    7179,
    7227,
    7118,
    6405,
    4933,
    7282,
    7559,
    6582,
    7079,
    6445,
    5407,
    5255,
    4600,
    4555,
    4447,
    7450,
    7158,
    6817,
    7729,
    7350,
    6613,
    7142,
    6862,
    6660,
    6459,
    6029,
    7637,
    7109,
    7513,
    6211,
    6581,
    5872,
    5530,
    5233,
    4630,
    4614,
    4893,
    7237,
    7012,
    7274,
    6949,
    7303,
    6517,
    6269,
    6692,
    6752,
    6363
  ],
  "Throughputs": [
    0.6527415143603134,
    1.5022063655994742,
    1.7583705765990183,
    2.042532740598342,
    2.2901928851341036,
    2.472733695412196,
    2.573601091830766
  ],
  "AverageDelays": [
    6020.8,
    6086.375,
    6337.208333333333,
    6214.823529411765,
    6390.511111111111,
    6310.642857142857,
    6390.363636363636
  ]
}