{
  "transactionTimestamps": [
    1706157580587,
    1706157580502,
    1706157581008,
    1706157581197,
    1706157585355,
    1706157586554,
    1706157586011,
    1706157586713,
    1706157586368,
    1706157586713,
    1706157587316,
    1706157586509,
    1706157587052,
    1706157586713,
    1706157587161,
    1706157591660,
    1706157591096,
    1706157592376,
    1706157592549,
    1706157593015,
    1706157592783,
    1706157593326,
    1706157593341,
    1706157593577,
    1706157593530,
    1706157594104,
    1706157593345,
    1706157593732,
    1706157593824,
    1706157598300,
    1706157597990,
    1706157598515,
    1706157598627,
    1706157599235,
    1706157598690,
    1706157599375,
    1706157599843,
    1706157599205,
    1706157599486,
    1706157599641,
    1706157600014,
    1706157599378,
    1706157600308
  ],
  "blockTimestamps": [
    1706157588162,
    1706157591164,
    1706157594156,
    1706157597160,
    1706157600160,
    1706157603153,
    1706157606162
  ],
  "blockTimes": [
    1706157588,
    1706157591,
    1706157594,
    1706157597,
    1706157600,
    1706157603,
    1706157606
  ],
  "blockTransactions": [
    4,
    3,
    8,
    3,
    11,
    2,
    12
  ],
  "Delays": [
    7575,
    7660,
    7154,
    6965,
    5809,
    4610,
    5153,
    7443,
    7788,
    7443,
    6840,
    7647,
    7104,
    7443,
    6995,
    5500,
    6064,
    4784,
    7611,
    7145,
    7377,
    6834,
    6819,
    6583,
    6630,
    6056,
    6815,
    6428,
    6336,
    4853,
    5163,
    7647,
    7535,
    6927,
    7472,
    6787,
    6319,
    6957,
    6676,
    6521,
    6148,
    6784,
    5854
  ],
  "Throughputs": [
    0.528052805280528,
    0.6618133686300464,
    1.1054609772275037,
    1.0861039039401437,
    1.4816328615950545,
    1.3737481166356467,
    1.6813294232649072
  ],
  "AverageDelays": [
    7338.5,
    6418,
    6908.6,
    6665.388888888889,
    6710.724137931034,
    6600.870967741936,
    6657.069767441861
  ]
}