{
  "transactionTimestamps": [
    1706158160279,
    1706158160077,
    1706158160279,
    1706158162110,
    1706158162463,
    1706158163130,
    1706158164029,
    1706158163813,
    1706158164741,
    1706158164401,
    1706158164895,
    1706158164525,
    1706158165267,
    1706158164972,
    1706158165674,
    1706158165813,
    1706158165812,
    1706158165936,
    1706158166435,
    1706158166995,
    1706158166995,
    1706158166996,
    1706158168927,
    1706158170308,
    1706158169749,
    1706158170492,
    1706158170954,
    1706158171436,
    1706158171127,
    1706158171729,
    1706158171699,
    1706158171063,
    1706158172116,
    1706158172430,
    1706158172978,
    1706158173063,
    1706158173498,
    1706158173996,
    1706158173917,
    1706158174384,
    1706158174635,
    1706158175133,
    1706158175701,
    1706158176573,
    1706158177434,
    1706158177341,
    1706158176934,
    1706158177247,
    1706158178025,
    1706158178150,
    1706158177919,
    1706158178954,
    1706158178380,
    1706158179961,
    1706158179804,
    1706158179947,
    1706158180596,
    1706158180565
  ],
  "blockTimestamps": [
    1706158167775,
    1706158170183,
    1706158173182,
    1706158176176,
    1706158179178,
    1706158182182,
    1706158185176
  ],
  "blockTimes": [
    1706158167,
    1706158170,
    1706158173,
    1706158176,
    1706158179,
    1706158182,
    1706158185
  ],
  "blockTransactions": [
    4,
    10,
    8,
    10,
    7,
    8,
    11
  ],
  "Delays": [
    7496,
    7698,
    7496,
    5665,
    7720,
    7053,
    6154,
    6370,
    5442,
    5782,
    5288,
    5658,
    4916,
    5211,
    7508,
    7369,
    7370,
    7246,
    6747,
    6187,
    6187,
    6186,
    7249,
    5868,
    6427,
    5684,
    5222,
    4740,
    5049,
    4447,
    4477,
    5113,
    7062,
    6748,
    6200,
    6115,
    5680,
    5182,
    5261,
    7798,
    7547,
    7049,
    6481,
    5609,
    4748,
    4841,
    5248,
    7929,
    7151,
    7026,
    7257,
    6222,
    6796,
    5215,
    5372,
    5229,
    4580,
    4611
  ],
  "Throughputs": [
    0.5336179295624333,
    1.4135702746365104,
    1.7050298380221653,
    2.0129584198276405,
    2.0636012487433195,
    2.145824772862165,
    2.329597943527333
  ],
  "AverageDelays": [
    7088.75,
    6282.071428571428,
    6488.590909090909,
    6157.03125,
    6135.205128205128,
    6140.297872340426,
    6137.620689655172
  ]
}