{
  "transactionTimestamps": [
    1706157702356,
    1706157702883,
    1706157702790,
    1706157703178,
    1706157703655,
    1706157703967,
    1706157704445,
    1706157704168,
    1706157704215,
    1706157704727,
    1706157705057,
    1706157705117,
    1706157705132,
    1706157705793,
    1706157705670,
    1706157706424,
    1706157706782,
    1706157706781,
    1706157706781,
    1706157708113,
    1706157708714,
    1706157709178,
    1706157709751,
    1706157709458,
    1706157710153,
    1706157710448,
    1706157710447,
    1706157710527,
    1706157710944,
    1706157711101,
    1706157711038,
    1706157711333,
    1706157711658,
    1706157712867,
    1706157712960,
    1706157712278,
    1706157712262,
    1706157712976,
    1706157713052,
    1706157713749,
    1706157713830,
    1706157714332,
    1706157715180,
    1706157715491,
    1706157716375,
    1706157716156,
    1706157716375,
    1706157716251,
    1706157716870,
    1706157716917,
    1706157717210,
    1706157717671,
    1706157717363,
    1706157717255,
    1706157718487,
    1706157718672,
    1706157718548,
    1706157718779,
    1706157719321,
    1706157719441,
    1706157719537,
    1706157719442,
    1706157720541,
    1706157721099,
    1706157721239
  ],
  "blockTimestamps": [
    1706157708169,
    1706157711163,
    1706157714159,
    1706157717167,
    1706157720179,
    1706157723160,
    1706157726167
  ],
  "blockTimes": [
    1706157708,
    1706157711,
    1706157714,
    1706157717,
    1706157720,
    1706157723,
    1706157726
  ],
  "blockTransactions": [
    3,
    14,
    5,
    11,
    11,
    14,
    7
  ],
  "Delays": [
    5813,
    5286,
    5379,
    7985,
    7508,
    7196,
    6718,
    6995,
    6948,
    6436,
    6106,
    6046,
    6031,
    5370,
    5493,
    4739,
    4381,
    7378,
    7378,
    6046,
    5445,
    4981,
    7416,
    7709,
    7014,
    6719,
    6720,
    6640,
    6223,
    6066,
    6129,
    5834,
    5509,
    7312,
    7219,
    7901,
    7917,
    7203,
    7127,
    6430,
    6349,
    5847,
    4999,
    4688,
    6785,
    7004,
    6785,
    6909,
    6290,
    6243,
    5950,
    5489,
    5797,
    5905,
    4673,
    4488,
    4612,
    4381,
    6846,
    6726,
    6630,
    6725,
    5626,
    5068,
    4928
  ],
  "Throughputs": [
    0.5160846378806124,
    1.9302827296468716,
    1.863932898415657,
    2.2280737289852137,
    2.468720193009033,
    2.7879253989617383,
    2.7298307504934693
  ],
  "AverageDelays": [
    5492.666666666667,
    6142.941176470588,
    6166.272727272727,
    6292.030303030303,
    6377.931818181818,
    6240.3448275862065,
    6222.907692307693
  ]
}