{
  "transactionTimestamps": [
    1706158300654,
    1706158301293,
    1706158302194,
    1706158301945,
    1706158302424,
    1706158302085,
    1706158303397,
    1706158304612,
    1706158304842,
    1706158305465,
    1706158305538,
    1706158305973,
    1706158305739,
    1706158305769,
    1706158307064,
    1706158307064,
    1706158306846,
    1706158306586,
    1706158307065,
    1706158307699,
    1706158308317,
    1706158309092,
    1706158311005,
    1706158310708,
    1706158311774,
    1706158311556,
    1706158311945,
    1706158312428,
    1706158312459,
    1706158312583,
    1706158312661,
    1706158313392,
    1706158313577,
    1706158313423,
    1706158313331,
    1706158314166,
    1706158314320,
    1706158315049,
    1706158316990,
    1706158316679,
    1706158317620,
    1706158318295,
    1706158318000,
    1706158319179,
    1706158318776,
    1706158318667,
    1706158319398,
    1706158319694,
    1706158319507,
    1706158319179,
    1706158319925,
    1706158321066
  ],
  "blockTimestamps": [
    1706158308192,
    1706158311179,
    1706158314185,
    1706158317181,
    1706158320184,
    1706158323177,
    1706158326184
  ],
  "blockTimes": [
    1706158308,
    1706158311,
    1706158314,
    1706158317,
    1706158320,
    1706158323,
    1706158326
  ],
  "blockTransactions": [
    6,
    8,
    8,
    6,
    10,
    4,
    10
  ],
  "Delays": [
    7538,
    6899,
    5998,
    6247,
    5768,
    6107,
    7782,
    6567,
    6337,
    5714,
    5641,
    5206,
    5440,
    5410,
    7121,
    7121,
    7339,
    7599,
    7120,
    6486,
    5868,
    5093,
    6176,
    6473,
    5407,
    5625,
    5236,
    4753,
    7725,
    7601,
    7523,
    6792,
    6607,
    6761,
    6853,
    6018,
    5864,
    5135,
    6187,
    6498,
    5557,
    4882,
    8184,
    7005,
    7408,
    7517,
    6786,
    6490,
    6677,
    7005,
    6259,
    5118
  ],
  "Throughputs": [
    0.7959671000265323,
    1.330166270783848,
    1.6258960904589461,
    1.69419737399407,
    1.9457245263696876,
    1.864760467078098,
    2.036819428123776
  ],
  "AverageDelays": [
    6426.166666666667,
    6189.571428571428,
    6381.863636363636,
    6216.821428571428,
    6340.789473684211,
    6287.476190476191,
    6394.673076923077
  ]
}