{
  "transactionTimestamps": [
    1706157820912,
    1706157820458,
    1706157821251,
    1706157821500,
    1706157822338,
    1706157821780,
    1706157823236,
    1706157823761,
    1706157823405,
    1706157824711,
    1706157824246,
    1706157825257,
    1706157825019,
    1706157825859,
    1706157825441,
    1706157825613,
    1706157825985,
    1706157826201,
    1706157826375,
    1706157826201,
    1706157826294,
    1706157826844,
    1706157826560,
    1706157826844,
    1706157826847,
    1706157827276,
    1706157827167,
    1706157828140,
    1706157829589,
    1706157830952,
    1706157830502,
    1706157832086,
    1706157831543,
    1706157831993,
    1706157832118,
    1706157831808,
    1706157832522,
    1706157832595,
    1706157832504,
    1706157833092,
    1706157832750,
    1706157832688,
    1706157833076,
    1706157833359,
    1706157833513,
    1706157834052,
    1706157834164,
    1706157833837,
    1706157833837,
    1706157834350,
    1706157835852,
    1706157837043,
    1706157836720,
    1706157837863,
    1706157837753,
    1706157837983,
    1706157838528,
    1706157838697,
    1706157838790,
    1706157839024,
    1706157838353,
    1706157838759,
    1706157839086,
    1706157839788,
    1706157839429,
    1706157840189,
    1706157840218,
    1706157840777
  ],
  "blockTimestamps": [
    1706157828153,
    1706157831161,
    1706157834164,
    1706157837765,
    1706157840165,
    1706157843161,
    1706157846159
  ],
  "blockTimes": [
    1706157828,
    1706157831,
    1706157834,
    1706157837,
    1706157840,
    1706157843,
    1706157846
  ],
  "blockTransactions": [
    8,
    12,
    8,
    11,
    11,
    9,
    9
  ],
  "Delays": [
    7241,
    7695,
    6902,
    6653,
    5815,
    6373,
    4917,
    4392,
    7756,
    6450,
    6915,
    5904,
    6142,
    5302,
    5720,
    5548,
    5176,
    4960,
    4786,
    4960,
    7870,
    7320,
    7604,
    7320,
    7317,
    6888,
    6997,
    6024,
    8176,
    6813,
    7263,
    5679,
    6222,
    5772,
    5647,
    5957,
    5243,
    5170,
    5261,
    7073,
    7415,
    7477,
    7089,
    6806,
    6652,
    6113,
    6001,
    6328,
    6328,
    5815,
    7309,
    6118,
    6441,
    5298,
    5408,
    5178,
    4633,
    4464,
    4371,
    7135,
    7806,
    7400,
    7073,
    6371,
    6730,
    5970,
    5941,
    5382
  ],
  "Throughputs": [
    1.1048197762739953,
    1.9514098936481608,
    2.1128886205855717,
    2.314128048418679,
    2.5969978704617462,
    2.6518045754865387,
    2.693389313581812
  ],
  "AverageDelays": [
    6248.5,
    5980.35,
    6319.535714285715,
    6260.25641025641,
    6344.94,
    6211.3050847457625,
    6268.75
  ]
}