{
  "transactionTimestamps": [
    1706158039244,
    1706158040195,
    1706158039617,
    1706158040180,
    1706158040831,
    1706158040397,
    1706158041280,
    1706158042682,
    1706158042898,
    1706158043224,
    1706158043663,
    1706158044268,
    1706158044523,
    1706158045002,
    1706158045033,
    1706158045127,
    1706158045112,
    1706158045548,
    1706158045769,
    1706158046189,
    1706158045658,
    1706158046747,
    1706158046934,
    1706158046935,
    1706158047058,
    1706158047692,
    1706158048435,
    1706158049402,
    1706158049261,
    1706158049866,
    1706158050502,
    1706158050857,
    1706158051263,
    1706158051479,
    1706158052272,
    1706158052007,
    1706158052800,
    1706158052940,
    1706158053685,
    1706158053979,
    1706158053637,
    1706158053995,
    1706158054510,
    1706158054432,
    1706158054915,
    1706158054510,
    1706158055864,
    1706158055445,
    1706158056474,
    1706158056411,
    1706158056739,
    1706158057160,
    1706158058500,
    1706158059292,
    1706158058593,
    1706158059214,
    1706158060207,
    1706158060053,
    1706158060300,
    1706158060808
  ],
  "blockTimestamps": [
    1706158047181,
    1706158050186,
    1706158053175,
    1706158056176,
    1706158059181,
    1706158062190,
    1706158065186
  ],
  "blockTimes": [
    1706158047,
    1706158050,
    1706158053,
    1706158056,
    1706158059,
    1706158062,
    1706158065
  ],
  "blockTransactions": [
    8,
    9,
    10,
    6,
    9,
    10,
    8
  ],
  "Delays": [
    7937,
    6986,
    7564,
    7001,
    6350,
    6784,
    5901,
    4499,
    7288,
    6962,
    6523,
    5918,
    5663,
    5184,
    5153,
    5059,
    5074,
    7627,
    7406,
    6986,
    7517,
    6428,
    6241,
    6240,
    6117,
    5483,
    4740,
    6774,
    6915,
    6310,
    5674,
    5319,
    4913,
    7702,
    6909,
    7174,
    6381,
    6241,
    5496,
    5202,
    5544,
    5186,
    7680,
    7758,
    7275,
    7680,
    6326,
    6745,
    5716,
    5779,
    5451,
    5030,
    6686,
    5894,
    6593,
    5972,
    4979,
    5133,
    4886,
    4378
  ],
  "Throughputs": [
    1.0079375078745116,
    1.553646499725827,
    1.9381236092168546,
    1.9489723600283488,
    2.106635903094748,
    2.2661901856532727,
    2.3128517462030684
  ],
  "AverageDelays": [
    6627.75,
    6226.235294117647,
    6319.666666666667,
    6258.666666666667,
    6246.928571428572,
    6304.057692307692,
    6205.533333333334
  ]
}