{
  "transactionTimestamps": [
    1706158240611,
    1706158241542,
    1706158241621,
    1706158241402,
    1706158241654,
    1706158242458,
    1706158243281,
    1706158243344,
    1706158243921,
    1706158244168,
    1706158244801,
    1706158244800,
    1706158245662,
    1706158245476,
    1706158245989,
    1706158246144,
    1706158245538,
    1706158246426,
    1706158246627,
    1706158247032,
    1706158247033,
    1706158247033,
    1706158246876,
    1706158247387,
    1706158247602,
    1706158249152,
    1706158249121,
    1706158249850,
    1706158249740,
    1706158251680,
    1706158251665,
    1706158251122,
    1706158252192,
    1706158252517,
    1706158253247,
    1706158252782,
    1706158252863,
    1706158253016,
    1706158252907,
    1706158253760,
    1706158253605,
    1706158253435,
    1706158253791,
    1706158254351,
    1706158255356,
    1706158255494,
    1706158256250,
    1706158256359,
    1706158257307,
    1706158257870,
    1706158257620,
    1706158258011,
    1706158258861,
    1706158258489,
    1706158258704,
    1706158259232,
    1706158259512,
    1706158259745,
    1706158259853,
    1706158260176,
    1706158260052,
    1706158261136
  ],
  "blockTimestamps": [
    1706158248186,
    1706158251183,
    1706158254185,
    1706158257180,
    1706158260188,
    1706158263181,
    1706158266176
  ],
  "blockTimes": [
    1706158248,
    1706158251,
    1706158254,
    1706158257,
    1706158260,
    1706158263,
    1706158266
  ],
  "blockTransactions": [
    9,
    9,
    9,
    6,
    13,
    7,
    9
  ],
  "Delays": [
    7575,
    6644,
    6565,
    6784,
    6532,
    5728,
    4905,
    4842,
    4265,
    7015,
    6382,
    6383,
    5521,
    5707,
    5194,
    5039,
    5645,
    4757,
    7558,
    7153,
    7152,
    7152,
    7309,
    6798,
    6583,
    5033,
    5064,
    7330,
    7440,
    5500,
    5515,
    6058,
    4988,
    7671,
    6941,
    7406,
    7325,
    7172,
    7281,
    6428,
    6583,
    6753,
    6397,
    5837,
    4832,
    4694,
    6931,
    6822,
    5874,
    5311,
    5561,
    5170,
    4320,
    7687,
    7472,
    6944,
    6664,
    6431,
    6323,
    6000,
    6124,
    5040
  ],
  "Throughputs": [
    1.188118811881188,
    1.7026106696935301,
    1.9890968027110654,
    1.9916711931921058,
    2.349696071921132,
    2.3482498892334958,
    2.4251906903970273
  ],
  "AverageDelays": [
    5982.222222222223,
    5860.166666666667,
    6121.666666666667,
    6124.727272727273,
    6248.608695652174,
    6177.830188679245,
    6227.580645161291
  ]
}