{
  "transactionTimestamps": [
    1706157605803,
    1706157604741,
    1706157605601,
    1706157605369,
    1706157605039,
    1706157605225,
    1706157605882,
    1706157606131,
    1706157606410,
    1706157606722,
    1706157606660,
    1706157606723,
    1706157606721,
    1706157606875,
    1706157606922,
    1706157611243,
    1706157612491,
    1706157612274,
    1706157611824,
    1706157612788,
    1706157612633,
    1706157611995,
    1706157612647,
    1706157613331,
    1706157613069,
    1706157613398,
    1706157613614,
    1706157613925,
    1706157613939,
    1706157617392,
    1706157618228,
    1706157618711,
    1706157618820,
    1706157618337,
    1706157618492,
    1706157619378,
    1706157618851,
    1706157619144,
    1706157619377,
    1706157619145,
    1706157619643
  ],
  "blockTimestamps": [
    1706157609150,
    1706157612161,
    1706157618158,
    1706157621156,
    1706157624161
  ],
  "blockTimes": [
    1706157609,
    1706157612,
    1706157618,
    1706157621,
    1706157624
  ],
  "blockTransactions": [
    2,
    13,
    10,
    4,
    12
  ],
  "Delays": [
    3347,
    4409,
    6560,
    6792,
    7122,
    6936,
    6279,
    6030,
    5751,
    5439,
    5501,
    5438,
    5440,
    5286,
    5239,
    6915,
    5667,
    5884,
    6334,
    5370,
    5525,
    6163,
    5511,
    4827,
    5089,
    7758,
    7542,
    7231,
    7217,
    6769,
    5933,
    5450,
    5341,
    5824,
    5669,
    4783,
    5310,
    5017,
    4784,
    5016,
    4518
  ],
  "Throughputs": [
    0.5975500448162534,
    2.3592324630386914,
    2.0234722784297854,
    1.8888816517944376,
    2.233358753676871
  ],
  "AverageDelays": [
    3878,
    5704.6,
    5714.16,
    5951.793103448276,
    5780.878048780488
  ]
}