{
  "transactionTimestamps": [
    1706158120736,
    1706158121028,
    1706158120968,
    1706158121369,
    1706158122531,
    1706158122873,
    1706158122206,
    1706158123525,
    1706158124117,
    1706158124598,
    1706158125340,
    1706158126004,
    1706158126065,
    1706158126345,
    1706158126969,
    1706158126969,
    1706158126719,
    1706158126842,
    1706158126969,
    1706158126968,
    1706158127213,
    1706158129159,
    1706158128466,
    1706158128804,
    1706158129544,
    1706158130613,
    1706158131436,
    1706158131763,
    1706158132691,
    1706158132304,
    1706158133200,
    1706158132444,
    1706158132737,
    1706158133310,
    1706158133015,
    1706158133295,
    1706158133928,
    1706158133974,
    1706158134006,
    1706158134439,
    1706158133713,
    1706158134734,
    1706158135109,
    1706158135759,
    1706158135636,
    1706158136687,
    1706158137198,
    1706158137830,
    1706158138680,
    1706158138511,
    1706158139038,
    1706158139288,
    1706158138634,
    1706158138805,
    1706158139647,
    1706158139100,
    1706158139720,
    1706158139569,
    1706158139828,
    1706158139935,
    1706158140673,
    1706158140514,
    1706158141430
  ],
  "blockTimestamps": [
    1706158128183,
    1706158131183,
    1706158134180,
    1706158137184,
    1706158140199,
    1706158143201,
    1706158146790
  ],
  "blockTimes": [
    1706158128,
    1706158131,
    1706158134,
    1706158137,
    1706158140,
    1706158143,
    1706158146
  ],
  "blockTransactions": [
    8,
    5,
    11,
    5,
    13,
    6,
    15
  ],
  "Delays": [
    7447,
    7155,
    7215,
    6814,
    5652,
    5310,
    5977,
    4658,
    7066,
    6585,
    5843,
    5179,
    5118,
    7835,
    7211,
    7211,
    7461,
    7338,
    7211,
    7212,
    6967,
    5021,
    5714,
    5376,
    7640,
    6571,
    5748,
    5421,
    4493,
    7895,
    6999,
    7755,
    7462,
    6889,
    7184,
    6904,
    6271,
    6225,
    6193,
    5760,
    6486,
    5465,
    8092,
    7442,
    7565,
    6514,
    6003,
    5371,
    8110,
    8279,
    7752,
    7502,
    8156,
    7985,
    7143,
    7690,
    7070,
    7221,
    6962,
    6855,
    6117,
    6276,
    5360
  ],
  "Throughputs": [
    1.0742580905062442,
    1.2443763759931081,
    1.7851829812555786,
    1.7631322957198443,
    2.15794070801007,
    2.1366570220342758,
    2.418054809242343
  ],
  "AverageDelays": [
    6278.5,
    6155.307692307692,
    6440.666666666667,
    6360.310344827586,
    6474.690476190476,
    6519.25,
    6688.920634920635
  ]
}