{
  "transactionTimestamps": [
    1706157722278,
    1706157722047,
    1706157722899,
    1706157723507,
    1706157723195,
    1706157723133,
    1706157724170,
    1706157723398,
    1706157723692,
    1706157724540,
    1706157724584,
    1706157724418,
    1706157725045,
    1706157725216,
    1706157725310,
    1706157725232,
    1706157726796,
    1706157727087,
    1706157726903,
    1706157726798,
    1706157727833,
    1706157727694,
    1706157727694,
    1706157728728,
    1706157729035,
    1706157729560,
    1706157729855,
    1706157729887,
    1706157729670,
    1706157730773,
    1706157730724,
    1706157730477,
    1706157730786,
    1706157730647,
    1706157731249,
    1706157731728,
    1706157732662,
    1706157733061,
    1706157733154,
    1706157733155,
    1706157733310,
    1706157733884,
    1706157733448,
    1706157734041,
    1706157734180,
    1706157734025,
    1706157735190,
    1706157735251,
    1706157735498,
    1706157736099,
    1706157736347,
    1706157736100,
    1706157736025,
    1706157736099,
    1706157737030,
    1706157737295,
    1706157737832,
    1706157737155,
    1706157738477,
    1706157739035,
    1706157739237
  ],
  "blockTimestamps": [
    1706157729163,
    1706157732161,
    1706157735172,
    1706157738162,
    1706157741164,
    1706157744155
  ],
  "blockTimes": [
    1706157729,
    1706157732,
    1706157735,
    1706157738,
    1706157741,
    1706157744
  ],
  "blockTransactions": [
    11,
    9,
    11,
    8,
    15,
    7
  ],
  "Delays": [
    6885,
    7116,
    6264,
    5656,
    5968,
    6030,
    4993,
    5765,
    5471,
    4623,
    4579,
    7743,
    7116,
    6945,
    6851,
    6929,
    5365,
    5074,
    5258,
    5363,
    7339,
    7478,
    7478,
    6444,
    6137,
    5612,
    5317,
    5285,
    5502,
    4399,
    4448,
    7685,
    7376,
    7515,
    6913,
    6434,
    5500,
    5101,
    5008,
    8009,
    7854,
    7280,
    7716,
    7123,
    6984,
    7139,
    5974,
    5913,
    5666,
    5065,
    4817,
    5064,
    5139,
    5065,
    7125,
    6860,
    6323,
    7000,
    5678,
    5120,
    4918
  ],
  "Throughputs": [
    1.5976761074800292,
    2.023677021147425,
    2.404219016596867,
    2.4553009317552252,
    2.8592608281266547,
    2.7883164967774374
  ],
  "AverageDelays": [
    5759.090909090909,
    5999.7,
    5981.709677419355,
    6076.025641025641,
    6143.944444444444,
    6144.213114754099
  ]
}