{
  "transactionTimestamps": [
    1706158261976,
    1706158262221,
    1706158263527,
    1706158264191,
    1706158264497,
    1706158263929,
    1706158263898,
    1706158264359,
    1706158265147,
    1706158265304,
    1706158266371,
    1706158265676,
    1706158266232,
    1706158267408,
    1706158267040,
    1706158267037,
    1706158267039,
    1706158268228,
    1706158269771,
    1706158270544,
    1706158270035,
    1706158270684,
    1706158272066,
    1706158270127,
    1706158270703,
    1706158272516,
    1706158271958,
    1706158272841,
    1706158273319,
    1706158273353,
    1706158273399,
    1706158273537,
    1706158273771,
    1706158274253,
    1706158274268,
    1706158274345,
    1706158274422,
    1706158275795,
    1706158276493,
    1706158276726,
    1706158276336,
    1706158277301,
    1706158277286,
    1706158278124,
    1706158278918
  ],
  "blockTimestamps": [
    1706158269199,
    1706158272199,
    1706158275177,
    1706158278183,
    1706158281195,
    1706158284187
  ],
  "blockTimes": [
    1706158269,
    1706158272,
    1706158275,
    1706158278,
    1706158281,
    1706158284
  ],
  "blockTransactions": [
    8,
    8,
    5,
    10,
    8,
    6
  ],
  "Delays": [
    7223,
    6978,
    5672,
    5008,
    4702,
    5270,
    5301,
    4840,
    7052,
    6895,
    5828,
    6523,
    5967,
    4791,
    5159,
    5162,
    8138,
    6949,
    5406,
    4633,
    5142,
    7499,
    6117,
    8056,
    7480,
    5667,
    6225,
    5342,
    4864,
    4830,
    4784,
    7658,
    7424,
    6942,
    6927,
    6850,
    6773,
    5400,
    4702,
    7461,
    7851,
    6886,
    6901,
    6063,
    5269
  ],
  "Throughputs": [
    1.107573030596705,
    1.5650983077374547,
    1.590788576622983,
    1.9127537483803294,
    2.0292418960403764,
    2.0260231416865517
  ],
  "AverageDelays": [
    5624.25,
    5773.1875,
    5839.952380952381,
    5919.451612903225,
    6055.871794871795,
    6146.888888888889
  ]
}