{
  "transactionTimestamps": [
    1706157662433,
    1706157662263,
    1706157662650,
    1706157663117,
    1706157663183,
    1706157664309,
    1706157664448,
    1706157664898,
    1706157664680,
    1706157665036,
    1706157665049,
    1706157665085,
    1706157665504,
    1706157665676,
    1706157665769,
    1706157665924,
    1706157666317,
    1706157666757,
    1706157666690,
    1706157666779,
    1706157667522,
    1706157666757,
    1706157668554,
    1706157669220,
    1706157669422,
    1706157670694,
    1706157669967,
    1706157671021,
    1706157671271,
    1706157671412,
    1706157672063,
    1706157671769,
    1706157671924,
    1706157672462,
    1706157673219,
    1706157672432,
    1706157672648,
    1706157672647,
    1706157673514,
    1706157673141,
    1706157673421,
    1706157673921,
    1706157675219,
    1706157674508,
    1706157675420,
    1706157675901,
    1706157676416,
    1706157676942,
    1706157677314,
    1706157677747,
    1706157677560,
    1706157678534,
    1706157678676,
    1706157678970,
    1706157679765,
    1706157679281
  ],
  "blockTimestamps": [
    1706157669162,
    1706157672168,
    1706157675159,
    1706157678187,
    1706157681157,
    1706157684157
  ],
  "blockTimes": [
    1706157669,
    1706157672,
    1706157675,
    1706157678,
    1706157681,
    1706157684
  ],
  "blockTransactions": [
    7,
    15,
    5,
    11,
    9,
    9
  ],
  "Delays": [
    6729,
    6899,
    6512,
    6045,
    5979,
    4853,
    4714,
    7270,
    7488,
    7132,
    7119,
    7083,
    6664,
    6492,
    6399,
    6244,
    5851,
    5411,
    5478,
    5389,
    4646,
    5411,
    6605,
    5939,
    5737,
    4465,
    5192,
    7166,
    6916,
    6775,
    6124,
    6418,
    6263,
    5725,
    4968,
    5755,
    5539,
    5540,
    7643,
    8016,
    7736,
    7236,
    5938,
    6649,
    5737,
    5256,
    4741,
    7215,
    6843,
    6410,
    6597,
    5623,
    5481,
    5187,
    4392,
    4876
  ],
  "Throughputs": [
    1.0402734433050973,
    2.2598870056497176,
    2.1216407355021216,
    2.4120858194744192,
    2.5101474044007692,
    2.5777941447247286
  ],
  "AverageDelays": [
    5961.571428571428,
    6173.090909090909,
    6064.666666666667,
    6077.236842105263,
    6167.808510638298,
    6116.267857142857
  ]
}