{
  "transactionTimestamps": [
    1706157567487,
    1706157567510,
    1706157567442,
    1706157567472,
    1706157573295,
    1706157573655,
    1706157574122,
    1706157574262,
    1706157574668,
    1706157574282,
    1706157574283,
    1706157575135,
    1706157579151,
    1706157579538,
    1706157580069,
    1706157580413
  ],
  "blockTimestamps": [
    1706157573159,
    1706157579155,
    1706157582166,
    1706157585159
  ],
  "blockTimes": [
    1706157573,
    1706157579,
    1706157582,
    1706157585
  ],
  "blockTransactions": [
    4,
    4,
    4,
    4
  ],
  "Delays": [
    5672,
    5649,
    5717,
    5687,
    5860,
    5500,
    5033,
    4893,
    7498,
    7884,
    7883,
    7031,
    6008,
    5621,
    5090,
    4746
  ],
  "Throughputs": [
    0.7052186177715092,
    0.6856359273225917,
    0.8174943797261394,
    0.9053870529651425
  ],
  "AverageDelays": [
    5681.25,
    5501.375,
    6192.25,
    5985.75
  ]
}