{
  "transactionTimestamps": [
    1706158279739,
    1706158279443,
    1706158279799,
    1706158279753,
    1706158280295,
    1706158279907,
    1706158280715,
    1706158280793,
    1706158281955,
    1706158282247,
    1706158283082,
    1706158283190,
    1706158282821,
    1706158283609,
    1706158285093,
    1706158284340,
    1706158286566,
    1706158286442,
    1706158285870,
    1706158286088,
    1706158286702,
    1706158287047,
    1706158287214,
    1706158287050,
    1706158288484,
    1706158288608,
    1706158288902,
    1706158289339,
    1706158289027,
    1706158289510,
    1706158290938,
    1706158291806,
    1706158292163,
    1706158292239,
    1706158292396,
    1706158293091,
    1706158293388,
    1706158293341,
    1706158293044,
    1706158293681,
    1706158294222,
    1706158294190,
    1706158295062,
    1706158294624,
    1706158295122,
    1706158295279,
    1706158295868,
    1706158295619,
    1706158296531,
    1706158297482,
    1706158298198,
    1706158298012,
    1706158298801,
    1706158299108,
    1706158298817,
    1706158299698,
    1706158299622,
    1706158299560,
    1706158300392
  ],
  "blockTimestamps": [
    1706158287184,
    1706158290780,
    1706158293188,
    1706158296185,
    1706158299176,
    1706158302182,
    1706158305198
  ],
  "blockTimes": [
    1706158287,
    1706158290,
    1706158293,
    1706158296,
    1706158299,
    1706158302,
    1706158305
  ],
  "blockTransactions": [
    10,
    6,
    9,
    6,
    10,
    8,
    10
  ],
  "Delays": [
    7445,
    7741,
    7385,
    7431,
    6889,
    7277,
    6469,
    6391,
    5229,
    4937,
    7698,
    7590,
    7959,
    7171,
    5687,
    6440,
    6622,
    6746,
    7318,
    7100,
    6486,
    6141,
    5974,
    6138,
    4704,
    7577,
    7283,
    6846,
    7158,
    6675,
    5247,
    7370,
    7013,
    6937,
    6780,
    6085,
    5788,
    5835,
    6132,
    5495,
    4954,
    7992,
    7120,
    7558,
    7060,
    6903,
    6314,
    6563,
    5651,
    7716,
    7000,
    7186,
    6397,
    6090,
    6381,
    5500,
    5576,
    5638,
    4806
  ],
  "Throughputs": [
    1.3431833445265278,
    1.4491440992663707,
    1.858874265744665,
    1.8849568284081233,
    2.1093790193959974,
    2.1833088268056855,
    2.3174515888290976
  ],
  "AverageDelays": [
    6719.4,
    6858.6875,
    6678.72,
    6701.741935483871,
    6588.8536585365855,
    6638.857142857143,
    6569.389830508475
  ]
}