{
  "transactionTimestamps": [
    1706158022895,
    1706158022909,
    1706158024228,
    1706158023530,
    1706158023555,
    1706158024058,
    1706158024553,
    1706158025302,
    1706158024881,
    1706158025256,
    1706158025781,
    1706158025502,
    1706158026092,
    1706158025456,
    1706158025828,
    1706158026930,
    1706158026929,
    1706158026930,
    1706158026930,
    1706158026930,
    1706158027922,
    1706158028636,
    1706158029516,
    1706158029344,
    1706158030513,
    1706158031397,
    1706158031336,
    1706158031291,
    1706158031884,
    1706158032034,
    1706158032021,
    1706158032904,
    1706158032081,
    1706158032874,
    1706158032844,
    1706158032487,
    1706158033106,
    1706158033743,
    1706158033463,
    1706158033558,
    1706158034241,
    1706158033806,
    1706158033882,
    1706158034457,
    1706158035330,
    1706158035674,
    1706158036281,
    1706158037398,
    1706158037614,
    1706158037941,
    1706158038421,
    1706158037800,
    1706158038608,
    1706158038638,
    1706158038514,
    1706158038344,
    1706158039462,
    1706158038733,
    1706158039321
  ],
  "blockTimestamps": [
    1706158029182,
    1706158032187,
    1706158035178,
    1706158038181,
    1706158041175,
    1706158044182
  ],
  "blockTimes": [
    1706158029,
    1706158032,
    1706158035,
    1706158038,
    1706158041,
    1706158044
  ],
  "blockTransactions": [
    6,
    14,
    5,
    13,
    9,
    12
  ],
  "Delays": [
    6287,
    6273,
    4954,
    5652,
    5627,
    5124,
    7634,
    6885,
    7306,
    6931,
    6406,
    6685,
    6095,
    6731,
    6359,
    5257,
    5258,
    5257,
    5257,
    5257,
    7256,
    6542,
    5662,
    5834,
    4665,
    6784,
    6845,
    6890,
    6297,
    6147,
    6160,
    5277,
    6100,
    5307,
    5337,
    5694,
    5075,
    4438,
    7712,
    7617,
    6934,
    7369,
    7293,
    6718,
    5845,
    5501,
    4894,
    6784,
    6568,
    6241,
    5761,
    6382,
    5574,
    5544,
    5668,
    5838,
    4720,
    5449,
    4861
  ],
  "Throughputs": [
    0.9543502465404804,
    2.152389151958674,
    2.0353333876088904,
    2.4859348423393954,
    2.571115973741794,
    2.771644665758444
  ],
  "AverageDelays": [
    5652.833333333333,
    6061.75,
    6047.76,
    5988.026315789473,
    6115.489361702128,
    6047.762711864407
  ]
}