{
  "transactionTimestamps": [
    1706158000350,
    1706158000891,
    1706158002328,
    1706158002870,
    1706158002730,
    1706158003460,
    1706158004715,
    1706158004652,
    1706158004621,
    1706158005255,
    1706158005208,
    1706158005303,
    1706158005734,
    1706158005687,
    1706158005983,
    1706158006183,
    1706158006539,
    1706158006928,
    1706158006927,
    1706158006926,
    1706158006928,
    1706158006706,
    1706158007883,
    1706158008755,
    1706158009908,
    1706158009300,
    1706158010958,
    1706158010772,
    1706158010851,
    1706158011749,
    1706158011515,
    1706158011857,
    1706158012309,
    1706158011609,
    1706158012108,
    1706158012666,
    1706158012821,
    1706158012806,
    1706158013444,
    1706158013382,
    1706158012682,
    1706158012698,
    1706158013319,
    1706158013303,
    1706158014496,
    1706158015084,
    1706158016169,
    1706158016990,
    1706158016773,
    1706158016836,
    1706158017021,
    1706158017499,
    1706158017886,
    1706158017667,
    1706158018398,
    1706158018889,
    1706158018936,
    1706158018860,
    1706158019107,
    1706158019169,
    1706158019107,
    1706158019555,
    1706158019804,
    1706158019680,
    1706158020095,
    1706158020946,
    1706158021521
  ],
  "blockTimestamps": [
    1706158008181,
    1706158011189,
    1706158014183,
    1706158017179,
    1706158020178,
    1706158023184,
    1706158026784
  ],
  "blockTimes": [
    1706158008,
    1706158011,
    1706158014,
    1706158017,
    1706158020,
    1706158023,
    1706158026
  ],
  "blockTransactions": [
    5,
    14,
    5,
    12,
    9,
    10,
    12
  ],
  "Delays": [
    7831,
    7290,
    5853,
    5311,
    5451,
    7729,
    6474,
    6537,
    6568,
    5934,
    5981,
    5886,
    5455,
    5502,
    5206,
    5006,
    4650,
    4261,
    4262,
    7257,
    7255,
    7477,
    6300,
    5428,
    7271,
    7879,
    6221,
    6407,
    6328,
    5430,
    5664,
    5322,
    4870,
    5570,
    5071,
    4513,
    7357,
    7372,
    6734,
    6796,
    7496,
    7480,
    6859,
    6875,
    5682,
    8100,
    7015,
    6194,
    6411,
    6348,
    6163,
    5685,
    5298,
    5517,
    4786,
    7895,
    7848,
    7924,
    7677,
    7615,
    7677,
    7229,
    6980,
    7104,
    6689,
    5838,
    5263
  ],
  "Throughputs": [
    0.6384880602732729,
    1.7529292370144847,
    1.7349815658208632,
    2.139164537405669,
    2.269517853540448,
    2.408688797407375,
    2.534614511613831
  ],
  "AverageDelays": [
    6347.2,
    5851.9473684210525,
    6037.666666666667,
    5984.722222222223,
    6180.022222222222,
    6174.872727272727,
    6348.611940298508
  ]
}