{
  "transactionTimestamps": [
    1706157961997,
    1706157962677,
    1706157963298,
    1706157964364,
    1706157964240,
    1706157965220,
    1706157965080,
    1706157964907,
    1706157965656,
    1706157965904,
    1706157965221,
    1706157965859,
    1706157965828,
    1706157966243,
    1706157966181,
    1706157966801,
    1706157966754,
    1706157966910,
    1706157967142,
    1706157966910,
    1706157966911,
    1706157967853,
    1706157968799,
    1706157969993,
    1706157970722,
    1706157970990,
    1706157971656,
    1706157971312,
    1706157971733,
    1706157972185,
    1706157971593,
    1706157971888,
    1706157971951,
    1706157972635,
    1706157972617,
    1706157972510,
    1706157972679,
    1706157972984,
    1706157973668,
    1706157973191,
    1706157974014,
    1706157973469,
    1706157974555,
    1706157974170,
    1706157974263,
    1706157976027,
    1706157977636,
    1706157976973,
    1706157977766,
    1706157977797,
    1706157978364,
    1706157978288,
    1706157978458,
    1706157978288,
    1706157978579,
    1706157978548,
    1706157978827,
    1706157978983,
    1706157978719,
    1706157979277,
    1706157979386,
    1706157979619
  ],
  "blockTimestamps": [
    1706157969182,
    1706157972192,
    1706157975174,
    1706157978199,
    1706157981184,
    1706157984197
  ],
  "blockTimes": [
    1706157969,
    1706157972,
    1706157975,
    1706157978,
    1706157981,
    1706157984
  ],
  "blockTransactions": [
    5,
    17,
    2,
    16,
    6,
    16
  ],
  "Delays": [
    7185,
    6505,
    5884,
    4818,
    4942,
    6972,
    7112,
    7285,
    6536,
    6288,
    6971,
    6333,
    6364,
    5949,
    6011,
    5391,
    5438,
    5282,
    5050,
    5282,
    5281,
    4339,
    6375,
    5181,
    7477,
    7209,
    6543,
    6887,
    6466,
    6014,
    6606,
    6311,
    6248,
    5564,
    5582,
    5689,
    5520,
    5215,
    4531,
    5008,
    7170,
    7715,
    6629,
    7014,
    6921,
    5157,
    6561,
    7224,
    6431,
    6400,
    5833,
    5909,
    5739,
    5909,
    5618,
    5649,
    5370,
    5214,
    5478,
    4920,
    4811,
    4578
  ],
  "Throughputs": [
    0.6958942240779402,
    2.157920549288867,
    1.8213553919708583,
    2.4688310085174665,
    2.3974566112471987,
    2.7927927927927927
  ],
  "AverageDelays": [
    5866.8,
    5964.454545454545,
    5948.916666666667,
    5991.1,
    6092.391304347826,
    5998.290322580645
  ]
}