{
  "transactionTimestamps": [
    1706158099360,
    1706158099917,
    1706158099794,
    1706158102071,
    1706158102287,
    1706158102814,
    1706158103500,
    1706158103018,
    1706158103267,
    1706158104165,
    1706158105020,
    1706158105082,
    1706158105684,
    1706158105746,
    1706158105732,
    1706158106247,
    1706158106959,
    1706158106960,
    1706158107761,
    1706158108381,
    1706158108753,
    1706158109277,
    1706158109803,
    1706158109370,
    1706158110822,
    1706158111427,
    1706158111600,
    1706158111740,
    1706158112483,
    1706158112375,
    1706158113569,
    1706158113416,
    1706158113416,
    1706158114422,
    1706158114376,
    1706158114406,
    1706158114235,
    1706158114903,
    1706158115519,
    1706158116122,
    1706158116294,
    1706158117164,
    1706158117672,
    1706158118453,
    1706158118044,
    1706158118634,
    1706158120070,
    1706158120100,
    1706158120255
  ],
  "blockTimestamps": [
    1706158107183,
    1706158110182,
    1706158113184,
    1706158116176,
    1706158119181,
    1706158122187,
    1706158125178
  ],
  "blockTimes": [
    1706158107,
    1706158110,
    1706158113,
    1706158116,
    1706158119,
    1706158122,
    1706158125
  ],
  "blockTransactions": [
    5,
    9,
    6,
    6,
    9,
    8,
    6
  ],
  "Delays": [
    7823,
    7266,
    7389,
    5112,
    4896,
    7368,
    6682,
    7164,
    6915,
    6017,
    5162,
    5100,
    4498,
    4436,
    7452,
    6937,
    6225,
    6224,
    5423,
    4803,
    7423,
    6899,
    6373,
    6806,
    5354,
    4749,
    7581,
    7441,
    6698,
    6806,
    5612,
    5765,
    5765,
    4759,
    4805,
    7781,
    7952,
    7284,
    6668,
    6065,
    5893,
    5023,
    4515,
    6725,
    7134,
    6544,
    5108,
    5078,
    4923
  ],
  "Throughputs": [
    0.6391409945033875,
    1.29366106080207,
    1.4467592592592593,
    1.5461465271170316,
    1.7658039453105292,
    1.883734174442546,
    1.897900689441475
  ],
  "AverageDelays": [
    6497.2,
    6130.571428571428,
    6144.6,
    6172.923076923077,
    6163.657142857143,
    6207.186046511628,
    6171.857142857143
  ]
}