{
  "transactionTimestamps": [
    1706157979323,
    1706157980286,
    1706157980237,
    1706157980654,
    1706157982577,
    1706157983195,
    1706157984128,
    1706157983896,
    1706157984128,
    1706157984779,
    1706157985062,
    1706157984842,
    1706157984436,
    1706157985124,
    1706157985545,
    1706157985000,
    1706157986920,
    1706157985653,
    1706157985980,
    1706157986620,
    1706157986308,
    1706157986919,
    1706157985996,
    1706157986918,
    1706157986918,
    1706157988349,
    1706157989235,
    1706157989794,
    1706157990152,
    1706157990789,
    1706157990946,
    1706157990295,
    1706157990930,
    1706157991383,
    1706157991375,
    1706157991879,
    1706157991725,
    1706157992051,
    1706157992733,
    1706157992763,
    1706157992610,
    1706157993591,
    1706157993136,
    1706157993167,
    1706157993834,
    1706157993741,
    1706157994653,
    1706157995227,
    1706157996311,
    1706157996854,
    1706157996930,
    1706157996840,
    1706157997334,
    1706157997460,
    1706157998210,
    1706157998032,
    1706157998790,
    1706157998741,
    1706157998280,
    1706157999115,
    1706157998820,
    1706157999576,
    1706157999794,
    1706158000178,
    1706157999532,
    1706158000490
  ],
  "blockTimestamps": [
    1706157987172,
    1706157990183,
    1706157993182,
    1706157996183,
    1706157999190,
    1706158002177,
    1706158005185
  ],
  "blockTimes": [
    1706157987,
    1706157990,
    1706157993,
    1706157996,
    1706157999,
    1706158002,
    1706158005
  ],
  "blockTransactions": [
    4,
    13,
    9,
    8,
    13,
    7,
    12
  ],
  "Delays": [
    7849,
    6886,
    6935,
    6518,
    7606,
    6988,
    6055,
    6287,
    6055,
    5404,
    5121,
    5341,
    5747,
    5059,
    4638,
    5183,
    3263,
    7529,
    7202,
    6562,
    6874,
    6263,
    7186,
    6264,
    6264,
    4833,
    6948,
    6389,
    6031,
    5394,
    5237,
    5888,
    5253,
    4800,
    7815,
    7311,
    7465,
    7139,
    6457,
    6427,
    6580,
    5599,
    6054,
    6023,
    5356,
    5449,
    4537,
    6950,
    5866,
    5323,
    5247,
    5337,
    4843,
    4717,
    6975,
    7153,
    6395,
    6444,
    6905,
    6070,
    6365,
    5609,
    5391,
    5007,
    5653,
    4695
  ],
  "Throughputs": [
    0.5096190597528347,
    1.565377532228361,
    1.87603723212353,
    2.0166073546856467,
    2.365732118588614,
    2.3628248884221583,
    2.552006805351481
  ],
  "AverageDelays": [
    7047,
    5937.35294117647,
    6150.461538461538,
    6054.470588235294,
    6129.021276595745,
    6043.462962962963,
    6045.590909090909
  ]
}