{
  "transactionTimestamps": [
    1706158083916,
    1706158084025,
    1706158084617,
    1706158084882,
    1706158085052,
    1706158084866,
    1706158085802,
    1706158085958,
    1706158085488,
    1706158086952,
    1706158086595,
    1706158086952,
    1706158086953,
    1706158090038,
    1706158090193,
    1706158090690,
    1706158090720,
    1706158090643,
    1706158091283,
    1706158091126,
    1706158091470,
    1706158091639,
    1706158092588,
    1706158092325,
    1706158093024,
    1706158093273,
    1706158093164,
    1706158093678,
    1706158094068,
    1706158095995,
    1706158096027,
    1706158096431,
    1706158096901,
    1706158096525,
    1706158097460,
    1706158096884,
    1706158097073,
    1706158098882,
    1706158098665,
    1706158098666,
    1706158099421
  ],
  "blockTimestamps": [
    1706158089174,
    1706158092187,
    1706158095189,
    1706158098185,
    1706158101178,
    1706158104191
  ],
  "blockTimes": [
    1706158089,
    1706158092,
    1706158095,
    1706158098,
    1706158101,
    1706158104
  ],
  "blockTransactions": [
    2,
    11,
    3,
    11,
    6,
    8
  ],
  "Delays": [
    5258,
    5149,
    7570,
    7305,
    7135,
    7321,
    6385,
    6229,
    6699,
    5235,
    5592,
    5235,
    5234,
    5151,
    4996,
    4499,
    7465,
    7542,
    6902,
    7059,
    6715,
    6546,
    5597,
    5860,
    5161,
    4912,
    5021,
    7500,
    7110,
    5183,
    5151,
    4747,
    4277,
    7666,
    6731,
    7307,
    7118,
    5309,
    5526,
    5525,
    4770
  ],
  "Throughputs": [
    0.3803727653100038,
    1.571756740418329,
    1.4193205003104763,
    1.8922138902515944,
    1.9117135905457072,
    2.0221948212083847
  ],
  "AverageDelays": [
    5203.5,
    6180.538461538462,
    5937.0625,
    6065.666666666667,
    5992.151515151515,
    6041.292682926829
  ]
}