{
  "transactionTimestamps": [
    1706158202139,
    1706158202540,
    1706158201861,
    1706158203844,
    1706158203146,
    1706158203394,
    1706158204196,
    1706158204463,
    1706158203581,
    1706158204555,
    1706158204555,
    1706158205254,
    1706158204897,
    1706158204851,
    1706158205733,
    1706158205310,
    1706158205657,
    1706158206078,
    1706158206247,
    1706158207009,
    1706158207009,
    1706158207010,
    1706158207010,
    1706158208042,
    1706158209420,
    1706158209404,
    1706158208861,
    1706158208798,
    1706158209822,
    1706158210040,
    1706158210070,
    1706158210456,
    1706158210394,
    1706158210641,
    1706158210919,
    1706158211263,
    1706158210935,
    1706158211650,
    1706158211450,
    1706158212268,
    1706158212094,
    1706158212902,
    1706158212964,
    1706158213675,
    1706158213722,
    1706158213643,
    1706158213659,
    1706158214219,
    1706158214234,
    1706158215483,
    1706158215395,
    1706158215067,
    1706158215867,
    1706158215945,
    1706158215825,
    1706158216080,
    1706158216610,
    1706158216177,
    1706158216936,
    1706158216594,
    1706158217012,
    1706158216936,
    1706158217923,
    1706158217739,
    1706158217584,
    1706158218730,
    1706158218807,
    1706158218837,
    1706158219612,
    1706158219581,
    1706158219627
  ],
  "blockTimestamps": [
    1706158209184,
    1706158212182,
    1706158215186,
    1706158218179,
    1706158221183,
    1706158224185
  ],
  "blockTimes": [
    1706158209,
    1706158212,
    1706158215,
    1706158218,
    1706158221,
    1706158224
  ],
  "blockTransactions": [
    9,
    13,
    11,
    10,
    14,
    14
  ],
  "Delays": [
    7045,
    6644,
    7323,
    5340,
    6038,
    5790,
    4988,
    4721,
    5603,
    7627,
    7627,
    6928,
    7285,
    7331,
    6449,
    6872,
    6525,
    6104,
    5935,
    5173,
    5173,
    5172,
    8176,
    7144,
    5766,
    5782,
    6325,
    6388,
    5364,
    5146,
    5116,
    4730,
    4792,
    7538,
    7260,
    6916,
    7244,
    6529,
    6729,
    5911,
    6085,
    5277,
    5215,
    7508,
    7461,
    7540,
    7524,
    6964,
    6949,
    5700,
    5788,
    6116,
    5316,
    5238,
    5358,
    5103,
    4573,
    8008,
    7249,
    7591,
    7173,
    7249,
    6262,
    6446,
    6601,
    5455,
    5378,
    5348,
    4573,
    4604,
    4558
  ],
  "Throughputs": [
    1.27750177430802,
    2.190580503833516,
    2.5293170843872153,
    2.6807980049875315,
    2.9930686830497795,
    3.2205388732649913
  ],
  "AverageDelays": [
    5943.555555555556,
    6258.772727272727,
    6134,
    6212.232558139535,
    6215.1578947368425,
    6207.87323943662
  ]
}