{
  "transactionTimestamps": [
    1706157941176,
    1706157941176,
    1706157941846,
    1706157942121,
    1706157942832,
    1706157943327,
    1706157943544,
    1706157942952,
    1706157943742,
    1706157944660,
    1706157944457,
    1706157944875,
    1706157945138,
    1706157945758,
    1706157945774,
    1706157945464,
    1706157946902,
    1706157946902,
    1706157946342,
    1706157946902,
    1706157946905,
    1706157947428,
    1706157948212,
    1706157948015,
    1706157948607,
    1706157949810,
    1706157950384,
    1706157951519,
    1706157951925,
    1706157952096,
    1706157952222,
    1706157951925,
    1706157952705,
    1706157952456,
    1706157952426,
    1706157952983,
    1706157953062,
    1706157953216,
    1706157953869,
    1706157953247,
    1706157953943,
    1706157953974,
    1706157954480,
    1706157954465,
    1706157955151,
    1706157955290,
    1706157956113,
    1706157956813,
    1706157957523,
    1706157957803,
    1706157958374,
    1706157958328,
    1706157958374,
    1706157959304,
    1706157959366,
    1706157959104,
    1706157958997,
    1706157959739,
    1706157959800,
    1706157960543,
    1706157960452,
    1706157959924,
    1706157960698,
    1706157961176,
    1706157961534
  ],
  "blockTimestamps": [
    1706157948185,
    1706157951181,
    1706157954190,
    1706157957183,
    1706157960191,
    1706157963185,
    1706157966186
  ],
  "blockTimes": [
    1706157948,
    1706157951,
    1706157954,
    1706157957,
    1706157960,
    1706157963,
    1706157966
  ],
  "blockTransactions": [
    8,
    10,
    8,
    6,
    12,
    7,
    14
  ],
  "Delays": [
    7009,
    7009,
    6339,
    6064,
    5353,
    4858,
    4641,
    5233,
    7439,
    6521,
    6724,
    6306,
    6043,
    5423,
    5407,
    5717,
    4279,
    4279,
    7848,
    7288,
    7285,
    6762,
    5978,
    6175,
    5583,
    4380,
    6799,
    5664,
    5258,
    5087,
    4961,
    5258,
    7486,
    7735,
    7765,
    7208,
    7129,
    6975,
    6322,
    6944,
    6248,
    6217,
    5711,
    5726,
    8034,
    7895,
    7072,
    6372,
    5662,
    5382,
    4811,
    7858,
    7812,
    6882,
    6820,
    7082,
    7189,
    6447,
    6386,
    5643,
    5734,
    6262,
    5488,
    5010,
    4652
  ],
  "Throughputs": [
    1.1413896418889997,
    1.7991004497751124,
    1.9978484708775166,
    1.9991253826450925,
    2.3139626610570603,
    2.3172338588759143,
    2.5989604158336665
  ],
  "AverageDelays": [
    5813.25,
    5813.555555555556,
    5997.807692307692,
    5905.3125,
    6146.272727272727,
    6189.490196078431,
    6229.676923076923
  ]
}