{
  "transactionTimestamps": [
    1706157679529,
    1706157679281,
    1706157679513,
    1706157680260,
    1706157680448,
    1706157681302,
    1706157682075,
    1706157681996,
    1706157682944,
    1706157683474,
    1706157684058,
    1706157684815,
    1706157684814,
    1706157685577,
    1706157685454,
    1706157685500,
    1706157685853,
    1706157686086,
    1706157686490,
    1706157686772,
    1706157686755,
    1706157686771,
    1706157686772,
    1706157687499,
    1706157688109,
    1706157690073,
    1706157690879,
    1706157690990,
    1706157691208,
    1706157691702,
    1706157691859,
    1706157692107,
    1706157692530,
    1706157692155,
    1706157692713,
    1706157692837,
    1706157693148,
    1706157693148,
    1706157693286,
    1706157694094,
    1706157694125,
    1706157694094,
    1706157696002,
    1706157696966,
    1706157696688,
    1706157697539,
    1706157697320,
    1706157697894,
    1706157697942,
    1706157698595,
    1706157698143,
    1706157698779,
    1706157698888,
    1706157699027,
    1706157699259,
    1706157699570,
    1706157699974,
    1706157700391
  ],
  "blockTimestamps": [
    1706157687159,
    1706157690159,
    1706157693168,
    1706157696170,
    1706157699167,
    1706157702159,
    1706157705165
  ],
  "blockTimes": [
    1706157687,
    1706157690,
    1706157693,
    1706157696,
    1706157699,
    1706157702,
    1706157705
  ],
  "blockTransactions": [
    8,
    6,
    11,
    4,
    12,
    6,
    11
  ],
  "Delays": [
    7630,
    7878,
    7646,
    6899,
    6711,
    5857,
    5084,
    5163,
    7215,
    6685,
    6101,
    5344,
    5345,
    4582,
    7714,
    7668,
    7315,
    7082,
    6678,
    6396,
    6413,
    6397,
    6396,
    5669,
    5059,
    6097,
    5291,
    5180,
    4962,
    7465,
    7308,
    7060,
    6637,
    7012,
    6454,
    6330,
    6019,
    6019,
    5881,
    5073,
    5042,
    8065,
    6157,
    5193,
    5471,
    4620,
    4839,
    7271,
    7223,
    6570,
    7022,
    6386,
    6277,
    6138,
    5906,
    5595,
    5191,
    4774
  ],
  "Throughputs": [
    1.0484927916120577,
    1.317027281279398,
    1.8329789574015691,
    1.7426837329487412,
    2.0877889805479173,
    2.07688908528502,
    2.262443438914027
  ],
  "AverageDelays": [
    6608.5,
    6295.714285714285,
    6437.08,
    6291.620689655172,
    6311.1463414634145,
    6236.212765957447,
    6231.982758620689
  ]
}