{
  "transactionTimestamps": [
    1706157902436,
    1706157903491,
    1706157903695,
    1706157903802,
    1706157903168,
    1706157903787,
    1706157903260,
    1706157903306,
    1706157904016,
    1706157903880,
    1706157905197,
    1706157904687,
    1706157904717,
    1706157905520,
    1706157905936,
    1706157906880,
    1706157906881,
    1706157906819,
    1706157906881,
    1706157906881,
    1706157908262,
    1706157909269,
    1706157909981,
    1706157909749,
    1706157910494,
    1706157911144,
    1706157910648,
    1706157911098,
    1706157911717,
    1706157911886,
    1706157912487,
    1706157912687,
    1706157913301,
    1706157913024,
    1706157913301,
    1706157912993,
    1706157913926,
    1706157913410,
    1706157913943,
    1706157914003,
    1706157914966,
    1706157914315,
    1706157915304,
    1706157916193,
    1706157916222,
    1706157916721,
    1706157917111,
    1706157916972,
    1706157917469,
    1706157917934,
    1706157918580,
    1706157918951,
    1706157919120,
    1706157919198,
    1706157918657
  ],
  "blockTimestamps": [
    1706157909159,
    1706157912171,
    1706157915156,
    1706157918157,
    1706157921180,
    1706157924190
  ],
  "blockTimes": [
    1706157909,
    1706157912,
    1706157915,
    1706157918,
    1706157921,
    1706157924
  ],
  "blockTransactions": [
    10,
    10,
    4,
    12,
    8,
    11
  ],
  "Delays": [
    6723,
    5668,
    5464,
    5357,
    5991,
    5372,
    5899,
    5853,
    5143,
    5279,
    6974,
    7484,
    7454,
    6651,
    6235,
    5291,
    5290,
    5352,
    5290,
    5290,
    6894,
    5887,
    5175,
    5407,
    7663,
    7013,
    7509,
    7059,
    6440,
    6271,
    5670,
    5470,
    4856,
    5133,
    4856,
    5164,
    7254,
    7770,
    7237,
    7177,
    6214,
    6865,
    5876,
    4987,
    7968,
    7469,
    7079,
    7218,
    6721,
    6256,
    5610,
    5239,
    5070,
    4992,
    5533
  ],
  "Throughputs": [
    1.4874312063067083,
    2.0544427324088343,
    1.8867924528301885,
    2.2899306659881686,
    2.347417840375587,
    2.528270662866599
  ],
  "AverageDelays": [
    5674.9,
    5903,
    5892.625,
    5959.083333333333,
    6088.795454545455,
    6128.4
  ]
}