{
  "transactionTimestamps": [
    1706157841303,
    1706157841615,
    1706157842322,
    1706157842864,
    1706157843904,
    1706157843497,
    1706157844243,
    1706157844693,
    1706157844491,
    1706157845033,
    1706157844337,
    1706157845308,
    1706157845433,
    1706157846038,
    1706157846858,
    1706157846595,
    1706157846858,
    1706157846858,
    1706157846858,
    1706157847043,
    1706157847800,
    1706157847831,
    1706157848666,
    1706157848649,
    1706157849506,
    1706157849859,
    1706157850515,
    1706157850345,
    1706157850980,
    1706157850407,
    1706157851197,
    1706157851214,
    1706157851914,
    1706157852503,
    1706157853200,
    1706157852859,
    1706157852891,
    1706157852904,
    1706157853183,
    1706157853581,
    1706157853727,
    1706157853433,
    1706157854347,
    1706157853820,
    1706157854148,
    1706157854578,
    1706157854610,
    1706157855257,
    1706157855224,
    1706157856633,
    1706157856694,
    1706157857283,
    1706157857422,
    1706157857564,
    1706157857404,
    1706157857967,
    1706157858352,
    1706157858752,
    1706157858662,
    1706157858922,
    1706157858859,
    1706157859445,
    1706157859552,
    1706157859660
  ],
  "blockTimestamps": [
    1706157849172,
    1706157852167,
    1706157855155,
    1706157858161,
    1706157861762,
    1706157864158
  ],
  "blockTimes": [
    1706157849,
    1706157852,
    1706157855,
    1706157858,
    1706157861,
    1706157864
  ],
  "blockTransactions": [
    9,
    11,
    7,
    14,
    8,
    15
  ],
  "Delays": [
    7869,
    7557,
    6850,
    6308,
    5268,
    5675,
    4929,
    4479,
    4681,
    7134,
    7830,
    6859,
    6734,
    6129,
    5309,
    5572,
    5309,
    5309,
    5309,
    5124,
    7355,
    7324,
    6489,
    6506,
    5649,
    5296,
    4640,
    7816,
    7181,
    7754,
    6964,
    6947,
    6247,
    5658,
    4961,
    5302,
    5270,
    5257,
    4978,
    4580,
    4434,
    8329,
    7415,
    7942,
    7614,
    7184,
    7152,
    6505,
    6538,
    7525,
    7464,
    6875,
    6736,
    6594,
    6754,
    6191,
    5806,
    5406,
    5496,
    5236,
    5299,
    4713,
    4606,
    4498
  ],
  "Throughputs": [
    1.1437285550895921,
    1.840942562592047,
    1.9491770141495812,
    2.432079724759758,
    2.395033970379784,
    2.800262524611682
  ],
  "AverageDelays": [
    5957.333333333333,
    6011.7,
    6055.2962962962965,
    6020.536585365854,
    6235.122448979592,
    6167.5
  ]
}