{"a": 0.6, "b": 0.4, "communities0": [[0, 5, 6, 7, 10, 16, 17, 18, 23, 27, 28, 36, 39, 40, 42, 48, 51, 52, 53, 59, 61, 67, 69, 70, 73, 74, 75, 79, 81, 83, 84, 88, 90], [32, 1, 34, 33, 11, 76, 77, 46, 15, 20, 21, 85, 24, 57, 58, 31], [2, 13], [64, 3, 72, 43, 50, 19, 86, 91], [4, 37, 55], [8, 30], [65, 9, 47, 54, 60], [66, 12], [41, 14], [87, 78, 22], [80, 25], [26, 45], [44, 29, 63], [49, 35], [38, 71], [56, 92], [68, 62], [89, 82]], "q0": 0.41150640356116264, "f0": 0.9109225550133223}