{"a": 0.6, "b": 0.4, "communities0": [[0, 255], [256, 1, 135, 11, 12, 13, 269, 15, 16, 17, 18, 19, 147, 148, 280, 153, 27, 28, 155, 161, 164, 39, 297, 43, 184, 58, 195, 73, 207, 208, 209, 213, 226, 228, 229, 104, 107, 115, 116, 117, 243, 244, 245, 250, 127], [257, 2, 133, 141, 144, 152, 156, 290, 35, 292, 40, 169, 42, 171, 45, 303, 307, 59, 194, 67, 199, 200, 84, 219, 93, 234, 240, 113, 246, 249], [3, 131, 132, 263, 137, 10, 138, 142, 14, 145, 146, 276, 281, 157, 32, 165, 294, 175, 306, 308, 201, 202, 204, 79, 82, 85, 216, 90, 95, 97, 235, 236, 112, 241, 247, 125], [129, 4, 6, 265, 9, 140, 273, 277, 149, 23, 279, 26, 283, 29, 30, 286, 288, 34, 163, 293, 166, 167, 170, 299, 44, 174, 50, 179, 54, 191, 192, 198, 203, 80, 212, 217, 218, 98, 227, 233, 106, 237, 114, 119, 120, 121, 251], [5, 102, 7, 232, 47, 176, 242, 220, 284, 183, 252, 189], [225, 197, 103, 8, 267, 88, 57, 158, 124, 222], [128, 289, 196, 69, 139, 109, 206, 48, 20, 150, 182, 215], [143, 275, 21, 278, 282, 33, 298, 302, 177, 51, 53, 56, 70, 78, 81, 214, 87, 89, 99, 231, 108, 239, 253], [126, 22], [66, 270, 178, 24, 91], [25, 230], [130, 31], [65, 36, 261, 101, 75, 172, 173, 301, 271, 304, 305, 211, 60, 223], [76, 37], [291, 38, 71, 72, 41, 74, 136, 300, 274, 180, 55, 154], [186, 46], [49, 100, 118, 94], [160, 193, 52], [260, 262, 295, 111, 92, 61], [62, 238], [68, 63], [64, 83], [221, 77], [296, 86], [96, 264, 266, 187, 254], [272, 105], [258, 110], [162, 122], [259, 123], [185, 134], [224, 168, 268, 151, 188], [285, 159], [248, 181], [205, 190], [210, 287]], "q0": 0.43877306351608036, "f0": 0.7762246439882426}