{"a": 0.7, "b": 0.3, "communities0": [[0, 64, 194, 67, 36, 101, 74, 171, 48, 179, 214, 156, 29], [1, 38, 83, 147, 150, 187], [145, 2], [3, 196, 218, 206, 209, 114, 52, 53, 86, 89, 90, 27, 95], [130, 131, 132, 4, 133, 134, 136, 135, 12, 22, 23, 26, 158, 31, 160, 33, 162, 40, 43, 45, 173, 175, 174, 177, 50, 178, 183, 184, 58, 188, 61, 62, 63, 65, 195, 69, 198, 71, 72, 202, 75, 76, 204, 78, 79, 205, 82, 210, 213, 87, 102, 116, 119], [5, 118], [6, 8, 13, 141, 17, 146, 149, 24, 153, 28, 159, 161, 164, 46, 185, 57, 189, 80, 211, 84, 88, 216, 91, 99, 105, 113, 121], [104, 7], [32, 200, 9, 170, 41, 109, 55], [10, 165], [11, 151], [108, 14], [166, 15], [16, 107, 152, 142], [129, 18], [19, 60, 117, 47], [201, 20], [137, 106, 49, 180, 21, 54, 120], [25, 98], [139, 30], [34, 163, 44, 207, 157], [35], [85, 37], [127, 126, 39], [42, 197], [51, 191], [56, 215], [144, 59], [66, 93], [168, 68], [77, 70], [73, 97], [81, 123, 181], [176, 155, 92], [192, 94], [96, 143], [115, 100], [138, 103], [169, 110], [124, 111], [112, 122, 199], [186, 212, 125], [128, 154], [140, 190], [208, 148], [182, 167], [217, 172], [193, 203]], "q0": 0.45993138219456814, "f0": 0.9111135187055901}