{"a": 0.4, "b": 0.6, "communities0": [[0, 10, 2, 11], [1, 5], [3, 13], [8, 4], [9, 6, 7], [12, 14]], "q0": 0.43860561914672225, "f0": 0.6946203891106617}