{
  "transactionTimestamps": [
    1706075821917,
    1706075821949,
    1706075821971,
    1706075821967,
    1706075823181,
    1706075823349,
    1706075823349,
    1706075823580,
    1706075824544,
    1706075824606,
    1706075824715,
    1706075824810,
    1706075826006,
    1706075826069,
    1706075826099,
    1706075826344,
    1706075827166,
    1706075827182,
    1706075827227,
    1706075827708,
    1706075828623,
    1706075828637,
    1706075828653,
    1706075829084,
    1706075830015,
    1706075830045,
    1706075830076,
    1706075830259,
    1706075831456,
    1706075831532,
    1706075831594
  ],
  "blockTimestamps": [
    1706075826748,
    1706075829753,
    1706075832752,
    1706075835750
  ],
  "blockTimes": [
    1706075826,
    1706075829,
    1706075832,
    1706075835
  ],
  "blockTransactions": [
    8,
    8,
    8,
    7
  ],
  "Delays": [
    4831,
    4799,
    4777,
    4781,
    3567,
    3399,
    3399,
    3168,
    5209,
    5147,
    5038,
    4943,
    3747,
    3684,
    3654,
    3409,
    5586,
    5570,
    5525,
    5044,
    4129,
    4115,
    4099,
    3668,
    5735,
    5705,
    5674,
    5491,
    4294,
    4218,
    4156
  ],
  "Throughputs": [
    1.6559718484785757,
    2.041858090862685,
    2.2150438394093213,
    2.2410178558519482
  ],
  "AverageDelays": [
    4090.125,
    4222,
    4387,
    4534.225806451613
  ]
}