{
  "transactionTimestamps": [
    1706075926174,
    1706075927639,
    1706075928788,
    1706075930140,
    1706075931357,
    1706075932495,
    1706075933676
  ],
  "blockTimestamps": [
    1706075931743,
    1706075934746,
    1706075937749
  ],
  "blockTimes": [
    1706075931,
    1706075934,
    1706075937
  ],
  "blockTransactions": [
    2,
    3,
    2
  ],
  "Delays": [
    5569,
    4104,
    5958,
    4606,
    3389,
    5254,
    4073
  ],
  "Throughputs": [
    0.3591309032142216,
    0.5832944470368643,
    0.6047516198704104
  ],
  "AverageDelays": [
    4836.5,
    4725.2,
    4707.571428571428
  ]
}