{
  "transactionTimestamps": [
    1706075896167,
    1706075896166,
    1706075897643,
    1706075897722,
    1706075899000,
    1706075899171,
    1706075900475,
    1706075900599,
    1706075902131,
    1706075901885,
    1706075903247,
    1706075903463,
    1706075904517,
    1706075904604
  ],
  "blockTimestamps": [
    1706075901743,
    1706075904746,
    1706075907743,
    1706075910745
  ],
  "blockTimes": [
    1706075901,
    1706075904,
    1706075907,
    1706075910
  ],
  "blockTransactions": [
    4,
    4,
    5,
    1
  ],
  "Delays": [
    5576,
    5577,
    4100,
    4021,
    5746,
    5575,
    4271,
    4147,
    5612,
    5858,
    4496,
    4280,
    3226,
    6141
  ],
  "Throughputs": [
    0.7173601147776184,
    0.9325096165054202,
    1.1230131306150657,
    0.9603512141583208
  ],
  "AverageDelays": [
    4818.5,
    4876.625,
    4806.538461538462,
    4901.857142857143
  ]
}