{
  "transactionTimestamps": [
    1706075862557,
    1706075862690,
    1706075863500,
    1706075863832,
    1706075863860,
    1706075864931,
    1706075865177,
    1706075865395,
    1706075866157,
    1706075866157,
    1706075866158,
    1706075866624,
    1706075866996,
    1706075867369,
    1706075867524,
    1706075867633,
    1706075867898,
    1706075868320,
    1706075868942,
    1706075868958,
    1706075868973,
    1706075869080,
    1706075869592,
    1706075870131,
    1706075870180,
    1706075870566,
    1706075870999,
    1706075871248,
    1706075871497,
    1706075871912,
    1706075872578,
    1706075872625,
    1706075872703,
    1706075873484,
    1706075873733,
    1706075874132,
    1706075875326,
    1706075876519
  ],
  "blockTimestamps": [
    1706075868751,
    1706075871751,
    1706075874757,
    1706075877765,
    1706075880740
  ],
  "blockTimes": [
    1706075868,
    1706075871,
    1706075874,
    1706075877,
    1706075880
  ],
  "blockTransactions": [
    8,
    10,
    11,
    7,
    2
  ],
  "Delays": [
    6194,
    6061,
    5251,
    4919,
    4891,
    3820,
    3574,
    3356,
    5594,
    5594,
    5593,
    5127,
    4755,
    4382,
    4227,
    4118,
    3853,
    3431,
    5815,
    5799,
    5784,
    5677,
    5165,
    4626,
    4577,
    4191,
    3758,
    3509,
    3260,
    5853,
    5187,
    5140,
    5062,
    4281,
    4032,
    3633,
    5414,
    4221
  ],
  "Throughputs": [
    1.2915724895059735,
    1.9577985642810527,
    2.377049180327869,
    2.367175170962651,
    2.089864158829676
  ],
  "AverageDelays": [
    4758.25,
    4707.777777777777,
    4720.724137931034,
    4724.694444444444,
    4729.578947368421
  ]
}