{
  "transactionTimestamps": [
    1706075878072,
    1706075881162,
    1706075881162,
    1706075881162,
    1706075882370,
    1706075882543,
    1706075882668,
    1706075883898,
    1706075883898,
    1706075884035,
    1706075885085,
    1706075885379,
    1706075885516,
    1706075886699,
    1706075886760,
    1706075886575,
    1706075887925,
    1706075888280,
    1706075889103,
    1706075887951
  ],
  "blockTimestamps": [
    1706075883740,
    1706075886754,
    1706075889744,
    1706075892745
  ],
  "blockTimes": [
    1706075883,
    1706075886,
    1706075889,
    1706075892
  ],
  "blockTransactions": [
    1,
    6,
    6,
    7
  ],
  "Delays": [
    5668,
    5592,
    5592,
    5592,
    4384,
    4211,
    4086,
    5846,
    5846,
    5709,
    4659,
    4365,
    4228,
    6046,
    5985,
    6170,
    4820,
    4465,
    3642,
    4794
  ],
  "Throughputs": [
    0.1764290755116443,
    0.8062658373646625,
    1.1137765592871829,
    1.3630477748245076
  ],
  "AverageDelays": [
    5668,
    5017.857142857143,
    5059.846153846154,
    5085
  ]
}