{
  "transactionTimestamps": [
    1706075832946,
    1706075832961,
    1706075832976,
    1706075831558,
    1706075834110,
    1706075834392,
    1706075832665,
    1706075834486,
    1706075835388,
    1706075835654,
    1706075835855,
    1706075834507,
    1706075836151,
    1706075836152,
    1706075835730,
    1706075836910,
    1706075836942,
    1706075837112,
    1706075837453,
    1706075837547,
    1706075837002,
    1706075838124,
    1706075838217,
    1706075838232,
    1706075838388,
    1706075838945,
    1706075839038,
    1706075839424,
    1706075839576,
    1706075839776,
    1706075839870,
    1706075840419,
    1706075840530,
    1706075840916,
    1706075840947,
    1706075841041,
    1706075841488,
    1706075841905,
    1706075842044,
    1706075842060,
    1706075842429,
    1706075842584,
    1706075843095,
    1706075843204,
    1706075843343,
    1706075843670,
    1706075843821,
    1706075843866,
    1706075844456,
    1706075845057,
    1706075845167,
    1706075845276,
    1706075845757,
    1706075846535,
    1706075846639,
    1706075846797,
    1706075847028,
    1706075844735
  ],
  "blockTimestamps": [
    1706075838756,
    1706075841759,
    1706075844754,
    1706075847755,
    1706075850760
  ],
  "blockTimes": [
    1706075838,
    1706075841,
    1706075844,
    1706075847,
    1706075850
  ],
  "blockTransactions": [
    9,
    16,
    12,
    12,
    9
  ],
  "Delays": [
    5810,
    5795,
    5780,
    7198,
    4646,
    4364,
    6091,
    4270,
    3368,
    6105,
    5904,
    7252,
    5608,
    5607,
    6029,
    4849,
    4817,
    4647,
    4306,
    4212,
    4757,
    3635,
    3542,
    3527,
    3371,
    5809,
    5716,
    5330,
    5178,
    4978,
    4884,
    4335,
    4224,
    3838,
    3807,
    3713,
    3266,
    5850,
    5711,
    5695,
    5326,
    5171,
    4660,
    4551,
    4412,
    4085,
    3934,
    3889,
    3299,
    5703,
    5593,
    5484,
    5003,
    4225,
    4121,
    3963,
    3732,
    6025
  ],
  "Throughputs": [
    1.5490533562822721,
    2.836718484057642,
    3.133468834688347,
    3.3087987034911204,
    3.2558661726731786
  ],
  "AverageDelays": [
    5258,
    5019.6,
    4880.216216216216,
    4839.816326530612,
    4844.827586206897
  ]
}