{
  "transactionTimestamps": [
    1706075847972,
    1706075847956,
    1706075848063,
    1706075848312,
    1706075846694,
    1706075848623,
    1706075849121,
    1706075849427,
    1706075849536,
    1706075849630,
    1706075849800,
    1706075850689,
    1706075850817,
    1706075850906,
    1706075851089,
    1706075851153,
    1706075851155,
    1706075851323,
    1706075852066,
    1706075852252,
    1706075852298,
    1706075852298,
    1706075852685,
    1706075852670,
    1706075852732,
    1706075853370,
    1706075853416,
    1706075853417,
    1706075853494,
    1706075854052,
    1706075854083,
    1706075854161,
    1706075854577,
    1706075854778,
    1706075855458,
    1706075855536,
    1706075855608,
    1706075855907,
    1706075856233,
    1706075856837,
    1706075856883,
    1706075857080,
    1706075857082,
    1706075857357,
    1706075857991,
    1706075858174,
    1706075858312,
    1706075858542,
    1706075858728,
    1706075859584,
    1706075859939,
    1706075860048,
    1706075861014,
    1706075861094,
    1706075861433,
    1706075862144
  ],
  "blockTimestamps": [
    1706075853756,
    1706075856760,
    1706075859752,
    1706075862744,
    1706075865753
  ],
  "blockTimes": [
    1706075853,
    1706075856,
    1706075859,
    1706075862,
    1706075865
  ],
  "blockTransactions": [
    11,
    18,
    10,
    11,
    6
  ],
  "Delays": [
    5784,
    5800,
    5693,
    5444,
    7062,
    5133,
    4635,
    4329,
    4220,
    4126,
    3956,
    6071,
    5943,
    5854,
    5671,
    5607,
    5605,
    5437,
    4694,
    4508,
    4462,
    4462,
    4075,
    4090,
    4028,
    3390,
    3344,
    3343,
    3266,
    5700,
    5669,
    5591,
    5175,
    4974,
    4294,
    4216,
    4144,
    3845,
    3519,
    5907,
    5861,
    5664,
    5662,
    5387,
    4753,
    4570,
    4432,
    4202,
    4016,
    3160,
    5814,
    5705,
    4739,
    4659,
    4320,
    3609
  ],
  "Throughputs": [
    1.90179806362379,
    3.299954483386436,
    3.310696095076401,
    3.3847820200379095,
    3.1494291659636695
  ],
  "AverageDelays": [
    5107.454545454545,
    4828.689655172414,
    4798.948717948718,
    4815.46,
    4814.625
  ]
}