{
  "transactionTimestamps": [
    1706075911171,
    1706075911172,
    1706075912329,
    1706075912744,
    1706075913636,
    1706075914193,
    1706075915227,
    1706075915595,
    1706075916828,
    1706075916905,
    1706075918196,
    1706075918397
  ],
  "blockTimestamps": [
    1706075916755,
    1706075919747,
    1706075922746
  ],
  "blockTimes": [
    1706075916,
    1706075919,
    1706075922
  ],
  "blockTransactions": [
    4,
    4,
    4
  ],
  "Delays": [
    5584,
    5583,
    4426,
    4011,
    6111,
    5554,
    4520,
    4152,
    5918,
    5841,
    4550,
    4349
  ],
  "Throughputs": [
    0.7163323782234957,
    0.9328358208955223,
    1.0367170626349893
  ],
  "AverageDelays": [
    4901,
    4992.625,
    5049.916666666667
  ]
}