{
  "transactionTimestamps": [
    1706088158308,
    1706088161011,
    1706088162478,
    1706088164873,
    1706088164873,
    1706088166210,
    1706088166362,
    1706088167695,
    1706088167944,
    1706088169175,
    1706088169282,
    1706088170685,
    1706088172109,
    1706088173020,
    1706088171943,
    1706088174134
  ],
  "blockTimestamps": [
    1706088165730,
    1706088168732,
    1706088171740,
    1706088174738,
    1706088177740
  ],
  "blockTimes": [
    1706088165,
    1706088168,
    1706088171,
    1706088174,
    1706088177
  ],
  "blockTransactions": [
    3,
    2,
    4,
    4,
    3
  ],
  "Delays": [
    7422,
    4719,
    3252,
    3859,
    3859,
    5530,
    5378,
    4045,
    3796,
    5563,
    5456,
    4053,
    2629,
    4720,
    5797,
    3606
  ],
  "Throughputs": [
    0.40420371867421184,
    0.4796623177283193,
    0.6700416914830256,
    0.7912355447352404,
    0.8233841086867024
  ],
  "AverageDelays": [
    5131,
    4622.2,
    4651.111111111111,
    4581.615384615385,
    4605.25
  ]
}