{
  "transactionTimestamps": [
    1706087924755,
    1706087924756,
    1706087925969,
    1706087926384,
    1706087927382,
    1706087928645,
    1706087927816,
    1706087929811,
    1706087931002,
    1706087931511,
    1706087930274,
    1706087933026,
    1706087934248
  ],
  "blockTimestamps": [
    1706087928736,
    1706087931737,
    1706087934732,
    1706087937742
  ],
  "blockTimes": [
    1706087928,
    1706087931,
    1706087934,
    1706087937
  ],
  "blockTransactions": [
    2,
    3,
    5,
    3
  ],
  "Delays": [
    3981,
    3980,
    5768,
    5353,
    4355,
    6087,
    6916,
    4921,
    3730,
    3221,
    7468,
    4716,
    3494
  ],
  "Throughputs": [
    0.5023863350916855,
    0.7161271841879118,
    1.0023053021950485,
    1.001001001001001
  ],
  "AverageDelays": [
    3980.5,
    4687.4,
    4831.2,
    4922.307692307692
  ]
}