{
  "transactionTimestamps": [
    1706088234316,
    1706088237504,
    1706088239929,
    1706088239929,
    1706088241242,
    1706088241320,
    1706088242707,
    1706088243951,
    1706088242737,
    1706088245446,
    1706088247025,
    1706088247392,
    1706088246210,
    1706088248769
  ],
  "blockTimestamps": [
    1706088240742,
    1706088243737,
    1706088246747,
    1706088249734,
    1706088252744
  ],
  "blockTimes": [
    1706088240,
    1706088243,
    1706088246,
    1706088249,
    1706088252
  ],
  "blockTransactions": [
    1,
    3,
    3,
    4,
    3
  ],
  "Delays": [
    6426,
    6233,
    3808,
    3808,
    5505,
    5427,
    4040,
    5783,
    6997,
    4288,
    2709,
    5352,
    6534,
    3975
  ],
  "Throughputs": [
    0.1556178026766262,
    0.4245833775607685,
    0.5631083581369158,
    0.7134518095732262,
    0.759713479487736
  ],
  "AverageDelays": [
    6426,
    5068.75,
    5035.285714285715,
    5002.181818181818,
    5063.214285714285
  ]
}