{
  "transactionTimestamps": [
    1706088179876,
    1706088181349,
    1706088182702,
    1706088184136,
    1706088185309,
    1706088186898
  ],
  "blockTimestamps": [
    1706088183736,
    1706088186732,
    1706088189742,
    1706088192733
  ],
  "blockTimes": [
    1706088183,
    1706088186,
    1706088189,
    1706088192
  ],
  "blockTransactions": [
    1,
    2,
    2,
    1
  ],
  "Delays": [
    3860,
    5383,
    4030,
    5606,
    4433,
    5835
  ],
  "Throughputs": [
    0.2590673575129534,
    0.43757292882147025,
    0.5067909993918508,
    0.4666718519094657
  ],
  "AverageDelays": [
    3860,
    4424.333333333333,
    4662.4,
    4857.833333333333
  ]
}