{
  "transactionTimestamps": [
    1706088029812,
    1706088029812,
    1706088031113,
    1706088031190,
    1706088032371,
    1706088032601,
    1706088033653,
    1706088033792,
    1706088034812,
    1706088035278,
    1706088036217,
    1706088036527
  ],
  "blockTimestamps": [
    1706088033743,
    1706088039746
  ],
  "blockTimes": [
    1706088033,
    1706088039
  ],
  "blockTransactions": [
    6,
    6
  ],
  "Delays": [
    3931,
    3931,
    2630,
    2553,
    1372,
    1142,
    6093,
    5954,
    4934,
    4468,
    3529,
    3219
  ],
  "Throughputs": [
    1.5263291783261257,
    1.2079726192872962
  ],
  "AverageDelays": [
    2593.1666666666665,
    3646.3333333333335
  ]
}