{
  "transactionTimestamps": [
    1706088415128,
    1706088420050,
    1706088421445,
    1706088422890,
    1706088424312,
    1706088425592,
    1706088426777
  ],
  "blockTimestamps": [
    1706088420736,
    1706088423732,
    1706088426734,
    1706088429746,
    1706088432738
  ],
  "blockTimes": [
    1706088420,
    1706088423,
    1706088426,
    1706088429,
    1706088432
  ],
  "blockTransactions": [
    1,
    1,
    2,
    2,
    1
  ],
  "Delays": [
    5608,
    3682,
    5289,
    3844,
    5434,
    4154,
    5961
  ],
  "Throughputs": [
    0.1783166904422254,
    0.23245002324500236,
    0.34464931931759435,
    0.4104528663291832,
    0.39750141964792735
  ],
  "AverageDelays": [
    5608,
    4645,
    4605.75,
    4668.5,
    4853.142857142857
  ]
}