{
  "transactionTimestamps": [
    1706088010983,
    1706088012186,
    1706088013435,
    1706088014696,
    1706088014805,
    1706088016039,
    1706088017410,
    1706088018661,
    1706088019780,
    1706088020922
  ],
  "blockTimestamps": [
    1706088015734,
    1706088018734,
    1706088021735,
    1706088024732
  ],
  "blockTimes": [
    1706088015,
    1706088018,
    1706088021,
    1706088024
  ],
  "blockTransactions": [
    2,
    3,
    2,
    3
  ],
  "Delays": [
    4751,
    3548,
    5299,
    4038,
    3929,
    5696,
    4325,
    6071,
    4952,
    3810
  ],
  "Throughputs": [
    0.4209640075773521,
    0.6450780544445878,
    0.6510416666666666,
    0.7273256236817223
  ],
  "AverageDelays": [
    4149.5,
    4313,
    4512.285714285715,
    4641.9
  ]
}