{
  "transactionTimestamps": [
    1706087909746,
    1706087911262,
    1706087912749,
    1706087914357,
    1706087915512,
    1706087916992
  ],
  "blockTimestamps": [
    1706087913728,
    1706087916739,
    1706087919749,
    1706087922732
  ],
  "blockTimes": [
    1706087913,
    1706087916,
    1706087919,
    1706087922
  ],
  "blockTransactions": [
    1,
    2,
    2,
    1
  ],
  "Delays": [
    3982,
    5477,
    3990,
    5392,
    4237,
    5740
  ],
  "Throughputs": [
    0.25113008538422904,
    0.429000429000429,
    0.49985004498650404,
    0.4620360388110272
  ],
  "AverageDelays": [
    3982,
    4483,
    4615.6,
    4803
  ]
}