{
  "transactionTimestamps": [
    1706088390042,
    1706088391373,
    1706088392736,
    1706088394289,
    1706088395627,
    1706088396840
  ],
  "blockTimestamps": [
    1706088393732,
    1706088396736,
    1706088399736,
    1706088402738
  ],
  "blockTimes": [
    1706088393,
    1706088396,
    1706088399,
    1706088402
  ],
  "blockTransactions": [
    1,
    2,
    2,
    1
  ],
  "Delays": [
    3690,
    5363,
    4000,
    5447,
    4109,
    5898
  ],
  "Throughputs": [
    0.2710027100271003,
    0.44816253361219005,
    0.51578295853105,
    0.4725897920604915
  ],
  "AverageDelays": [
    3690,
    4351,
    4521.8,
    4751.166666666667
  ]
}