{
  "transactionTimestamps": [
    1706088375025,
    1706088375025,
    1706088376311,
    1706088376525,
    1706088377778,
    1706088377918,
    1706088379096,
    1706088379282,
    1706088380625,
    1706088380732,
    1706088381956,
    1706088382109
  ],
  "blockTimestamps": [
    1706088378735,
    1706088381730,
    1706088385348,
    1706088387736
  ],
  "blockTimes": [
    1706088378,
    1706088381,
    1706088384,
    1706088387
  ],
  "blockTransactions": [
    2,
    4,
    4,
    2
  ],
  "Delays": [
    3710,
    3710,
    5419,
    5205,
    3952,
    3812,
    6252,
    6066,
    4723,
    4616,
    5780,
    5627
  ],
  "Throughputs": [
    0.5390835579514824,
    0.8948545861297539,
    0.9687106461300009,
    0.9440641963653528
  ],
  "AverageDelays": [
    3710,
    4301.333333333333,
    4746.5,
    4906
  ]
}