{
  "transactionTimestamps": [
    1706088085263,
    1706088085849,
    1706088089834,
    1706088092715,
    1706088094061,
    1706088095338,
    1706088096738,
    1706088098224,
    1706088099410
  ],
  "blockTimestamps": [
    1706088090735,
    1706088096739,
    1706088099740,
    1706088102729
  ],
  "blockTimes": [
    1706088090,
    1706088096,
    1706088099,
    1706088102
  ],
  "blockTransactions": [
    2,
    1,
    3,
    3
  ],
  "Delays": [
    5472,
    4886,
    6905,
    7025,
    5679,
    4402,
    5991,
    4505,
    3319
  ],
  "Throughputs": [
    0.36549707602339176,
    0.2614151272220286,
    0.4144505077018719,
    0.5152868430092752
  ],
  "AverageDelays": [
    5179,
    5754.333333333333,
    5728.166666666667,
    5353.777777777777
  ]
}