{
  "transactionTimestamps": [
    1706087948869,
    1706087951617,
    1706087952623,
    1706087954764,
    1706087954763,
    1706087954762,
    1706087956124,
    1706087956124,
    1706087956233,
    1706087955876,
    1706087957052,
    1706087957328,
    1706087957499,
    1706087957620,
    1706087958253,
    1706087958878,
    1706087958911,
    1706087959509,
    1706087958557,
    1706087960093,
    1706087960186,
    1706087960867,
    1706087961408,
    1706087961701,
    1706087962289,
    1706087962611,
    1706087963120,
    1706087963876,
    1706087964096
  ],
  "blockTimestamps": [
    1706087955734,
    1706087958737,
    1706087961740,
    1706087964732,
    1706087967738
  ],
  "blockTimes": [
    1706087955,
    1706087958,
    1706087961,
    1706087964,
    1706087967
  ],
  "blockTransactions": [
    1,
    5,
    9,
    8,
    6
  ],
  "Delays": [
    6865,
    7120,
    6114,
    3973,
    3974,
    3975,
    5616,
    5616,
    5507,
    5864,
    4688,
    4412,
    4241,
    4120,
    3487,
    5854,
    5821,
    5223,
    6175,
    4639,
    4546,
    3865,
    3324,
    6037,
    5449,
    5127,
    4618,
    3862,
    3642
  ],
  "Throughputs": [
    0.14566642388929352,
    0.6080259424402108,
    1.1654106130059825,
    1.4499148962995652,
    1.5369123959934283
  ],
  "AverageDelays": [
    6865,
    5336.833333333333,
    5038.133333333333,
    5000.826086956522,
    4957.0344827586205
  ]
}