{
  "transactionTimestamps": [
    1706088044813,
    1706088044812,
    1706088046091,
    1706088046091,
    1706088047436,
    1706088047684,
    1706088048974,
    1706088052206,
    1706088051322,
    1706088050931,
    1706088052573,
    1706088053638,
    1706088053838
  ],
  "blockTimestamps": [
    1706088048730,
    1706088051740,
    1706088054737,
    1706088057734
  ],
  "blockTimes": [
    1706088048,
    1706088051,
    1706088054,
    1706088057
  ],
  "blockTransactions": [
    2,
    3,
    2,
    6
  ],
  "Delays": [
    3917,
    3918,
    5649,
    5649,
    4304,
    7053,
    5763,
    5528,
    6412,
    6803,
    5161,
    4096,
    3896
  ],
  "Throughputs": [
    0.5105948429920858,
    0.7218131947452,
    0.7053607416364369,
    1.006114077857751
  ],
  "AverageDelays": [
    3917.5,
    4687.4,
    5179,
    5242.2307692307695
  ]
}