{
  "transactionTimestamps": [
    1706088145535,
    1706088146860,
    1706088148308,
    1706088149424,
    1706088149871,
    1706088149871,
    1706088151300,
    1706088152463,
    1706088151454,
    1706088153648,
    1706088154928,
    1706088156127,
    1706088154287,
    1706088155388,
    1706088159458
  ],
  "blockTimestamps": [
    1706088150731,
    1706088153741,
    1706088156737,
    1706088159738,
    1706088162735
  ],
  "blockTimes": [
    1706088150,
    1706088153,
    1706088156,
    1706088159,
    1706088162
  ],
  "blockTransactions": [
    2,
    4,
    3,
    4,
    2
  ],
  "Delays": [
    5196,
    3871,
    5433,
    4317,
    3870,
    3870,
    5437,
    4274,
    5283,
    6090,
    4810,
    3611,
    5451,
    7347,
    3277
  ],
  "Throughputs": [
    0.3849114703618168,
    0.73117231294175,
    0.8034279592929834,
    0.915299584594804,
    0.872093023255814
  ],
  "AverageDelays": [
    4533.5,
    4426.166666666667,
    4616.777777777777,
    4731.7692307692305,
    4809.133333333333
  ]
}