{
  "transactionTimestamps": [
    1706088099276,
    1706088104844,
    1706088106046,
    1706088107426,
    1706088108538,
    1706088109805,
    1706088111070
  ],
  "blockTimestamps": [
    1706088105735,
    1706088108735,
    1706088111735,
    1706088114734
  ],
  "blockTimes": [
    1706088105,
    1706088108,
    1706088111,
    1706088114
  ],
  "blockTransactions": [
    1,
    1,
    3,
    2
  ],
  "Delays": [
    6459,
    3891,
    5689,
    4309,
    3197,
    4929,
    3664
  ],
  "Throughputs": [
    0.15482272797646696,
    0.2114388413151496,
    0.40131631752147046,
    0.4528399534221762
  ],
  "AverageDelays": [
    6459,
    5175,
    4709,
    4591.142857142857
  ]
}