{
  "transactionTimestamps": [
    1706088340125,
    1706088345004,
    1706088345005,
    1706088346283,
    1706088346564,
    1706088347720,
    1706088347796,
    1706088348973,
    1706088349354,
    1706088350619,
    1706088350095,
    1706088351777,
    1706088352910,
    1706088354263
  ],
  "blockTimestamps": [
    1706088345741,
    1706088348733,
    1706088351736,
    1706088354745,
    1706088357731
  ],
  "blockTimes": [
    1706088345,
    1706088348,
    1706088351,
    1706088354,
    1706088357
  ],
  "blockTransactions": [
    1,
    2,
    4,
    4,
    3
  ],
  "Delays": [
    5616,
    3729,
    3728,
    5453,
    5172,
    4016,
    3940,
    5772,
    5391,
    4126,
    4650,
    5954,
    4821,
    3468
  ],
  "Throughputs": [
    0.1780626780626781,
    0.34851301115241634,
    0.6028765825510292,
    0.7523939808481532,
    0.7951834601840281
  ],
  "AverageDelays": [
    5616,
    4357.666666666667,
    4522,
    4690.272727272727,
    4702.571428571428
  ]
}