{
  "transactionTimestamps": [
    1706087939757,
    1706087941365,
    1706087942690,
    1706087944220,
    1706087945784,
    1706087947324
  ],
  "blockTimestamps": [
    1706087943734,
    1706087946738,
    1706087949736,
    1706087952740
  ],
  "blockTimes": [
    1706087943,
    1706087946,
    1706087949,
    1706087952
  ],
  "blockTransactions": [
    1,
    2,
    2,
    1
  ],
  "Delays": [
    3977,
    5373,
    4048,
    5516,
    3952,
    5416
  ],
  "Throughputs": [
    0.25144581342720645,
    0.42973785990545765,
    0.5010522096402446,
    0.46214280212585684
  ],
  "AverageDelays": [
    3977,
    4466,
    4573.2,
    4713.666666666667
  ]
}