{
  "transactionTimestamps": [
    1706088299967,
    1706088301137,
    1706088302328,
    1706088303686,
    1706088304854,
    1706088306131
  ],
  "blockTimestamps": [
    1706088303745,
    1706088306737,
    1706088309733,
    1706088312730
  ],
  "blockTimes": [
    1706088303,
    1706088306,
    1706088309,
    1706088312
  ],
  "blockTransactions": [
    1,
    2,
    2,
    1
  ],
  "Delays": [
    3778,
    5600,
    4409,
    6047,
    4879,
    6599
  ],
  "Throughputs": [
    0.2646903123345686,
    0.4431314623338257,
    0.5119803399549457,
    0.47010890856381726
  ],
  "AverageDelays": [
    3778,
    4595.666666666667,
    4942.6,
    5218.666666666667
  ]
}