{
  "transactionTimestamps": [
    1706087999791,
    1706088001045,
    1706088002439,
    1706088003908,
    1706088005055,
    1706088006678,
    1706088008254,
    1706088009408
  ],
  "blockTimestamps": [
    1706088003733,
    1706088006738,
    1706088009735,
    1706088013329
  ],
  "blockTimes": [
    1706088003,
    1706088006,
    1706088009,
    1706088012
  ],
  "blockTransactions": [
    1,
    2,
    2,
    3
  ],
  "Delays": [
    3942,
    5693,
    4299,
    5827,
    4680,
    6651,
    5075,
    3921
  ],
  "Throughputs": [
    0.2536783358701167,
    0.43184108248164677,
    0.502815768302494,
    0.5909292362239622
  ],
  "AverageDelays": [
    3942,
    4644.666666666667,
    4888.2,
    5011
  ]
}