{
  "transactionTimestamps": [
    1706088220113,
    1706088221146,
    1706088224912,
    1706088224912,
    1706088224451,
    1706088225638,
    1706088226374,
    1706088226513,
    1706088227119,
    1706088227856,
    1706088228226,
    1706088227501,
    1706088229286,
    1706088229781,
    1706088230570,
    1706088231097,
    1706088231379,
    1706088231904,
    1706088230262,
    1706088232275,
    1706088232754,
    1706088233649
  ],
  "blockTimestamps": [
    1706088225742,
    1706088228730,
    1706088231741,
    1706088234743,
    1706088237737
  ],
  "blockTimes": [
    1706088225,
    1706088228,
    1706088231,
    1706088234,
    1706088237
  ],
  "blockTransactions": [
    1,
    3,
    7,
    6,
    5
  ],
  "Delays": [
    5629,
    7584,
    3818,
    3818,
    7290,
    6103,
    5367,
    5228,
    4622,
    3885,
    3515,
    7242,
    5457,
    4962,
    4173,
    3646,
    3364,
    5833,
    7475,
    5462,
    4983,
    4088
  ],
  "Throughputs": [
    0.17765144785930007,
    0.4641986770337704,
    0.9459924320605435,
    1.1619958988380041,
    1.2482977757603269
  ],
  "AverageDelays": [
    5629,
    5212.25,
    5169,
    5041.35294117647,
    5161.090909090909
  ]
}