{
  "transactionTimestamps": [
    1706088250086,
    1706088254941,
    1706088256159,
    1706088257468,
    1706088258680,
    1706088260074,
    1706088261385
  ],
  "blockTimestamps": [
    1706088255732,
    1706088258750,
    1706088261750,
    1706088264738
  ],
  "blockTimes": [
    1706088255,
    1706088258,
    1706088261,
    1706088264
  ],
  "blockTransactions": [
    1,
    1,
    2,
    3
  ],
  "Delays": [
    5646,
    3809,
    5591,
    4282,
    6058,
    4664,
    3353
  ],
  "Throughputs": [
    0.17711654268508678,
    0.23084025854108958,
    0.3429355281207133,
    0.4777504777504778
  ],
  "AverageDelays": [
    5646,
    4727.5,
    4832,
    4771.857142857143
  ]
}