{
  "transactionTimestamps": [
    1706087800398,
    1706087800489,
    1706087801082,
    1706087801902,
    1706087801936,
    1706087802597,
    1706087803169,
    1706087803199,
    1706087803911,
    1706087804426,
    1706087804691,
    1706087804691,
    1706087804719,
    1706087805268,
    1706087805935,
    1706087805945,
    1706087806274,
    1706087806745,
    1706087807292,
    1706087807508,
    1706087807662,
    1706087806196,
    1706087808435,
    1706087808668,
    1706087809011,
    1706087808296,
    1706087809812,
    1706087810091,
    1706087810107,
    1706087808922,
    1706087810123,
    1706087811376,
    1706087811501,
    1706087811609,
    1706087812307,
    1706087812679,
    1706087810934,
    1706087811254,
    1706087813143,
    1706087813699,
    1706087814282
  ],
  "blockTimestamps": [
    1706087805749,
    1706087808745,
    1706087811742,
    1706087814738,
    1706087817744
  ],
  "blockTimes": [
    1706087805,
    1706087808,
    1706087811,
    1706087814,
    1706087817
  ],
  "blockTransactions": [
    5,
    9,
    9,
    10,
    8
  ],
  "Delays": [
    5351,
    5260,
    4667,
    3847,
    3813,
    6148,
    5576,
    5546,
    4834,
    4319,
    4054,
    4054,
    4026,
    3477,
    5807,
    5797,
    5468,
    4997,
    4450,
    4234,
    4080,
    5546,
    3307,
    6070,
    5727,
    6442,
    4926,
    4647,
    4631,
    5816,
    4615,
    3362,
    3237,
    6135,
    5437,
    5065,
    6810,
    6490,
    4601,
    4045,
    3462
  ],
  "Throughputs": [
    0.9344047841524948,
    1.6772493111297473,
    2.027503526093089,
    2.301255230125523,
    2.3636573273377146
  ],
  "AverageDelays": [
    4587.6,
    4640.857142857143,
    4724.260869565217,
    4791.848484848485,
    4882.341463414634
  ]
}