{
  "transactionTimestamps": [
    1706088054765,
    1706088055230,
    1706088055957,
    1706088056827,
    1706088057338,
    1706088057992,
    1706088058899,
    1706088059564,
    1706088059815,
    1706088059817,
    1706088059819,
    1706088060200,
    1706088062396,
    1706088060941,
    1706088061065,
    1706088061097,
    1706088061155,
    1706088061464,
    1706088062412,
    1706088063619,
    1706088062429,
    1706088062672,
    1706088063742,
    1706088064083,
    1706088062969,
    1706088064932,
    1706088065124,
    1706088065553,
    1706088066203,
    1706088066250,
    1706088066825,
    1706088065127,
    1706088065542
  ],
  "blockTimestamps": [
    1706088060737,
    1706088063745,
    1706088066744,
    1706088069733,
    1706088072734
  ],
  "blockTimes": [
    1706088060,
    1706088063,
    1706088066,
    1706088069,
    1706088072
  ],
  "blockTransactions": [
    5,
    7,
    12,
    6,
    3
  ],
  "Delays": [
    5972,
    5507,
    4780,
    3910,
    3399,
    5753,
    4846,
    4181,
    3930,
    3928,
    3926,
    3545,
    4348,
    5803,
    5679,
    5647,
    5589,
    5280,
    4332,
    3125,
    4315,
    4072,
    3002,
    2661,
    6764,
    4801,
    4609,
    4180,
    3530,
    3483,
    5909,
    7607,
    7192
  ],
  "Throughputs": [
    0.8372404554588078,
    1.3363028953229399,
    2.003506135737541,
    2.004275788348477,
    1.836496187879125
  ],
  "AverageDelays": [
    4713.6,
    4473.083333333333,
    4480.416666666667,
    4496.566666666667,
    4715.30303030303
  ]
}