{
  "transactionTimestamps": [
    1706088279757,
    1706088281331,
    1706088282563,
    1706088283923,
    1706088284956,
    1706088285359,
    1706088286562,
    1706088286115,
    1706088287725,
    1706088288443,
    1706088289893,
    1706088291373,
    1706088292691,
    1706088294165
  ],
  "blockTimestamps": [
    1706088285739,
    1706088288735,
    1706088291740,
    1706088294735,
    1706088297733
  ],
  "blockTimes": [
    1706088285,
    1706088288,
    1706088291,
    1706088294,
    1706088297
  ],
  "blockTransactions": [
    3,
    3,
    3,
    3,
    2
  ],
  "Delays": [
    5982,
    4408,
    3176,
    4812,
    3779,
    3376,
    5178,
    5625,
    4015,
    6292,
    4842,
    3362,
    5042,
    3568
  ],
  "Throughputs": [
    0.5015045135406219,
    0.6683002895967922,
    0.7510640073437369,
    0.8011750567498999,
    0.7788161993769471
  ],
  "AverageDelays": [
    4522,
    4255.5,
    4483.444444444444,
    4570.583333333333,
    4532.642857142857
  ]
}