{
  "transactionTimestamps": [
    1706088325358,
    1706088329998,
    1706088329999,
    1706088331334,
    1706088331580,
    1706088332535,
    1706088333180,
    1706088334147,
    1706088335458,
    1706088334363,
    1706088336705,
    1706088338642,
    1706088337234
  ],
  "blockTimestamps": [
    1706088330741,
    1706088333736,
    1706088336741,
    1706088339734,
    1706088342734
  ],
  "blockTimes": [
    1706088330,
    1706088333,
    1706088336,
    1706088339,
    1706088342
  ],
  "blockTransactions": [
    1,
    2,
    4,
    3,
    3
  ],
  "Delays": [
    5383,
    3738,
    3737,
    5407,
    5161,
    4206,
    3561,
    5587,
    4276,
    5371,
    6029,
    4092,
    5500
  ],
  "Throughputs": [
    0.18577001671930152,
    0.35808068751492,
    0.6149521215848195,
    0.6956037840845855,
    0.7481583793738489
  ],
  "AverageDelays": [
    5383,
    4286,
    4456.142857142857,
    4642.7,
    4772.923076923077
  ]
}