{
  "transactionTimestamps": [
    1706087964641,
    1706087966130,
    1706087965292,
    1706087967662,
    1706087968930,
    1706087970135,
    1706087970211,
    1706087971244,
    1706087971398,
    1706087969767,
    1706087972594,
    1706087972808,
    1706087973971,
    1706087973100,
    1706087974418,
    1706087975130,
    1706087975685,
    1706087976807,
    1706087976134,
    1706087976529,
    1706087977970,
    1706087979501
  ],
  "blockTimestamps": [
    1706087970742,
    1706087973735,
    1706087976736,
    1706087979735,
    1706087982749
  ],
  "blockTimes": [
    1706087970,
    1706087973,
    1706087976,
    1706087979,
    1706087982
  ],
  "blockTransactions": [
    3,
    4,
    5,
    5,
    5
  ],
  "Delays": [
    6101,
    4612,
    5450,
    6073,
    4805,
    3600,
    3524,
    5492,
    5338,
    6969,
    4142,
    3928,
    5764,
    6635,
    5317,
    4605,
    4050,
    5942,
    6615,
    6220,
    4779,
    3248
  ],
  "Throughputs": [
    0.49172266841501394,
    0.7697382889817462,
    0.9921455146754857,
    1.126275341195177,
    1.2149326264634415
  ],
  "AverageDelays": [
    5387.666666666667,
    4880.714285714285,
    5002.833333333333,
    5082.64705882353,
    5145.863636363636
  ]
}