{
  "transactionTimestamps": [
    1706088194887,
    1706088194887,
    1706088196482,
    1706088196111,
    1706088197658,
    1706088199157,
    1706088199853,
    1706088200595,
    1706088201183,
    1706088202049,
    1706088202685
  ],
  "blockTimestamps": [
    1706088199336,
    1706088201736,
    1706088204736,
    1706088207742
  ],
  "blockTimes": [
    1706088198,
    1706088201,
    1706088204,
    1706088207
  ],
  "blockTransactions": [
    2,
    3,
    4,
    2
  ],
  "Delays": [
    4449,
    4449,
    5254,
    5625,
    4078,
    5579,
    4883,
    4141,
    3553,
    5693,
    5057
  ],
  "Throughputs": [
    0.44953922229714544,
    0.7300335815447511,
    0.9137983551629607,
    0.8556981719175418
  ],
  "AverageDelays": [
    4449,
    4771,
    4667.888888888889,
    4796.454545454545
  ]
}