{
  "transactionTimestamps": [
    1706088269940,
    1706088271546,
    1706088272817,
    1706088276923,
    1706088275562,
    1706088278415
  ],
  "blockTimestamps": [
    1706088273733,
    1706088276739,
    1706088279738,
    1706088282737
  ],
  "blockTimes": [
    1706088273,
    1706088276,
    1706088279,
    1706088282
  ],
  "blockTransactions": [
    1,
    1,
    1,
    3
  ],
  "Delays": [
    3793,
    5193,
    6921,
    5814,
    7175,
    4322
  ],
  "Throughputs": [
    0.26364355391510674,
    0.29416090601559053,
    0.3061849357011635,
    0.4688598890364929
  ],
  "AverageDelays": [
    3793,
    4493,
    5302.333333333333,
    5536.333333333333
  ]
}