{
  "transactionTimestamps": [
    1706088074824,
    1706088074823,
    1706088076362,
    1706088076207,
    1706088077515,
    1706088079578,
    1706088078802,
    1706088081066,
    1706088082253,
    1706088083658
  ],
  "blockTimestamps": [
    1706088078735,
    1706088081734,
    1706088084738,
    1706088087746
  ],
  "blockTimes": [
    1706088078,
    1706088081,
    1706088084,
    1706088087
  ],
  "blockTransactions": [
    2,
    3,
    3,
    2
  ],
  "Delays": [
    3911,
    3912,
    5372,
    5527,
    4219,
    5160,
    5936,
    3672,
    5493,
    4088
  ],
  "Throughputs": [
    0.5113781641523907,
    0.723589001447178,
    0.806939681258826,
    0.773874013310633
  ],
  "AverageDelays": [
    3911.5,
    4588.2,
    4713.625,
    4729
  ]
}