{
  "transactionTimestamps": [
    1706088399249,
    1706088405049,
    1706088406705,
    1706088407929,
    1706088409524,
    1706088408548,
    1706088411134,
    1706088412451
  ],
  "blockTimestamps": [
    1706088405738,
    1706088408740,
    1706088411742,
    1706088414737,
    1706088417734
  ],
  "blockTimes": [
    1706088405,
    1706088408,
    1706088411,
    1706088414,
    1706088417
  ],
  "blockTransactions": [
    1,
    1,
    2,
    3,
    1
  ],
  "Delays": [
    6489,
    3691,
    5037,
    3813,
    5213,
    6189,
    3603,
    5283
  ],
  "Throughputs": [
    0.15410695022345508,
    0.21072595090085344,
    0.3201793004082286,
    0.4519628099173554,
    0.43278333784149314
  ],
  "AverageDelays": [
    6489,
    5090,
    4757.5,
    4862.142857142857,
    4914.75
  ]
}