{
  "transactionTimestamps": [
    1706087829888,
    1706087828754,
    1706087830242,
    1706087830726,
    1706087830755,
    1706087831096,
    1706087831840,
    1706087831871,
    1706087832306,
    1706087832476,
    1706087833086,
    1706087833239,
    1706087833750,
    1706087833952,
    1706087834590,
    1706087834700,
    1706087834700,
    1706087834700,
    1706087834761,
    1706087834869,
    1706087835459,
    1706087835827,
    1706087835964,
    1706087836026,
    1706087836026,
    1706087836260,
    1706087836322,
    1706087836864,
    1706087837020,
    1706087837113,
    1706087837161,
    1706087837252,
    1706087837513,
    1706087837668,
    1706087838182,
    1706087838381,
    1706087838440,
    1706087838490,
    1706087838878,
    1706087838289,
    1706087839524,
    1706087839816,
    1706087839987,
    1706087840002,
    1706087840018,
    1706087838835,
    1706087841050,
    1706087841342,
    1706087841354,
    1706087841419,
    1706087840943,
    1706087841992,
    1706087842611,
    1706087842719,
    1706087842890,
    1706087842984,
    1706087841732,
    1706087841606,
    1706087843931,
    1706087844178,
    1706087844455,
    1706087844486
  ],
  "blockTimestamps": [
    1706087835740,
    1706087839344,
    1706087841738,
    1706087844745,
    1706087847740
  ],
  "blockTimes": [
    1706087835,
    1706087838,
    1706087841,
    1706087844,
    1706087847
  ],
  "blockTransactions": [
    10,
    11,
    17,
    12,
    12
  ],
  "Delays": [
    5852,
    6986,
    5498,
    5014,
    4985,
    4644,
    3900,
    3869,
    3434,
    3264,
    6258,
    6105,
    5594,
    5392,
    4754,
    4644,
    4644,
    4644,
    4583,
    4475,
    3885,
    5911,
    5774,
    5712,
    5712,
    5478,
    5416,
    4874,
    4718,
    4625,
    4577,
    4486,
    4225,
    4070,
    3556,
    3357,
    3298,
    3248,
    5867,
    6456,
    5221,
    4929,
    4758,
    4743,
    4727,
    5910,
    3695,
    3403,
    3391,
    3326,
    6797,
    5748,
    5129,
    5021,
    4850,
    4756,
    6008,
    6134,
    3809,
    3562,
    3285,
    3254
  ],
  "Throughputs": [
    1.7088174982911823,
    2.220812182741117,
    3.2067510548523206,
    3.365416975163223,
    3.4730002240645304
  ],
  "AverageDelays": [
    4744.6,
    4877.333333333333,
    4775.289473684211,
    4757.74,
    4778.064516129032
  ]
}