{
  "transactionTimestamps": [
    1706087813960,
    1706087814116,
    1706087815881,
    1706087815122,
    1706087817260,
    1706087818456,
    1706087818656,
    1706087817355,
    1706087819139,
    1706087819697,
    1706087817992,
    1706087819820,
    1706087819987,
    1706087820547,
    1706087820980,
    1706087821209,
    1706087821225,
    1706087821923,
    1706087822357,
    1706087822544,
    1706087822606,
    1706087823399,
    1706087823894,
    1706087824064,
    1706087824126,
    1706087824683,
    1706087825407,
    1706087825518,
    1706087826136,
    1706087826906,
    1706087826953,
    1706087825578,
    1706087827679,
    1706087828220,
    1706087828513,
    1706087829133,
    1706087829566
  ],
  "blockTimestamps": [
    1706087820741,
    1706087823743,
    1706087826747,
    1706087829743,
    1706087832742
  ],
  "blockTimes": [
    1706087820,
    1706087823,
    1706087826,
    1706087829,
    1706087832
  ],
  "blockTransactions": [
    5,
    9,
    8,
    7,
    8
  ],
  "Delays": [
    6781,
    6625,
    4860,
    5619,
    3481,
    5287,
    5087,
    6388,
    4604,
    4046,
    5751,
    3923,
    3756,
    3196,
    5767,
    5538,
    5522,
    4824,
    4390,
    4203,
    4141,
    3348,
    5849,
    5679,
    5617,
    5060,
    4336,
    4225,
    3607,
    5836,
    5789,
    7164,
    5063,
    4522,
    4229,
    3609,
    3176
  ],
  "Throughputs": [
    0.737354372511429,
    1.431053868956353,
    1.7204973801517165,
    1.8374200088703037,
    1.9699712490682568
  ],
  "AverageDelays": [
    5473.2,
    4957.428571428572,
    4869.863636363636,
    4879.6551724137935,
    4889.135135135135
  ]
}