{
  "transactionTimestamps": [
    1706087875072,
    1706087875382,
    1706087875843,
    1706087875087,
    1706087876584,
    1706087876663,
    1706087877840,
    1706087878083,
    1706087877233,
    1706087878624,
    1706087879346,
    1706087879732,
    1706087879993,
    1706087880809,
    1706087880810,
    1706087881119,
    1706087881304,
    1706087882095,
    1706087882141,
    1706087882415,
    1706087882522,
    1706087883309,
    1706087883476,
    1706087883630,
    1706087883830,
    1706087884743,
    1706087884957,
    1706087885188,
    1706087885250,
    1706087886111,
    1706087886142,
    1706087886405,
    1706087887249,
    1706087887478,
    1706087887524,
    1706087888640,
    1706087888673,
    1706087888917
  ],
  "blockTimestamps": [
    1706087880749,
    1706087884335,
    1706087887366,
    1706087889732,
    1706087892740
  ],
  "blockTimes": [
    1706087880,
    1706087883,
    1706087886,
    1706087889,
    1706087892
  ],
  "blockTransactions": [
    6,
    7,
    10,
    9,
    6
  ],
  "Delays": [
    5677,
    5367,
    4906,
    5662,
    4165,
    4086,
    6495,
    6252,
    7102,
    5711,
    4989,
    4603,
    4342,
    6557,
    6556,
    6247,
    6062,
    5271,
    5225,
    4951,
    4844,
    4057,
    3890,
    6102,
    5902,
    4989,
    4775,
    4544,
    4482,
    3621,
    3590,
    3327,
    5491,
    5262,
    5216,
    4100,
    4067,
    3823
  ],
  "Throughputs": [
    1.0568962480183197,
    1.4034330130627226,
    1.8708312998210508,
    2.1828103683492497,
    2.1507810731265566
  ],
  "AverageDelays": [
    4977.166666666667,
    5335.153846153846,
    5348.565217391304,
    5135.90625,
    5060.736842105263
  ]
}