{
  "transactionTimestamps": [
    1706087790598,
    1706087790613,
    1706087790630,
    1706087791878,
    1706087791987,
    1706087792218,
    1706087793089,
    1706087793492,
    1706087793695,
    1706087794394,
    1706087794830,
    1706087794925,
    1706087795719,
    1706087796397,
    1706087796488,
    1706087796844,
    1706087797631,
    1706087797708,
    1706087798410,
    1706087799168,
    1706087799261,
    1706087799530
  ],
  "blockTimestamps": [
    1706087796748,
    1706087799748,
    1706087802736
  ],
  "blockTimes": [
    1706087796,
    1706087799,
    1706087802
  ],
  "blockTransactions": [
    8,
    7,
    7
  ],
  "Delays": [
    6150,
    6135,
    6118,
    4870,
    4761,
    4530,
    3659,
    3256,
    6053,
    5354,
    4918,
    4823,
    4029,
    3351,
    3260,
    5892,
    5105,
    5028,
    4326,
    3568,
    3475,
    3206
  ],
  "Throughputs": [
    1.3008130081300813,
    1.639344262295082,
    1.8124897017630581
  ],
  "AverageDelays": [
    4934.875,
    4751.133333333333,
    4630.318181818182
  ]
}