{
  "transactionTimestamps": [
    1706088206653,
    1706088209893,
    1706088211204,
    1706088212487,
    1706088215943,
    1706088216979
  ],
  "blockTimestamps": [
    1706088210735,
    1706088214338,
    1706088216735,
    1706088219733,
    1706088222741
  ],
  "blockTimes": [
    1706088210,
    1706088213,
    1706088216,
    1706088219,
    1706088222
  ],
  "blockTransactions": [
    1,
    1,
    1,
    1,
    2
  ],
  "Delays": [
    4082,
    4445,
    5531,
    7246,
    6798,
    5762
  ],
  "Throughputs": [
    0.24497795198432143,
    0.2602472348731295,
    0.29756000793493353,
    0.3058103975535168,
    0.37294878170064644
  ],
  "AverageDelays": [
    4082,
    4263.5,
    4686,
    5326,
    5644
  ]
}