{
  "transactionTimestamps": [
    1706087980493,
    1706087981523,
    1706087984782,
    1706087984782,
    1706087986189,
    1706087986313,
    1706087987790,
    1706087987790,
    1706087988977,
    1706087990174,
    1706087989068,
    1706087991374,
    1706087993280,
    1706087992174,
    1706087994472
  ],
  "blockTimestamps": [
    1706087985730,
    1706087988734,
    1706087991734,
    1706087994739,
    1706087997732
  ],
  "blockTimes": [
    1706087985,
    1706087988,
    1706087991,
    1706087994,
    1706087997
  ],
  "blockTransactions": [
    1,
    3,
    4,
    4,
    3
  ],
  "Delays": [
    5237,
    7211,
    3952,
    3952,
    5545,
    5421,
    3944,
    3944,
    5762,
    4565,
    5671,
    3365,
    4452,
    5558,
    3260
  ],
  "Throughputs": [
    0.19094901661256444,
    0.4853779881082393,
    0.7116804554754915,
    0.8423417099536712,
    0.8701200765705667
  ],
  "AverageDelays": [
    5237,
    5088,
    4900.75,
    4880.75,
    4789.266666666666
  ]
}