{
  "transactionTimestamps": [
    1706088309147,
    1706088314981,
    1706088316370,
    1706088317911,
    1706088322553,
    1706088324021
  ],
  "blockTimestamps": [
    1706088315742,
    1706088318744,
    1706088321735,
    1706088324736,
    1706088327733
  ],
  "blockTimes": [
    1706088315,
    1706088318,
    1706088321,
    1706088324,
    1706088327
  ],
  "blockTransactions": [
    1,
    1,
    1,
    1,
    2
  ],
  "Delays": [
    6595,
    3763,
    5365,
    6825,
    5180,
    3712
  ],
  "Throughputs": [
    0.1516300227445034,
    0.20839845785141192,
    0.23832221163012393,
    0.2565911860927577,
    0.3228236306897665
  ],
  "AverageDelays": [
    6595,
    5179,
    5241,
    5637,
    5240
  ]
}