{
  "transactionTimestamps": [
    1706087889763,
    1706087890131,
    1706087890210,
    1706087891388,
    1706087891727,
    1706087892885,
    1706087892888,
    1706087891279,
    1706087894306,
    1706087894429,
    1706087894741,
    1706087895266,
    1706087895512,
    1706087896191,
    1706087896470,
    1706087896668,
    1706087897362,
    1706087898546,
    1706087899897,
    1706087901393
  ],
  "blockTimestamps": [
    1706087895735,
    1706087898735,
    1706087901732,
    1706087904753
  ],
  "blockTimes": [
    1706087895,
    1706087898,
    1706087901,
    1706087904
  ],
  "blockTransactions": [
    5,
    8,
    5,
    2
  ],
  "Delays": [
    5972,
    5604,
    5525,
    4347,
    4008,
    5850,
    5847,
    7456,
    4429,
    4306,
    3994,
    3469,
    3223,
    5541,
    5262,
    5064,
    4370,
    3186,
    4856,
    3360
  ],
  "Throughputs": [
    0.8372404554588078,
    1.4489522960321,
    1.5038850363438885,
    1.33422281521014
  ],
  "AverageDelays": [
    5091.2,
    4925.384615384615,
    4858.5,
    4783.45
  ]
}