{"a": 0.4, "b": 0.6, "communities0": [[0, 142], [1, 121], [144, 2, 34, 37], [3, 93, 126], [4, 76], [130, 5], [6, 14], [64, 7], [8, 136], [9, 159], [10, 39], [162, 70, 106, 43, 11, 12, 141, 22, 31], [13, 30], [44, 15], [16, 105], [120, 17], [18, 147, 140, 62], [80, 19], [20, 149], [21, 102], [154, 23], [24, 59], [65, 25], [81, 26], [137, 27], [32, 28], [69, 29], [33, 100], [42, 35], [36, 95], [49, 134, 38], [40, 50], [41, 161], [122, 45], [60, 46], [166, 47], [48, 109], [153, 51], [52, 94], [85, 53], [155, 54, 135], [113, 61, 79, 55], [56, 158], [73, 57, 119], [58, 75], [151, 63], [66, 77], [82, 67, 116], [68, 87], [132, 71], [72, 103], [128, 74, 157], [160, 90, 78], [83, 101], [112, 84], [123, 86], [88, 115], [89, 145], [91, 92], [96, 133], [97, 111], [98, 117], [99, 108], [104, 107], [164, 110], [114, 156], [129, 118], [163, 124], [139, 125], [150, 127], [131, 148], [138, 167], [146, 143], [152, 165]], "q0": 0.4709250509280218, "f0": 0.9405177814083441}