{"a": 0.5, "b": 0.5, "communities0": [[0, 133], [1, 78], [2, 132], [3, 119], [4, 69], [123, 5], [6, 31], [63, 7], [8, 143], [9, 62], [10, 67], [11, 159], [106, 12], [59, 13], [37, 14], [77, 15], [16, 73], [17, 87], [18, 58], [81, 19], [82, 20], [21, 126], [150, 22], [33, 23], [24, 65], [25, 137], [48, 26], [83, 27], [28, 149], [108, 29], [172, 30], [32, 128], [34, 122], [161, 35], [99, 36], [70, 38], [155, 39], [40, 153], [41, 46], [152, 42], [43, 102], [140, 44], [145, 45], [50, 47], [49, 157], [51, 92], [130, 136, 141, 112, 146, 52, 156], [53, 103], [89, 54], [74, 55], [56, 113], [144, 57], [96, 60], [93, 61], [64, 167], [66, 91], [138, 68], [135, 111, 71], [72, 115], [120, 75], [76, 165], [121, 79], [80, 107], [114, 84], [148, 85], [124, 86], [88, 110], [90, 139], [116, 94], [164, 95], [97, 163], [98, 158], [100, 142], [154, 101], [104, 134], [105, 125], [171, 109], [117, 127], [170, 118], [129, 131], [169, 147], [162, 151], [160, 166], [168, 173]], "q0": 0.4957407407407407, "f0": 0.9168453624408023}