{"a": 0.3, "b": 0.7, "communities0": [[0, 5], [1, 25, 7], [2, 12, 16, 18, 26, 29, 30], [24, 3, 4], [20, 6], [8, 27, 13], [9, 14], [10, 15], [11, 23], [17, 19, 21], [28, 22]], "q0": 0.45445956160241885, "f0": 0.765450173682802}