{
  "transactionTimestamps": [
    1706084322074,
    1706084323657,
    1706084322076,
    1706084324779,
    1706084325280,
    1706084326680,
    1706084327954,
    1706084328908,
    1706084327852,
    1706084329142,
    1706084330436,
    1706084330560,
    1706084331586
  ],
  "blockTimestamps": [
    1706084325736,
    1706084328740,
    1706084331736,
    1706084334743
  ],
  "blockTimes": [
    1706084325,
    1706084328,
    1706084331,
    1706084334
  ],
  "blockTransactions": [
    1,
    2,
    4,
    6
  ],
  "Delays": [
    3662,
    5083,
    6664,
    6957,
    6456,
    5056,
    3782,
    5835,
    6891,
    5601,
    4307,
    4183,
    3157
  ],
  "Throughputs": [
    0.2730748225013654,
    0.45004500450045004,
    0.7244876837093769,
    1.0261267661220301
  ],
  "AverageDelays": [
    3662,
    5136.333333333333,
    5380,
    5202.615384615385
  ]
}