{
  "transactionTimestamps": [
    1706084362419,
    1706084367099,
    1706084368277,
    1706084369462,
    1706084371037,
    1706084372220,
    1706084373719,
    1706084375322
  ],
  "blockTimestamps": [
    1706084367735,
    1706084370737,
    1706084373743,
    1706084376736,
    1706084379739
  ],
  "blockTimes": [
    1706084367,
    1706084370,
    1706084373,
    1706084376,
    1706084379
  ],
  "blockTransactions": [
    1,
    1,
    2,
    2,
    2
  ],
  "Delays": [
    5316,
    3638,
    5466,
    4281,
    5699,
    4516,
    6020,
    4417
  ],
  "Throughputs": [
    0.18811136192626035,
    0.240442414041837,
    0.3532320734722713,
    0.4190822099601872,
    0.4618937644341801
  ],
  "AverageDelays": [
    5316,
    4477,
    4675.25,
    4819.333333333333,
    4919.125
  ]
}