{
  "transactionTimestamps": [
    1706084047878,
    1706084046776,
    1706084048987,
    1706084050512,
    1706084051805,
    1706084051913,
    1706084051914,
    1706084052985,
    1706084053171,
    1706084053310,
    1706084054239,
    1706084054660,
    1706084054784,
    1706084055798,
    1706084056153,
    1706084057043,
    1706084057309,
    1706084058381,
    1706084058676
  ],
  "blockTimestamps": [
    1706084052740,
    1706084055747,
    1706084058737,
    1706084061746,
    1706084064743
  ],
  "blockTimes": [
    1706084052,
    1706084055,
    1706084058,
    1706084061,
    1706084064
  ],
  "blockTransactions": [
    3,
    4,
    6,
    5,
    1
  ],
  "Delays": [
    4862,
    5964,
    3753,
    5235,
    3942,
    3834,
    3833,
    5752,
    5566,
    5427,
    4498,
    4077,
    3953,
    5948,
    5593,
    4703,
    4437,
    3365,
    6067
  ],
  "Throughputs": [
    0.6170300287947347,
    0.8895666539585716,
    1.1971636430610553,
    1.2979521199884627,
    1.126593536910762
  ],
  "AverageDelays": [
    4859.666666666667,
    4489,
    4668.923076923077,
    4707.888888888889,
    4779.421052631579
  ]
}