{
  "transactionTimestamps": [
    1706083971716,
    1706083970682,
    1706083973022,
    1706083971967,
    1706083974325,
    1706083975844,
    1706083976339,
    1706083976900,
    1706083976900,
    1706083975320,
    1706083977145,
    1706083978212,
    1706083976899,
    1706083978273,
    1706083978443,
    1706083979546,
    1706083979656,
    1706083979873,
    1706083980899,
    1706083981129,
    1706083981375,
    1706083979800,
    1706083982289,
    1706083982654,
    1706083982645,
    1706083983393,
    1706083984155,
    1706083983763
  ],
  "blockTimestamps": [
    1706083977738,
    1706083980744,
    1706083983737,
    1706083987338,
    1706083989745
  ],
  "blockTimes": [
    1706083977,
    1706083980,
    1706083983,
    1706083986,
    1706083989
  ],
  "blockTransactions": [
    5,
    6,
    7,
    7,
    3
  ],
  "Delays": [
    6022,
    7056,
    4716,
    5771,
    3413,
    4900,
    4405,
    3844,
    3844,
    5424,
    3599,
    5525,
    6838,
    5464,
    5294,
    4191,
    4081,
    3864,
    6439,
    6209,
    5963,
    7538,
    5049,
    4684,
    4693,
    6352,
    5590,
    5982
  ],
  "Throughputs": [
    0.8302889405513119,
    1.2184315463003987,
    1.4973795857249812,
    1.6003072589937268,
    1.553053413944201
  ],
  "AverageDelays": [
    5395.6,
    4817.636363636364,
    4902.833333333333,
    5153.04,
    5241.071428571428
  ]
}