{
  "transactionTimestamps": [
    1706084302194,
    1706084307061,
    1706084307061,
    1706084308556,
    1706084308603,
    1706084309725,
    1706084310201,
    1706084311319,
    1706084311425,
    1706084312686,
    1706084312733,
    1706084313973,
    1706084314018,
    1706084311319,
    1706084311425,
    1706084312686,
    1706084312733
  ],
  "blockTimestamps": [
    1706084307744,
    1706084310741,
    1706084313734,
    1706084316746,
    1706084317358
  ],
  "blockTimes": [
    1706084307,
    1706084310,
    1706084313,
    1706084316,
    1706084316
  ],
  "blockTransactions": [
    1,
    2,
    4,
    6,
    4
  ],
  "Delays": [
    5550,
    3680,
    3680,
    5178,
    5131,
    4009,
    3533,
    5427,
    5321,
    4060,
    4013,
    2773,
    2728,
    6039,
    5933,
    4672,
    4625
  ],
  "Throughputs": [
    0.1801801801801802,
    0.351000351000351,
    0.6065857885615252,
    0.8933479934029687,
    1.1210762331838566
  ],
  "AverageDelays": [
    5550,
    4303.333333333333,
    4394.428571428572,
    4237.153846153846,
    4491.294117647059
  ]
}