{
  "transactionTimestamps": [
    1706084036911,
    1706084038087,
    1706084039588,
    1706084041139,
    1706084042587,
    1706084043733
  ],
  "blockTimestamps": [
    1706084040739,
    1706084043743,
    1706084046739,
    1706084049736
  ],
  "blockTimes": [
    1706084040,
    1706084043,
    1706084046,
    1706084049
  ],
  "blockTransactions": [
    1,
    2,
    2,
    1
  ],
  "Delays": [
    3828,
    5656,
    4155,
    5600,
    4152,
    6003
  ],
  "Throughputs": [
    0.2612330198537095,
    0.43911007025761123,
    0.5087505087505088,
    0.46783625730994155
  ],
  "AverageDelays": [
    3828,
    4546.333333333333,
    4678.2,
    4899
  ]
}