{
  "transactionTimestamps": [
    1706084457164,
    1706084457164,
    1706084458579,
    1706084459685,
    1706084461004,
    1706084462126,
    1706084463478,
    1706084464724,
    1706084465982
  ],
  "blockTimestamps": [
    1706084457747,
    1706084460739,
    1706084463739,
    1706084466742,
    1706084469735
  ],
  "blockTimes": [
    1706084457,
    1706084460,
    1706084463,
    1706084466,
    1706084469
  ],
  "blockTransactions": [
    1,
    1,
    2,
    3,
    2
  ],
  "Delays": [
    583,
    3575,
    5160,
    4054,
    5738,
    4616,
    3264,
    5011,
    3753
  ],
  "Throughputs": [
    1.7152658662092626,
    0.5594405594405594,
    0.6083650190114068,
    0.7308415117978702,
    0.7159334977328773
  ],
  "AverageDelays": [
    583,
    2079,
    3343,
    3855.714285714286,
    3972.6666666666665
  ]
}