{
  "transactionTimestamps": [
    1706083852028,
    1706083852152,
    1706083850581,
    1706083853272,
    1706083853706,
    1706083854815,
    1706083854863,
    1706083856322,
    1706083856823,
    1706083857894,
    1706083856828,
    1706083858063,
    1706083856212,
    1706083859406,
    1706083859485,
    1706083860353,
    1706083859174,
    1706083860679,
    1706083860819,
    1706083861174,
    1706083859736,
    1706083861671,
    1706083862104,
    1706083862276,
    1706083862741,
    1706083864341,
    1706083862974,
    1706083863444,
    1706083863689,
    1706083865842
  ],
  "blockTimestamps": [
    1706083858342,
    1706083860745,
    1706083863741,
    1706083866746,
    1706083869736
  ],
  "blockTimes": [
    1706083857,
    1706083860,
    1706083863,
    1706083866,
    1706083869
  ],
  "blockTransactions": [
    5,
    4,
    8,
    8,
    5
  ],
  "Delays": [
    6314,
    6190,
    7761,
    5070,
    4636,
    5930,
    5882,
    4423,
    3922,
    5847,
    6913,
    5678,
    7529,
    4335,
    4256,
    3388,
    4567,
    6067,
    5927,
    5572,
    7010,
    5075,
    4642,
    4470,
    4005,
    5395,
    6762,
    6292,
    6047,
    3894
  ],
  "Throughputs": [
    0.7918910357934749,
    1.0324652976941608,
    1.451378809869376,
    1.6986003533088736,
    1.69414953693246
  ],
  "AverageDelays": [
    5994.2,
    5569.777777777777,
    5449.470588235294,
    5416.36,
    5459.966666666666
  ]
}