{
  "transactionTimestamps": [
    1706084006902,
    1706084006902,
    1706084008149,
    1706084008211,
    1706084009299,
    1706084009547,
    1706084010844,
    1706084010994,
    1706084012129,
    1706084012161,
    1706084013359,
    1706084015768,
    1706084014558
  ],
  "blockTimestamps": [
    1706084010738,
    1706084013739,
    1706084016741,
    1706084019742
  ],
  "blockTimes": [
    1706084010,
    1706084013,
    1706084016,
    1706084019
  ],
  "blockTransactions": [
    2,
    4,
    4,
    3
  ],
  "Delays": [
    3836,
    3836,
    5590,
    5528,
    4440,
    4192,
    5897,
    5747,
    4612,
    4580,
    6383,
    3974,
    5184
  ],
  "Throughputs": [
    0.5213764337851929,
    0.8775778850372971,
    1.0163634515702815,
    1.0124610591900312
  ],
  "AverageDelays": [
    3836,
    4570.333333333333,
    4825.8,
    4907.615384615385
  ]
}