{
  "transactionTimestamps": [
    1706083797687,
    1706083797719,
    1706083798938,
    1706083799201,
    1706083800275,
    1706083800338,
    1706083801536,
    1706083801845,
    1706083802690,
    1706083803169,
    1706083804284,
    1706083803820
  ],
  "blockTimestamps": [
    1706083803745,
    1706083806744,
    1706083809743
  ],
  "blockTimes": [
    1706083803,
    1706083806,
    1706083809
  ],
  "blockTransactions": [
    6,
    4,
    2
  ],
  "Delays": [
    6058,
    6026,
    4807,
    4544,
    3470,
    3407,
    5208,
    4899,
    4054,
    3575,
    5459,
    5923
  ],
  "Throughputs": [
    0.9904258831297458,
    1.1041183614883514,
    0.9953550099535502
  ],
  "AverageDelays": [
    4718.666666666667,
    4604.8,
    4785.833333333333
  ]
}