{
  "transactionTimestamps": [
    1706084352091,
    1706084352091,
    1706084353270,
    1706084353329,
    1706084354566,
    1706084354768,
    1706084355736,
    1706084356167,
    1706084357096,
    1706084360725,
    1706084359574,
    1706084360818,
    1706084359385
  ],
  "blockTimestamps": [
    1706084355737,
    1706084358735,
    1706084361737,
    1706084364738
  ],
  "blockTimes": [
    1706084355,
    1706084358,
    1706084361,
    1706084364
  ],
  "blockTransactions": [
    2,
    4,
    3,
    4
  ],
  "Delays": [
    3646,
    3646,
    5465,
    5406,
    4169,
    3967,
    6001,
    5570,
    4641,
    4013,
    5164,
    3920,
    5353
  ],
  "Throughputs": [
    0.5485463521667581,
    0.9030704394942806,
    0.9330292349160273,
    1.0279117577291057
  ],
  "AverageDelays": [
    3646,
    4383.166666666667,
    4723.444444444444,
    4689.307692307692
  ]
}