{
  "transactionTimestamps": [
    1706084081935,
    1706084081935,
    1706084083134,
    1706084083258,
    1706084084390,
    1706084084421,
    1706084085977,
    1706084087378,
    1706084085758,
    1706084088796,
    1706084089747,
    1706084088687,
    1706084091349
  ],
  "blockTimestamps": [
    1706084085740,
    1706084088742,
    1706084091748,
    1706084094743
  ],
  "blockTimes": [
    1706084085,
    1706084088,
    1706084091,
    1706084094
  ],
  "blockTransactions": [
    2,
    4,
    3,
    4
  ],
  "Delays": [
    3805,
    3805,
    5608,
    5484,
    4352,
    4321,
    5771,
    4370,
    5990,
    5947,
    4996,
    6056,
    3394
  ],
  "Throughputs": [
    0.5256241787122208,
    0.881445570736007,
    0.9171507184347294,
    1.0149906308557153
  ],
  "AverageDelays": [
    3805,
    4562.5,
    4834,
    4915.307692307692
  ]
}