{
  "transactionTimestamps": [
    1706083881946,
    1706083882440,
    1706083882549,
    1706083883168,
    1706083883464,
    1706083883464,
    1706083882118,
    1706083882457,
    1706083883866,
    1706083884022,
    1706083884387,
    1706083884583,
    1706083885248,
    1706083885451,
    1706083885808,
    1706083886416,
    1706083886586,
    1706083886853,
    1706083886853,
    1706083885824,
    1706083887162,
    1706083887707,
    1706083887799,
    1706083888109,
    1706083888385,
    1706083888739,
    1706083888987,
    1706083889066,
    1706083889374,
    1706083889572,
    1706083890022,
    1706083888235,
    1706083890193,
    1706083890519,
    1706083890659,
    1706083890705,
    1706083889620,
    1706083891433,
    1706083891510,
    1706083891958,
    1706083892053,
    1706083892192,
    1706083892828,
    1706083893015,
    1706083893185,
    1706083893329,
    1706083892349,
    1706083893542,
    1706083893558,
    1706083894456,
    1706083894626,
    1706083894657,
    1706083895895,
    1706083896174
  ],
  "blockTimestamps": [
    1706083887742,
    1706083890740,
    1706083893751,
    1706083896757,
    1706083899749
  ],
  "blockTimes": [
    1706083887,
    1706083890,
    1706083893,
    1706083896,
    1706083899
  ],
  "blockTransactions": [
    12,
    9,
    13,
    15,
    5
  ],
  "Delays": [
    5796,
    5302,
    5193,
    4574,
    4278,
    4278,
    5624,
    5285,
    3876,
    3720,
    3355,
    3159,
    5492,
    5289,
    4932,
    4324,
    4154,
    3887,
    3887,
    4916,
    3578,
    6044,
    5952,
    5642,
    5366,
    5012,
    4764,
    4685,
    4377,
    4179,
    3729,
    5516,
    3558,
    3232,
    6098,
    6052,
    7137,
    5324,
    5247,
    4799,
    4704,
    4565,
    3929,
    3742,
    3572,
    3428,
    4408,
    3215,
    3199,
    5293,
    5123,
    5092,
    3854,
    3575
  ],
  "Throughputs": [
    2.070393374741201,
    2.3879918125994997,
    2.8801355357899197,
    3.3083519006144084,
    3.0331966522496208
  ],
  "AverageDelays": [
    4536.666666666667,
    4519,
    4616.323529411765,
    4619.877551020408,
    4616.87037037037
  ]
}