{
  "transactionTimestamps": [
    1706084182415,
    1706084183636,
    1706084185010,
    1706084186474,
    1706084186991,
    1706084188044,
    1706084186989,
    1706084188555,
    1706084189414,
    1706084189978,
    1706084190570,
    1706084191035,
    1706084191514,
    1706084189870,
    1706084192492,
    1706084192944,
    1706084193779,
    1706084194465,
    1706084194996,
    1706084196116
  ],
  "blockTimestamps": [
    1706084187746,
    1706084190742,
    1706084193743,
    1706084196744,
    1706084199739
  ],
  "blockTimes": [
    1706084187,
    1706084190,
    1706084193,
    1706084196,
    1706084199
  ],
  "blockTransactions": [
    2,
    3,
    6,
    5,
    4
  ],
  "Delays": [
    5331,
    4110,
    5732,
    4268,
    3751,
    5699,
    6754,
    5188,
    4329,
    3765,
    3173,
    5709,
    5230,
    6874,
    4252,
    3800,
    5960,
    5274,
    4743,
    3623
  ],
  "Throughputs": [
    0.37516413430876006,
    0.600456346823586,
    0.971045197740113,
    1.116616651545816,
    1.154467790348649
  ],
  "AverageDelays": [
    4720.5,
    4638.4,
    4736.363636363636,
    4872.8125,
    4878.25
  ]
}