{
  "transactionTimestamps": [
    1706083988124,
    1706083986682,
    1706083989251,
    1706083991900,
    1706083991900,
    1706083993253,
    1706083994400,
    1706083995736,
    1706083995736,
    1706083994634,
    1706083997030,
    1706083997187,
    1706083998527,
    1706083998622,
    1706083999956,
    1706084001423
  ],
  "blockTimestamps": [
    1706083992739,
    1706083995738,
    1706083998745,
    1706084001742,
    1706084004739
  ],
  "blockTimes": [
    1706083992,
    1706083995,
    1706083998,
    1706084001,
    1706084004
  ],
  "blockTransactions": [
    3,
    1,
    3,
    6,
    3
  ],
  "Delays": [
    4615,
    6057,
    3488,
    3838,
    6845,
    5492,
    4345,
    6006,
    6006,
    7108,
    4712,
    4555,
    3215,
    6117,
    4783,
    3316
  ],
  "Throughputs": [
    0.6500541711809317,
    0.5253480430785396,
    0.6590716505037191,
    0.9546188867675136,
    0.9629852542882938
  ],
  "AverageDelays": [
    4720,
    4499.5,
    4954.285714285715,
    5098.615384615385,
    5031.125
  ]
}