{
  "transactionTimestamps": [
    1706084258103,
    1706084259273,
    1706084260844,
    1706084262047,
    1706084262053,
    1706084262109,
    1706084263253,
    1706084262049,
    1706084263255,
    1706084264826,
    1706084266244,
    1706084265545,
    1706084266912,
    1706084267396,
    1706084267581,
    1706084266217,
    1706084268171,
    1706084268745,
    1706084269709,
    1706084268667,
    1706084271244
  ],
  "blockTimestamps": [
    1706084262737,
    1706084265754,
    1706084268741,
    1706084271744,
    1706084274734
  ],
  "blockTimes": [
    1706084262,
    1706084265,
    1706084268,
    1706084271,
    1706084274
  ],
  "blockTransactions": [
    2,
    4,
    4,
    7,
    4
  ],
  "Delays": [
    4634,
    3464,
    4910,
    3707,
    3701,
    3645,
    5488,
    6692,
    5486,
    3915,
    5500,
    6199,
    4832,
    4348,
    4163,
    5527,
    3573,
    5989,
    5025,
    6067,
    3490
  ],
  "Throughputs": [
    0.4315925766076823,
    0.7842112142203633,
    0.9400263207369807,
    1.2462429440656844,
    1.2627021826709157
  ],
  "AverageDelays": [
    4049,
    4010.1666666666665,
    4564.2,
    4693.176470588235,
    4778.809523809524
  ]
}