{
  "transactionTimestamps": [
    1706084287430,
    1706084286450,
    1706084292061,
    1706084292060,
    1706084293545,
    1706084294697,
    1706084293545,
    1706084295955,
    1706084297291,
    1706084297635,
    1706084296487,
    1706084298619,
    1706084299038,
    1706084300642
  ],
  "blockTimestamps": [
    1706084292739,
    1706084295740,
    1706084298738,
    1706084301739,
    1706084304746
  ],
  "blockTimes": [
    1706084292,
    1706084295,
    1706084298,
    1706084301,
    1706084304
  ],
  "blockTransactions": [
    2,
    2,
    3,
    4,
    3
  ],
  "Delays": [
    5309,
    6289,
    3679,
    3680,
    5193,
    4041,
    5193,
    5784,
    4448,
    4104,
    5252,
    6127,
    5708,
    4104
  ],
  "Throughputs": [
    0.3767187794311546,
    0.4813477737665463,
    0.619030774672798,
    0.7687469424837515,
    0.8085008085008085
  ],
  "AverageDelays": [
    5799,
    4739.25,
    4769.142857142857,
    4815.636363636364,
    4922.214285714285
  ]
}