{
  "transactionTimestamps": [
    1706083941891,
    1706083943265,
    1706083942095,
    1706083944386,
    1706083945720,
    1706083945906,
    1706083944527,
    1706083946885,
    1706083946887,
    1706083947300,
    1706083948096,
    1706083948237,
    1706083948655,
    1706083949340,
    1706083949586,
    1706083950040,
    1706083950615,
    1706083950927,
    1706083951254,
    1706083952426,
    1706083951753,
    1706083953873,
    1706083955519,
    1706083954397
  ],
  "blockTimestamps": [
    1706083948344,
    1706083950748,
    1706083953751,
    1706083956742,
    1706083959742
  ],
  "blockTimes": [
    1706083947,
    1706083950,
    1706083953,
    1706083956,
    1706083959
  ],
  "blockTransactions": [
    4,
    6,
    6,
    5,
    3
  ],
  "Delays": [
    6453,
    5079,
    6249,
    3958,
    5028,
    4842,
    6221,
    3863,
    3861,
    3448,
    5655,
    5514,
    5096,
    4411,
    4165,
    3711,
    6127,
    5815,
    5488,
    4316,
    4989,
    5869,
    4223,
    5345
  ],
  "Throughputs": [
    0.6198667286533395,
    1.1290504685559446,
    1.349072512647555,
    1.414046192175611,
    1.344462495098314
  ],
  "AverageDelays": [
    5434.75,
    4900.2,
    4847.125,
    4966.142857142857,
    4988.583333333333
  ]
}