{
  "transactionTimestamps": [
    1706084420570,
    1706084421750,
    1706084427130,
    1706084428588,
    1706084429973,
    1706084431250,
    1706084432474,
    1706084433953,
    1706084435385
  ],
  "blockTimestamps": [
    1706084427734,
    1706084430738,
    1706084433744,
    1706084437339,
    1706084439737
  ],
  "blockTimes": [
    1706084427,
    1706084430,
    1706084433,
    1706084436,
    1706084439
  ],
  "blockTransactions": [
    2,
    1,
    2,
    2,
    2
  ],
  "Delays": [
    7164,
    5984,
    3608,
    5156,
    3771,
    6089,
    4865,
    5784,
    4352
  ],
  "Throughputs": [
    0.27917364600781686,
    0.2950432730133753,
    0.3795354486109003,
    0.4174369372055579,
    0.46955705118171853
  ],
  "AverageDelays": [
    6574,
    5585.333333333333,
    5136.6,
    5233.857142857143,
    5197
  ]
}