{
  "transactionTimestamps": [
    1706084066926,
    1706084066929,
    1706084068327,
    1706084068109,
    1706084069592,
    1706084070963,
    1706084071725,
    1706084070716,
    1706084072282,
    1706084073034,
    1706084073762,
    1706084074365,
    1706084075902
  ],
  "blockTimestamps": [
    1706084070740,
    1706084073738,
    1706084076743,
    1706084079740
  ],
  "blockTimes": [
    1706084070,
    1706084073,
    1706084076,
    1706084079
  ],
  "blockTransactions": [
    2,
    3,
    5,
    3
  ],
  "Delays": [
    3814,
    3811,
    5411,
    5629,
    4146,
    5780,
    5018,
    6027,
    4461,
    3709,
    5978,
    5375,
    3838
  ],
  "Throughputs": [
    0.5243838489774515,
    0.733998825601879,
    1.0186411327289395,
    1.0145153738098953
  ],
  "AverageDelays": [
    3812.5,
    4562.2,
    4780.6,
    4845.923076923077
  ]
}