{
  "transactionTimestamps": [
    1706084156979,
    1706084156983,
    1706084156980,
    1706084158397,
    1706084158412,
    1706084158615,
    1706084159984,
    1706084160015,
    1706084161259,
    1706084161461,
    1706084159892,
    1706084162437,
    1706084163050,
    1706084163673,
    1706084164326,
    1706084164389,
    1706084163020
  ],
  "blockTimestamps": [
    1706084160740,
    1706084163740,
    1706084166743,
    1706084169745
  ],
  "blockTimes": [
    1706084160,
    1706084163,
    1706084166,
    1706084169
  ],
  "blockTransactions": [
    3,
    5,
    5,
    4
  ],
  "Delays": [
    3761,
    3757,
    3760,
    5343,
    5328,
    5125,
    3756,
    3725,
    5484,
    5282,
    6851,
    4306,
    3693,
    6072,
    5419,
    5356,
    6725
  ],
  "Throughputs": [
    0.7976601967561818,
    1.183256914657595,
    1.3314215485456782,
    1.331662227792574
  ],
  "AverageDelays": [
    3759.3333333333335,
    4319.375,
    4628.538461538462,
    4926.058823529412
  ]
}