{
  "transactionTimestamps": [
    1706084217020,
    1706084217019,
    1706084218214,
    1706084218354,
    1706084219478,
    1706084219692,
    1706084217020,
    1706084217019,
    1706084220862,
    1706084221066,
    1706084222355,
    1706084222464,
    1706084223818,
    1706084223928
  ],
  "blockTimestamps": [
    1706084220747,
    1706084220747,
    1706084226760,
    1706084229734
  ],
  "blockTimes": [
    1706084220,
    1706084220,
    1706084226,
    1706084229
  ],
  "blockTransactions": [
    6,
    2,
    4,
    2
  ],
  "Delays": [
    3727,
    3728,
    2533,
    2393,
    1269,
    1055,
    3727,
    3728,
    5898,
    5694,
    4405,
    4296,
    5916,
    5806
  ],
  "Throughputs": [
    1.6098738932116985,
    2.1464985242822645,
    1.2320328542094456,
    1.101148340412144
  ],
  "AverageDelays": [
    2450.8333333333335,
    2770,
    3537.75,
    3869.6428571428573
  ]
}