{
  "transactionTimestamps": [
    1706084397110,
    1706084397110,
    1706084398658,
    1706084398735,
    1706084399890,
    1706084400058,
    1706084401222,
    1706084401283,
    1706084402699,
    1706084402714,
    1706084403805,
    1706084404255
  ],
  "blockTimestamps": [
    1706084400740,
    1706084403740,
    1706084406741,
    1706084409742
  ],
  "blockTimes": [
    1706084400,
    1706084403,
    1706084406,
    1706084409
  ],
  "blockTransactions": [
    2,
    4,
    4,
    2
  ],
  "Delays": [
    3630,
    3630,
    5082,
    5005,
    3850,
    3682,
    5519,
    5458,
    4042,
    4027,
    5937,
    5487
  ],
  "Throughputs": [
    0.5509641873278237,
    0.9049773755656109,
    1.0383137784238397,
    0.9499683343888538
  ],
  "AverageDelays": [
    3630,
    4146.5,
    4392.5,
    4612.416666666667
  ]
}