{
  "transactionTimestamps": [
    1706083841811,
    1706083841815,
    1706083841816,
    1706083843024,
    1706083843516,
    1706083841810,
    1706083844403,
    1706083843159,
    1706083844759,
    1706083845536,
    1706083846218,
    1706083846406,
    1706083846670,
    1706083847012,
    1706083845388,
    1706083845988,
    1706083848002,
    1706083848158,
    1706083848250,
    1706083847474,
    1706083849350,
    1706083849832,
    1706083850701,
    1706083851062
  ],
  "blockTimestamps": [
    1706083845739,
    1706083848750,
    1706083851763,
    1706083854736
  ],
  "blockTimes": [
    1706083845,
    1706083848,
    1706083851,
    1706083854
  ],
  "blockTransactions": [
    3,
    7,
    9,
    5
  ],
  "Delays": [
    3928,
    3924,
    3923,
    5726,
    5234,
    6940,
    4347,
    5591,
    3991,
    3214,
    5545,
    5357,
    5093,
    4751,
    6375,
    5775,
    3761,
    3605,
    3513,
    7262,
    5386,
    4904,
    4035,
    3674
  ],
  "Throughputs": [
    0.7637474541751528,
    1.4411298457991064,
    1.9091639871382637,
    1.8568665377176015
  ],
  "AverageDelays": [
    3925,
    4681.8,
    4768.0526315789475,
    4827.25
  ]
}