{
  "transactionTimestamps": [
    1706083895785,
    1706083897445,
    1706083897770,
    1706083898942,
    1706083899036,
    1706083900096,
    1706083900096,
    1706083900312,
    1706083898694,
    1706083901262,
    1706083901291,
    1706083901771,
    1706083901866,
    1706083902523,
    1706083902830,
    1706083903326,
    1706083901868,
    1706083903962,
    1706083903978,
    1706083903266,
    1706083905099,
    1706083905223,
    1706083906480,
    1706083906647,
    1706083904840,
    1706083907284,
    1706083906173,
    1706083905983,
    1706083907796,
    1706083908570,
    1706083908908,
    1706083910149,
    1706083910366,
    1706083910445,
    1706083909345
  ],
  "blockTimestamps": [
    1706083902743,
    1706083905749,
    1706083908755,
    1706083911746,
    1706083914740
  ],
  "blockTimes": [
    1706083902,
    1706083905,
    1706083908,
    1706083911,
    1706083914
  ],
  "blockTransactions": [
    5,
    9,
    8,
    8,
    5
  ],
  "Delays": [
    6958,
    5298,
    4973,
    3801,
    3707,
    5653,
    5653,
    5437,
    7055,
    4487,
    4458,
    3978,
    3883,
    3226,
    5925,
    5429,
    6887,
    4793,
    4777,
    5489,
    3656,
    3532,
    5266,
    5099,
    6906,
    4462,
    5573,
    5763,
    3950,
    3176,
    5832,
    4591,
    4374,
    4295,
    5395
  ],
  "Throughputs": [
    0.7185972980741592,
    1.4050582095543958,
    1.6962220508866614,
    1.8795814798571517,
    1.8464785017145873
  ],
  "AverageDelays": [
    4947.4,
    4897.642857142857,
    4957.045454545455,
    4975,
    4963.914285714286
  ]
}