{
  "transactionTimestamps": [
    1706084240183,
    1706084240865,
    1706084243920,
    1706084245224,
    1706084247033,
    1706084248556,
    1706084249877,
    1706084250983,
    1706084252294,
    1706084253597,
    1706084255045,
    1706084256572
  ],
  "blockTimestamps": [
    1706084247742,
    1706084250741,
    1706084253739,
    1706084256737,
    1706084259745
  ],
  "blockTimes": [
    1706084247,
    1706084250,
    1706084253,
    1706084256,
    1706084259
  ],
  "blockTransactions": [
    2,
    3,
    2,
    2,
    3
  ],
  "Delays": [
    7559,
    6877,
    6821,
    5517,
    3708,
    5183,
    3862,
    5754,
    4443,
    6148,
    4700,
    3173
  ],
  "Throughputs": [
    0.2645852626008731,
    0.4735745406326956,
    0.5163765122455002,
    0.5436752446538602,
    0.6134342091810653
  ],
  "AverageDelays": [
    7218,
    6096.4,
    5646.714285714285,
    5524.888888888889,
    5312.083333333333
  ]
}