{
  "transactionTimestamps": [
    1706084232021,
    1706084232021,
    1706084233295,
    1706084233500,
    1706084234891,
    1706084236045,
    1706084234858,
    1706084237556,
    1706084237840,
    1706084239312,
    1706084241489
  ],
  "blockTimestamps": [
    1706084235737,
    1706084238745,
    1706084241735,
    1706084244741
  ],
  "blockTimes": [
    1706084235,
    1706084238,
    1706084241,
    1706084244
  ],
  "blockTransactions": [
    2,
    3,
    2,
    4
  ],
  "Delays": [
    3716,
    3716,
    5450,
    5245,
    3854,
    5690,
    6877,
    7185,
    6901,
    5429,
    3252
  ],
  "Throughputs": [
    0.5382131324004306,
    0.74360499702558,
    0.7206094296891085,
    0.8647798742138364
  ],
  "AverageDelays": [
    3716,
    4396.2,
    4935.428571428572,
    5210.454545454545
  ]
}