{
  "transactionTimestamps": [
    1706083928043,
    1706083926912,
    1706083929390,
    1706083931879,
    1706083931879,
    1706083933341,
    1706083934524,
    1706083933201,
    1706083935998,
    1706083937181,
    1706083937213,
    1706083936103,
    1706083938283,
    1706083938376,
    1706083939496,
    1706083939511,
    1706083940661,
    1706083940707
  ],
  "blockTimestamps": [
    1706083932735,
    1706083935743,
    1706083938737,
    1706083941744,
    1706083944753
  ],
  "blockTimes": [
    1706083932,
    1706083935,
    1706083938,
    1706083941,
    1706083944
  ],
  "blockTransactions": [
    3,
    2,
    3,
    6,
    4
  ],
  "Delays": [
    4692,
    5823,
    3345,
    3864,
    3864,
    5396,
    4213,
    5536,
    5746,
    4563,
    4531,
    5641,
    3461,
    3368,
    5257,
    5242,
    4092,
    4046
  ],
  "Throughputs": [
    0.639386189258312,
    0.6493506493506493,
    0.7480830372171311,
    1.0218232245821472,
    1.0771992818671454
  ],
  "AverageDelays": [
    4620,
    4317.6,
    4591.625,
    4574.5,
    4593.333333333333
  ]
}