{
  "transactionTimestamps": [
    1706084137064,
    1706084137590,
    1706084137651,
    1706084137758,
    1706084138454,
    1706084138796,
    1706084138780,
    1706084138874,
    1706084139759,
    1706084140066,
    1706084140175,
    1706084140331,
    1706084140933,
    1706084141290,
    1706084141457,
    1706084141488,
    1706084141968,
    1706084141969,
    1706084142201,
    1706084142711,
    1706084143110,
    1706084143312,
    1706084143406,
    1706084144225,
    1706084144303,
    1706084144584,
    1706084144848,
    1706084145714,
    1706084145746,
    1706084146226,
    1706084146866,
    1706084147301,
    1706084148156,
    1706084148421,
    1706084147518,
    1706084149816
  ],
  "blockTimestamps": [
    1706084142740,
    1706084145747,
    1706084148746,
    1706084151742,
    1706084154739
  ],
  "blockTimes": [
    1706084142,
    1706084145,
    1706084148,
    1706084151,
    1706084154
  ],
  "blockTransactions": [
    8,
    11,
    8,
    7,
    2
  ],
  "Delays": [
    5676,
    5150,
    5089,
    4982,
    4286,
    3944,
    3960,
    3866,
    5988,
    5681,
    5572,
    5416,
    4814,
    4457,
    4290,
    4259,
    3779,
    3778,
    3546,
    6035,
    5636,
    5434,
    5340,
    4521,
    4443,
    4162,
    3898,
    6028,
    5996,
    5516,
    4876,
    4441,
    3586,
    3321,
    7221,
    4923
  ],
  "Throughputs": [
    1.409443269908386,
    2.1881838074398248,
    2.311248073959938,
    2.316391879002589,
    2.0367751060820365
  ],
  "AverageDelays": [
    4619.125,
    4659.631578947368,
    4740.814814814815,
    4757.823529411765,
    4830.833333333333
  ]
}