{
  "transactionTimestamps": [
    1706084015991,
    1706084021909,
    1706084021913,
    1706084023092,
    1706084023215,
    1706084024400,
    1706084024246,
    1706084025793,
    1706084027131,
    1706084028036,
    1706084028453,
    1706084026945,
    1706084029451,
    1706084030885
  ],
  "blockTimestamps": [
    1706084022735,
    1706084025735,
    1706084028745,
    1706084031744,
    1706084034735
  ],
  "blockTimes": [
    1706084022,
    1706084025,
    1706084028,
    1706084031,
    1706084034
  ],
  "blockTransactions": [
    1,
    2,
    3,
    5,
    3
  ],
  "Delays": [
    6744,
    3826,
    3822,
    5653,
    5530,
    4345,
    7498,
    5951,
    4613,
    3708,
    3291,
    7790,
    5284,
    3850
  ],
  "Throughputs": [
    0.14827995255041518,
    0.3078817733990148,
    0.4704406460718206,
    0.6982796927569351,
    0.7469056764831413
  ],
  "AverageDelays": [
    6744,
    4797.333333333333,
    4986.666666666667,
    4998.272727272727,
    5136.071428571428
  ]
}