{
  "transactionTimestamps": [
    1706084378079,
    1706084379478,
    1706084381082,
    1706084382109,
    1706084382109,
    1706084382651,
    1706084383318,
    1706084383428,
    1706084384218,
    1706084384683,
    1706084384683,
    1706084385601,
    1706084385988,
    1706084387202,
    1706084386018,
    1706084388756,
    1706084390351,
    1706084388962,
    1706084391503
  ],
  "blockTimestamps": [
    1706084382734,
    1706084385734,
    1706084388743,
    1706084391743,
    1706084394740
  ],
  "blockTimes": [
    1706084382,
    1706084385,
    1706084388,
    1706084391,
    1706084394
  ],
  "blockTransactions": [
    2,
    3,
    6,
    4,
    4
  ],
  "Delays": [
    4655,
    3256,
    4652,
    3625,
    3625,
    6092,
    5425,
    5315,
    4525,
    4060,
    4060,
    6142,
    5755,
    4541,
    5725,
    5984,
    4389,
    5778,
    3237
  ],
  "Throughputs": [
    0.4296455424274973,
    0.6531678641410842,
    1.0315078769692423,
    1.0977751756440282,
    1.1403877318288218
  ],
  "AverageDelays": [
    3955.5,
    3962.6,
    4480.909090909091,
    4763.533333333334,
    4781.105263157895
  ]
}