{
  "transactionTimestamps": [
    1706083911641,
    1706083911687,
    1706083911748,
    1706083913034,
    1706083913050,
    1706083914281,
    1706083914562,
    1706083915412,
    1706083916623,
    1706083916874,
    1706083917996,
    1706083916873,
    1706083919197,
    1706083918478,
    1706083920753,
    1706083919714,
    1706083921049,
    1706083922387,
    1706083921532,
    1706083923020,
    1706083923783,
    1706083924154,
    1706083924975,
    1706083926118
  ],
  "blockTimestamps": [
    1706083917749,
    1706083920749,
    1706083923741,
    1706083926741,
    1706083929741
  ],
  "blockTimes": [
    1706083917,
    1706083920,
    1706083923,
    1706083926,
    1706083929
  ],
  "blockTransactions": [
    6,
    4,
    4,
    6,
    4
  ],
  "Delays": [
    6108,
    6062,
    6001,
    4715,
    4699,
    3468,
    6187,
    5337,
    4126,
    3875,
    5745,
    6868,
    4544,
    5263,
    5988,
    7027,
    5692,
    4354,
    5209,
    3721,
    5958,
    5587,
    4766,
    3623
  ],
  "Throughputs": [
    0.9823182711198429,
    1.097935880544576,
    1.15702479338843,
    1.3245033112582782,
    1.3259668508287292
  ],
  "AverageDelays": [
    5175.5,
    5057.8,
    5214.142857142857,
    5249.45,
    5205.125
  ]
}