{
  "transactionTimestamps": [
    1706083866961,
    1706083867132,
    1706083865798,
    1706083866402,
    1706083867954,
    1706083868251,
    1706083866731,
    1706083869085,
    1706083869843,
    1706083868698,
    1706083870592,
    1706083871840,
    1706083871841,
    1706083871839,
    1706083871839,
    1706083870981,
    1706083871716,
    1706083871805,
    1706083873134,
    1706083873227,
    1706083873041,
    1706083874749,
    1706083873801,
    1706083873134,
    1706083875274,
    1706083874531,
    1706083875647,
    1706083875879,
    1706083874702,
    1706083876532,
    1706083876858,
    1706083877014,
    1706083877403,
    1706083875509,
    1706083877618,
    1706083876302,
    1706083878021,
    1706083878193,
    1706083878518,
    1706083878579,
    1706083877666,
    1706083878797,
    1706083878858,
    1706083879490,
    1706083879921,
    1706083879921,
    1706083880106,
    1706083880668,
    1706083879595,
    1706083879701,
    1706083881314,
    1706083881345,
    1706083881360
  ],
  "blockTimestamps": [
    1706083872746,
    1706083875746,
    1706083878749,
    1706083881758,
    1706083884746
  ],
  "blockTimes": [
    1706083872,
    1706083875,
    1706083878,
    1706083881,
    1706083884
  ],
  "blockTransactions": [
    8,
    8,
    9,
    15,
    13
  ],
  "Delays": [
    5785,
    5614,
    6948,
    6344,
    4792,
    4495,
    6015,
    3661,
    5903,
    7048,
    5154,
    3906,
    3905,
    3907,
    3907,
    4765,
    7033,
    6944,
    5615,
    5522,
    5708,
    4000,
    4948,
    5615,
    3475,
    7227,
    6111,
    5879,
    7056,
    5226,
    4900,
    4744,
    4355,
    6249,
    4140,
    5456,
    3737,
    3565,
    3240,
    3179,
    7080,
    5949,
    5888,
    5256,
    4825,
    4825,
    4640,
    4078,
    5151,
    5045,
    3432,
    3401,
    3386
  ],
  "Throughputs": [
    1.382886776145203,
    1.8212862834376777,
    2.1208008143875126,
    2.703250658917348,
    2.980039359010402
  ],
  "AverageDelays": [
    5456.75,
    5134.3125,
    5240.36,
    5151.825,
    5076.018867924528
  ]
}