{
  "transactionTimestamps": [
    1706083807308,
    1706083811790,
    1706083811791,
    1706083813044,
    1706083813112,
    1706083814480,
    1706083814526,
    1706083815865,
    1706083815912,
    1706083817260,
    1706083818552,
    1706083819451,
    1706083818213,
    1706083820986
  ],
  "blockTimestamps": [
    1706083812739,
    1706083815734,
    1706083818736,
    1706083821736,
    1706083824738
  ],
  "blockTimes": [
    1706083812,
    1706083815,
    1706083818,
    1706083821,
    1706083824
  ],
  "blockTransactions": [
    1,
    2,
    4,
    4,
    3
  ],
  "Delays": [
    5431,
    3944,
    3943,
    5692,
    5624,
    4256,
    4210,
    5871,
    5824,
    4476,
    3184,
    5287,
    6525,
    3752
  ],
  "Throughputs": [
    0.18412815319462345,
    0.35604082601471637,
    0.6125306265313265,
    0.7624064319378985,
    0.8032128514056225
  ],
  "AverageDelays": [
    5431,
    4439.333333333333,
    4728.571428571428,
    4768.636363636364,
    4858.5
  ]
}