{
  "transactionTimestamps": [
    1706083961887,
    1706083961887,
    1706083961887,
    1706083961887,
    1706083963054,
    1706083963101,
    1706083963289,
    1706083963365,
    1706083964476,
    1706083964490,
    1706083964645,
    1706083964323,
    1706083966030,
    1706083966077,
    1706083967182,
    1706083967243,
    1706083966015,
    1706083968454,
    1706083968530,
    1706083966902,
    1706083968237,
    1706083969030,
    1706083970234
  ],
  "blockTimestamps": [
    1706083965740,
    1706083968742,
    1706083971739,
    1706083974740
  ],
  "blockTimes": [
    1706083965,
    1706083968,
    1706083971,
    1706083974
  ],
  "blockTransactions": [
    4,
    8,
    7,
    4
  ],
  "Delays": [
    3853,
    3853,
    3853,
    3853,
    5688,
    5641,
    5453,
    5377,
    4266,
    4252,
    4097,
    4419,
    5709,
    5662,
    4557,
    4496,
    5724,
    3285,
    3209,
    7838,
    6503,
    5710,
    4506
  ],
  "Throughputs": [
    1.0381520892810796,
    1.75054704595186,
    1.9285424279334145,
    1.7894654944370965
  ],
  "AverageDelays": [
    3853,
    4550.416666666667,
    4591.9473684210525,
    4861.04347826087
  ]
}