{
  "transactionTimestamps": [
    1706084122012,
    1706084124877,
    1706084126963,
    1706084126966,
    1706084126967,
    1706084126965,
    1706084128347,
    1706084128533,
    1706084128563,
    1706084129720,
    1706084129800,
    1706084129939,
    1706084130934,
    1706084131230,
    1706084129775,
    1706084131463,
    1706084132549,
    1706084131167,
    1706084132942,
    1706084132365,
    1706084133890,
    1706084134077,
    1706084135073,
    1706084135336,
    1706084134219,
    1706084135707,
    1706084136034,
    1706084134715,
    1706084136387,
    1706084136527
  ],
  "blockTimestamps": [
    1706084127737,
    1706084130740,
    1706084133744,
    1706084136756,
    1706084139746
  ],
  "blockTimes": [
    1706084127,
    1706084130,
    1706084133,
    1706084136,
    1706084139
  ],
  "blockTransactions": [
    1,
    4,
    7,
    7,
    11
  ],
  "Delays": [
    5725,
    5863,
    3777,
    3774,
    3773,
    6779,
    5397,
    5211,
    5181,
    4024,
    3944,
    3805,
    5822,
    5526,
    6981,
    5293,
    4207,
    5589,
    3814,
    7381,
    5856,
    5669,
    4673,
    4410,
    5527,
    4039,
    3712,
    5031,
    3359,
    3219
  ],
  "Throughputs": [
    0.17467248908296945,
    0.5728689275893676,
    1.0228435049437437,
    1.288659793814433,
    1.6916657268523738
  ],
  "AverageDelays": [
    5725,
    4582.4,
    4771.083333333333,
    4972.894736842105,
    4912.033333333334
  ]
}