{
  "transactionTimestamps": [
    1706084096944,
    1706084096945,
    1706084098419,
    1706084098451,
    1706084099603,
    1706084101178,
    1706084099603,
    1706084102347,
    1706084103466,
    1706084102656,
    1706084103930,
    1706084105235
  ],
  "blockTimestamps": [
    1706084100742,
    1706084103740,
    1706084106752,
    1706084109738
  ],
  "blockTimes": [
    1706084100,
    1706084103,
    1706084106,
    1706084109
  ],
  "blockTransactions": [
    2,
    3,
    4,
    3
  ],
  "Delays": [
    3798,
    3797,
    5321,
    5289,
    4137,
    5574,
    7149,
    4405,
    3286,
    7082,
    5808,
    4503
  ],
  "Throughputs": [
    0.526592943654555,
    0.7357268981753973,
    0.9176182707993474,
    0.9379396592152571
  ],
  "AverageDelays": [
    3797.5,
    4468.4,
    4750.666666666667,
    5012.416666666667
  ]
}