{
  "transactionTimestamps": [
    1706084272869,
    1706084271369,
    1706084272649,
    1706084274201,
    1706084277055,
    1706084277056,
    1706084275462,
    1706084278701,
    1706084279900,
    1706084278655,
    1706084281126,
    1706084282326,
    1706084283115,
    1706084281611,
    1706084284487,
    1706084283879,
    1706084285858
  ],
  "blockTimestamps": [
    1706084277745,
    1706084280746,
    1706084283743,
    1706084286749,
    1706084289742
  ],
  "blockTimes": [
    1706084277,
    1706084280,
    1706084283,
    1706084286,
    1706084289
  ],
  "blockTransactions": [
    4,
    3,
    3,
    4,
    3
  ],
  "Delays": [
    4876,
    6376,
    5096,
    3544,
    3691,
    3690,
    5284,
    5042,
    3843,
    5088,
    5623,
    4423,
    3634,
    5138,
    5255,
    5863,
    3884
  ],
  "Throughputs": [
    0.8203445447087776,
    0.8886631966484703,
    0.9196247930844215,
    1.0086455331412103,
    1.0075268179932435
  ],
  "AverageDelays": [
    4973,
    4651,
    4653,
    4667.714285714285,
    4726.470588235294
  ]
}