{
  "transactionTimestamps": [
    1706083826802,
    1706083826801,
    1706083828041,
    1706083828154,
    1706083829320,
    1706083829382,
    1706083830748,
    1706083830937,
    1706083832150,
    1706083832400,
    1706083833677,
    1706083833755
  ],
  "blockTimestamps": [
    1706083830735,
    1706083833741,
    1706083836744,
    1706083839747
  ],
  "blockTimes": [
    1706083830,
    1706083833,
    1706083836,
    1706083839
  ],
  "blockTransactions": [
    2,
    4,
    4,
    2
  ],
  "Delays": [
    3933,
    3934,
    5700,
    5587,
    4421,
    4359,
    5996,
    5807,
    4594,
    4344,
    6070,
    5992
  ],
  "Throughputs": [
    0.5085176709890669,
    0.8646779074794639,
    1.0058338362502515,
    0.9269988412514484
  ],
  "AverageDelays": [
    3933.5,
    4655.666666666667,
    4867.5,
    5061.416666666667
  ]
}