{
  "transactionTimestamps": [
    1706084202009,
    1706084202007,
    1706084203403,
    1706084203621,
    1706084204691,
    1706084205078,
    1706084205968,
    1706084206650,
    1706084207460,
    1706084207854,
    1706084208768,
    1706084209313
  ],
  "blockTimestamps": [
    1706084205747,
    1706084208749,
    1706084211745,
    1706084215334
  ],
  "blockTimes": [
    1706084205,
    1706084208,
    1706084211,
    1706084214
  ],
  "blockTransactions": [
    2,
    4,
    4,
    2
  ],
  "Delays": [
    3738,
    3740,
    5346,
    5128,
    4058,
    3671,
    5777,
    5095,
    4285,
    3891,
    6566,
    6021
  ],
  "Throughputs": [
    0.5350454788657036,
    0.8902077151335311,
    1.0271158586688578,
    0.9005628517823641
  ],
  "AverageDelays": [
    3739,
    4280.166666666667,
    4472.9,
    4776.333333333333
  ]
}