{"a": 0.6, "b": 0.4, "communities0": [[0, 17], [1, 2, 20], [3, 5], [33, 4], [6, 39], [8, 45, 7], [9, 21], [10, 27], [16, 11], [32, 35, 37, 38, 12, 13, 18, 19], [43, 14], [41, 15], [28, 22, 30], [25, 26, 36, 23], [24, 44], [42, 29, 31], [40, 34]], "q0": 0.4560792857902009, "f0": 0.7941050287194523}