{
  "transactionTimestamps": [
    1705932248593,
    1705932248593,
    1705932248594,
    1705932250490,
    1705932250165,
    1705932250657,
    1705932251026,
    1705932251294,
    1705932251341,
    1705932252469,
    1705932252622,
    1705932253166,
    1705932253234,
    1705932253277,
    1705932254010,
    1705932254525,
    1705932255384,
    1705932255067,
    1705932255187,
    1705932255961,
    1705932256164,
    1705932256506,
    1705932257194,
    1705932257635,
    1705932257324,
    1705932258505,
    1705932258007,
    1705932258734,
    1705932259580,
    1705932259928,
    1705932259867,
    1705932260687,
    1705932261141,
    1705932260872,
    1705932262037,
    1705932261809,
    1705932262832,
    1705932263784,
    1705932264559,
    1705932266425,
    1705932267345,
    1705932269065,
    1705932269951,
    1705932271516,
    1705932272349,
    1705932273615,
    1705932274626,
    1705932276000,
    1705932276878,
    1705932278728,
    1705932279685,
    1705932281341,
    1705932281930,
    1705932283956,
    1705932284516,
    1705932286338,
    1705932287005,
    1705932288536,
    1705932289201,
    1705932290828
  ],
  "blockTimestamps": [
    1705932265192,
    1705932275044,
    1705932280142,
    1705932280579,
    1705932284597,
    1705932287032,
    1705932287509,
    1705932293204,
    1705932295956
  ],
  "blockTimes": [
    1705932250,
    1705932263,
    1705932274,
    1705932279,
    1705932280,
    1705932284,
    1705932286,
    1705932288,
    1705932292
  ],
  "blockTransactions": [
    34,
    9,
    4,
    2,
    3,
    1,
    2,
    3,
    2
  ],
  "Delays": [
    16599,
    16599,
    16598,
    14702,
    15027,
    14535,
    14166,
    13898,
    13851,
    12723,
    12570,
    12026,
    11958,
    11915,
    11182,
    10667,
    9808,
    10125,
    10005,
    9231,
    9028,
    8686,
    7998,
    7557,
    7868,
    6687,
    7185,
    6458,
    5612,
    5264,
    5325,
    4505,
    4051,
    4320,
    13007,
    13235,
    12212,
    11260,
    10485,
    8619,
    7699,
    5979,
    5093,
    8626,
    7793,
    6527,
    5516,
    4579,
    3701,
    5869,
    4912,
    3256,
    5102,
    3553,
    2993,
    6866,
    6199,
    4668,
    6755,
    5128
  ],
  "Throughputs": [
    2.048316163624315,
    1.6256474235378624,
    1.4897461092269169,
    1.5319202150941036,
    1.4442839684479503,
    1.3788079814771457,
    1.413300441977593,
    1.3001277711775123,
    1.2668116462217343
  ],
  "AverageDelays": [
    10256.735294117647,
    10146.93023255814,
    9888.936170212766,
    9654.285714285714,
    9367.25,
    9286.77358490566,
    9068.09090909091,
    8904.793103448275,
    8806.016666666666
  ]
}