{
  "transactionTimestamps": [
    1705932797879,
    1705932776507,
    1705932776507,
    1705932776507,
    1705932778356,
    1705932778629,
    1705932778968,
    1705932779272,
    1705932779893,
    1705932779443,
    1705932780620,
    1705932781280,
    1705932781282,
    1705932781833,
    1705932781471,
    1705932781816,
    1705932783215,
    1705932783209,
    1705932783917,
    1705932784023,
    1705932784038,
    1705932784525,
    1705932785724,
    1705932785663,
    1705932786378,
    1705932785804,
    1705932786551,
    1705932786615,
    1705932787600,
    1705932787973,
    1705932787981,
    1705932788173,
    1705932788781,
    1705932788719,
    1705932790061,
    1705932789874,
    1705932790317,
    1705932790696,
    1705932792755,
    1705932793718,
    1705932795594,
    1705932796291,
    1705932798553,
    1705932799660,
    1705932800295,
    1705932801822,
    1705932802385,
    1705932804322
  ],
  "blockTimestamps": [
    1705932800503,
    1705932800509,
    1705932806286,
    1705932810439
  ],
  "blockTimes": [
    1705932799,
    1705932722,
    1705932801,
    1705932806
  ],
  "blockTransactions": [
    1,
    41,
    5,
    1
  ],
  "Delays": [
    2624,
    24002,
    24002,
    24002,
    22153,
    21880,
    21541,
    21237,
    20616,
    21066,
    19889,
    19229,
    19227,
    18676,
    19038,
    18693,
    17294,
    17300,
    16592,
    16486,
    16471,
    15984,
    14785,
    14846,
    14131,
    14705,
    13958,
    13894,
    12909,
    12536,
    12528,
    12336,
    11728,
    11790,
    10448,
    10635,
    10192,
    9813,
    7754,
    6791,
    4915,
    4218,
    7733,
    6626,
    5991,
    4464,
    3901,
    6117
  ],
  "Throughputs": [
    0.38109756097560976,
    15.96958174904943,
    5.590579279172118,
    3.821656050955414
  ],
  "AverageDelays": [
    2624,
    15307.47619047619,
    14289.978723404256,
    14119.708333333334
  ]
}