{
  "transactionTimestamps": [
    1705932611028,
    1705932611029,
    1705932611029,
    1705932613137,
    1705932612992,
    1705932614123,
    1705932613487,
    1705932613779,
    1705932614295,
    1705932615386,
    1705932616077,
    1705932615788,
    1705932616765,
    1705932616035,
    1705932616874,
    1705932617929,
    1705932618110,
    1705932618958,
    1705932618535,
    1705932618913,
    1705932619722,
    1705932620223,
    1705932620101,
    1705932621032,
    1705932621173,
    1705932621048,
    1705932621735,
    1705932622297,
    1705932623164,
    1705932623201,
    1705932624026,
    1705932623557,
    1705932624398,
    1705932624789,
    1705932625406,
    1705932625869,
    1705932626629,
    1705932628718,
    1705932629433,
    1705932630828,
    1705932631429,
    1705932633517,
    1705932634484,
    1705932635635
  ],
  "blockTimestamps": [
    1705932641802
  ],
  "blockTimes": [
    1705932610
  ],
  "blockTransactions": [
    44
  ],
  "Delays": [
    30774,
    30773,
    30773,
    28665,
    28810,
    27679,
    28315,
    28023,
    27507,
    26416,
    25725,
    26014,
    25037,
    25767,
    24928,
    23873,
    23692,
    22844,
    23267,
    22889,
    22080,
    21579,
    21701,
    20770,
    20629,
    20754,
    20067,
    19505,
    18638,
    18601,
    17776,
    18245,
    17404,
    17013,
    16396,
    15933,
    15173,
    13084,
    12369,
    10974,
    10373,
    8285,
    7318,
    6167
  ],
  "Throughputs": [
    1.4297783843504257
  ],
  "AverageDelays": [
    20968.295454545456
  ]
}