{
  "transactionTimestamps": [
    1705932393669,
    1705932393669,
    1705932393669,
    1705932395420,
    1705932395498,
    1705932395986,
    1705932396172,
    1705932396110,
    1705932396561,
    1705932398059,
    1705932397289,
    1705932397687,
    1705932397373,
    1705932398481,
    1705932399192,
    1705932397981,
    1705932399637,
    1705932399931,
    1705932399947,
    1705932400554,
    1705932400772,
    1705932401400,
    1705932402048,
    1705932402015,
    1705932402359,
    1705932403060,
    1705932402626,
    1705932404024,
    1705932403465,
    1705932404680,
    1705932404730,
    1705932405305,
    1705932405381,
    1705932405553,
    1705932406256,
    1705932407457,
    1705932407684,
    1705932408299,
    1705932409245,
    1705932410386,
    1705932411162,
    1705932412522,
    1705932413296,
    1705932414737,
    1705932415275,
    1705932416911,
    1705932417529,
    1705932418847
  ],
  "blockTimestamps": [
    1705932408753,
    1705932479529
  ],
  "blockTimes": [
    1705932392,
    1705932407
  ],
  "blockTransactions": [
    28,
    20
  ],
  "Delays": [
    15084,
    15084,
    15084,
    13333,
    13255,
    12767,
    12581,
    12643,
    12192,
    10694,
    11464,
    11066,
    11380,
    10272,
    9561,
    10772,
    9116,
    8822,
    8806,
    8199,
    7981,
    7353,
    6705,
    6738,
    6394,
    5693,
    6127,
    4729,
    76064,
    74849,
    74799,
    74224,
    74148,
    73976,
    73273,
    72072,
    71845,
    71230,
    70284,
    69143,
    68367,
    67007,
    66233,
    64792,
    64254,
    62618,
    62000,
    60682
  ],
  "Throughputs": [
    1.8562715460090162,
    0.5590496156533893
  ],
  "AverageDelays": [
    10139.107142857143,
    34911.5625
  ]
}