{
  "transactionTimestamps": [
    1705932636404,
    1705932638004,
    1705932638886,
    1705932640613,
    1705932646031,
    1705932646031,
    1705932646031,
    1705932647921,
    1705932648197,
    1705932648158,
    1705932648727,
    1705932648898,
    1705932648944,
    1705932650241,
    1705932650339,
    1705932650742,
    1705932651114,
    1705932650989,
    1705932651474,
    1705932652368,
    1705932653092,
    1705932652720,
    1705932653277,
    1705932653370,
    1705932653650,
    1705932654939,
    1705932654942,
    1705932656112,
    1705932655863,
    1705932655491,
    1705932655738,
    1705932657439,
    1705932657331,
    1705932657629,
    1705932658188,
    1705932658141,
    1705932657908,
    1705932659610,
    1705932659674,
    1705932659737,
    1705932660404,
    1705932662205,
    1705932662996,
    1705932665077,
    1705932665858,
    1705932667672,
    1705932668277,
    1705932670150,
    1705932671051,
    1705932672446,
    1705932672987,
    1705932674942
  ],
  "blockTimestamps": [
    1705932724202
  ],
  "blockTimes": [
    1705932639
  ],
  "blockTransactions": [
    52
  ],
  "Delays": [
    87798,
    86198,
    85316,
    83589,
    78171,
    78171,
    78171,
    76281,
    76005,
    76044,
    75475,
    75304,
    75258,
    73961,
    73863,
    73460,
    73088,
    73213,
    72728,
    71834,
    71110,
    71482,
    70925,
    70832,
    70552,
    69263,
    69260,
    68090,
    68339,
    68711,
    68464,
    66763,
    66871,
    66573,
    66014,
    66061,
    66294,
    64592,
    64528,
    64465,
    63798,
    61997,
    61206,
    59125,
    58344,
    56530,
    55925,
    54052,
    53151,
    51756,
    51215,
    49260
  ],
  "Throughputs": [
    0.592268616597189
  ],
  "AverageDelays": [
    68836.07692307692
  ]
}