{
  "transactionTimestamps": [
    1705932179024,
    1705932179024,
    1705932179025,
    1705932180437,
    1705932180749,
    1705932181328,
    1705932181110,
    1705932181203,
    1705932181669,
    1705932183146,
    1705932183001,
    1705932183440,
    1705932183756,
    1705932183941,
    1705932184311,
    1705932185362,
    1705932186141,
    1705932186366,
    1705932185875,
    1705932186475,
    1705932186957,
    1705932187852,
    1705932188175,
    1705932188462,
    1705932188760,
    1705932189367,
    1705932188697,
    1705932190691,
    1705932190073,
    1705932190673,
    1705932190704,
    1705932191592,
    1705932191639,
    1705932192568,
    1705932193554,
    1705932193693,
    1705932194514,
    1705932194577,
    1705932196643,
    1705932196293,
    1705932197151,
    1705932197584,
    1705932198681,
    1705932199673,
    1705932199209,
    1705932199968,
    1705932201465,
    1705932200803,
    1705932203396,
    1705932201718,
    1705932202636,
    1705932202413,
    1705932204307,
    1705932204456,
    1705932205109,
    1705932206391,
    1705932206185,
    1705932207144,
    1705932209092
  ],
  "blockTimestamps": [
    1705932193116,
    1705932194040,
    1705932197879,
    1705932203767,
    1705932207179,
    1705932209934,
    1705932215297
  ],
  "blockTimes": [
    1705932176,
    1705932191,
    1705932192,
    1705932197,
    1705932202,
    1705932206,
    1705932209
  ],
  "blockTransactions": [
    27,
    1,
    9,
    6,
    11,
    1,
    4
  ],
  "Delays": [
    14092,
    14092,
    14091,
    12679,
    12367,
    11788,
    12006,
    11913,
    11447,
    9970,
    10115,
    9676,
    9360,
    9175,
    8805,
    7754,
    6975,
    6750,
    7241,
    6641,
    6159,
    5264,
    4941,
    4654,
    4356,
    3749,
    4419,
    3349,
    7806,
    7206,
    7175,
    6287,
    6240,
    5311,
    4325,
    4186,
    3365,
    9190,
    7124,
    7474,
    6616,
    6183,
    5086,
    7506,
    7970,
    7211,
    5714,
    6376,
    3783,
    5461,
    4543,
    4766,
    2872,
    2723,
    4825,
    8906,
    9112,
    8153,
    6205
  ],
  "Throughputs": [
    1.915980698268521,
    1.8646776771443794,
    1.96234420578096,
    1.737865254819545,
    1.9179541822056472,
    1.7793594306049823,
    1.626554186309376
  ],
  "AverageDelays": [
    8906.62962962963,
    8708.142857142857,
    7992.675675675676,
    7846.558139534884,
    7339.388888888889,
    7293.672727272728,
    7347.932203389831
  ]
}