{
  "transactionTimestamps": [
    1705933063067,
    1705933063067,
    1705933063067,
    1705933064682,
    1705933064844,
    1705933065601,
    1705933065521,
    1705933065770,
    1705933066546,
    1705933067327,
    1705933067696,
    1705933067920,
    1705933068151,
    1705933068476,
    1705933068695,
    1705933069951,
    1705933070108,
    1705933070381,
    1705933070642,
    1705933071297,
    1705933070875,
    1705933072376,
    1705933072521,
    1705933072950,
    1705933073123,
    1705933073624,
    1705933073139,
    1705933074856,
    1705933074555,
    1705933075618,
    1705933074730,
    1705933075353,
    1705933075539,
    1705933076786,
    1705933077517,
    1705933077033,
    1705933077478,
    1705933078973,
    1705933079623,
    1705933080759,
    1705933081384,
    1705933083387,
    1705933084036,
    1705933085454,
    1705933086252,
    1705933087392,
    1705933088078,
    1705933089390
  ],
  "blockTimestamps": [
    1705933069447,
    1705933139684
  ],
  "blockTimes": [
    1705933062,
    1705933069
  ],
  "blockTransactions": [
    5,
    43
  ],
  "Delays": [
    6380,
    6380,
    6380,
    4765,
    4603,
    74083,
    74163,
    73914,
    73138,
    72357,
    71988,
    71764,
    71533,
    71208,
    70989,
    69733,
    69576,
    69303,
    69042,
    68387,
    68809,
    67308,
    67163,
    66734,
    66561,
    66060,
    66545,
    64828,
    65129,
    64066,
    64954,
    64331,
    64145,
    62898,
    62167,
    62651,
    62206,
    60711,
    60061,
    58925,
    58300,
    56297,
    55648,
    54230,
    53432,
    52292,
    51606,
    50294
  ],
  "Throughputs": [
    0.7836990595611285,
    0.626492814910529
  ],
  "AverageDelays": [
    5701.6,
    58709.104166666664
  ]
}