{
  "transactionTimestamps": [
    1705932565080,
    1705932565080,
    1705932566816,
    1705932567237,
    1705932567672,
    1705932567781,
    1705932569383,
    1705932569904,
    1705932570231,
    1705932569408,
    1705932571347,
    1705932571932,
    1705932571360,
    1705932572229,
    1705932573445,
    1705932573046,
    1705932573726,
    1705932574336,
    1705932575226,
    1705932575780,
    1705932576113,
    1705932576535,
    1705932577289,
    1705932578208,
    1705932577718,
    1705932578692,
    1705932579377,
    1705932580061,
    1705932580338,
    1705932580917,
    1705932581671,
    1705932582340,
    1705932582287,
    1705932584021,
    1705932583178,
    1705932585305,
    1705932584923,
    1705932585909,
    1705932586973,
    1705932587997,
    1705932587478,
    1705932588773,
    1705932589185,
    1705932590654,
    1705932590144,
    1705932591424,
    1705932591976,
    1705932592835
  ],
  "blockTimestamps": [
    1705932568624,
    1705932606346
  ],
  "blockTimes": [
    1705932567,
    1705932568
  ],
  "blockTransactions": [
    2,
    46
  ],
  "Delays": [
    3544,
    3544,
    39530,
    39109,
    38674,
    38565,
    36963,
    36442,
    36115,
    36938,
    34999,
    34414,
    34986,
    34117,
    32901,
    33300,
    32620,
    32010,
    31120,
    30566,
    30233,
    29811,
    29057,
    28138,
    28628,
    27654,
    26969,
    26285,
    26008,
    25429,
    24675,
    24006,
    24059,
    22325,
    23168,
    21041,
    21423,
    20437,
    19373,
    18349,
    18868,
    17573,
    17161,
    15692,
    16202,
    14922,
    14370,
    13511
  ],
  "Throughputs": [
    0.5643340857787811,
    1.163185188775263
  ],
  "AverageDelays": [
    3544,
    26371.333333333332
  ]
}