{
  "transactionTimestamps": [
    1705932333175,
    1705932333175,
    1705932333175,
    1705932334784,
    1705932335246,
    1705932335413,
    1705932335516,
    1705932336160,
    1705932336555,
    1705932336207,
    1705932337081,
    1705932337686,
    1705932338065,
    1705932338811,
    1705932338607,
    1705932338708,
    1705932339361,
    1705932340155,
    1705932340081,
    1705932340766,
    1705932340795,
    1705932341014,
    1705932341665,
    1705932341870,
    1705932342537,
    1705932342838,
    1705932342963,
    1705932343505,
    1705932343506,
    1705932344474,
    1705932345248,
    1705932345518,
    1705932345520,
    1705932346449,
    1705932346106,
    1705932346951,
    1705932348019,
    1705932348069,
    1705932348570,
    1705932348944,
    1705932350428,
    1705932350505,
    1705932351175,
    1705932351315,
    1705932352516,
    1705932353174,
    1705932353413,
    1705932354040,
    1705932355050,
    1705932355786,
    1705932356301,
    1705932355730,
    1705932357420,
    1705932357406,
    1705932358179,
    1705932358164,
    1705932359622,
    1705932360099,
    1705932360519,
    1705932362407
  ],
  "blockTimestamps": [
    1705932381818
  ],
  "blockTimes": [
    1705932302
  ],
  "blockTransactions": [
    60
  ],
  "Delays": [
    48643,
    48643,
    48643,
    47034,
    46572,
    46405,
    46302,
    45658,
    45263,
    45611,
    44737,
    44132,
    43753,
    43007,
    43211,
    43110,
    42457,
    41663,
    41737,
    41052,
    41023,
    40804,
    40153,
    39948,
    39281,
    38980,
    38855,
    38313,
    38312,
    37344,
    36570,
    36300,
    36298,
    35369,
    35712,
    34867,
    33799,
    33749,
    33248,
    32874,
    31390,
    31313,
    30643,
    30503,
    29302,
    28644,
    28405,
    27778,
    26768,
    26032,
    25517,
    26088,
    24398,
    24412,
    23639,
    23654,
    22196,
    21719,
    21299,
    19411
  ],
  "Throughputs": [
    1.233476553666509
  ],
  "AverageDelays": [
    36042.38333333333
  ]
}