{
  "transactionTimestamps": [
    1705932128382,
    1705932128382,
    1705932128382,
    1705932128384,
    1705932130336,
    1705932130014,
    1705932130669,
    1705932130196,
    1705932130884,
    1705932131151,
    1705932131631,
    1705932131307,
    1705932132099,
    1705932132890,
    1705932132616,
    1705932133021,
    1705932133132,
    1705932133889,
    1705932133375,
    1705932134142,
    1705932133980,
    1705932135066,
    1705932135257,
    1705932134835,
    1705932135787,
    1705932135866,
    1705932136004,
    1705932136738,
    1705932137083,
    1705932136694,
    1705932137247,
    1705932137603,
    1705932137745,
    1705932138476,
    1705932137981,
    1705932138665,
    1705932138889,
    1705932139737,
    1705932139635,
    1705932139766,
    1705932140160,
    1705932140367,
    1705932141190,
    1705932140345,
    1705932141027,
    1705932142409,
    1705932142061,
    1705932142311,
    1705932142840,
    1705932144412,
    1705932145250,
    1705932146838,
    1705932147663,
    1705932148985,
    1705932149561,
    1705932151490,
    1705932152454,
    1705932154336,
    1705932155052,
    1705932156675
  ],
  "blockTimestamps": [
    1705932139094,
    1705932141175,
    1705932145704,
    1705932152298,
    1705932153541,
    1705932154396,
    1705932157100,
    1705932172933
  ],
  "blockTimes": [
    1705932126,
    1705932137,
    1705932140,
    1705932144,
    1705932151,
    1705932153,
    1705932155,
    1705932156
  ],
  "blockTransactions": [
    19,
    9,
    19,
    6,
    2,
    1,
    2,
    2
  ],
  "Delays": [
    10712,
    10712,
    10712,
    10710,
    8758,
    9080,
    8425,
    8898,
    8210,
    7943,
    7463,
    7787,
    6995,
    6204,
    6478,
    6073,
    5962,
    5205,
    5719,
    7033,
    7195,
    6109,
    5918,
    6340,
    5388,
    5309,
    5171,
    4437,
    8621,
    9010,
    8457,
    8101,
    7959,
    7228,
    7723,
    7039,
    6815,
    5967,
    6069,
    5938,
    5544,
    5337,
    4514,
    5359,
    4677,
    3295,
    3643,
    9987,
    9458,
    7886,
    7048,
    5460,
    4635,
    4556,
    3980,
    2906,
    4646,
    2764,
    17881,
    16258
  ],
  "Throughputs": [
    1.7737117251680359,
    2.188696943641054,
    2.713312550513798,
    2.216089647098177,
    2.1860964267260226,
    2.1526870146844006,
    2.0196392506441954,
    1.3467711162487934
  ],
  "AverageDelays": [
    8002.421052631579,
    7319.5,
    6941.31914893617,
    6994.641509433963,
    6895.490909090909,
    6824.25,
    6716.689655172414,
    7061.783333333334
  ]
}