{
  "transactionTimestamps": [
    1705932483456,
    1705932483456,
    1705932483456,
    1705932485211,
    1705932485302,
    1705932485744,
    1705932485616,
    1705932486088,
    1705932486540,
    1705932487663,
    1705932487503,
    1705932488084,
    1705932487946,
    1705932488397,
    1705932488909,
    1705932489814,
    1705932490080,
    1705932490562,
    1705932490535,
    1705932490672,
    1705932491108,
    1705932492464,
    1705932491731,
    1705932492463,
    1705932492653,
    1705932493618,
    1705932493575,
    1705932493431,
    1705932494133,
    1705932494913,
    1705932495261,
    1705932495874,
    1705932496074,
    1705932495633,
    1705932497367,
    1705932497383,
    1705932498145,
    1705932500224,
    1705932501046,
    1705932502467,
    1705932503011,
    1705932504573,
    1705932505514,
    1705932506825,
    1705932507651,
    1705932510284,
    1705932509616,
    1705932511631
  ],
  "blockTimestamps": [
    1705932520425
  ],
  "blockTimes": [
    1705932477
  ],
  "blockTransactions": [
    48
  ],
  "Delays": [
    36969,
    36969,
    36969,
    35214,
    35123,
    34681,
    34809,
    34337,
    33885,
    32762,
    32922,
    32341,
    32479,
    32028,
    31516,
    30611,
    30345,
    29863,
    29890,
    29753,
    29317,
    27961,
    28694,
    27962,
    27772,
    26807,
    26850,
    26994,
    26292,
    25512,
    25164,
    24551,
    24351,
    24792,
    23058,
    23042,
    22280,
    20201,
    19379,
    17958,
    17414,
    15852,
    14911,
    13600,
    12774,
    10141,
    10809,
    8794
  ],
  "Throughputs": [
    1.2983851334902214
  ],
  "AverageDelays": [
    26389.541666666668
  ]
}