{
  "transactionTimestamps": [
    1706169733682,
    1706169733676,
    1706169733705,
    1706169733712,
    1706169735254,
    1706169735472,
    1706169735472,
    1706169735223,
    1706169736703,
    1706169736874,
    1706169736865,
    1706169737935,
    1706169738311,
    1706169738218,
    1706169739166,
    1706169739604,
    1706169739917,
    1706169741239,
    1706169741788,
    1706169742441,
    1706169743164,
    1706169742305,
    1706169744840,
    1706169743821
  ],
  "blockTimestamps": [
    1706169739254,
    1706169742228,
    1706169745206,
    1706169748227,
    1706169751212
  ],
  "blockTimes": [
    1706169739,
    1706169742,
    1706169745,
    1706169748,
    1706169751
  ],
  "blockTransactions": [
    7,
    7,
    5,
    4,
    1
  ],
  "Delays": [
    5572,
    5578,
    5549,
    5542,
    4000,
    3782,
    3782,
    7005,
    5525,
    5354,
    5363,
    4293,
    3917,
    4010,
    6040,
    5602,
    5289,
    3967,
    3418,
    5786,
    5063,
    5922,
    3387,
    7391
  ],
  "Throughputs": [
    1.2562814070351758,
    1.6381933068102037,
    1.6487330787920862,
    1.5812994156067377,
    1.3690815744438105
  ],
  "AverageDelays": [
    4829.285714285715,
    4948,
    4925.684210526316,
    4945.478260869565,
    5047.375
  ]
}