{
  "transactionTimestamps": [
    1706169812978,
    1706169812978,
    1706169814608,
    1706169814609,
    1706169816257,
    1706169816241,
    1706169817507,
    1706169817712,
    1706169818938,
    1706169819045
  ],
  "blockTimestamps": [
    1706169817195,
    1706169820845,
    1706169823224
  ],
  "blockTimes": [
    1706169817,
    1706169820,
    1706169823
  ],
  "blockTransactions": [
    2,
    4,
    4
  ],
  "Delays": [
    4217,
    4217,
    6237,
    6236,
    4588,
    4604,
    5717,
    5512,
    4286,
    4179
  ],
  "Throughputs": [
    0.47427080863172877,
    0.7626795474768018,
    0.9759906304899473
  ],
  "AverageDelays": [
    4217,
    5016.5,
    4979.3
  ]
}