{
  "transactionTimestamps": [
    1706169792966,
    1706169792967,
    1706169794423,
    1706169794563,
    1706169795800,
    1706169795831,
    1706169797392,
    1706169797471,
    1706169798743,
    1706169798789
  ],
  "blockTimestamps": [
    1706169799255,
    1706169802192
  ],
  "blockTimes": [
    1706169799,
    1706169802
  ],
  "blockTransactions": [
    6,
    4
  ],
  "Delays": [
    6289,
    6288,
    4832,
    4692,
    3455,
    3424,
    4800,
    4721,
    3449,
    3403
  ],
  "Throughputs": [
    0.9540467482906663,
    1.0838933448948622
  ],
  "AverageDelays": [
    4830,
    4535.3
  ]
}