{
  "transactionTimestamps": [
    1706169749514,
    1706169750843,
    1706169750404,
    1706169752952,
    1706169752954,
    1706169752953,
    1706169754276,
    1706169754352,
    1706169754551,
    1706169755498,
    1706169756015,
    1706169756263,
    1706169757462,
    1706169757742,
    1706169756748,
    1706169758647,
    1706169759004,
    1706169760050,
    1706169760315,
    1706169761592,
    1706169761980,
    1706169762807,
    1706169762899,
    1706169763506,
    1706169764179,
    1706169764862,
    1706169763637,
    1706169765733,
    1706169766106
  ],
  "blockTimestamps": [
    1706169754203,
    1706169757226,
    1706169760246,
    1706169763199,
    1706169766208,
    1706169769226,
    1706169772259
  ],
  "blockTimes": [
    1706169754,
    1706169757,
    1706169760,
    1706169763,
    1706169766,
    1706169769,
    1706169772
  ],
  "blockTransactions": [
    2,
    4,
    6,
    5,
    6,
    5,
    1
  ],
  "Delays": [
    4689,
    3360,
    6822,
    4274,
    4272,
    4273,
    5970,
    5894,
    5695,
    4748,
    4231,
    3983,
    5737,
    5457,
    6451,
    4552,
    4195,
    6158,
    5893,
    4616,
    4228,
    3401,
    3309,
    5720,
    5047,
    4364,
    5589,
    3493,
    6153
  ],
  "Throughputs": [
    0.42653017701002344,
    0.7780082987551867,
    1.1181513231457325,
    1.2422360248447204,
    1.3777405055708638,
    1.4204545454545454,
    1.2750054957133434
  ],
  "AverageDelays": [
    4024.5,
    4615,
    4850.916666666667,
    4976.64705882353,
    4878.608695652174,
    4872.178571428572,
    4916.3448275862065
  ]
}