{
  "transactionTimestamps": [
    1706169772964,
    1706169772964,
    1706169774331,
    1706169774611,
    1706169775809,
    1706169776074,
    1706169777177,
    1706169777472,
    1706169778829,
    1706169778859
  ],
  "blockTimestamps": [
    1706169778236,
    1706169781254,
    1706169784249
  ],
  "blockTimes": [
    1706169778,
    1706169781,
    1706169784
  ],
  "blockTransactions": [
    4,
    4,
    2
  ],
  "Delays": [
    5272,
    5272,
    3905,
    3625,
    5445,
    5180,
    4077,
    3782,
    5420,
    5390
  ],
  "Throughputs": [
    0.7587253414264036,
    0.9650180940892643,
    0.8861320336730173
  ],
  "AverageDelays": [
    4518.5,
    4569.75,
    4736.8
  ]
}