{
  "a": 0.2,
  "b": 0.8,
  "communities0": [
    [
      0,
      6
    ],
    [
      1,
      2,
      11,
      12,
      22,
      23
    ],
    [
      17,
      3
    ],
    [
      26,
      4
    ],
    [
      8,
      5
    ],
    [
      14,
      7
    ],
    [
      9,
      25
    ],
    [
      10,
      28
    ],
    [
      29,
      13
    ],
    [
      19,
      20,
      15
    ],
    [
      16,
      21
    ],
    [
      32,
      18
    ],
    [
      24,
      31
    ],
    [
      27,
      36
    ],
    [
      33,
      30
    ],
    [
      34,
      35
    ]
  ],
  "q0": 0.47144584789035215,
  "f0": 0.765754151454852
}