{"a": 0.6, "b": 0.4, "communities0": [[0, 7], [1, 53], [32, 2, 42, 11, 12, 44, 46, 17], [33, 3, 5, 13, 48, 52, 56, 29], [27, 4], [34, 6, 22], [8, 54], [35, 40, 9, 41, 49, 51, 23, 24], [37, 10, 45, 47, 15, 18, 19, 21, 55, 28, 30, 31], [50, 20, 14, 39], [16, 43], [25, 26], [36, 38]], "q0": 0.4472693344226463, "f0": 0.8391355635368558}