{"a": 0.5, "b": 0.5, "communities0": [[0, 36, 37, 40, 106, 18, 30, 24, 25, 29, 94, 95], [64, 1, 34, 31], [56, 81, 2, 26], [3, 44], [4, 8, 9, 11, 12, 13, 15, 16, 19, 20, 21, 28, 41, 42, 43, 46, 49, 50, 51, 52, 57, 61, 62, 63, 65, 66, 69, 71, 75, 76, 77, 78, 79, 83, 85, 86, 88, 90, 91, 99, 100, 101, 104, 108, 111, 112, 113], [107, 92, 5], [6, 22], [84, 7, 102, 23], [10, 58], [68, 14], [17, 74], [27, 109], [32, 35, 54], [33, 59], [96, 38], [97, 70, 39, 80, 89, 93], [45, 87], [47, 55], [48, 72, 103], [60, 53], [105, 82, 67, 98], [73, 110]], "q0": 0.404660508209753, "f0": 0.9446739511583426}