{"a": 0.3, "b": 0.7, "communities0": [[0, 25, 30], [1, 4, 14, 18, 22], [32, 2], [3], [35, 5, 16, 21, 29], [13, 6, 7], [34, 8, 20, 24, 26, 31], [9, 12], [17, 10, 19], [27, 11], [28, 15], [33, 23]], "communities1": [[0, 25, 3, 30], [1, 4, 14, 18, 22], [32, 2], [35, 5, 16, 21, 29], [13, 6, 7], [34, 8, 20, 24, 26, 31], [9, 12], [17, 10, 19], [11, 27], [28, 15], [33, 23]], "communities2": [[0, 25, 3, 30], [1, 4, 14, 18, 22], [32, 2], [35, 5, 16, 21, 29], [13, 6, 7], [34, 8, 20, 24, 26, 31], [9, 12], [17, 10, 19], [27, 11], [28, 15], [33, 23]], "communities3": [[2, 5, 27, 21], [18, 26, 28, 7], [25, 10, 12, 9], [32, 19, 22], [16, 8, 31], [1, 4, 14], [33, 35, 30], [24, 34, 29], [11, 6, 15], [20, 13, 23], [0, 17, 3]], "q0": 0.4474408284023669, "f0": 0.7463209930090656, "q1": 0.4583136094674556, "f1": 0.7276625165773613}