{
  "transactionTimestamps": [
    1706076540607,
    1706076541428,
    1706076542726,
    1706076543228,
    1706076545319,
    1706076546830,
    1706076546831,
    1706076547560,
    1706076547639,
    1706076548231,
    1706076548263,
    1706076549023,
    1706076549069,
    1706076549754,
    1706076550176,
    1706076550815,
    1706076550985
  ],
  "blockTimestamps": [
    1706076547740,
    1706076550747,
    1706076553743,
    1706076556741
  ],
  "blockTimes": [
    1706076547,
    1706076550,
    1706076553,
    1706076556
  ],
  "blockTransactions": [
    3,
    5,
    7,
    2
  ],
  "Delays": [
    7133,
    6312,
    5014,
    7519,
    5428,
    3917,
    3916,
    3187,
    6104,
    5512,
    5480,
    4720,
    4674,
    3989,
    3567,
    5926,
    5756
  ],
  "Throughputs": [
    0.42058040095331556,
    0.7889546351084812,
    1.1419001218026796,
    1.0536754679558695
  ],
  "AverageDelays": [
    6153,
    5303.25,
    5098.133333333333,
    5185.529411764706
  ]
}