{
  "transactionTimestamps": [
    1706076561834,
    1706076563122,
    1706076563638,
    1706076564973,
    1706076565678,
    1706076567014,
    1706076567617,
    1706076569536
  ],
  "blockTimestamps": [
    1706076568740,
    1706076571746,
    1706076574739
  ],
  "blockTimes": [
    1706076568,
    1706076571,
    1706076574
  ],
  "blockTransactions": [
    3,
    2,
    3
  ],
  "Delays": [
    6906,
    5618,
    5102,
    6773,
    6068,
    7725,
    7122,
    5203
  ],
  "Throughputs": [
    0.43440486533449174,
    0.5044390637610976,
    0.6199147617202635
  ],
  "AverageDelays": [
    5875.333333333333,
    6093.4,
    6314.625
  ]
}