{
  "transactionTimestamps": [
    1706076726948,
    1706076727940,
    1706076728608,
    1706076729522,
    1706076730173,
    1706076730905,
    1706076731573,
    1706076732535,
    1706076733609,
    1706076734527,
    1706076735327,
    1706076736197
  ],
  "blockTimestamps": [
    1706076730739,
    1706076733742,
    1706076736738,
    1706076739739
  ],
  "blockTimes": [
    1706076730,
    1706076733,
    1706076736,
    1706076739
  ],
  "blockTransactions": [
    1,
    4,
    3,
    4
  ],
  "Delays": [
    3791,
    5802,
    5134,
    4220,
    3569,
    5833,
    5165,
    4203,
    6130,
    5212,
    4412,
    3542
  ],
  "Throughputs": [
    0.2637826431020839,
    0.7359434795407713,
    0.8171603677221655,
    0.9381596434993354
  ],
  "AverageDelays": [
    3791,
    4503.2,
    4714.625,
    4751.083333333333
  ]
}