{
  "transactionTimestamps": [
    1706076631807,
    1706076636896,
    1706076636897,
    1706076637917,
    1706076637994,
    1706076638643,
    1706076638784,
    1706076639719,
    1706076639829,
    1706076640580,
    1706076640643,
    1706076641236,
    1706076641423
  ],
  "blockTimestamps": [
    1706076637745,
    1706076640743,
    1706076643744,
    1706076646739
  ],
  "blockTimes": [
    1706076637,
    1706076640,
    1706076643,
    1706076646
  ],
  "blockTransactions": [
    1,
    2,
    7,
    3
  ],
  "Delays": [
    5938,
    3847,
    3846,
    5827,
    5750,
    5101,
    4960,
    4025,
    3915,
    3164,
    6096,
    5503,
    5316
  ],
  "Throughputs": [
    0.16840687100033683,
    0.3357206803939123,
    0.8377314233056883,
    0.8706134476292526
  ],
  "AverageDelays": [
    5938,
    4543.666666666667,
    4637.3,
    4868.307692307692
  ]
}