{
  "transactionTimestamps": [
    1706076696934,
    1706076696934,
    1706076697845,
    1706076697845,
    1706076698499,
    1706076698795,
    1706076699573,
    1706076699651,
    1706076700305,
    1706076700429,
    1706076700970,
    1706076701479
  ],
  "blockTimestamps": [
    1706076700743,
    1706076703757,
    1706076706742
  ],
  "blockTimes": [
    1706076700,
    1706076703,
    1706076706
  ],
  "blockTransactions": [
    2,
    8,
    2
  ],
  "Delays": [
    3809,
    3809,
    5912,
    5912,
    5258,
    4962,
    4184,
    4106,
    3452,
    3328,
    5772,
    5263
  ],
  "Throughputs": [
    0.5250721974271462,
    1.465630954125751,
    1.2234910277324633
  ],
  "AverageDelays": [
    3809,
    4473.2,
    4647.25
  ]
}