{
  "transactionTimestamps": [
    1706076471776,
    1706076471778,
    1706076471778,
    1706076471782,
    1706076472440,
    1706076472625,
    1706076472735,
    1706076472810,
    1706076473183,
    1706076473450,
    1706076473574,
    1706076473726,
    1706076473802,
    1706076474266,
    1706076474437,
    1706076474452,
    1706076474636,
    1706076475322,
    1706076475352,
    1706076475445,
    1706076475493,
    1706076476280,
    1706076476295,
    1706076476311,
    1706076476373,
    1706076477038,
    1706076477224,
    1706076477302,
    1706076478024,
    1706076478061,
    1706076476961,
    1706076478138,
    1706076478767,
    1706076478783,
    1706076478905,
    1706076479088,
    1706076479411,
    1706076479703,
    1706076479733,
    1706076478240,
    1706076479889,
    1706076480431,
    1706076480661,
    1706076480783,
    1706076480830,
    1706076481493
  ],
  "blockTimestamps": [
    1706076475743,
    1706076478759,
    1706076481745,
    1706076484755
  ],
  "blockTimes": [
    1706076475,
    1706076478,
    1706076481,
    1706076484
  ],
  "blockTransactions": [
    5,
    16,
    11,
    14
  ],
  "Delays": [
    3967,
    3965,
    3965,
    3961,
    3303,
    6134,
    6024,
    5949,
    5576,
    5309,
    5185,
    5033,
    4957,
    4493,
    4322,
    4307,
    4123,
    3437,
    3407,
    3314,
    3266,
    5465,
    5450,
    5434,
    5372,
    4707,
    4521,
    4443,
    3721,
    3684,
    4784,
    3607,
    5988,
    5972,
    5850,
    5667,
    5344,
    5052,
    5022,
    6515,
    4866,
    4324,
    4094,
    3972,
    3925,
    3262
  ],
  "Throughputs": [
    1.2603982858583311,
    3.0073034512387227,
    3.209950847627646,
    3.544186763232915
  ],
  "AverageDelays": [
    3832.2,
    4476.047619047619,
    4537.03125,
    4674.739130434783
  ]
}