{
  "transactionTimestamps": [
    1706076711947,
    1706076711948,
    1706076712969,
    1706076713077,
    1706076713855,
    1706076713918,
    1706076714786,
    1706076714910,
    1706076715579,
    1706076715658,
    1706076716323,
    1706076716433
  ],
  "blockTimestamps": [
    1706076715750,
    1706076719346,
    1706076721743
  ],
  "blockTimes": [
    1706076715,
    1706076718,
    1706076721
  ],
  "blockTransactions": [
    2,
    7,
    3
  ],
  "Delays": [
    3803,
    3802,
    6377,
    6269,
    5491,
    5428,
    4560,
    4436,
    3767,
    6085,
    5420,
    5310
  ],
  "Throughputs": [
    0.5259006047856956,
    1.2163805919718882,
    1.2249897917517354
  ],
  "AverageDelays": [
    3802.5,
    4881.444444444444,
    5062.333333333333
  ]
}