{
  "transactionTimestamps": [
    1706076651900,
    1706076651900,
    1706076652710,
    1706076652742,
    1706076653363,
    1706076653532,
    1706076654109,
    1706076654525,
    1706076654801,
    1706076655590,
    1706076655854,
    1706076656507
  ],
  "blockTimestamps": [
    1706076655741,
    1706076658744,
    1706076661740
  ],
  "blockTimes": [
    1706076655,
    1706076658,
    1706076661
  ],
  "blockTransactions": [
    2,
    8,
    2
  ],
  "Delays": [
    3841,
    3841,
    6034,
    6002,
    5381,
    5212,
    4635,
    4219,
    3943,
    3154,
    5886,
    5233
  ],
  "Throughputs": [
    0.5206977349648528,
    1.461133839859731,
    1.2195121951219512
  ],
  "AverageDelays": [
    3841,
    4626.2,
    4781.75
  ]
}