{
  "transactionTimestamps": [
    1706076666915,
    1706076667850,
    1706076668894,
    1706076669579,
    1706076670405,
    1706076671202,
    1706076671837,
    1706076672490,
    1706076673505,
    1706076674241,
    1706076674971,
    1706076675593
  ],
  "blockTimestamps": [
    1706076670744,
    1706076673740,
    1706076676739,
    1706076679740
  ],
  "blockTimes": [
    1706076670,
    1706076673,
    1706076676,
    1706076679
  ],
  "blockTransactions": [
    1,
    4,
    4,
    3
  ],
  "Delays": [
    3829,
    5890,
    4846,
    4161,
    3335,
    5537,
    4902,
    4249,
    3234,
    5499,
    4769,
    4147
  ],
  "Throughputs": [
    0.26116479498563594,
    0.7326007326007326,
    0.9161237785016286,
    0.9356725146198831
  ],
  "AverageDelays": [
    3829,
    4412.2,
    4442.555555555556,
    4533.166666666667
  ]
}