{
  "transactionTimestamps": [
    1706076496766,
    1706076496765,
    1706076497057,
    1706076497183,
    1706076497292,
    1706076497584,
    1706076497723,
    1706076497983,
    1706076498092,
    1706076498233,
    1706076498512,
    1706076498836,
    1706076498928,
    1706076499020,
    1706076499578,
    1706076499717,
    1706076499733,
    1706076499873,
    1706076500247,
    1706076500341,
    1706076500571,
    1706076500602,
    1706076501125,
    1706076501296,
    1706076501434,
    1706076501480,
    1706076501802,
    1706076501923,
    1706076502059,
    1706076502427,
    1706076502520,
    1706076502675,
    1706076503051,
    1706076503176,
    1706076503269,
    1706076503345,
    1706076503889,
    1706076503967,
    1706076504105,
    1706076504227,
    1706076504785,
    1706076504816,
    1706076504953,
    1706076505452,
    1706076505465,
    1706076505886,
    1706076506195,
    1706076506457,
    1706076506627,
    1706076507091,
    1706076507156,
    1706076507435,
    1706076507778,
    1706076508099,
    1706076508214,
    1706076508697,
    1706076508728,
    1706076509286,
    1706076509593,
    1706076509595,
    1706076510242,
    1706076510258,
    1706076510272,
    1706076510989
  ],
  "blockTimestamps": [
    1706076502746,
    1706076505752,
    1706076508756,
    1706076511755,
    1706076514754
  ],
  "blockTimes": [
    1706076502,
    1706076505,
    1706076508,
    1706076511,
    1706076514
  ],
  "blockTransactions": [
    15,
    16,
    14,
    10,
    9
  ],
  "Delays": [
    5980,
    5981,
    5689,
    5563,
    5454,
    5162,
    5023,
    4763,
    4654,
    4513,
    4234,
    3910,
    3818,
    3726,
    3168,
    6035,
    6019,
    5879,
    5505,
    5411,
    5181,
    5150,
    4627,
    4456,
    4318,
    4272,
    3950,
    3829,
    3693,
    3325,
    3232,
    6081,
    5705,
    5580,
    5487,
    5411,
    4867,
    4789,
    4651,
    4529,
    3971,
    3940,
    3803,
    3304,
    3291,
    5869,
    5560,
    5298,
    5128,
    4664,
    4599,
    4320,
    3977,
    3656,
    3541,
    6057,
    6026,
    5468,
    5161,
    5159,
    4512,
    4496,
    4482,
    3765
  ],
  "Throughputs": [
    2.5083612040133776,
    3.4498108168261736,
    3.7531276063386154,
    3.6693575288544933,
    3.55792750722704
  ],
  "AverageDelays": [
    4775.866666666667,
    4726.451612903225,
    4709.533333333334,
    4700.745454545455,
    4744.796875
  ]
}