{
  "transactionTimestamps": [
    1706076681933,
    1706076681934,
    1706076683005,
    1706076683004,
    1706076683800,
    1706076683939,
    1706076684874,
    1706076684921,
    1706076685699,
    1706076685931,
    1706076686739,
    1706076686925
  ],
  "blockTimestamps": [
    1706076685750,
    1706076688740,
    1706076692350
  ],
  "blockTimes": [
    1706076685,
    1706076688,
    1706076691
  ],
  "blockTransactions": [
    2,
    6,
    4
  ],
  "Delays": [
    3817,
    3816,
    5735,
    5736,
    4940,
    4801,
    3866,
    3819,
    6651,
    6419,
    5611,
    5425
  ],
  "Throughputs": [
    0.5239717055279015,
    1.1752607609813426,
    1.1519631371796102
  ],
  "AverageDelays": [
    3816.5,
    4566.25,
    5053
  ]
}