{
  "transactionTimestamps": [
    1706076606861,
    1706076608435,
    1706076609372,
    1706076610640,
    1706076611274,
    1706076612403,
    1706076613186
  ],
  "blockTimestamps": [
    1706076613751,
    1706076616742,
    1706076619742
  ],
  "blockTimes": [
    1706076613,
    1706076616,
    1706076619
  ],
  "blockTransactions": [
    3,
    2,
    2
  ],
  "Delays": [
    6890,
    5316,
    4379,
    6102,
    5468,
    7339,
    6556
  ],
  "Throughputs": [
    0.4354136429608128,
    0.5060216577269507,
    0.543436068628212
  ],
  "AverageDelays": [
    5528.333333333333,
    5631,
    6007.142857142857
  ]
}