{
  "transactionTimestamps": [
    1706076511773,
    1706076512786,
    1706076513810,
    1706076514730,
    1706076515378,
    1706076516080,
    1706076516795,
    1706076517482,
    1706076516811,
    1706076518276,
    1706076519271,
    1706076520082,
    1706076518357,
    1706076520733,
    1706076518930,
    1706076520848,
    1706076521780,
    1706076523859,
    1706076524739
  ],
  "blockTimestamps": [
    1706076517742,
    1706076520740,
    1706076523744,
    1706076526740,
    1706076529745
  ],
  "blockTimes": [
    1706076517,
    1706076520,
    1706076523,
    1706076526,
    1706076529
  ],
  "blockTransactions": [
    3,
    5,
    5,
    3,
    3
  ],
  "Delays": [
    5969,
    4956,
    3932,
    6010,
    5362,
    4660,
    3945,
    3258,
    6933,
    5468,
    4473,
    3662,
    5387,
    6007,
    7810,
    5892,
    7965,
    5886,
    5006
  ],
  "Throughputs": [
    0.5025967498743508,
    0.8921601427456228,
    1.0859577311836939,
    1.069018507382909,
    1.0572000890273758
  ],
  "AverageDelays": [
    4952.333333333333,
    4761.5,
    4924.2307692307695,
    5232.75,
    5399
  ]
}