{
  "transactionTimestamps": [
    1706076591855,
    1706076591855,
    1706076592659,
    1706076592969,
    1706076593596,
    1706076593987,
    1706076594639,
    1706076594964,
    1706076595728,
    1706076595837,
    1706076596722,
    1706076596737
  ],
  "blockTimestamps": [
    1706076595737,
    1706076598744,
    1706076601742
  ],
  "blockTimes": [
    1706076595,
    1706076598,
    1706076601
  ],
  "blockTransactions": [
    2,
    6,
    4
  ],
  "Delays": [
    3882,
    3882,
    6085,
    5775,
    5148,
    4757,
    4105,
    3780,
    6014,
    5905,
    5020,
    5005
  ],
  "Throughputs": [
    0.5151983513652756,
    1.161271592393671,
    1.2137149792657025
  ],
  "AverageDelays": [
    3882,
    4676.75,
    4946.5
  ]
}