{
  "transactionTimestamps": [
    1706076615019,
    1706076615993,
    1706076617586,
    1706076618333,
    1706076621875,
    1706076621878,
    1706076620352,
    1706076622620,
    1706076622915,
    1706076623364,
    1706076623642,
    1706076624402,
    1706076624633,
    1706076625493,
    1706076625555,
    1706076626177,
    1706076626600,
    1706076627661,
    1706076628767,
    1706076629422,
    1706076630223,
    1706076631120
  ],
  "blockTimestamps": [
    1706076622743,
    1706076625741,
    1706076628740,
    1706076631751,
    1706076634744
  ],
  "blockTimes": [
    1706076622,
    1706076625,
    1706076628,
    1706076631,
    1706076634
  ],
  "blockTransactions": [
    3,
    4,
    8,
    3,
    4
  ],
  "Delays": [
    7724,
    6750,
    5157,
    7408,
    3866,
    3863,
    5389,
    6120,
    5825,
    5376,
    5098,
    4338,
    4107,
    3247,
    3185,
    5574,
    5151,
    4090,
    5977,
    5322,
    4521,
    3624
  ],
  "Throughputs": [
    0.3883997928534438,
    0.6528632717776535,
    1.0932147802638292,
    1.0757829309108295,
    1.1153358681875791
  ],
  "AverageDelays": [
    6543.666666666667,
    5736.714285714285,
    5163.533333333334,
    5126,
    5077.818181818182
  ]
}