{
  "transactionTimestamps": [
    1706076456774,
    1706076456780,
    1706076457549,
    1706076457893,
    1706076458376,
    1706076458581,
    1706076459143,
    1706076459205,
    1706076459844,
    1706076460077,
    1706076460799,
    1706076460907
  ],
  "blockTimestamps": [
    1706076460741,
    1706076463743,
    1706076466746
  ],
  "blockTimes": [
    1706076460,
    1706076463,
    1706076466
  ],
  "blockTransactions": [
    3,
    7,
    2
  ],
  "Delays": [
    3967,
    3961,
    3192,
    5850,
    5367,
    5162,
    4600,
    4538,
    3899,
    3666,
    5947,
    5839
  ],
  "Throughputs": [
    0.7562389715149987,
    1.4349261013057828,
    1.203369434416366
  ],
  "AverageDelays": [
    3706.6666666666665,
    4420.2,
    4665.666666666667
  ]
}