{
  "transactionTimestamps": [
    1706076570373,
    1706076572061,
    1706076572662,
    1706076574701,
    1706076576849,
    1706076576849,
    1706076576850,
    1706076577559,
    1706076577622,
    1706076577808,
    1706076578489,
    1706076578629,
    1706076578737,
    1706076579330,
    1706076579561,
    1706076579592,
    1706076580075,
    1706076580181,
    1706076580602,
    1706076581125,
    1706076581235,
    1706076581249
  ],
  "blockTimestamps": [
    1706076577738,
    1706076580746,
    1706076583755,
    1706076586740
  ],
  "blockTimes": [
    1706076577,
    1706076580,
    1706076583,
    1706076586
  ],
  "blockTransactions": [
    2,
    6,
    10,
    4
  ],
  "Delays": [
    7365,
    5677,
    8084,
    6045,
    3897,
    3897,
    3896,
    3187,
    6133,
    5947,
    5266,
    5126,
    5018,
    4425,
    4194,
    4163,
    3680,
    3574,
    6138,
    5615,
    5505,
    5491
  ],
  "Throughputs": [
    0.27155465037338766,
    0.7712330087727756,
    1.34509041996712,
    1.3441681432150057
  ],
  "AverageDelays": [
    6521,
    5256,
    4976.333333333333,
    5105.590909090909
  ]
}