{
  "transactionTimestamps": [
    1706098619155,
    1706098621872,
    1706098621888,
    1706098623039,
    1706098623117,
    1706098623570,
    1706098622464,
    1706098624023,
    1706098624023,
    1706098624024,
    1706098624398,
    1706098624398,
    1706098624741,
    1706098625195,
    1706098625381,
    1706098625444,
    1706098625803,
    1706098624023,
    1706098626025,
    1706098626754,
    1706098626912,
    1706098627269,
    1706098627488,
    1706098625663,
    1706098626693,
    1706098628268,
    1706098628530,
    1706098628637,
    1706098627170,
    1706098629060,
    1706098629587,
    1706098629711,
    1706098630191,
    1706098630252,
    1706098628877,
    1706098628453,
    1706098630813,
    1706098630877,
    1706098629803,
    1706098629652,
    1706098631264,
    1706098631466,
    1706098631982,
    1706098632403,
    1706098632467,
    1706098632872,
    1706098632093,
    1706098633364,
    1706098633433,
    1706098631797,
    1706098631903,
    1706098633572,
    1706098632918,
    1706098634336,
    1706098634866,
    1706098634912
  ],
  "blockTimestamps": [
    1706098626783,
    1706098629762,
    1706098632775,
    1706098635781,
    1706098638772
  ],
  "blockTimes": [
    1706098626,
    1706098629,
    1706098632,
    1706098635,
    1706098638
  ],
  "blockTransactions": [
    6,
    13,
    11,
    15,
    11
  ],
  "Delays": [
    7628,
    4911,
    4895,
    3744,
    3666,
    3213,
    7298,
    5739,
    5739,
    5738,
    5364,
    5364,
    5021,
    4567,
    4381,
    4318,
    3959,
    5739,
    3737,
    6021,
    5863,
    5506,
    5287,
    7112,
    6082,
    4507,
    4245,
    4138,
    5605,
    3715,
    6194,
    6070,
    5590,
    5529,
    6904,
    7328,
    4968,
    4904,
    5978,
    6129,
    4517,
    4315,
    3799,
    3378,
    3314,
    5900,
    6679,
    5408,
    5339,
    6975,
    6869,
    5200,
    5854,
    4436,
    3906,
    3860
  ],
  "Throughputs": [
    0.7865757734661772,
    1.7912699160931462,
    2.2026431718061676,
    2.706604114038253,
    2.854666870571443
  ],
  "AverageDelays": [
    4676.166666666667,
    5001.105263157895,
    5103.4,
    5155.977777777778,
    5222.232142857143
  ]
}