{
  "transactionTimestamps": [
    1706098879162,
    1706098879162,
    1706098880424,
    1706098880533,
    1706098882030,
    1706098881704,
    1706098883435,
    1706098884939,
    1706098886032,
    1706098884693,
    1706098886529,
    1706098887308,
    1706098888550
  ],
  "blockTimestamps": [
    1706098884771,
    1706098887763,
    1706098890773,
    1706098893750
  ],
  "blockTimes": [
    1706098884,
    1706098887,
    1706098890,
    1706098893
  ],
  "blockTransactions": [
    4,
    3,
    5,
    1
  ],
  "Delays": [
    5609,
    5609,
    4347,
    4238,
    5733,
    6059,
    4328,
    5834,
    4741,
    6080,
    4244,
    3465,
    5200
  ],
  "Throughputs": [
    0.7131395970761276,
    0.8138588536216718,
    1.0335027129446215,
    0.8911434055387991
  ],
  "AverageDelays": [
    4950.75,
    5131.857142857143,
    5023.916666666667,
    5037.461538461538
  ]
}