{
  "transactionTimestamps": [
    1706098651000,
    1706098651499,
    1706098650533,
    1706098652572,
    1706098652727,
    1706098651654,
    1706098653914,
    1706098654051,
    1706098654052,
    1706098654052,
    1706098652854,
    1706098655459,
    1706098655552,
    1706098655583,
    1706098655724,
    1706098654494,
    1706098656861,
    1706098657030,
    1706098657173,
    1706098658310,
    1706098658373,
    1706098656938,
    1706098658640,
    1706098659684,
    1706098659916,
    1706098661289,
    1706098660041,
    1706098661305,
    1706098661353,
    1706098660140,
    1706098662534,
    1706098662692,
    1706098664186
  ],
  "blockTimestamps": [
    1706098656763,
    1706098659776,
    1706098662761,
    1706098665761,
    1706098668769
  ],
  "blockTimes": [
    1706098656,
    1706098659,
    1706098662,
    1706098665,
    1706098668
  ],
  "blockTransactions": [
    6,
    10,
    7,
    7,
    3
  ],
  "Delays": [
    5763,
    5264,
    6230,
    4191,
    4036,
    5109,
    5862,
    5725,
    5724,
    5724,
    6922,
    4317,
    4224,
    4193,
    4052,
    5282,
    5900,
    5731,
    5588,
    4451,
    4388,
    5823,
    4121,
    6077,
    5845,
    4472,
    5720,
    4456,
    4408,
    5621,
    6235,
    6077,
    4583
  ],
  "Throughputs": [
    1.041124414367517,
    1.8231540565177757,
    1.9556160190459997,
    2.032382629903123,
    1.8571669761944962
  ],
  "AverageDelays": [
    5098.833333333333,
    5163.625,
    5157.391304347826,
    5173.966666666666,
    5215.575757575758
  ]
}