{
  "transactionTimestamps": [
    1706098759098,
    1706098759097,
    1706098760776,
    1706098761962,
    1706098760712,
    1706098763316,
    1706098764906,
    1706098764191,
    1706098766355,
    1706098765235,
    1706098768458,
    1706098769826
  ],
  "blockTimestamps": [
    1706098764771,
    1706098767767,
    1706098770763,
    1706098773761
  ],
  "blockTimes": [
    1706098764,
    1706098767,
    1706098770,
    1706098773
  ],
  "blockTransactions": [
    3,
    3,
    4,
    2
  ],
  "Delays": [
    5673,
    5674,
    3995,
    5805,
    7055,
    4451,
    5857,
    6572,
    4408,
    5528,
    5303,
    3935
  ],
  "Throughputs": [
    0.5288207297726071,
    0.6921213519437074,
    0.8572653236176597,
    0.8183864147855145
  ],
  "AverageDelays": [
    5114,
    5442.166666666667,
    5501.8,
    5354.666666666667
  ]
}