{
  "transactionTimestamps": [
    1706098844181,
    1706098848155,
    1706098846988,
    1706098849152,
    1706098849651,
    1706098850665,
    1706098849152,
    1706098850837,
    1706098852070,
    1706098852381,
    1706098853614,
    1706098853614,
    1706098853660,
    1706098852321,
    1706098854889,
    1706098854920,
    1706098855107,
    1706098856246,
    1706098856383,
    1706098856508,
    1706098857631,
    1706098857834,
    1706098859002,
    1706098859311,
    1706098860573
  ],
  "blockTimestamps": [
    1706098851763,
    1706098854762,
    1706098857764,
    1706098860767,
    1706098863762
  ],
  "blockTimes": [
    1706098851,
    1706098854,
    1706098857,
    1706098860,
    1706098863
  ],
  "blockTransactions": [
    2,
    6,
    6,
    6,
    5
  ],
  "Delays": [
    7582,
    3608,
    7774,
    5610,
    5111,
    4097,
    5610,
    3925,
    5694,
    5383,
    4150,
    4150,
    4104,
    5443,
    5878,
    5847,
    5660,
    4521,
    4384,
    4259,
    6131,
    5928,
    4760,
    4451,
    3189
  ],
  "Throughputs": [
    0.2637826431020839,
    0.7560722048955676,
    1.0307001398807332,
    1.205836247437598,
    1.2767478678310606
  ],
  "AverageDelays": [
    5595,
    5414.625,
    5160.071428571428,
    5139.5,
    5089.96
  ]
}