{
  "transactionTimestamps": [
    1706098606358,
    1706098607790,
    1706098607885,
    1706098606742,
    1706098609010,
    1706098609011,
    1706098609011,
    1706098609016,
    1706098609274,
    1706098609304,
    1706098610222,
    1706098610440,
    1706098610535,
    1706098610886,
    1706098610193,
    1706098612010,
    1706098612301,
    1706098611820,
    1706098611837,
    1706098613267,
    1706098613875,
    1706098613954,
    1706098612698,
    1706098614903,
    1706098615153,
    1706098615451,
    1706098614070,
    1706098615872,
    1706098614594,
    1706098616463,
    1706098616819,
    1706098617071,
    1706098617461,
    1706098617774,
    1706098617957,
    1706098618440,
    1706098618769,
    1706098619343,
    1706098620376,
    1706098620534
  ],
  "blockTimestamps": [
    1706098611758,
    1706098614771,
    1706098617804,
    1706098620766,
    1706098623771
  ],
  "blockTimes": [
    1706098611,
    1706098614,
    1706098617,
    1706098620,
    1706098623
  ],
  "blockTransactions": [
    4,
    11,
    8,
    10,
    7
  ],
  "Delays": [
    5400,
    3968,
    3873,
    5016,
    5761,
    5760,
    5760,
    5755,
    5497,
    5467,
    4549,
    4331,
    4236,
    3885,
    4578,
    5794,
    5503,
    5984,
    5967,
    4537,
    3929,
    3850,
    5106,
    5863,
    5613,
    5315,
    6696,
    4894,
    6172,
    4303,
    3947,
    3695,
    3305,
    5997,
    5814,
    5331,
    5002,
    4428,
    3395,
    3237
  ],
  "Throughputs": [
    0.7407407407407407,
    1.7829549506715796,
    2.0094356106936924,
    2.2903942254303167,
    2.29713432492965
  ],
  "AverageDelays": [
    4564.25,
    4922.4,
    4978.521739130435,
    4979.060606060606,
    4937.825
  ]
}