{
  "transactionTimestamps": [
    1706098924186,
    1706098925554,
    1706098926894,
    1706098928047,
    1706098929372,
    1706098930931,
    1706098932333,
    1706098933486,
    1706098934919
  ],
  "blockTimestamps": [
    1706098929767,
    1706098932757,
    1706098935761,
    1706098938757
  ],
  "blockTimes": [
    1706098929,
    1706098932,
    1706098935,
    1706098938
  ],
  "blockTransactions": [
    2,
    3,
    2,
    2
  ],
  "Delays": [
    5581,
    4213,
    5863,
    4710,
    3385,
    4830,
    3428,
    5271,
    3838
  ],
  "Throughputs": [
    0.35835871707579287,
    0.5833625014584063,
    0.6047516198704104,
    0.6176652254478073
  ],
  "AverageDelays": [
    4897,
    4750.4,
    4572.857142857143,
    4568.777777777777
  ]
}