{
  "transactionTimestamps": [
    1706098594747,
    1706098594752,
    1706098594810,
    1706098596007,
    1706098596397,
    1706098596521,
    1706098597504,
    1706098597709,
    1706098597834,
    1706098598708,
    1706098599129,
    1706098599130,
    1706098600251,
    1706098600299,
    1706098600501,
    1706098601469,
    1706098601533,
    1706098601815,
    1706098602846,
    1706098603980,
    1706098605159,
    1706098603312
  ],
  "blockTimestamps": [
    1706098599759,
    1706098602762,
    1706098605761,
    1706098608764
  ],
  "blockTimes": [
    1706098599,
    1706098602,
    1706098605,
    1706098608
  ],
  "blockTransactions": [
    6,
    6,
    6,
    4
  ],
  "Delays": [
    5012,
    5007,
    4949,
    3752,
    3362,
    3238,
    5258,
    5053,
    4928,
    4054,
    3633,
    3632,
    5510,
    5462,
    5260,
    4292,
    4228,
    3946,
    5918,
    4784,
    3605,
    5452
  ],
  "Throughputs": [
    1.197126895450918,
    1.4971927635683093,
    1.634283639004903,
    1.569522722408504
  ],
  "AverageDelays": [
    4220,
    4323.166666666667,
    4476.444444444444,
    4560.681818181818
  ]
}