{
  "transactionTimestamps": [
    1706098699070,
    1706098699070,
    1706098699071,
    1706098700427,
    1706098700583,
    1706098700661,
    1706098701971,
    1706098702050,
    1706098702114,
    1706098703305,
    1706098703629,
    1706098703676,
    1706098704487,
    1706098705013,
    1706098705263,
    1706098705808,
    1706098706598,
    1706098706598,
    1706098708125,
    1706098707300,
    1706098709607
  ],
  "blockTimestamps": [
    1706098704789,
    1706098707760,
    1706098710779,
    1706098713755
  ],
  "blockTimes": [
    1706098704,
    1706098707,
    1706098710,
    1706098713
  ],
  "blockTransactions": [
    6,
    7,
    5,
    3
  ],
  "Delays": [
    5719,
    5719,
    5718,
    4362,
    4206,
    4128,
    5789,
    5710,
    5646,
    4455,
    4131,
    4084,
    3273,
    5766,
    5516,
    4971,
    4181,
    4181,
    5630,
    6455,
    4148
  ],
  "Throughputs": [
    1.0491344640671445,
    1.4959723820483315,
    1.5372790161414298,
    1.4300306435137895
  ],
  "AverageDelays": [
    4975.333333333333,
    4841.538461538462,
    4864.166666666667,
    4942.285714285715
  ]
}