{
  "transactionTimestamps": [
    1706098665712,
    1706098665247,
    1706098667258,
    1706098666289,
    1706098668460,
    1706098669065,
    1706098669065,
    1706098670436,
    1706098670654,
    1706098669036,
    1706098671770,
    1706098672065,
    1706098673358,
    1706098673421,
    1706098674944,
    1706098676307,
    1706098674795,
    1706098679582,
    1706098678104
  ],
  "blockTimestamps": [
    1706098671779,
    1706098674763,
    1706098677760,
    1706098680756,
    1706098683755
  ],
  "blockTimes": [
    1706098671,
    1706098674,
    1706098677,
    1706098680,
    1706098683
  ],
  "blockTransactions": [
    5,
    5,
    4,
    3,
    2
  ],
  "Delays": [
    6067,
    6532,
    4521,
    5490,
    3319,
    5698,
    5698,
    4327,
    4109,
    5727,
    5990,
    5695,
    4402,
    4339,
    5812,
    4449,
    5961,
    4173,
    5651
  ],
  "Throughputs": [
    0.8241305422778968,
    1.1048502927853276,
    1.1620185922974768,
    1.1300186120712576,
    1.053039960095328
  ],
  "AverageDelays": [
    5185.8,
    5148.8,
    5136.714285714285,
    5184.470588235294,
    5155.789473684211
  ]
}