{
  "transactionTimestamps": [
    1706098963899,
    1706098967290,
    1706098965871,
    1706098967292,
    1706098969209,
    1706098969210,
    1706098968834,
    1706098969208,
    1706098970631,
    1706098971832,
    1706098970692,
    1706098971927,
    1706098973312,
    1706098971895,
    1706098974628,
    1706098974830,
    1706098973189,
    1706098973529,
    1706098976164,
    1706098976024,
    1706098976527,
    1706098977430,
    1706098977976,
    1706098978633
  ],
  "blockTimestamps": [
    1706098971768,
    1706098974758,
    1706098977764,
    1706098980764,
    1706098983766
  ],
  "blockTimes": [
    1706098971,
    1706098974,
    1706098977,
    1706098980,
    1706098983
  ],
  "blockTransactions": [
    3,
    6,
    5,
    6,
    4
  ],
  "Delays": [
    7869,
    4478,
    5897,
    7466,
    5549,
    5548,
    5924,
    5550,
    4127,
    5932,
    7072,
    5837,
    4452,
    5869,
    6136,
    5934,
    7575,
    7235,
    4600,
    4740,
    7239,
    6336,
    5790,
    5133
  ],
  "Throughputs": [
    0.3812428516965307,
    0.8288055990422691,
    1.009736747205193,
    1.1858879335902759,
    1.2080334222580158
  ],
  "AverageDelays": [
    6081.333333333333,
    5823.111111111111,
    5826.428571428572,
    5889.5,
    5928.666666666667
  ]
}