{
  "transactionTimestamps": [
    1706098979708,
    1706098981937,
    1706098980786,
    1706098983354,
    1706098983493,
    1706098981379,
    1706098982404,
    1706098984211,
    1706098984211,
    1706098982400,
    1706098984926,
    1706098985764,
    1706098985827,
    1706098986323,
    1706098985889,
    1706098987073,
    1706098987262,
    1706098987948,
    1706098986980,
    1706098988458,
    1706098988448,
    1706098989929,
    1706098989977,
    1706098991376,
    1706098989482,
    1706098991570,
    1706098990814,
    1706098993174
  ],
  "blockTimestamps": [
    1706098986758,
    1706098989762,
    1706098992769,
    1706098995770,
    1706098998769
  ],
  "blockTimes": [
    1706098986,
    1706098989,
    1706098992,
    1706098995,
    1706098998
  ],
  "blockTransactions": [
    5,
    9,
    7,
    6,
    1
  ],
  "Delays": [
    7050,
    4821,
    5972,
    3404,
    3265,
    8383,
    7358,
    5551,
    5551,
    7362,
    4836,
    3998,
    3935,
    3439,
    6880,
    5696,
    5507,
    4821,
    5789,
    4311,
    4321,
    5841,
    5793,
    4394,
    6288,
    4200,
    4956,
    5595
  ],
  "Throughputs": [
    0.7092198581560284,
    1.392480604734434,
    1.6078401347523161,
    1.6809861785580873,
    1.4689680499449138
  ],
  "AverageDelays": [
    4902.4,
    5351.785714285715,
    5345.238095238095,
    5323.037037037037,
    5332.75
  ]
}