{
  "transactionTimestamps": [
    1706098785814,
    1706098787276,
    1706098789109,
    1706098789109,
    1706098789110,
    1706098790480,
    1706098790636,
    1706098790729,
    1706098789812,
    1706098791882,
    1706098792084,
    1706098792114,
    1706098791211,
    1706098793441,
    1706098793517,
    1706098793657,
    1706098795014,
    1706098795452,
    1706098793955,
    1706098796391,
    1706098794997,
    1706098795186,
    1706098799782,
    1706098798311,
    1706098799983,
    1706098798702
  ],
  "blockTimestamps": [
    1706098791769,
    1706098794766,
    1706098797779,
    1706098800769,
    1706098803778
  ],
  "blockTimes": [
    1706098791,
    1706098794,
    1706098797,
    1706098800,
    1706098803
  ],
  "blockTransactions": [
    1,
    8,
    7,
    6,
    4
  ],
  "Delays": [
    5955,
    7490,
    5657,
    5657,
    5656,
    4286,
    4130,
    4037,
    4954,
    5897,
    5695,
    5665,
    6568,
    4338,
    4262,
    4122,
    5755,
    5317,
    6814,
    4378,
    5772,
    5583,
    3996,
    5467,
    3795,
    5076
  ],
  "Throughputs": [
    0.16792611251049538,
    1.0053619302949062,
    1.3372335979941496,
    1.4710799063858242,
    1.4473391226898242
  ],
  "AverageDelays": [
    5955,
    5313.555555555556,
    5273.0625,
    5363.090909090909,
    5243.153846153846
  ]
}