{
  "transactionTimestamps": [
    1706098680938,
    1706098682323,
    1706098683771,
    1706098684069,
    1706098684068,
    1706098685129,
    1706098685316,
    1706098685550,
    1706098686577,
    1706098686687,
    1706098687157,
    1706098687906,
    1706098687974,
    1706098688341,
    1706098689278,
    1706098689586,
    1706098690582,
    1706098690784
  ],
  "blockTimestamps": [
    1706098686756,
    1706098689775,
    1706098692757,
    1706098695786
  ],
  "blockTimes": [
    1706098686,
    1706098689,
    1706098692,
    1706098695
  ],
  "blockTransactions": [
    2,
    6,
    7,
    3
  ],
  "Delays": [
    5818,
    4433,
    6004,
    5706,
    5707,
    4646,
    4459,
    4225,
    6180,
    6070,
    5600,
    4851,
    4783,
    4416,
    3479,
    6200,
    5204,
    5002
  ],
  "Throughputs": [
    0.3437607425232039,
    0.9052845988457622,
    1.2691429054911583,
    1.2122844827586206
  ],
  "AverageDelays": [
    5125.5,
    5124.75,
    5091.8,
    5154.611111111111
  ]
}