{
  "transactionTimestamps": [
    1706098936418,
    1706098937746,
    1706098939193,
    1706098939193,
    1706098939194,
    1706098939427,
    1706098940642,
    1706098940718,
    1706098942016,
    1706098942153,
    1706098940859,
    1706098943218,
    1706098943344,
    1706098944526,
    1706098944588,
    1706098944620,
    1706098943441,
    1706098945817,
    1706098946143,
    1706098947112,
    1706098946190,
    1706098948515,
    1706098950072,
    1706098950476
  ],
  "blockTimestamps": [
    1706098941785,
    1706098944765,
    1706098947764,
    1706098951375,
    1706098953766
  ],
  "blockTimes": [
    1706098941,
    1706098944,
    1706098947,
    1706098950,
    1706098953
  ],
  "blockTransactions": [
    2,
    6,
    6,
    6,
    4
  ],
  "Delays": [
    5367,
    4039,
    5572,
    5572,
    5571,
    5338,
    4123,
    4047,
    5748,
    5611,
    6905,
    4546,
    4420,
    3238,
    6787,
    6755,
    7934,
    5558,
    5232,
    4263,
    7576,
    5251,
    3694,
    3290
  ],
  "Throughputs": [
    0.3726476616359232,
    0.958428177788427,
    1.233915036136083,
    1.3371665440930667,
    1.383444777495965
  ],
  "AverageDelays": [
    4703,
    4953.625,
    5006.928571428572,
    5331.3,
    5268.208333333333
  ]
}