{
  "transactionTimestamps": [
    1706098829557,
    1706098830010,
    1706098831245,
    1706098832650,
    1706098834144,
    1706098834143,
    1706098834142,
    1706098833850,
    1706098835515,
    1706098835704,
    1706098835828,
    1706098835080,
    1706098836874,
    1706098837121,
    1706098837245,
    1706098838334,
    1706098838583,
    1706098838630,
    1706098839424,
    1706098838383,
    1706098839784,
    1706098839831,
    1706098840143,
    1706098841205,
    1706098841407,
    1706098841531,
    1706098842732
  ],
  "blockTimestamps": [
    1706098836764,
    1706098839779,
    1706098842758,
    1706098845764,
    1706098848757
  ],
  "blockTimes": [
    1706098836,
    1706098839,
    1706098842,
    1706098845,
    1706098848
  ],
  "blockTransactions": [
    3,
    8,
    9,
    6,
    1
  ],
  "Delays": [
    7207,
    6754,
    5519,
    7129,
    5635,
    5636,
    5637,
    5929,
    4264,
    4075,
    3951,
    7678,
    5884,
    5637,
    5513,
    4424,
    4175,
    4128,
    3334,
    4375,
    5980,
    5933,
    5621,
    4559,
    4357,
    4233,
    6025
  ],
  "Throughputs": [
    0.4162619675315665,
    1.076110350225005,
    1.5150367396409363,
    1.604245079286728,
    1.40625
  ],
  "AverageDelays": [
    6493.333333333333,
    5612.363636363636,
    5344.2,
    5291.038461538462,
    5318.222222222223
  ]
}