{
  "transactionTimestamps": [
    1706098894164,
    1706098894164,
    1706098895461,
    1706098896913,
    1706098895727,
    1706098898423,
    1706098899810,
    1706098899963,
    1706098898785,
    1706098901021,
    1706098901571,
    1706098903096,
    1706098904719
  ],
  "blockTimestamps": [
    1706098899764,
    1706098902762,
    1706098905771,
    1706098908762
  ],
  "blockTimes": [
    1706098899,
    1706098902,
    1706098905,
    1706098908
  ],
  "blockTransactions": [
    3,
    3,
    5,
    2
  ],
  "Delays": [
    5600,
    5600,
    4303,
    5849,
    7035,
    4339,
    5961,
    5808,
    6986,
    4750,
    4200,
    5666,
    4043
  ],
  "Throughputs": [
    0.5357142857142857,
    0.6978367062107467,
    0.9477039717411907,
    0.8905329497191395
  ],
  "AverageDelays": [
    5167.666666666667,
    5454.333333333333,
    5493.727272727273,
    5395.384615384615
  ]
}