{
  "transactionTimestamps": [
    1706098771004,
    1706098772173,
    1706098774103,
    1706098774102,
    1706098775654,
    1706098775717,
    1706098777055,
    1706098777011,
    1706098778571,
    1706098778430,
    1706098782523,
    1706098781434,
    1706098781527,
    1706098784111,
    1706098782818
  ],
  "blockTimestamps": [
    1706098776765,
    1706098779771,
    1706098782765,
    1706098785765,
    1706098788762
  ],
  "blockTimes": [
    1706098776,
    1706098779,
    1706098782,
    1706098785,
    1706098788
  ],
  "blockTransactions": [
    1,
    4,
    3,
    3,
    4
  ],
  "Delays": [
    5761,
    7598,
    5668,
    5669,
    4117,
    7048,
    5710,
    5754,
    7194,
    7335,
    3242,
    7328,
    7235,
    4651,
    5944
  ],
  "Throughputs": [
    0.17358097552508245,
    0.5703205201323144,
    0.6802142674942607,
    0.7452069642978119,
    0.844689717310508
  ],
  "AverageDelays": [
    5761,
    5762.6,
    5915.625,
    5917.818181818182,
    6016.933333333333
  ]
}