{
  "transactionTimestamps": [
    1706098633963,
    1706098635922,
    1706098636143,
    1706098636154,
    1706098636669,
    1706098635440,
    1706098635238,
    1706098636889,
    1706098637169,
    1706098637559,
    1706098638177,
    1706098637279,
    1706098638430,
    1706098638478,
    1706098638976,
    1706098639037,
    1706098639038,
    1706098637621,
    1706098639597,
    1706098638866,
    1706098639628,
    1706098640328,
    1706098640392,
    1706098640531,
    1706098640938,
    1706098640938,
    1706098639923,
    1706098641887,
    1706098641980,
    1706098642208,
    1706098640925,
    1706098642476,
    1706098642492,
    1706098643071,
    1706098641808,
    1706098643102,
    1706098641656,
    1706098643412,
    1706098643802,
    1706098643927,
    1706098643912,
    1706098642604,
    1706098644632,
    1706098644641,
    1706098643756,
    1706098644925,
    1706098645267,
    1706098645314,
    1706098645421,
    1706098645484,
    1706098644370,
    1706098645935,
    1706098645935,
    1706098646340,
    1706098646670,
    1706098646871,
    1706098647104,
    1706098646185,
    1706098647292,
    1706098647385,
    1706098647726,
    1706098646655,
    1706098648022,
    1706098648148,
    1706098648412,
    1706098648708,
    1706098648988,
    1706098649613,
    1706098650002,
    1706098650032,
    1706098650237,
    1706098648942
  ],
  "blockTimestamps": [
    1706098641776,
    1706098644785,
    1706098647766,
    1706098650786,
    1706098653773
  ],
  "blockTimes": [
    1706098641,
    1706098644,
    1706098647,
    1706098650,
    1706098653
  ],
  "blockTransactions": [
    14,
    13,
    15,
    18,
    12
  ],
  "Delays": [
    7813,
    5854,
    5633,
    5622,
    5107,
    6336,
    6538,
    4887,
    4607,
    4217,
    3599,
    4497,
    3346,
    3298,
    5809,
    5748,
    5747,
    7164,
    5188,
    5919,
    5157,
    4457,
    4393,
    4254,
    3847,
    3847,
    4862,
    5879,
    5786,
    5558,
    6841,
    5290,
    5274,
    4695,
    5958,
    4664,
    6110,
    4354,
    3964,
    3839,
    3854,
    5162,
    6154,
    6145,
    7030,
    5861,
    5519,
    5472,
    5365,
    5302,
    6416,
    4851,
    4851,
    4446,
    4116,
    3915,
    3682,
    4601,
    3494,
    3401,
    6047,
    7118,
    5751,
    5625,
    5361,
    5065,
    4785,
    4160,
    3771,
    3741,
    3536,
    4831
  ],
  "Throughputs": [
    1.7918853193395623,
    2.4949177601182777,
    3.0428167789610954,
    3.56654580039232,
    3.634528016153458
  ],
  "AverageDelays": [
    5096.714285714285,
    5101.7037037037035,
    5118.428571428572,
    5093.25,
    5074.805555555556
  ]
}