{
  "transactionTimestamps": [
    1706098801447,
    1706098804118,
    1706098804116,
    1706098805132,
    1706098803959,
    1706098805460,
    1706098806815,
    1706098805441,
    1706098806277,
    1706098808169,
    1706098810176,
    1706098810284,
    1706098808733,
    1706098808934,
    1706098811590,
    1706098811746,
    1706098811468,
    1706098812813,
    1706098813000,
    1706098812484,
    1706098814511
  ],
  "blockTimestamps": [
    1706098806772,
    1706098809761,
    1706098812758,
    1706098815777,
    1706098818763
  ],
  "blockTimes": [
    1706098806,
    1706098809,
    1706098812,
    1706098815,
    1706098818
  ],
  "blockTransactions": [
    1,
    5,
    3,
    7,
    5
  ],
  "Delays": [
    5325,
    5643,
    5645,
    4629,
    5802,
    4301,
    5943,
    7317,
    6481,
    7608,
    5601,
    5493,
    7044,
    6843,
    4187,
    4031,
    7295,
    5950,
    5763,
    6279,
    4252
  ],
  "Throughputs": [
    0.18779342723004694,
    0.7216742843396681,
    0.795685615772257,
    1.1165387299371947,
    1.2127512127512128
  ],
  "AverageDelays": [
    5325,
    5224.166666666667,
    5676.222222222223,
    5743.3125,
    5782.476190476191
  ]
}