{
  "transactionTimestamps": [
    1706098816431,
    1706098815275,
    1706098819129,
    1706098819128,
    1706098820682,
    1706098820729,
    1706098819129,
    1706098819129,
    1706098822100,
    1706098822100,
    1706098824001,
    1706098822509,
    1706098822647,
    1706098823331,
    1706098823612,
    1706098825274,
    1706098826567,
    1706098825508,
    1706098826959,
    1706098826897,
    1706098825824,
    1706098828001,
    1706098828126,
    1706098826633,
    1706098828311,
    1706098827644,
    1706098829326
  ],
  "blockTimestamps": [
    1706098821770,
    1706098824760,
    1706098827761,
    1706098830772,
    1706098833762
  ],
  "blockTimes": [
    1706098821,
    1706098824,
    1706098827,
    1706098830,
    1706098833
  ],
  "blockTransactions": [
    2,
    6,
    5,
    8,
    6
  ],
  "Delays": [
    5339,
    6495,
    5631,
    5632,
    4078,
    4031,
    5631,
    5631,
    5661,
    5661,
    3760,
    5252,
    5114,
    7441,
    7160,
    5498,
    4205,
    5264,
    3813,
    3875,
    4948,
    5761,
    5636,
    7129,
    5451,
    6118,
    4436
  ],
  "Throughputs": [
    0.37460198539052253,
    0.9604994597190538,
    1.147396293027361,
    1.4643330311693745,
    1.557902025272633
  ],
  "AverageDelays": [
    5917,
    5308.5,
    5224.307692307692,
    5243.809523809524,
    5357.444444444444
  ]
}