{
  "transactionTimestamps": [
    1706098909173,
    1706098909174,
    1706098910587,
    1706098910759,
    1706098911995,
    1706098912306,
    1706098913382,
    1706098913674,
    1706098915216,
    1706098916698,
    1706098914734,
    1706098919410,
    1706098918008
  ],
  "blockTimestamps": [
    1706098914768,
    1706098917764,
    1706098920766,
    1706098923776
  ],
  "blockTimes": [
    1706098914,
    1706098917,
    1706098920,
    1706098923
  ],
  "blockTransactions": [
    4,
    4,
    3,
    2
  ],
  "Delays": [
    5595,
    5594,
    4181,
    4009,
    5769,
    5458,
    4382,
    4090,
    5550,
    4068,
    6032,
    4366,
    5768
  ],
  "Throughputs": [
    0.7149240393208222,
    0.9312070771737866,
    0.9488484430259639,
    0.8902280353352051
  ],
  "AverageDelays": [
    4844.75,
    4884.75,
    4975.272727272727,
    4989.384615384615
  ]
}