{
  "transactionTimestamps": [
    1706098741457,
    1706098744094,
    1706098744096,
    1706098742954,
    1706098745384,
    1706098745667,
    1706098747096,
    1706098747363,
    1706098745933,
    1706098746893,
    1706098748703,
    1706098748969,
    1706098749931,
    1706098751131,
    1706098749976,
    1706098752382,
    1706098751448,
    1706098752815,
    1706098754056,
    1706098754288,
    1706098753132
  ],
  "blockTimestamps": [
    1706098746786,
    1706098749768,
    1706098752772,
    1706098755756,
    1706098758770
  ],
  "blockTimes": [
    1706098746,
    1706098749,
    1706098752,
    1706098755,
    1706098758
  ],
  "blockTransactions": [
    1,
    5,
    5,
    5,
    5
  ],
  "Delays": [
    5329,
    5674,
    5672,
    6814,
    4384,
    4101,
    5676,
    5409,
    6839,
    5879,
    4069,
    6787,
    5825,
    4625,
    5780,
    3374,
    7322,
    5955,
    4714,
    4482,
    5638
  ],
  "Throughputs": [
    0.18765246762994933,
    0.7219347852244014,
    0.9721608484312859,
    1.1189593677879572,
    1.2129613585167216
  ],
  "AverageDelays": [
    5329,
    5329,
    5440.545454545455,
    5389.8125,
    5445.142857142857
  ]
}