{"a": 0.3, "b": 0.7, "communities0": [[0, 32], [1, 99], [2, 78], [3, 61], [4, 62], [98, 5], [28, 6], [65, 58, 7], [8, 44], [9, 66, 37], [10, 106, 108, 47, 80, 82, 83, 54], [112, 11], [113, 12], [13, 30, 55], [14, 39], [100, 40, 15, 17, 19, 116, 22], [16, 50], [64, 68, 71, 18, 21, 117], [41, 20], [69, 23], [24, 81, 27, 105], [25, 118], [26, 115], [29, 70], [90, 31], [33, 57], [34, 87, 111], [89, 35], [96, 36], [97, 38], [88, 42], [72, 43], [67, 45], [46, 79], [48, 107], [49, 92], [51, 63], [74, 52], [53, 103], [56, 84], [59, 94], [73, 60], [114, 75], [76, 101], [77, 85], [104, 86], [91, 102], [93, 95], [109, 110]], "q0": 0.48966736643450703, "f0": 0.8545491678869132}