{"a": 0.2, "b": 0.8, "communities0": [[0, 66, 139], [1, 12, 14, 16, 145, 36, 39, 40, 47, 53, 63, 65, 70, 73, 74, 76, 81, 85, 107, 112, 114, 119, 121, 123, 127], [2, 130, 140, 13, 15, 17, 18, 19, 24, 29, 37, 42, 56, 59, 64, 67, 71, 72, 75, 77, 80, 88, 90, 92, 102, 106, 113, 117], [3, 55], [4, 133, 136, 86, 23, 120, 57, 95], [5, 134, 110, 20, 87], [132, 6, 10, 141, 21, 25, 26, 28, 31, 45, 51, 79, 89, 93, 99, 101, 108, 109, 115, 122], [105, 30, 7], [8, 48], [9, 129, 69], [91, 11, 62], [131, 135, 41, 142, 111, 144, 50, 147, 116, 148, 54, 22, 149, 60, 125], [33, 98, 138, 146, 83, 27], [32, 46], [34, 78], [137, 35], [97, 38], [104, 43, 128], [82, 44], [49, 118], [52, 94], [58, 68], [61, 126], [84, 103], [96, 143], [124, 100]], "q0": 0.4318216474580894, "f0": 0.9186925092936266}