{"a": 0.4, "b": 0.6, "communities0": [[0, 1, 3, 5, 7, 8, 10, 11, 12, 13, 14, 19, 20, 21, 22, 23, 25, 27, 28, 29, 30, 31, 32, 35, 36, 38, 39, 40, 43, 44, 45, 46, 49, 50, 52, 53, 54, 55, 56, 58, 59, 61, 64, 66, 68, 69, 70, 71, 73, 75, 76, 77, 78, 80, 82, 83, 84, 85, 86, 87, 88, 89, 90, 91, 92, 93, 94, 95, 99, 100, 105, 110, 112, 113, 114, 115, 120, 121, 123, 124, 126, 127, 128, 130, 131, 132, 133, 135, 137, 142, 144, 145, 146, 148, 149, 152, 154, 156, 159, 161, 162, 164, 165, 166, 167, 169, 171, 172, 173, 175, 179, 180, 183, 186, 187, 188, 189, 190, 192, 196, 197, 200, 202, 203, 204, 205, 206, 207, 208, 209, 210, 211, 212, 213, 214, 217, 218, 219, 220, 221, 223, 225, 226, 227, 229, 230, 231, 233, 234, 235, 236, 237, 238, 239, 240, 242, 243, 244, 245, 246, 247, 248, 249, 250, 251, 254, 256, 257, 258, 261, 262, 263, 264, 265, 266, 267, 268, 269, 270, 271, 272, 273, 274, 275, 276, 277, 278, 281, 283, 284, 287, 288, 289, 290, 291, 292, 293, 294, 295, 296, 298, 299, 300, 302, 303, 305, 306, 307, 308, 309, 310, 311, 313, 314, 315, 317], [129, 33, 2, 67, 102, 134, 72, 297, 15, 111, 81, 312, 316, 62, 63], [4, 215], [6, 138, 141, 150, 24, 26, 285, 160, 301, 174, 48, 177, 178, 181, 191, 194, 195, 198, 222, 224, 97, 98, 101, 232], [9, 107, 252, 253], [168, 16, 60, 158, 255], [17, 155, 182], [18, 163, 37], [57, 34, 286, 103], [41, 118], [42, 260], [228, 47], [51], [65, 119], [74, 139, 117], [136, 79], [96, 151], [104, 279], [193, 106], [176, 108], [185, 109], [153, 116], [122, 140], [259, 125], [184, 143], [241, 147], [304, 157], [280, 170], [201, 199], [216, 282]], "q0": 0.4503195410601317, "f0": 0.5286422798867992}