{"a": 0.4, "b": 0.6, "communities0": [[0, 64, 35, 67, 68, 69, 71, 16, 19, 22, 26, 60], [1, 34, 3, 46, 47, 23, 29], [33, 2, 38, 43, 18, 25, 58, 28, 57], [4, 36, 8, 41, 20, 62, 31, 30, 63], [32, 5], [66, 70, 6, 40, 73, 11, 13, 14, 15, 17, 53, 24], [52, 7], [72, 9], [10, 45], [48, 12], [59, 21], [27, 61, 55], [49, 37], [50, 39], [42, 54], [51, 44], [56, 65]], "q0": 0.4518122505776097, "f0": 0.9181574835756978}