{
  "transactionTimestamps": [
    1706012322519,
    1706012324110,
    1706012324689,
    1706012326100,
    1706012326692,
    1706012329117,
    1706012328529,
    1706012330414,
    1706012331045,
    1706012332495,
    1706012333172,
    1706012334986
  ],
  "blockTimestamps": [
    1706012347636
  ],
  "blockTimes": [
    1706012319
  ],
  "blockTransactions": [
    12
  ],
  "Delays": [
    25117,
    23526,
    22947,
    21536,
    20944,
    18519,
    19107,
    17222,
    16591,
    15141,
    14464,
    12650
  ],
  "Throughputs": [
    0.4777640641796393
  ],
  "AverageDelays": [
    18980.333333333332
  ]
}