{
  "transactionTimestamps": [
    1706012095072,
    1706012095071,
    1706012096683,
    1706012097381,
    1706012098173,
    1706012097690,
    1706012099497,
    1706012100192,
    1706012100192,
    1706012101398,
    1706012102098,
    1706012102120,
    1706012103021,
    1706012103838,
    1706012104687,
    1706012104760,
    1706012106340,
    1706012105670,
    1706012107236,
    1706012108049,
    1706012108753,
    1706012108570,
    1706012111380,
    1706012113816,
    1706012115148,
    1706012115889,
    1706012117788,
    1706012118353,
    1706012120338,
    1706012122484,
    1706012123139,
    1706012142195,
    1706012142195,
    1706012144016,
    1706012143909,
    1706012144704,
    1706012144720,
    1706012146346,
    1706012146466,
    1706012147374,
    1706012147220,
    1706012148578,
    1706012148838,
    1706012149452,
    1706012149450,
    1706012151460,
    1706012151077,
    1706012151963,
    1706012152091,
    1706012153805,
    1706012154203,
    1706012154750,
    1706012154810,
    1706012156961,
    1706012156480
  ],
  "blockTimestamps": [
    1706012169074
  ],
  "blockTimes": [
    1706012092
  ],
  "blockTransactions": [
    55
  ],
  "Delays": [
    74002,
    74003,
    72391,
    71693,
    70901,
    71384,
    69577,
    68882,
    68882,
    67676,
    66976,
    66954,
    66053,
    65236,
    64387,
    64314,
    62734,
    63404,
    61838,
    61025,
    60321,
    60504,
    57694,
    55258,
    53926,
    53185,
    51286,
    50721,
    48736,
    46590,
    45935,
    26879,
    26879,
    25058,
    25165,
    24370,
    24354,
    22728,
    22608,
    21700,
    21854,
    20496,
    20236,
    19622,
    19624,
    17614,
    17997,
    17111,
    16983,
    15269,
    14871,
    14324,
    14264,
    12113,
    12594
  ],
  "Throughputs": [
    0.7432231561309154
  ],
  "AverageDelays": [
    43839.65454545455
  ]
}