{
  "transactionTimestamps": [
    1706012656826,
    1706012656826,
    1706012659043,
    1706012658431,
    1706012659803,
    1706012660698,
    1706012661349,
    1706012662108,
    1706012663144,
    1706012663743,
    1706012663770,
    1706012665174,
    1706012664690,
    1706012666103,
    1706012667677,
    1706012667993,
    1706012668889,
    1706012669091,
    1706012669869,
    1706012670575,
    1706012671507,
    1706012671549,
    1706012672910,
    1706012673498,
    1706012675100,
    1706012675894,
    1706012677234,
    1706012678013,
    1706012679138,
    1706012679951,
    1706012681140,
    1706012681726
  ],
  "blockTimestamps": [
    1706012662997,
    1706012669857,
    1706012669874,
    1706012685116,
    1706012686514
  ],
  "blockTimes": [
    1706012656,
    1706012661,
    1706012669,
    1706012671,
    1706012683
  ],
  "blockTransactions": [
    2,
    12,
    1,
    16,
    1
  ],
  "Delays": [
    6171,
    6171,
    10814,
    11426,
    10054,
    9159,
    8508,
    7749,
    6713,
    6114,
    6087,
    4683,
    5167,
    3754,
    2197,
    17123,
    16227,
    16025,
    15247,
    14541,
    13609,
    13567,
    12206,
    11618,
    10016,
    9222,
    7882,
    7103,
    5978,
    5165,
    3976,
    4788
  ],
  "Throughputs": [
    0.32409658078107273,
    1.0743611388228071,
    1.1496014714898835,
    1.0957935666313185,
    1.0778765831312316
  ],
  "AverageDelays": [
    6171,
    7326.428571428572,
    6984.466666666666,
    9170.064516129032,
    9033.125
  ]
}