{
  "transactionTimestamps": [
    1706012822899,
    1706012822899,
    1706012824839,
    1706012824953,
    1706012825516,
    1706012825658,
    1706012827238,
    1706012827331,
    1706012827810,
    1706012828170,
    1706012829929,
    1706012830614,
    1706012830264,
    1706012831236,
    1706012832183,
    1706012833107,
    1706012833193,
    1706012834207,
    1706012834433,
    1706012835108,
    1706012835535,
    1706012836443,
    1706012836360,
    1706012838123
  ],
  "blockTimestamps": [
    1706012826003,
    1706012836411,
    1706012850682
  ],
  "blockTimes": [
    1706012821,
    1706012825,
    1706012835
  ],
  "blockTransactions": [
    2,
    15,
    7
  ],
  "Delays": [
    3104,
    3104,
    11572,
    11458,
    10895,
    10753,
    9173,
    9080,
    8601,
    8241,
    6482,
    5797,
    6147,
    5175,
    4228,
    3304,
    3218,
    16475,
    16249,
    15574,
    15147,
    14239,
    14322,
    12559
  ],
  "Throughputs": [
    0.6443298969072164,
    1.2581409117821196,
    0.863837598531476
  ],
  "AverageDelays": [
    3104,
    7078.35294117647,
    9370.708333333334
  ]
}