{
  "transactionTimestamps": [
    1706011706351,
    1706011706351,
    1706011708373,
    1706011709147,
    1706011708479,
    1706011708994,
    1706011710627,
    1706011711113,
    1706011711519,
    1706011711905,
    1706011713216,
    1706011713903,
    1706011713886,
    1706011714633,
    1706011715674,
    1706011715945,
    1706011716266,
    1706011716905,
    1706011718000,
    1706011718718,
    1706011718598,
    1706011719587,
    1706011720749,
    1706011720508
  ],
  "blockTimestamps": [
    1706011711262,
    1706011711878,
    1706011716336,
    1706011723472
  ],
  "blockTimes": [
    1706011710,
    1706011711,
    1706011712,
    1706011715
  ],
  "blockTransactions": [
    5,
    1,
    5,
    13
  ],
  "Delays": [
    4911,
    4911,
    2889,
    2115,
    2783,
    2884,
    5709,
    5223,
    4817,
    4431,
    3120,
    9569,
    9586,
    8839,
    7798,
    7527,
    7206,
    6567,
    5472,
    4754,
    4874,
    3885,
    2723,
    2964
  ],
  "Throughputs": [
    1.018122581958868,
    1.0855798805862131,
    1.1016524787180773,
    1.401787278780445
  ],
  "AverageDelays": [
    3521.8,
    3415.5,
    3981.181818181818,
    5231.541666666667
  ]
}