{
  "transactionTimestamps": [
    1706012179069,
    1706012179069,
    1706012180697,
    1706012181233,
    1706012181577,
    1706012182640,
    1706012183354,
    1706012184166,
    1706012185391,
    1706012186035,
    1706012186506,
    1706012187243,
    1706012188156,
    1706012188735,
    1706012190652,
    1706012189808,
    1706012190326,
    1706012192117
  ],
  "blockTimestamps": [
    1706012263056
  ],
  "blockTimes": [
    1706012167
  ],
  "blockTransactions": [
    18
  ],
  "Delays": [
    83987,
    83987,
    82359,
    81823,
    81479,
    80416,
    79702,
    78890,
    77665,
    77021,
    76550,
    75813,
    74900,
    74321,
    72404,
    73248,
    72730,
    70939
  ],
  "Throughputs": [
    0.21431888268422494
  ],
  "AverageDelays": [
    77679.66666666667
  ]
}