{
  "transactionTimestamps": [
    1706011727232,
    1706011727232,
    1706011728608,
    1706011728609,
    1706011729339,
    1706011729308,
    1706011730728,
    1706011731032,
    1706011731735,
    1706011731469,
    1706011733037,
    1706011733616,
    1706011733070,
    1706011733974,
    1706011734918,
    1706011735110,
    1706011735745,
    1706011735683,
    1706011737679,
    1706011737493,
    1706011738209,
    1706011738490,
    1706011739822,
    1706011740301
  ],
  "blockTimestamps": [
    1706011730890,
    1706011731466,
    1706011736268,
    1706011742002,
    1706011745502
  ],
  "blockTimes": [
    1706011726,
    1706011730,
    1706011731,
    1706011734,
    1706011741
  ],
  "blockTransactions": [
    2,
    3,
    5,
    13,
    1
  ],
  "Delays": [
    3658,
    3658,
    2858,
    2857,
    2127,
    6960,
    5540,
    5236,
    4533,
    4799,
    8965,
    8386,
    8932,
    8028,
    7084,
    6892,
    6257,
    6319,
    4323,
    4509,
    3793,
    3512,
    2180,
    5201
  ],
  "Throughputs": [
    0.5467468562055768,
    1.1809163911195086,
    1.1066843736166445,
    1.5572105619498986,
    1.3136288998357963
  ],
  "AverageDelays": [
    3658,
    3031.6,
    4222.6,
    5278.521739130435,
    5275.291666666667
  ]
}