{
  "transactionTimestamps": [
    1706012272268,
    1706012272268,
    1706012273812,
    1706012274438,
    1706012274611,
    1706012275158,
    1706012276499,
    1706012276778,
    1706012277043,
    1706012277524,
    1706012278978,
    1706012279338,
    1706012279513,
    1706012280239,
    1706012281149,
    1706012282009,
    1706012281991,
    1706012282829,
    1706012284416,
    1706012283741,
    1706012284871,
    1706012285611,
    1706012285688,
    1706012287154
  ],
  "blockTimestamps": [
    1706012294207
  ],
  "blockTimes": [
    1706012261
  ],
  "blockTransactions": [
    24
  ],
  "Delays": [
    21939,
    21939,
    20395,
    19769,
    19596,
    19049,
    17708,
    17429,
    17164,
    16683,
    15229,
    14869,
    14694,
    13968,
    13058,
    12198,
    12216,
    11378,
    9791,
    10466,
    9336,
    8596,
    8519,
    7053
  ],
  "Throughputs": [
    1.0939422945439627
  ],
  "AverageDelays": [
    14710.083333333334
  ]
}