{
  "transactionTimestamps": [
    1706011668322,
    1706011668322,
    1706011670319,
    1706011670583,
    1706011671443,
    1706011672234,
    1706011672901,
    1706011673418,
    1706011674971,
    1706011674739,
    1706011675689,
    1706011677184,
    1706011677711,
    1706011678005,
    1706011680276,
    1706011679916,
    1706011680834,
    1706011682222,
    1706011682419,
    1706011684659,
    1706011687035,
    1706011689478,
    1706011691733,
    1706011694537
  ],
  "blockTimestamps": [
    1706011670312,
    1706011673549,
    1706011683281,
    1706011687623,
    1706011691656,
    1706011695753,
    1706011701951
  ],
  "blockTimes": [
    1706011669,
    1706011670,
    1706011672,
    1706011683,
    1706011687,
    1706011690,
    1706011696
  ],
  "blockTransactions": [
    1,
    3,
    13,
    3,
    2,
    1,
    1
  ],
  "Delays": [
    1990,
    5227,
    3230,
    2966,
    11838,
    11047,
    10380,
    9863,
    8310,
    8542,
    7592,
    6097,
    5570,
    5276,
    3005,
    3365,
    2447,
    5401,
    5204,
    2964,
    4621,
    2178,
    4020,
    7414
  ],
  "Throughputs": [
    0.5025125628140703,
    0.7652573177731011,
    1.1364396015776457,
    1.0362157401170924,
    0.94283020485129,
    0.8384674273632022,
    0.7136697493235006
  ],
  "AverageDelays": [
    1990,
    3353.25,
    6279.117647058823,
    6015.7,
    5777.863636363636,
    5701.434782608696,
    5772.791666666667
  ]
}