{
  "transactionTimestamps": [
    1706012600974,
    1706012602386,
    1706012603305,
    1706012606017,
    1706012608000,
    1706012608647,
    1706012610187,
    1706012611089,
    1706012612974,
    1706012614288,
    1706012615139,
    1706012617169,
    1706012617813,
    1706012619999,
    1706012621495,
    1706012622225,
    1706012623711,
    1706012624574,
    1706012627639,
    1706012629232,
    1706012629914,
    1706012631737,
    1706012632476,
    1706012634277,
    1706012635127,
    1706012637150,
    1706012638060,
    1706012639812,
    1706012640766,
    1706012642675,
    1706012643863
  ],
  "blockTimestamps": [
    1706012610604,
    1706012619433,
    1706012621489,
    1706012626277,
    1706012633183,
    1706012643155,
    1706012645793,
    1706012646741
  ],
  "blockTimes": [
    1706012601,
    1706012609,
    1706012619,
    1706012623,
    1706012625,
    1706012634,
    1706012641,
    1706012646
  ],
  "blockTransactions": [
    3,
    7,
    3,
    2,
    6,
    6,
    3,
    1
  ],
  "Delays": [
    9630,
    8218,
    7299,
    13416,
    11433,
    10786,
    9246,
    8344,
    6459,
    5145,
    6350,
    4320,
    3676,
    6278,
    4782,
    10958,
    9472,
    8609,
    5544,
    3951,
    3269,
    11418,
    10679,
    8878,
    8028,
    6005,
    5095,
    5981,
    5027,
    3118,
    2878
  ],
  "Throughputs": [
    0.3115264797507788,
    0.5417411560756271,
    0.6336826712161833,
    0.5928150812156661,
    0.6519916793442826,
    0.6400986226025936,
    0.6693589772194828,
    0.6773439377717569
  ],
  "AverageDelays": [
    8382.333333333334,
    8997.6,
    8024.7692307692305,
    7692.133333333333,
    7485,
    7677.333333333333,
    7380.466666666666,
    7235.225806451613
  ]
}