{
  "transactionTimestamps": [
    1706011603693,
    1706011603670,
    1706011605449,
    1706011605954,
    1706011605870,
    1706011606814,
    1706011607130,
    1706011608623,
    1706011608075,
    1706011609417,
    1706011610125,
    1706011611114,
    1706011611586,
    1706011612126,
    1706011612293,
    1706011612843,
    1706011614167,
    1706011614303,
    1706011614726,
    1706011615113,
    1706011616691,
    1706011616197,
    1706011617115,
    1706011618578
  ],
  "blockTimestamps": [
    1706011609933,
    1706011613140,
    1706011614809,
    1706011615865,
    1706011622435
  ],
  "blockTimes": [
    1706011604,
    1706011609,
    1706011612,
    1706011614,
    1706011615
  ],
  "blockTransactions": [
    5,
    7,
    1,
    3,
    8
  ],
  "Delays": [
    6240,
    6263,
    4484,
    3979,
    4063,
    6326,
    6010,
    4517,
    5065,
    3723,
    3015,
    2026,
    3223,
    3739,
    3572,
    3022,
    8268,
    8132,
    7709,
    7322,
    5744,
    6238,
    5320,
    3857
  ],
  "Throughputs": [
    0.8012820512820512,
    1.2702445220704988,
    1.1694854264123786,
    1.3144922773578704,
    1.2805463664496852
  ],
  "AverageDelays": [
    5005.8,
    4642.583333333333,
    4533.384615384615,
    4329.1875,
    5077.375
  ]
}