{
  "transactionTimestamps": [
    1706011888765,
    1706011889720,
    1706011890593,
    1706011888765,
    1706011890865,
    1706011891684,
    1706011891747,
    1706011893828,
    1706011894664,
    1706011892979,
    1706011893461,
    1706011894010,
    1706011895797,
    1706011896313,
    1706011897775,
    1706011898411,
    1706011900120,
    1706011901105
  ],
  "blockTimestamps": [
    1706011899821,
    1706011913900
  ],
  "blockTimes": [
    1706011888,
    1706011898
  ],
  "blockTransactions": [
    14,
    4
  ],
  "Delays": [
    11056,
    10101,
    9228,
    11056,
    8956,
    8137,
    8074,
    5993,
    5157,
    6842,
    6360,
    5811,
    4024,
    3508,
    16125,
    15489,
    13780,
    12795
  ],
  "Throughputs": [
    1.2662807525325617,
    0.7161328824348517
  ],
  "AverageDelays": [
    7450.214285714285,
    9027.333333333334
  ]
}