{
  "transactionTimestamps": [
    1706012683185,
    1706012687700,
    1706012689314,
    1706012690155,
    1706012691909,
    1706012692845,
    1706012694621,
    1706012695181,
    1706012697868,
    1706012697277,
    1706012699032,
    1706012699861,
    1706012701500
  ],
  "blockTimestamps": [
    1706012688361,
    1706012697833,
    1706012704816
  ],
  "blockTimes": [
    1706012685,
    1706012689,
    1706012697
  ],
  "blockTransactions": [
    1,
    6,
    6
  ],
  "Delays": [
    5176,
    10133,
    8519,
    7678,
    5924,
    4988,
    3212,
    9635,
    6948,
    7539,
    5784,
    4955,
    3316
  ],
  "Throughputs": [
    0.19319938176197834,
    0.4778809393773894,
    0.6009893208820674
  ],
  "AverageDelays": [
    5176,
    6518.571428571428,
    6446.692307692308
  ]
}