{
  "transactionTimestamps": [
    1706011836844,
    1706011836844,
    1706011838624,
    1706011838872,
    1706011839314,
    1706011839751,
    1706011841567,
    1706011841845,
    1706011842645,
    1706011843655,
    1706011843950,
    1706011844648,
    1706011846266,
    1706011846562,
    1706011847496,
    1706011848569,
    1706011849420,
    1706011850691,
    1706011849969,
    1706011851908,
    1706011852608,
    1706011854760,
    1706011855565,
    1706011857485,
    1706011858381,
    1706011860402,
    1706011861134,
    1706011863485,
    1706011862963,
    1706011864723,
    1706011865369,
    1706011867198
  ],
  "blockTimestamps": [
    1706011840983,
    1706011843619,
    1706011847030,
    1706011855989,
    1706011857173,
    1706011860808,
    1706011863391,
    1706011866028,
    1706011869564
  ],
  "blockTimes": [
    1706011838,
    1706011840,
    1706011842,
    1706011846,
    1706011855,
    1706011856,
    1706011860,
    1706011862,
    1706011865
  ],
  "blockTransactions": [
    2,
    2,
    6,
    9,
    2,
    3,
    1,
    2,
    5
  ],
  "Delays": [
    4139,
    4139,
    4995,
    4747,
    7716,
    7279,
    5463,
    5185,
    4385,
    3375,
    12039,
    11341,
    9723,
    9427,
    8493,
    7420,
    6569,
    5298,
    6020,
    5265,
    4565,
    6048,
    5243,
    3323,
    5010,
    5626,
    4894,
    6079,
    6601,
    4841,
    4195,
    2366
  ],
  "Throughputs": [
    0.4832085044696786,
    0.5904059040590406,
    0.98173964264677,
    0.9924262209454165,
    1.0330070342859954,
    1.0015022533800702,
    0.9417259954043771,
    0.9251644736842105,
    0.9779951100244499
  ],
  "AverageDelays": [
    4139,
    4505,
    5142.3,
    6723.8421052631575,
    6551.571428571428,
    6341.541666666667,
    6288.28,
    6212.111111111111,
    5994.03125
  ]
}