{
  "transactionTimestamps": [
    1706012776835,
    1706012778880,
    1706012779605,
    1706012781679,
    1706012782282,
    1706012783930,
    1706012784606,
    1706012786437,
    1706012787404,
    1706012788956,
    1706012789691,
    1706012791245
  ],
  "blockTimestamps": [
    1706012780100,
    1706012794608,
    1706012801507
  ],
  "blockTimes": [
    1706012778,
    1706012782,
    1706012793
  ],
  "blockTransactions": [
    1,
    10,
    1
  ],
  "Delays": [
    3265,
    15728,
    15003,
    12929,
    12326,
    10678,
    10002,
    8171,
    7204,
    5652,
    4917,
    10262
  ],
  "Throughputs": [
    0.30627871362940273,
    0.6189163337646992,
    0.48638132295719844
  ],
  "AverageDelays": [
    3265,
    9625,
    9678.083333333334
  ]
}