{
  "transactionTimestamps": [
    1706012004060,
    1706012004060,
    1706012004060,
    1706012006217,
    1706012006333,
    1706012006818,
    1706012007300,
    1706012008366,
    1706012008742,
    1706012009022,
    1706012009147
  ],
  "blockTimestamps": [
    1706012008462,
    1706012012353
  ],
  "blockTimes": [
    1706012007,
    1706012010
  ],
  "blockTransactions": [
    5,
    6
  ],
  "Delays": [
    4402,
    4402,
    4402,
    2245,
    2129,
    5535,
    5053,
    3987,
    3611,
    3331,
    3206
  ],
  "Throughputs": [
    1.1358473421172195,
    1.3264198721813578
  ],
  "AverageDelays": [
    3516,
    3845.7272727272725
  ]
}