{
  "transactionTimestamps": [
    1706011761046,
    1706011761046,
    1706011761046,
    1706011762600,
    1706011763450,
    1706011763948,
    1706011763450,
    1706011763318,
    1706011765092,
    1706011765326,
    1706011765583,
    1706011765724,
    1706011766037,
    1706011766820,
    1706011767647,
    1706011767410,
    1706011768499,
    1706011768734,
    1706011770425,
    1706011770116,
    1706011770957,
    1706011770815,
    1706011772579,
    1706011772800,
    1706011773431,
    1706011773570,
    1706011774296,
    1706011775661
  ],
  "blockTimestamps": [
    1706011769600,
    1706011769638,
    1706011781295
  ],
  "blockTimes": [
    1706011762,
    1706011768,
    1706011769
  ],
  "blockTransactions": [
    13,
    1,
    14
  ],
  "Delays": [
    8554,
    8554,
    8554,
    7000,
    6150,
    5652,
    6150,
    6282,
    4508,
    4274,
    4017,
    3876,
    3563,
    2818,
    13648,
    13885,
    12796,
    12561,
    10870,
    11179,
    10338,
    10480,
    8716,
    8495,
    7864,
    7725,
    6999,
    5634
  ],
  "Throughputs": [
    1.519756838905775,
    1.6294227188081936,
    1.3827843350288904
  ],
  "AverageDelays": [
    5933.384615384615,
    5710.857142857143,
    7897.928571428572
  ]
}