{
  "transactionTimestamps": [
    1706012010877,
    1706012011837,
    1706012011310,
    1706012011604,
    1706012013239,
    1706012014135,
    1706012014026,
    1706012014135,
    1706012016057,
    1706012016637,
    1706012016355,
    1706012017057,
    1706012017834,
    1706012038727,
    1706012038727,
    1706012038727,
    1706012040958,
    1706012040675,
    1706012040839,
    1706012041206,
    1706012041591,
    1706012042851,
    1706012043218,
    1706012043585,
    1706012043989,
    1706012044424,
    1706012045292,
    1706012045812,
    1706012046384,
    1706012046141,
    1706012047584,
    1706012046990,
    1706012047578,
    1706012048397,
    1706012048842
  ],
  "blockTimestamps": [
    1706012053056
  ],
  "blockTimes": [
    1706012014
  ],
  "blockTransactions": [
    35
  ],
  "Delays": [
    42179,
    41219,
    41746,
    41452,
    39817,
    38921,
    39030,
    38921,
    36999,
    36419,
    36701,
    35999,
    35222,
    14329,
    14329,
    14329,
    12098,
    12381,
    12217,
    11850,
    11465,
    10205,
    9838,
    9471,
    9067,
    8632,
    7764,
    7244,
    6672,
    6915,
    5472,
    6066,
    5478,
    4659,
    4214
  ],
  "Throughputs": [
    0.8297968183219137
  ],
  "AverageDelays": [
    20266.285714285714
  ]
}