{
  "transactionTimestamps": [
    1706011638182,
    1706011638182,
    1706011640815,
    1706011640044,
    1706011640534,
    1706011642055,
    1706011643104,
    1706011642586,
    1706011644660,
    1706011645108,
    1706011645640,
    1706011648050,
    1706011648080,
    1706011647514,
    1706011650085,
    1706011649523,
    1706011650224,
    1706011652233
  ],
  "blockTimestamps": [
    1706011645803,
    1706011653018,
    1706011655786
  ],
  "blockTimes": [
    1706011640,
    1706011645,
    1706011651
  ],
  "blockTransactions": [
    5,
    10,
    3
  ],
  "Delays": [
    7621,
    7621,
    4988,
    5759,
    5269,
    10963,
    9914,
    10432,
    8358,
    7910,
    7378,
    4968,
    4938,
    5504,
    2933,
    6263,
    5562,
    3553
  ],
  "Throughputs": [
    0.6560818790185015,
    1.0110541925047183,
    1.0224948875255624
  ],
  "AverageDelays": [
    6251.6,
    6970.4,
    6663
  ]
}