{
  "transactionTimestamps": [
    1706012409005,
    1706012409005,
    1706012411481,
    1706012412149,
    1706012411839,
    1706012413770,
    1706012414906,
    1706012414671,
    1706012417327,
    1706012416726,
    1706012417436,
    1706012419603,
    1706012418798,
    1706012418955,
    1706012419633,
    1706012421483,
    1706012421635,
    1706012422447,
    1706012423949
  ],
  "blockTimestamps": [
    1706012440537
  ],
  "blockTimes": [
    1706012394
  ],
  "blockTransactions": [
    19
  ],
  "Delays": [
    31532,
    31532,
    29056,
    28388,
    28698,
    26767,
    25631,
    25866,
    23210,
    23811,
    23101,
    20934,
    21739,
    21582,
    20904,
    19054,
    18902,
    18090,
    16588
  ],
  "Throughputs": [
    0.6025624762146391
  ],
  "AverageDelays": [
    23967.63157894737
  ]
}