{
  "transactionTimestamps": [
    1706012483684,
    1706012483684,
    1706012485720,
    1706012486297,
    1706012486031,
    1706012487725,
    1706012488384,
    1706012488745,
    1706012490476,
    1706012489818,
    1706012491038,
    1706012491651,
    1706012492374,
    1706012493824,
    1706012494008,
    1706012494753,
    1706012496468,
    1706012496279
  ],
  "blockTimestamps": [
    1706012486907,
    1706012487975,
    1706012491287,
    1706012497229,
    1706012503372
  ],
  "blockTimes": [
    1706012482,
    1706012488,
    1706012489,
    1706012491,
    1706012496
  ],
  "blockTransactions": [
    2,
    2,
    4,
    5,
    5
  ],
  "Delays": [
    3223,
    3223,
    2255,
    1678,
    5256,
    3562,
    2903,
    2542,
    6753,
    7411,
    6191,
    5578,
    4855,
    9548,
    9364,
    8619,
    6904,
    7093
  ],
  "Throughputs": [
    0.6205398696866274,
    0.9321836401771149,
    1.0522162304353544,
    0.9597637504614249,
    0.914262494920764
  ],
  "AverageDelays": [
    3223,
    2594.75,
    3080.25,
    4263.846153846154,
    5386.555555555556
  ]
}