{
  "transactionTimestamps": [
    1706011798144,
    1706011798144,
    1706011800297,
    1706011799857,
    1706011801299,
    1706011800644,
    1706011802698,
    1706011802706,
    1706011803394,
    1706011803302,
    1706011804986,
    1706011805415,
    1706011805647,
    1706011806251,
    1706011807715,
    1706011807844,
    1706011808439,
    1706011808424,
    1706011809828,
    1706011810493,
    1706011810222,
    1706011811085,
    1706011811858,
    1706011812552
  ],
  "blockTimestamps": [
    1706011807396,
    1706011808076,
    1706011808328,
    1706011813028,
    1706011816048
  ],
  "blockTimes": [
    1706011796,
    1706011806,
    1706011807,
    1706011809,
    1706011812
  ],
  "blockTransactions": [
    10,
    1,
    3,
    7,
    3
  ],
  "Delays": [
    9252,
    9252,
    7099,
    7539,
    6097,
    6752,
    4698,
    4690,
    4002,
    4094,
    3090,
    2913,
    2681,
    2077,
    5313,
    5184,
    4589,
    4604,
    3200,
    2535,
    2806,
    4963,
    4190,
    3496
  ],
  "Throughputs": [
    1.0808473843493298,
    1.1075312122432541,
    1.3747054202670856,
    1.4109110454178984,
    1.3404825737265416
  ],
  "AverageDelays": [
    6347.5,
    6051.363636363636,
    5302.571428571428,
    4879.380952380952,
    4796.5
  ]
}