{
  "transactionTimestamps": [
    1706011944085,
    1706011944085,
    1706011946164,
    1706011946081,
    1706011946948,
    1706011946948,
    1706011948109,
    1706011948761,
    1706011949021,
    1706011949518,
    1706011951356,
    1706011951068,
    1706011951935,
    1706011952009,
    1706011953326,
    1706011953189,
    1706011954110,
    1706011954157,
    1706011955274,
    1706011955666,
    1706011955988,
    1706011956269,
    1706011957595,
    1706011958378
  ],
  "blockTimestamps": [
    1706011947556,
    1706011951617,
    1706011957349,
    1706011957382,
    1706011961593
  ],
  "blockTimes": [
    1706011943,
    1706011947,
    1706011950,
    1706011956,
    1706011958
  ],
  "blockTransactions": [
    2,
    5,
    7,
    5,
    5
  ],
  "Delays": [
    3471,
    3471,
    5453,
    5536,
    4669,
    4669,
    3508,
    8588,
    8328,
    7831,
    5993,
    6281,
    5414,
    5340,
    4056,
    4193,
    3272,
    3225,
    2108,
    5927,
    5605,
    5324,
    3998,
    3215
  ],
  "Throughputs": [
    0.5762028233938347,
    0.929368029739777,
    1.0554885404101328,
    1.428893735429044,
    1.3708019191226868
  ],
  "AverageDelays": [
    3471,
    4396.714285714285,
    5610.857142857143,
    5021.368421052632,
    4978.125
  ]
}