{
  "transactionTimestamps": [
    1706012049764,
    1706012049650,
    1706012049779,
    1706012050364,
    1706012051937,
    1706012051850,
    1706012052826,
    1706012054661,
    1706012060778,
    1706012060778,
    1706012060779,
    1706012062919,
    1706012063397,
    1706012062571,
    1706012063693,
    1706012063537,
    1706012064640,
    1706012065324,
    1706012065315,
    1706012066030,
    1706012066275,
    1706012066623,
    1706012067726,
    1706012067314,
    1706012067875,
    1706012067286,
    1706012068390,
    1706012069201,
    1706012069172,
    1706012069589,
    1706012070129,
    1706012070175,
    1706012070467,
    1706012071745,
    1706012072406,
    1706012071927,
    1706012072429,
    1706012072706,
    1706012073320,
    1706012074499,
    1706012074669,
    1706012075397
  ],
  "blockTimestamps": [
    1706012093882
  ],
  "blockTimes": [
    1706012051
  ],
  "blockTransactions": [
    42
  ],
  "Delays": [
    44118,
    44232,
    44103,
    43518,
    41945,
    42032,
    41056,
    39221,
    33104,
    33104,
    33103,
    30963,
    30485,
    31311,
    30189,
    30345,
    29242,
    28558,
    28567,
    27852,
    27607,
    27259,
    26156,
    26568,
    26007,
    26596,
    25492,
    24681,
    24710,
    24293,
    23753,
    23707,
    23415,
    22137,
    21476,
    21955,
    21453,
    21176,
    20562,
    19383,
    19213,
    18485
  ],
  "Throughputs": [
    0.9519923840609275
  ],
  "AverageDelays": [
    29122.190476190477
  ]
}