{
  "transactionTimestamps": [
    1706012730945,
    1706012730945,
    1706012732575,
    1706012733032,
    1706012733574,
    1706012733823,
    1706012735324,
    1706012735856,
    1706012735766,
    1706012736324,
    1706012737335,
    1706012738194,
    1706012738346,
    1706012739350,
    1706012739170,
    1706012739868,
    1706012741097,
    1706012741617,
    1706012741982,
    1706012742260,
    1706012743724,
    1706012744333,
    1706012744014,
    1706012744659,
    1706012746081,
    1706012746251,
    1706012747051,
    1706012748381,
    1706012749244,
    1706012750683,
    1706012751203,
    1706012753029,
    1706012753726,
    1706012755012,
    1706012755631,
    1706012757116
  ],
  "blockTimestamps": [
    1706012740944,
    1706012749623,
    1706012756417,
    1706012759329,
    1706012761250
  ],
  "blockTimes": [
    1706012731,
    1706012739,
    1706012748,
    1706012755,
    1706012758
  ],
  "blockTransactions": [
    10,
    17,
    6,
    2,
    1
  ],
  "Delays": [
    9999,
    9999,
    8369,
    7912,
    7370,
    7121,
    5620,
    5088,
    5178,
    4620,
    12288,
    11429,
    11277,
    10273,
    10453,
    9755,
    8526,
    8006,
    7641,
    7363,
    5899,
    5290,
    5609,
    4964,
    3542,
    3372,
    2572,
    8036,
    7173,
    5734,
    5214,
    3388,
    2691,
    4317,
    3698,
    4134
  ],
  "Throughputs": [
    1.000100010001,
    1.4455509155155797,
    1.295540201005025,
    1.2330890642615557,
    1.1879227850189737
  ],
  "AverageDelays": [
    7127.6,
    7390.185185185185,
    7023.363636363636,
    6851.028571428571,
    6775.555555555556
  ]
}