{
  "transactionTimestamps": [
    1706011974557,
    1706011976637,
    1706011979449,
    1706011981858,
    1706011984255,
    1706011986165,
    1706011987883
  ],
  "blockTimestamps": [
    1706011981770,
    1706011986709,
    1706011989540,
    1706011994436
  ],
  "blockTimes": [
    1706011977,
    1706011985,
    1706011988,
    1706011991
  ],
  "blockTransactions": [
    3,
    2,
    1,
    1
  ],
  "Delays": [
    7213,
    5133,
    2321,
    4851,
    2454,
    3375,
    6553
  ],
  "Throughputs": [
    0.415915707749896,
    0.4114549045424622,
    0.40045384769405323,
    0.35213038885255793
  ],
  "AverageDelays": [
    4889,
    4394.4,
    4224.5,
    4557.142857142857
  ]
}