{
  "transactionTimestamps": [
    1706012512176,
    1706012512175,
    1706012513604,
    1706012514119,
    1706012513978,
    1706012515302,
    1706012515519,
    1706012516124,
    1706012516484,
    1706012517598,
    1706012518349,
    1706012519694,
    1706012519331,
    1706012520355,
    1706012521580,
    1706012521810,
    1706012522437,
    1706012524212,
    1706012524099
  ],
  "blockTimestamps": [
    1706012518385,
    1706012520585,
    1706012521931,
    1706012524299,
    1706012527971
  ],
  "blockTimes": [
    1706012510,
    1706012517,
    1706012519,
    1706012521,
    1706012523
  ],
  "blockTransactions": [
    5,
    3,
    3,
    3,
    5
  ],
  "Delays": [
    6209,
    6210,
    4781,
    4266,
    4407,
    5283,
    5066,
    4461,
    5447,
    4333,
    3582,
    4605,
    4968,
    3944,
    6391,
    6161,
    5534,
    3759,
    3872
  ],
  "Throughputs": [
    0.8052826542116284,
    0.9513616363420144,
    1.1276268580215274,
    1.154829662624763,
    1.2029123140234252
  ],
  "AverageDelays": [
    5174.6,
    5085.375,
    4913.181818181818,
    4825.857142857143,
    4909.421052631579
  ]
}