{"a": 0.3, "b": 0.7, "communities0": [[0, 65, 3, 36, 35, 38, 16, 18, 22, 61], [1, 33, 45, 17, 57, 60], [64, 2, 41, 19, 26, 31], [4, 39], [50, 5], [11, 6], [25, 7, 13, 47], [8, 49], [24, 9, 62], [10, 55], [12, 46, 15], [40, 14], [59, 20, 54], [32, 21, 37, 63], [51, 23], [27, 52], [56, 28], [29, 53], [42, 43, 30], [34, 44], [48, 58]], "communities1": [[0, 65, 3, 36, 35, 38, 16, 18, 22, 61], [1, 33, 45, 17, 57, 60], [64, 2, 41, 12, 46, 15, 19, 26, 31], [4, 39], [50, 5], [11, 6], [25, 7, 13, 47], [8, 49], [24, 9, 62], [10, 55], [40, 14], [59, 20, 54], [32, 21, 37, 63], [51, 23], [27, 52], [56, 28], [29, 53], [42, 43, 30], [34, 44], [48, 58]], "communities2": [[0, 3, 36, 16, 18, 22, 61], [1, 33, 45, 17, 57, 60], [41, 2, 31], [4, 39], [50, 5], [11, 6], [25, 47, 13, 7], [8, 49], [24, 9, 62], [10, 55], [12, 46, 15], [40, 14], [64, 26, 19], [59, 20, 54], [32, 37, 21, 63], [51, 23], [27, 52], [56, 28], [53, 29], [42, 43, 30], [34, 44], [65, 35, 38], [48, 58]], "communities3": [[9, 50, 35, 61], [24, 45, 53, 54], [56, 8, 46, 65], [10, 37, 21, 39], [48, 0, 42, 6], [32, 18, 40, 62], [33, 19, 13], [64, 57, 63], [26, 34, 51], [49, 23, 31], [43, 28, 30], [60, 29, 38], [17, 27, 12], [25, 1, 55], [58, 59, 20], [3, 36, 44], [41, 2, 52], [16, 14, 15], [11, 22, 47], [4, 5, 7]], "q0": 0.46414781717401904, "f0": 0.8467917660856868, "q1": 0.4624088208659654, "f1": 0.8445392392073501}