{"a": 0.3, "b": 0.7, "communities0": [[0, 33], [1, 3, 24, 25, 28, 31, 40, 43, 45, 46, 56, 58, 59, 63, 65, 70, 71, 83, 88, 90, 91, 100, 101, 102, 103, 112, 114, 116, 119, 121, 122], [2, 13], [97, 98, 35, 4, 68, 10, 106, 107, 15, 49, 29, 19, 20, 51, 22, 54, 57, 61], [5, 87], [37, 6], [7, 11, 17, 18, 21, 27, 32, 39, 47, 48, 50, 62, 75, 76, 82, 104, 105, 108, 110], [8, 123, 14], [34, 9, 74, 12, 77, 113, 52, 118, 60], [67, 36, 69, 16, 81, 84, 86, 23], [89, 26], [72, 30], [53, 38], [41, 79], [42, 55], [44, 92], [64, 94], [66, 99, 111], [73, 95], [85, 93, 78], [80, 96], [115, 109], [120, 117]], "communities1": [[0, 33], [1, 3, 24, 28, 31, 40, 43, 45, 46, 56, 58, 59, 63, 65, 70, 71, 83, 88, 91, 100, 101, 103, 112, 114, 116, 119, 121, 122], [2, 13], [97, 98, 35, 4, 68, 106, 107, 10, 15, 49, 29, 19, 20, 51, 22, 54, 57, 61], [5, 87], [37, 6], [7, 11, 17, 18, 21, 27, 32, 39, 47, 48, 50, 62, 75, 76, 82, 104, 105, 108, 110], [8, 123, 14], [34, 9, 74, 12, 77, 113, 52, 118, 60], [67, 36, 69, 16, 81, 84, 86, 23], [26, 102, 89, 90, 25], [72, 30], [53, 38], [41, 79], [42, 55], [44, 92], [64, 94], [66, 99, 111], [73, 95], [85, 93, 78], [80, 96], [115, 109], [120, 117]], "communities2": [[0, 33], [1, 3, 20, 24, 28, 31, 40, 43, 45, 46, 51, 56, 58, 59, 63, 65, 70, 71, 83, 84, 88, 91, 98, 100, 101, 103, 112, 114, 116, 119, 121, 122], [2, 13], [35, 4, 68, 106, 107, 49, 19, 22, 54, 57], [5, 87], [37, 6], [7, 11, 17, 18, 21, 27, 32, 39, 47, 48, 50, 62, 67, 75, 76, 82, 104, 105, 108, 110], [8, 123, 14], [34, 9, 74, 12, 113, 118], [10, 29], [97, 61, 15], [36, 69, 16, 81, 86, 23], [25, 90, 102], [89, 26], [72, 30], [53, 38], [41, 79], [42, 55], [44, 92], [52, 77, 60], [64, 94], [66, 99, 111], [73, 95], [93, 85, 78], [80, 96], [115, 109], [120, 117]], "communities3": [[58, 37, 112, 49, 90, 62], [70, 108, 92, 81, 88, 28], [5, 77, 47, 16, 24, 57], [4, 76, 20, 21, 22, 121], [3, 102, 10, 109, 82, 53], [67, 48, 80, 18, 19, 116], [2, 13, 87, 89, 122, 123], [1, 66, 35, 104, 12, 84], [0, 105, 42, 43, 85, 94], [39, 71, 44, 113, 114], [33, 8, 107, 52, 118], [96, 69, 72, 106, 14], [32, 100, 74, 46, 83], [64, 78, 79, 51, 120], [65, 99, 60, 29, 63], [34, 38, 45, 50, 27], [36, 9, 11, 110, 117], [68, 91, 115, 56, 59], [40, 41, 111, 31, 95], [97, 75, 61, 26, 93], [101, 7, 73, 54, 23], [98, 6, 119, 25, 30], [103, 15, 17, 86, 55]], "q0": 0.39600118488122943, "f0": 0.9258972610852921, "q1": 0.3989241491296347, "f1": 0.9199422443818923}