{"a": 0.8, "b": 0.2, "communities0": [[0, 6], [1, 4, 17, 7], [2, 5, 9, 13, 14, 16], [24, 3], [8, 18], [10, 11, 12, 15, 19, 21, 22], [20, 23]], "q0": 0.4052734375, "f0": 0.7726712660662591}