{"a": 0.8, "b": 0.2, "communities0": [[0, 25], [24, 1], [2, 28], [3, 12], [9, 4], [19, 5], [8, 6], [34, 7], [10, 31], [11, 23], [37, 13], [18, 14], [36, 15], [16, 30], [17, 33], [32, 20], [26, 21], [29, 22], [35, 27]], "q0": 0.48625000000000007, "f0": 0.7643859745116898}