{
  "transactionTimestamps": [
    1706168283388,
    1706168284262,
    1706168285185,
    1706168285718,
    1706168286246,
    1706168285452,
    1706168286389,
    1706168287588,
    1706168286996,
    1706168287588,
    1706168290256,
    1706168293206,
    1706168291863,
    1706168291382,
    1706168292082,
    1706168292051,
    1706168292784,
    1706168292785,
    1706168293889,
    1706168294160,
    1706168294439,
    1706168294747,
    1706168298164,
    1706168298179,
    1706168298959,
    1706168298835,
    1706168299365,
    1706168301634,
    1706168300761,
    1706168300102,
    1706168303124,
    1706168302427
  ],
  "blockTimestamps": [
    1706168289246,
    1706168292204,
    1706168298227,
    1706168301247,
    1706168304232,
    1706168307206
  ],
  "blockTimes": [
    1706168289,
    1706168292,
    1706168298,
    1706168301,
    1706168304,
    1706168307
  ],
  "blockTransactions": [
    2,
    8,
    8,
    4,
    4,
    6
  ],
  "Delays": [
    5858,
    4984,
    7019,
    6486,
    5958,
    6752,
    5815,
    4616,
    5208,
    4616,
    7971,
    5021,
    6364,
    6845,
    6145,
    6176,
    5443,
    5442,
    7358,
    7087,
    6808,
    6500,
    6068,
    6053,
    5273,
    5397,
    7841,
    5572,
    6445,
    7104,
    4082,
    4779
  ],
  "Throughputs": [
    0.3414134516899966,
    1.1343012704174227,
    1.2130197452658535,
    1.231871885323926,
    1.247361350988294,
    1.3435217062725668
  ],
  "AverageDelays": [
    5421,
    5731.2,
    5928.833333333333,
    6112.363636363636,
    6048.576923076923,
    6033.9375
  ]
}