{
  "transactionTimestamps": [
    1706168304187,
    1706168305358,
    1706168304844,
    1706168305140,
    1706168306263,
    1706168307606,
    1706168307199,
    1706168307606,
    1706168310307,
    1706168310899,
    1706168312725,
    1706168312057,
    1706168313130,
    1706168313365,
    1706168314454,
    1706168314111,
    1706168314004,
    1706168315015,
    1706168316370,
    1706168317199,
    1706168320040,
    1706168319371,
    1706168320040,
    1706168319371,
    1706168319962,
    1706168320526,
    1706168321180,
    1706168320853,
    1706168322979
  ],
  "blockTimestamps": [
    1706168310214,
    1706168313232,
    1706168316195,
    1706168319256,
    1706168322252,
    1706168325193,
    1706168325201
  ],
  "blockTimes": [
    1706168310,
    1706168313,
    1706168316,
    1706168319,
    1706168322,
    1706168325,
    1706168325
  ],
  "blockTransactions": [
    4,
    4,
    3,
    6,
    3,
    2,
    7
  ],
  "Delays": [
    6027,
    4856,
    5370,
    5074,
    6969,
    5626,
    6033,
    5626,
    5888,
    5296,
    3470,
    7199,
    6126,
    5891,
    4802,
    5145,
    5252,
    7237,
    5882,
    5053,
    5153,
    5822,
    5161,
    5830,
    5239,
    4675,
    4021,
    4348,
    2222
  ],
  "Throughputs": [
    0.663680106188817,
    0.8844665561083471,
    0.916055962691539,
    1.1281438715243215,
    1.1071132023249377,
    1.0473198133866515,
    1.3800323593794614
  ],
  "AverageDelays": [
    5331.75,
    5697.625,
    5475.909090909091,
    5567.64705882353,
    5641.1,
    5627.136363636364,
    5354.931034482759
  ]
}