{
  "transactionTimestamps": [
    1706168246995,
    1706168247576,
    1706168247103,
    1706168247304,
    1706168247822,
    1706168247574,
    1706168247522,
    1706168247744,
    1706168253027,
    1706168253633,
    1706168253588,
    1706168253710,
    1706168253741,
    1706168253774,
    1706168254390,
    1706168254321,
    1706168254389,
    1706168254101,
    1706168259040,
    1706168259895,
    1706168259769,
    1706168260487,
    1706168260270,
    1706168260597
  ],
  "blockTimestamps": [
    1706168253195,
    1706168259198,
    1706168262189,
    1706168265191
  ],
  "blockTimes": [
    1706168253,
    1706168259,
    1706168262,
    1706168265
  ],
  "blockTransactions": [
    8,
    8,
    2,
    6
  ],
  "Delays": [
    6200,
    5619,
    6092,
    5891,
    5373,
    5621,
    5673,
    5451,
    6171,
    5565,
    5610,
    5488,
    5457,
    5424,
    4808,
    4877,
    7800,
    8088,
    6151,
    5296,
    5422,
    4704,
    4921,
    4594
  ],
  "Throughputs": [
    1.2903225806451613,
    1.3111529951651233,
    1.184678162432539,
    1.3189712024620794
  ],
  "AverageDelays": [
    5740,
    5582.5,
    5844.888888888889,
    5679
  ]
}