{
  "transactionTimestamps": [
    1706168260660,
    1706168261236,
    1706168264861,
    1706168265545,
    1706168265820,
    1706168266433,
    1706168266292,
    1706168267587,
    1706168267588,
    1706168267181,
    1706168271158,
    1706168271268,
    1706168271858,
    1706168271781,
    1706168272751,
    1706168273437,
    1706168274201,
    1706168273969,
    1706168274859,
    1706168274802,
    1706168276949,
    1706168277851,
    1706168278427,
    1706168279191,
    1706168279817,
    1706168280019,
    1706168280160,
    1706168280800,
    1706168280894
  ],
  "blockTimestamps": [
    1706168268205,
    1706168271811,
    1706168274191,
    1706168277185,
    1706168280224,
    1706168283205,
    1706168286228
  ],
  "blockTimes": [
    1706168268,
    1706168271,
    1706168274,
    1706168277,
    1706168280,
    1706168283,
    1706168286
  ],
  "blockTransactions": [
    2,
    4,
    4,
    4,
    6,
    2,
    7
  ],
  "Delays": [
    7545,
    6969,
    6950,
    6266,
    5991,
    5378,
    7899,
    6604,
    6603,
    7010,
    6027,
    5917,
    5327,
    5404,
    7473,
    6787,
    6023,
    6255,
    5365,
    5422,
    6256,
    5354,
    7801,
    7037,
    6411,
    6209,
    6068,
    5428,
    5334
  ],
  "Throughputs": [
    0.26507620941020543,
    0.5380683346785042,
    0.7390436774813391,
    0.8472012102874433,
    1.0222858311183807,
    0.9758261255267242,
    1.1342302878598247
  ],
  "AverageDelays": [
    7257,
    6516.5,
    6721.5,
    6420.714285714285,
    6360.75,
    6310.227272727273,
    6314.241379310345
  ]
}