{
  "transactionTimestamps": [
    1706009546476,
    1706009546477,
    1706009547339,
    1706009547728,
    1706009548026,
    1706009548618,
    1706009548912,
    1706009549440,
    1706009549843,
    1706009550387,
    1706009550590,
    1706009551135
  ],
  "blockTimestamps": [
    1706009548890,
    1706009549363,
    1706009550357,
    1706009550873,
    1706009551391,
    1706009552735
  ],
  "blockTimes": [
    1706009551,
    1706009552,
    1706009553,
    1706009554,
    1706009555,
    1706009556
  ],
  "blockTransactions": [
    5,
    1,
    1,
    2,
    2,
    1
  ],
  "Delays": [
    2414,
    2413,
    1551,
    1162,
    864,
    745,
    1445,
    1433,
    1030,
    1004,
    801,
    1600
  ],
  "Throughputs": [
    2.071251035625518,
    2.0782819535850363,
    1.8036588508116467,
    2.0468501250852853,
    2.2380467955239065,
    1.9172391755871543
  ],
  "AverageDelays": [
    1680.8,
    1524.8333333333333,
    1513.4285714285713,
    1450.7777777777778,
    1351.090909090909,
    1371.8333333333333
  ]
}