{
  "transactionTimestamps": [
    1706009697898,
    1706009697898,
    1706009698949,
    1706009699597,
    1706009700019,
    1706009700890,
    1706009701591,
    1706009700408,
    1706009702604,
    1706009702667,
    1706009703698,
    1706009704319
  ],
  "blockTimestamps": [
    1706009699046,
    1706009705466,
    1706009710145
  ],
  "blockTimes": [
    1706009698,
    1706009701,
    1706009704
  ],
  "blockTransactions": [
    2,
    9,
    1
  ],
  "Delays": [
    1148,
    1148,
    6517,
    5869,
    5447,
    4576,
    3875,
    5058,
    2862,
    2799,
    1768,
    5826
  ],
  "Throughputs": [
    1.7421602787456447,
    1.4534883720930234,
    0.9798317955417654
  ],
  "AverageDelays": [
    1148,
    3733.3636363636365,
    3907.75
  ]
}