{
  "transactionTimestamps": [
    1706009647070,
    1706009647069,
    1706009647070,
    1706009647832,
    1706009647940,
    1706009648454,
    1706009648625,
    1706009648886,
    1706009649462,
    1706009649664,
    1706009649803,
    1706009650489,
    1706009650536,
    1706009650721,
    1706009651418,
    1706009651480,
    1706009651728,
    1706009652335
  ],
  "blockTimestamps": [
    1706009652978,
    1706009653707
  ],
  "blockTimes": [
    1706009656,
    1706009657
  ],
  "blockTransactions": [
    14,
    4
  ],
  "Delays": [
    5908,
    5909,
    5908,
    5146,
    5038,
    4524,
    4353,
    4092,
    3516,
    3314,
    3175,
    2489,
    2442,
    2257,
    2289,
    2227,
    1979,
    1372
  ],
  "Throughputs": [
    2.3696682464454977,
    2.7120687057405455
  ],
  "AverageDelays": [
    4147.928571428572,
    3663.222222222222
  ]
}