{
  "transactionTimestamps": [
    1706009872718,
    1706009874477
  ],
  "blockTimestamps": [
    1706009877002,
    1706009877425
  ],
  "blockTimes": [
    1706009882,
    1706009883
  ],
  "blockTransactions": [
    1,
    1
  ],
  "Delays": [
    4284,
    2948
  ],
  "Throughputs": [
    0.2334267040149393,
    0.4248990864669641
  ],
  "AverageDelays": [
    4284,
    3616
  ]
}