{
  "transactionTimestamps": [
    1706009816848,
    1706009816848,
    1706009817722,
    1706009817875,
    1706009818573,
    1706009818758,
    1706009819255,
    1706009820157,
    1706009821125,
    1706009819486,
    1706009822027,
    1706009821424,
    1706009823010
  ],
  "blockTimestamps": [
    1706009817919,
    1706009818463,
    1706009820156,
    1706009820236,
    1706009823738,
    1706009824834
  ],
  "blockTimes": [
    1706009822,
    1706009823,
    1706009824,
    1706009825,
    1706009827,
    1706009828
  ],
  "blockTransactions": [
    2,
    1,
    1,
    3,
    4,
    2
  ],
  "Delays": [
    1071,
    1071,
    741,
    2281,
    1663,
    1478,
    981,
    3581,
    2613,
    4252,
    1711,
    3410,
    1824
  ],
  "Throughputs": [
    1.8674136321195145,
    1.8575851393188854,
    1.2091898428053205,
    2.066115702479339,
    1.5965166908563135,
    1.627848735286752
  ],
  "AverageDelays": [
    1071,
    961,
    1291,
    1326.5714285714287,
    1949.3636363636363,
    2052.076923076923
  ]
}