{
  "transactionTimestamps": [
    1706009747040,
    1706009747732,
    1706009748822,
    1706009749696,
    1706009750751,
    1706009751539,
    1706009752549,
    1706009753201,
    1706009754214,
    1706009755258,
    1706009756190,
    1706009756922
  ],
  "blockTimestamps": [
    1706009749325,
    1706009749720,
    1706009750848,
    1706009752774,
    1706009755310,
    1706009756041,
    1706009760387
  ],
  "blockTimes": [
    1706009747,
    1706009748,
    1706009750,
    1706009752,
    1706009753,
    1706009754,
    1706009755
  ],
  "blockTransactions": [
    2,
    1,
    1,
    2,
    1,
    2,
    3
  ],
  "Delays": [
    2285,
    1593,
    898,
    1152,
    2023,
    1235,
    2761,
    2840,
    1827,
    5129,
    4197,
    3465
  ],
  "Throughputs": [
    0.87527352297593,
    1.1194029850746268,
    1.050420168067227,
    1.0463899546564353,
    0.8464328899637243,
    0.9998889012331964,
    0.8990784445942909
  ],
  "AverageDelays": [
    1939,
    1592,
    1482,
    1531,
    1706.7142857142858,
    1846,
    2450.4166666666665
  ]
}