{
  "transactionTimestamps": [
    1706009768712,
    1706009768712,
    1706009769685,
    1706009769748,
    1706009770696,
    1706009770728,
    1706009771317,
    1706009771658,
    1706009772029,
    1706009772743,
    1706009773038,
    1706009773804
  ],
  "blockTimestamps": [
    1706009771386,
    1706009773161,
    1706009773804,
    1706009775152,
    1706009776052
  ],
  "blockTimes": [
    1706009771,
    1706009772,
    1706009773,
    1706009774,
    1706009775
  ],
  "blockTransactions": [
    4,
    2,
    4,
    1,
    1
  ],
  "Delays": [
    2674,
    2674,
    1701,
    1638,
    2465,
    2433,
    2487,
    2146,
    1775,
    1061,
    2114,
    2248
  ],
  "Throughputs": [
    1.4958863126402393,
    1.3486176668914363,
    1.9638648860958368,
    1.7080745341614907,
    1.6348773841961852
  ],
  "AverageDelays": [
    2171.75,
    2264.1666666666665,
    2105.4,
    2106.181818181818,
    2118
  ]
}