{
  "transactionTimestamps": [
    1706009718307,
    1706009718307,
    1706009719114,
    1706009719437,
    1706009719841,
    1706009720262,
    1706009720495,
    1706009721115,
    1706009721288,
    1706009721736,
    1706009722139,
    1706009722544
  ],
  "blockTimestamps": [
    1706009720946,
    1706009723704
  ],
  "blockTimes": [
    1706009715,
    1706009719
  ],
  "blockTransactions": [
    2,
    10
  ],
  "Delays": [
    2639,
    2639,
    4590,
    4267,
    3863,
    3442,
    3209,
    2589,
    2416,
    1968,
    1565,
    1160
  ],
  "Throughputs": [
    0.7578628268283442,
    2.2234574763757644
  ],
  "AverageDelays": [
    2639,
    2862.25
  ]
}