{
  "transactionTimestamps": [
    1706009897542,
    1706009899269,
    1706009900328,
    1706009901187,
    1706009901812,
    1706009902900,
    1706009903601,
    1706009904364,
    1706009906163
  ],
  "blockTimestamps": [
    1706009900851,
    1706009901117,
    1706009903813,
    1706009905280,
    1706009905886,
    1706009907371
  ],
  "blockTimes": [
    1706009897,
    1706009899,
    1706009903,
    1706009904,
    1706009905,
    1706009908
  ],
  "blockTransactions": [
    2,
    1,
    3,
    1,
    1,
    1
  ],
  "Delays": [
    3309,
    1582,
    789,
    2626,
    2001,
    913,
    1679,
    1522,
    1208
  ],
  "Throughputs": [
    0.6044122091266243,
    0.8391608391608392,
    0.9567852017222134,
    0.9046265184802273,
    0.9587727708533078,
    0.9156577474819412
  ],
  "AverageDelays": [
    2445.5,
    1893.3333333333333,
    1870,
    1842.7142857142858,
    1802.625,
    1736.5555555555557
  ]
}