{
  "transactionTimestamps": [
    1706009491560,
    1706009491561,
    1706009492376,
    1706009492967,
    1706009493091,
    1706009493810,
    1706009493797,
    1706009494492,
    1706009494569,
    1706009495209,
    1706009495320,
    1706009496235
  ],
  "blockTimestamps": [
    1706009498443
  ],
  "blockTimes": [
    1706009506
  ],
  "blockTransactions": [
    12
  ],
  "Delays": [
    6883,
    6882,
    6067,
    5476,
    5352,
    4633,
    4646,
    3951,
    3874,
    3234,
    3123,
    2208
  ],
  "Throughputs": [
    1.7434258317594071
  ],
  "AverageDelays": [
    4694.083333333333
  ]
}