{
  "transactionTimestamps": [
    1706009864796,
    1706009866867
  ],
  "blockTimestamps": [
    1706009868054,
    1706009869378
  ],
  "blockTimes": [
    1706009872,
    1706009874
  ],
  "blockTransactions": [
    1,
    1
  ],
  "Delays": [
    3258,
    2511
  ],
  "Throughputs": [
    0.3069367710251688,
    0.4364906154517678
  ],
  "AverageDelays": [
    3258,
    2884.5
  ]
}