{
  "transactionTimestamps": [
    1706009731233,
    1706009731233,
    1706009732152,
    1706009732199,
    1706009733119,
    1706009733120,
    1706009733740,
    1706009734143,
    1706009734485,
    1706009735073,
    1706009735508,
    1706009735956
  ],
  "blockTimestamps": [
    1706009736421,
    1706009738594
  ],
  "blockTimes": [
    1706009729,
    1706009734
  ],
  "blockTransactions": [
    4,
    8
  ],
  "Delays": [
    5188,
    5188,
    4269,
    4222,
    5475,
    5474,
    4854,
    4451,
    4109,
    3521,
    3086,
    2638
  ],
  "Throughputs": [
    0.7710100231303008,
    1.630213286238283
  ],
  "AverageDelays": [
    4716.75,
    4372.916666666667
  ]
}