{
  "transactionTimestamps": [
    1706009661369,
    1706009661369,
    1706009662333,
    1706009662379,
    1706009663002,
    1706009663204,
    1706009663746,
    1706009663917,
    1706009664571,
    1706009664727,
    1706009665565,
    1706009665612
  ],
  "blockTimestamps": [
    1706009665155,
    1706009666433,
    1706009670298
  ],
  "blockTimes": [
    1706009667,
    1706009668,
    1706009669
  ],
  "blockTransactions": [
    4,
    4,
    4
  ],
  "Delays": [
    3786,
    3786,
    2822,
    2776,
    3431,
    3229,
    2687,
    2516,
    5727,
    5571,
    4733,
    4686
  ],
  "Throughputs": [
    1.0565240359218173,
    1.5797788309636651,
    1.3439354910964274
  ],
  "AverageDelays": [
    3292.5,
    3129.125,
    3812.5
  ]
}