{
  "transactionTimestamps": [
    1706009529235,
    1706009529234,
    1706009529926,
    1706009530163,
    1706009530814,
    1706009531063,
    1706009531641,
    1706009532124,
    1706009532466,
    1706009532870,
    1706009533166,
    1706009533630
  ],
  "blockTimestamps": [
    1706009534930,
    1706009535254
  ],
  "blockTimes": [
    1706009537,
    1706009538
  ],
  "blockTransactions": [
    8,
    4
  ],
  "Delays": [
    5695,
    5696,
    5004,
    4767,
    4116,
    3867,
    3289,
    2806,
    2788,
    2384,
    2088,
    1624
  ],
  "Throughputs": [
    1.404741000877963,
    1.9936866589134408
  ],
  "AverageDelays": [
    4405,
    3677
  ]
}