{
  "transactionTimestamps": [
    1706009598244,
    1706009598244,
    1706009599074,
    1706009599228,
    1706009599926,
    1706009600141,
    1706009600703,
    1706009601150,
    1706009601385,
    1706009601753,
    1706009602080,
    1706009602435
  ],
  "blockTimestamps": [
    1706009598827,
    1706009600343,
    1706009600905,
    1706009601437,
    1706009601745,
    1706009602646,
    1706009604015
  ],
  "blockTimes": [
    1706009602,
    1706009604,
    1706009605,
    1706009606,
    1706009607,
    1706009609,
    1706009610
  ],
  "blockTransactions": [
    2,
    2,
    1,
    2,
    1,
    1,
    3
  ],
  "Delays": [
    583,
    583,
    1269,
    1115,
    979,
    1296,
    734,
    595,
    1261,
    2262,
    1935,
    1580
  ],
  "Throughputs": [
    3.430531732418525,
    1.9056693663649356,
    1.8789928598271326,
    2.192295646727216,
    2.2850614110254215,
    2.044525215810995,
    2.0793623288858085
  ],
  "AverageDelays": [
    583,
    887.5,
    905.8,
    937,
    894.25,
    935,
    1182.6666666666667
  ]
}