{
  "transactionTimestamps": [
    1706009620709,
    1706009620709,
    1706009621501,
    1706009622253,
    1706009623281,
    1706009623952,
    1706009624388,
    1706009624745
  ],
  "blockTimestamps": [
    1706009623697,
    1706009624282,
    1706009625165,
    1706009626477
  ],
  "blockTimes": [
    1706009631,
    1706009632,
    1706009633,
    1706009635
  ],
  "blockTransactions": [
    1,
    4,
    1,
    2
  ],
  "Delays": [
    2988,
    3573,
    2781,
    2029,
    1001,
    1213,
    2089,
    1732
  ],
  "Throughputs": [
    0.33467202141900937,
    1.3993842709207949,
    1.3464991023339317,
    1.3869625520110958
  ],
  "AverageDelays": [
    2988,
    2474.4,
    2264.1666666666665,
    2175.75
  ]
}