{"a": 0.4, "b": 0.6, "communities0": [[0, 26, 43, 15], [48, 1, 10], [27, 2, 35, 28], [32, 3, 37, 38, 7, 8, 41, 42, 44, 13, 14, 16, 24, 25], [4, 29, 23], [17, 5, 21], [36, 6], [9, 49], [11, 45, 46, 18, 19], [33, 34, 39, 12, 20, 30], [22, 31], [40, 47]], "q0": 0.4543442557282486, "f0": 0.8490502704348425}