{"a": 0.7, "b": 0.3, "communities0": [[0, 134, 70], [89, 1], [2, 83], [3, 190], [4, 55], [5, 165], [6, 103], [102, 7], [8, 149], [9, 124], [10, 69], [11, 63], [144, 161, 51, 12], [36, 13], [81, 14], [47, 15], [16, 114], [17, 30], [18, 66], [99, 19], [20, 77], [25, 21], [58, 22], [146, 23], [24, 85], [26, 43], [192, 27], [33, 28], [72, 29], [93, 31], [32, 184], [34, 101], [35, 147], [188, 37], [38, 191], [49, 164, 46, 39], [40, 59], [41, 158], [56, 42], [44, 142], [122, 45], [48, 163], [186, 50], [90, 52], [80, 53], [145, 54], [57, 75], [178, 60], [61, 118], [187, 62], [64, 109], [65, 174], [88, 67], [97, 68], [185, 71], [73, 189], [74, 131], [76, 173], [107, 78], [152, 79], [82, 139], [84, 181], [117, 86], [108, 87], [177, 91], [168, 92], [136, 94], [157, 95], [96, 153], [98, 110], [176, 100], [104, 116], [105, 121], [106, 132], [148, 111], [112, 170, 162, 151], [113, 183], [115, 156], [126, 119], [120, 138], [123, 171], [125, 159], [135, 127], [128, 129], [130, 154], [172, 133], [137, 182], [169, 140], [180, 141], [167, 143], [150, 175], [160, 155], [179, 166]], "q0": 0.49675, "f0": 0.9260238054270261}