{
  "transactionTimestamps": [
    1706170073850,
    1706170073851,
    1706170075358,
    1706170075517,
    1706170076822,
    1706170076995,
    1706170078416,
    1706170078297,
    1706170079882,
    1706170084358,
    1706170084918,
    1706170086494
  ],
  "blockTimestamps": [
    1706170078227,
    1706170081240,
    1706170084237,
    1706170087794,
    1706170090239,
    1706170093201
  ],
  "blockTimes": [
    1706170078,
    1706170081,
    1706170084,
    1706170087,
    1706170090,
    1706170093
  ],
  "blockTransactions": [
    2,
    4,
    2,
    1,
    1,
    2
  ],
  "Delays": [
    4377,
    4376,
    5882,
    5723,
    4418,
    4245,
    5821,
    5940,
    7912,
    5881,
    8283,
    6707
  ],
  "Throughputs": [
    0.4569339730408956,
    0.8119079837618404,
    0.7701935111196688,
    0.6454388984509466,
    0.6101653548111539,
    0.6201229910598935
  ],
  "AverageDelays": [
    4376.5,
    4836.833333333333,
    5097.75,
    5410.444444444444,
    5457.5,
    5797.083333333333
  ]
}