{
  "transactionTimestamps": [
    1706169994552,
    1706169994523,
    1706169994591,
    1706169994594,
    1706169996106,
    1706169996278,
    1706169996013,
    1706169996137,
    1706169997575,
    1706169997763,
    1706169998823,
    1706169999398,
    1706170000531,
    1706170001061,
    1706170001858,
    1706170002228,
    1706170002588,
    1706170003119,
    1706170003664,
    1706170004346,
    1706170002827,
    1706170004005,
    1706170002826,
    1706170005128,
    1706170005388,
    1706170007056,
    1706170008662
  ],
  "blockTimestamps": [
    1706170000225,
    1706170003200,
    1706170006222,
    1706170009238,
    1706170012191
  ],
  "blockTimes": [
    1706170000,
    1706170003,
    1706170006,
    1706170009,
    1706170012
  ],
  "blockTransactions": [
    6,
    6,
    5,
    8,
    2
  ],
  "Delays": [
    5673,
    5702,
    5634,
    5631,
    4119,
    3947,
    7187,
    7063,
    5625,
    5437,
    4377,
    3802,
    5691,
    5161,
    4364,
    3994,
    3634,
    6119,
    5574,
    4892,
    6411,
    5233,
    6412,
    4110,
    3850,
    5135,
    3529
  ],
  "Throughputs": [
    1.0576414595452142,
    1.387604070305273,
    1.4567266495287061,
    1.7023015116437423,
    1.5306990192187766
  ],
  "AverageDelays": [
    5117.666666666667,
    5349.75,
    5120.058823529412,
    5185.68,
    5122.444444444444
  ]
}