{
  "transactionTimestamps": [
    1706170030046,
    1706170031444,
    1706170030579,
    1706170033825,
    1706170033825,
    1706170035254,
    1706170036656,
    1706170035518,
    1706170038234,
    1706170039840,
    1706170041852,
    1706170042392
  ],
  "blockTimestamps": [
    1706170036315,
    1706170039268,
    1706170042205,
    1706170045206,
    1706170048204
  ],
  "blockTimes": [
    1706170036,
    1706170039,
    1706170042,
    1706170045,
    1706170048
  ],
  "blockTransactions": [
    3,
    3,
    3,
    1,
    2
  ],
  "Delays": [
    6269,
    4871,
    5736,
    5443,
    5443,
    4014,
    5549,
    6687,
    3971,
    5366,
    6352,
    5812
  ],
  "Throughputs": [
    0.4785452225235285,
    0.6506180871828238,
    0.7401924500370096,
    0.6596306068601583,
    0.6608657341116863
  ],
  "AverageDelays": [
    5625.333333333333,
    5296,
    5331.444444444444,
    5334.9,
    5459.416666666667
  ]
}