{
  "transactionTimestamps": [
    1706170013820,
    1706170013820,
    1706170013821,
    1706170015099,
    1706170015117,
    1706170015474,
    1706170016348,
    1706170016767,
    1706170017094,
    1706170017626,
    1706170017986,
    1706170018436,
    1706170018838,
    1706170019506,
    1706170020083,
    1706170019897,
    1706170021127,
    1706170021363,
    1706170022635,
    1706170022775,
    1706170024408,
    1706170023865,
    1706170025890
  ],
  "blockTimestamps": [
    1706170018194,
    1706170021214,
    1706170024236,
    1706170027252,
    1706170030281
  ],
  "blockTimes": [
    1706170018,
    1706170021,
    1706170024,
    1706170027,
    1706170030
  ],
  "blockTransactions": [
    3,
    7,
    6,
    4,
    3
  ],
  "Delays": [
    4374,
    4374,
    4373,
    6115,
    6097,
    5740,
    4866,
    4447,
    4120,
    3588,
    6250,
    5800,
    5398,
    4730,
    4153,
    4339,
    6125,
    5889,
    4617,
    4477,
    5873,
    6416,
    4391
  ],
  "Throughputs": [
    0.6858710562414266,
    1.352447930754666,
    1.5360983102918586,
    1.4889815366289458,
    1.3972419658586965
  ],
  "AverageDelays": [
    4373.666666666667,
    4809.4,
    4922.75,
    4993.6,
    5067.478260869565
  ]
}