{
  "transactionTimestamps": [
    1706170048011,
    1706170046686,
    1706170049336,
    1706170048680,
    1706170053842,
    1706170053842,
    1706170055146,
    1706170055582,
    1706170056856,
    1706170057057,
    1706170058271,
    1706170058521,
    1706170060202,
    1706170059502,
    1706170066354
  ],
  "blockTimestamps": [
    1706170054258,
    1706170057279,
    1706170060219,
    1706170063238,
    1706170066398,
    1706170072214
  ],
  "blockTimes": [
    1706170054,
    1706170057,
    1706170060,
    1706170063,
    1706170066,
    1706170072
  ],
  "blockTransactions": [
    4,
    2,
    3,
    3,
    2,
    1
  ],
  "Delays": [
    6247,
    7572,
    4922,
    5578,
    3437,
    3437,
    5073,
    4637,
    3363,
    6181,
    4967,
    4717,
    6196,
    6896,
    5860
  ],
  "Throughputs": [
    0.6403073475268128,
    0.6473888649115235,
    0.737221494102228,
    0.7880738162474552,
    0.7614075161799096,
    0.61975788125439
  ],
  "AverageDelays": [
    6079.75,
    5198.833333333333,
    4918.444444444444,
    5010.916666666667,
    5230.214285714285,
    5272.2
  ]
}