{"a": 0.4, "b": 0.6, "communities0": [[0, 19, 30, 7], [1, 22], [16, 2], [3, 27], [4, 12], [18, 5], [10, 6], [8, 33, 34, 21], [32, 9], [26, 11], [28, 13], [29, 14], [24, 15], [17], [20], [25, 23], [31]], "q0": 0.47263313609467456, "f0": 0.7781388925899241}