{"a": 0.3, "b": 0.7, "communities0": [[0, 18], [1, 19], [8, 2], [9, 3], [10, 4], [5, 6], [14, 7], [11, 15], [17, 12], [16, 13]], "q0": 0.47500000000000003, "f0": 0.7064927213380092}