{"a": 0.6, "b": 0.4, "communities0": [[0, 1, 29], [2], [34, 3, 5, 6, 8, 15, 20, 21, 22, 23], [4, 7], [9, 28], [10, 14, 18, 24, 30], [33, 11, 13, 16, 17, 19, 27, 31], [25, 12], [32, 26]], "q0": 0.3834237257464027, "f0": 0.7300318449974156}