{"a": 0.8, "b": 0.2, "communities0": [[0, 1, 2, 3, 4, 5, 6, 7, 8, 9, 12, 13, 14, 15, 16, 17, 18, 19, 20, 21, 23, 24, 26, 28, 31, 32, 33, 34, 35, 36, 37, 39, 40, 41, 43, 46, 47, 49, 50, 53, 54, 60, 63, 64, 65, 67, 69, 71, 72, 74, 76, 80, 81, 84, 85, 87, 88, 90, 91, 92, 93, 95, 97, 98, 99, 100, 102, 103, 104, 105, 106, 108, 110, 111, 112, 114, 116, 119, 120, 121, 123, 124, 130, 134, 135, 136, 137, 138, 139, 141, 142, 143, 144, 146, 147, 150, 151, 153, 154, 155, 156, 157, 158, 159, 160, 161, 163, 166, 167, 168, 170, 171, 172, 174, 176, 177, 178, 181, 182, 183, 184, 185, 187, 189, 190, 191, 192, 194, 195, 196, 197, 198, 200, 201, 202, 204, 206, 207, 209, 211, 213, 214, 215, 216, 217, 218, 219, 220, 221, 222, 223, 224, 225, 226, 227, 228, 229, 230, 232, 234, 235, 236, 237, 238, 241, 242, 243, 244, 245, 246, 247, 248, 249, 250, 253, 254, 256, 257, 258, 259, 260, 262, 263, 264, 265, 266, 267, 268, 269, 270, 272, 273, 274, 276, 278, 280, 281, 282, 283, 284, 285, 287, 288, 289, 291, 292, 294, 295, 296], [89, 10], [131, 133, 11, 271, 152, 286, 290, 164, 293, 56, 186, 188, 68, 73, 86, 96, 233, 118, 255], [208, 22], [27, 109, 77, 175, 79, 113, 210, 117, 25, 251, 57], [261, 199, 145, 279, 29], [30], [122, 38], [42, 173], [132, 44, 205, 240, 275, 55, 62], [129, 140, 45, 239, 52, 180, 127], [48, 128], [51, 231], [58, 94], [169, 59], [193, 162, 61], [66, 126], [203, 70], [75, 83], [165, 78], [82, 107], [212, 101], [115, 277, 149], [179, 125], [148], [252]], "q0": 0.45749461337513625, "f0": 0.5258345849745857}