{"a": 0.5, "b": 0.5, "communities0": [[0, 34, 35, 6, 7, 8, 11, 12, 15, 19, 21, 23, 27, 28, 30], [1, 26], [32, 2], [18, 3, 22], [33, 4, 5, 14], [9, 20], [10, 31], [16, 13], [24, 17, 29, 25]], "q0": 0.45770083102493075, "f0": 0.5796378256307401}