{"a": 0.3, "b": 0.7, "communities0": [[0, 64], [1, 3, 7, 10, 11, 16, 17, 20, 22, 23, 27, 28, 30, 32, 45, 48, 55, 56, 58, 66, 67, 68, 75, 79, 85, 86, 87], [40, 2], [34, 35, 4, 37, 72, 76, 46, 18, 51, 82, 84], [88, 5], [65, 6, 39, 73, 74, 12, 13, 83, 53, 24, 57, 29], [8, 69], [71, 9, 43, 77, 78, 81, 50, 19], [61, 14], [52, 60, 15], [21, 54], [25, 44], [49, 26], [36, 31], [33, 41], [80, 38, 47], [42, 62], [59, 70], [89, 63]], "q0": 0.41369388858842615, "f0": 0.9009435600706601}