{
  "transactionTimestamps": [
    1706096789422,
    1706096791025,
    1706096792190,
    1706096793467,
    1706096793467,
    1706096793467,
    1706096793470,
    1706096793758,
    1706096794784,
    1706096794908,
    1706096794938,
    1706096794985,
    1706096796072,
    1706096796196,
    1706096796369,
    1706096797444,
    1706096797582,
    1706096797675,
    1706096796524,
    1706096798999,
    1706096799108,
    1706096800439,
    1706096800828,
    1706096798904,
    1706096799358,
    1706096802272,
    1706096802861,
    1706096801729,
    1706096802427
  ],
  "blockTimestamps": [
    1706096794762,
    1706096797762,
    1706096800763,
    1706096803759,
    1706096806762
  ],
  "blockTimes": [
    1706096794,
    1706096797,
    1706096800,
    1706096803,
    1706096806
  ],
  "blockTransactions": [
    2,
    6,
    8,
    6,
    7
  ],
  "Delays": [
    5340,
    3737,
    5572,
    4295,
    4295,
    4295,
    4292,
    4004,
    5979,
    5855,
    5825,
    5778,
    4691,
    4567,
    4394,
    3319,
    6177,
    6084,
    7235,
    4760,
    4651,
    3320,
    5934,
    7858,
    7404,
    4490,
    3901,
    5033,
    4335
  ],
  "Throughputs": [
    0.37453183520599254,
    0.9592326139088729,
    1.410810334185698,
    1.534491176675734,
    1.6724336793540946
  ],
  "AverageDelays": [
    4538.5,
    4478.75,
    4764.875,
    4930.227272727273,
    5083.448275862069
  ]
}