{
  "transactionTimestamps": [
    1706096778466,
    1706096778465,
    1706096778465,
    1706096779660,
    1706096779970,
    1706096779660,
    1706096781115,
    1706096781162,
    1706096780803,
    1706096782359,
    1706096782343,
    1706096783826,
    1706096783951,
    1706096784374,
    1706096783162,
    1706096785215,
    1706096785340,
    1706096785838,
    1706096786847,
    1706096787252,
    1706096788184
  ],
  "blockTimestamps": [
    1706096782761,
    1706096785761,
    1706096788760,
    1706096791758
  ],
  "blockTimes": [
    1706096782,
    1706096785,
    1706096788,
    1706096791
  ],
  "blockTransactions": [
    3,
    8,
    6,
    4
  ],
  "Delays": [
    4295,
    4296,
    4296,
    6101,
    5791,
    6101,
    4646,
    4599,
    4958,
    3402,
    3418,
    4934,
    4809,
    4386,
    5598,
    3545,
    3420,
    5920,
    4911,
    4506,
    3574
  ],
  "Throughputs": [
    0.6984866123399301,
    1.5078821110349554,
    1.6514474451136583,
    1.579897682816732
  ],
  "AverageDelays": [
    4295.666666666667,
    4718.454545454545,
    4623.235294117647,
    4643.142857142857
  ]
}