{
  "transactionTimestamps": [
    1706096749176,
    1706096749260,
    1706096750511,
    1706096751707,
    1706096750634,
    1706096753319,
    1706096754504,
    1706096754706,
    1706096753214,
    1706096755703,
    1706096755859,
    1706096756970,
    1706096758167
  ],
  "blockTimestamps": [
    1706096752756,
    1706096755760,
    1706096758758,
    1706096761757
  ],
  "blockTimes": [
    1706096752,
    1706096755,
    1706096758,
    1706096761
  ],
  "blockTransactions": [
    2,
    3,
    4,
    4
  ],
  "Delays": [
    3580,
    3496,
    5249,
    4053,
    5126,
    5439,
    4254,
    4052,
    5544,
    6054,
    5898,
    4787,
    3590
  ],
  "Throughputs": [
    0.5586592178770949,
    0.7594167679222358,
    0.939261114589856,
    1.0333041888562118
  ],
  "AverageDelays": [
    3538,
    4300.8,
    4532.555555555556,
    4701.692307692308
  ]
}