{
  "transactionTimestamps": [
    1706096849586,
    1706096850332,
    1706096849305,
    1706096850926,
    1706096851865,
    1706096852101,
    1706096853490,
    1706096853490,
    1706096853535,
    1706096853412,
    1706096854794,
    1706096854953,
    1706096855046,
    1706096856038,
    1706096856263,
    1706096856530,
    1706096856859,
    1706096855623,
    1706096857591,
    1706096857764,
    1706096857995,
    1706096858012,
    1706096858776,
    1706096858902,
    1706096859276,
    1706096859400,
    1706096860118,
    1706096860134,
    1706096860559,
    1706096860792,
    1706096861573,
    1706096861808,
    1706096863099,
    1706096863397
  ],
  "blockTimestamps": [
    1706096854758,
    1706096857756,
    1706096860768,
    1706096863771,
    1706096866766
  ],
  "blockTimes": [
    1706096854,
    1706096857,
    1706096860,
    1706096863,
    1706096866
  ],
  "blockTransactions": [
    4,
    6,
    8,
    11,
    5
  ],
  "Delays": [
    5172,
    4426,
    5453,
    3832,
    5891,
    5655,
    4266,
    4266,
    4221,
    4344,
    5974,
    5815,
    5722,
    4730,
    4505,
    4238,
    3909,
    5145,
    6180,
    6007,
    5776,
    5759,
    4995,
    4869,
    4495,
    4371,
    3653,
    3637,
    3212,
    5974,
    5193,
    4958,
    3667,
    3369
  ],
  "Throughputs": [
    0.7733952049497294,
    1.2239902080783354,
    1.6097299230906814,
    2.044413112442721,
    1.979045401629802
  ],
  "AverageDelays": [
    4720.75,
    4752.6,
    4864.666666666667,
    4845.448275862069,
    4814.088235294118
  ]
}