{
  "transactionTimestamps": [
    1706096832035,
    1706096834765,
    1706096836292,
    1706096838477,
    1706096838477,
    1706096838477,
    1706096837603,
    1706096839659,
    1706096839938,
    1706096840142,
    1706096841219,
    1706096841219,
    1706096840454,
    1706096842404,
    1706096842451,
    1706096841453,
    1706096843776,
    1706096844025,
    1706096844928,
    1706096845565,
    1706096845581,
    1706096844462,
    1706096847000,
    1706096846796,
    1706096848246
  ],
  "blockTimestamps": [
    1706096839758,
    1706096842757,
    1706096845758,
    1706096848775,
    1706096851767
  ],
  "blockTimes": [
    1706096839,
    1706096842,
    1706096845,
    1706096848,
    1706096851
  ],
  "blockTransactions": [
    3,
    4,
    8,
    5,
    5
  ],
  "Delays": [
    7723,
    4993,
    3466,
    4280,
    4280,
    4280,
    5154,
    6099,
    5820,
    5616,
    4539,
    4539,
    5304,
    3354,
    3307,
    7322,
    4999,
    4750,
    3847,
    3210,
    6186,
    7305,
    4767,
    4971,
    3521
  ],
  "Throughputs": [
    0.3884500841641849,
    0.6528632717776535,
    1.093055454346717,
    1.1947431302270013,
    1.2669774984796272
  ],
  "AverageDelays": [
    5394,
    4882.285714285715,
    4850.266666666666,
    4844.1,
    4945.28
  ]
}