{
  "transactionTimestamps": [
    1706096817125,
    1706096819478,
    1706096819600,
    1706096820910,
    1706096821019,
    1706096822300,
    1706096822300,
    1706096823439,
    1706096823472,
    1706096823471,
    1706096823845,
    1706096824849,
    1706096825052,
    1706096826356,
    1706096824803,
    1706096826434,
    1706096827713,
    1706096828008,
    1706096828837,
    1706096827641,
    1706096829207,
    1706096830084,
    1706096830601,
    1706096829284,
    1706096831584,
    1706096832874,
    1706096833423
  ],
  "blockTimestamps": [
    1706096824761,
    1706096827767,
    1706096830766,
    1706096834359,
    1706096836757
  ],
  "blockTimes": [
    1706096824,
    1706096827,
    1706096830,
    1706096833,
    1706096836
  ],
  "blockTransactions": [
    5,
    6,
    5,
    6,
    5
  ],
  "Delays": [
    7636,
    5283,
    5161,
    3851,
    3742,
    5467,
    5467,
    4328,
    4295,
    4296,
    3922,
    5917,
    5714,
    4410,
    5963,
    4332,
    6646,
    6351,
    5522,
    6718,
    5152,
    4275,
    6156,
    7473,
    5173,
    3883,
    3334
  ],
  "Throughputs": [
    0.6547930853850183,
    1.033640293177974,
    1.1729345355912324,
    1.2765463618428685,
    1.3753056234718826
  ],
  "AverageDelays": [
    5134.6,
    4858.909090909091,
    4986.5,
    5202.181818181818,
    5202.481481481482
  ]
}