{
  "transactionTimestamps": [
    1706096763455,
    1706096763458,
    1706096764700,
    1706096764856,
    1706096766036,
    1706096766224,
    1706096767314,
    1706096767360,
    1706096768619,
    1706096768929,
    1706096769943,
    1706096770083
  ],
  "blockTimestamps": [
    1706096767756,
    1706096770778,
    1706096773761
  ],
  "blockTimes": [
    1706096767,
    1706096770,
    1706096773
  ],
  "blockTransactions": [
    2,
    6,
    4
  ],
  "Delays": [
    4301,
    4298,
    6078,
    5922,
    4742,
    4554,
    3464,
    3418,
    5142,
    4832,
    3818,
    3678
  ],
  "Throughputs": [
    0.4650081376424087,
    1.0924484500887615,
    1.1643702697457792
  ],
  "AverageDelays": [
    4299.5,
    4597.125,
    4520.583333333333
  ]
}