{
  "transactionTimestamps": [
    1706096803637,
    1706096803654,
    1706096804417,
    1706096804975,
    1706096805646,
    1706096807097,
    1706096806600,
    1706096808469,
    1706096808469,
    1706096808470,
    1706096808594,
    1706096809728,
    1706096809780,
    1706096810012,
    1706096810058,
    1706096811073,
    1706096811214,
    1706096811198,
    1706096809593,
    1706096811276,
    1706096811352,
    1706096812475,
    1706096812506,
    1706096812568,
    1706096812848,
    1706096813707,
    1706096813754,
    1706096814066,
    1706096814957,
    1706096815252,
    1706096815500,
    1706096814299,
    1706096816641,
    1706096818229,
    1706096818260
  ],
  "blockTimestamps": [
    1706096809758,
    1706096812755,
    1706096815757,
    1706096818761,
    1706096821761
  ],
  "blockTimes": [
    1706096809,
    1706096812,
    1706096815,
    1706096818,
    1706096821
  ],
  "blockTransactions": [
    5,
    6,
    13,
    7,
    4
  ],
  "Delays": [
    6121,
    6104,
    5341,
    4783,
    4112,
    5658,
    6155,
    4286,
    4286,
    4285,
    4161,
    6029,
    5977,
    5745,
    5699,
    4684,
    4543,
    4559,
    6164,
    4481,
    4405,
    3282,
    3251,
    3189,
    5913,
    5054,
    5007,
    4695,
    3804,
    3509,
    3261,
    7462,
    5120,
    3532,
    3501
  ],
  "Throughputs": [
    0.8168599901976801,
    1.2064049133581924,
    1.9801980198019804,
    2.049722295688971,
    1.9311410284705364
  ],
  "AverageDelays": [
    5292.2,
    5026.545454545455,
    4887.5,
    4791.709677419355,
    4804.5142857142855
  ]
}