{
  "transactionTimestamps": [
    1706096879398,
    1706096880744,
    1706096880040,
    1706096884368,
    1706096883495,
    1706096883212,
    1706096885945,
    1706096885949,
    1706096887209,
    1706096887292,
    1706096888447,
    1706096889727,
    1706096890927
  ],
  "blockTimestamps": [
    1706096884763,
    1706096887757,
    1706096890770,
    1706096893758,
    1706096897356
  ],
  "blockTimes": [
    1706096884,
    1706096887,
    1706096890,
    1706096893,
    1706096896
  ],
  "blockTransactions": [
    2,
    2,
    6,
    2,
    1
  ],
  "Delays": [
    5365,
    4019,
    7717,
    3389,
    7275,
    7558,
    4825,
    4821,
    3561,
    3478,
    5311,
    4031,
    6429
  ],
  "Throughputs": [
    0.3727865796831314,
    0.47852613949036965,
    0.8793527963418923,
    0.8356545961002786,
    0.7239113487025282
  ],
  "AverageDelays": [
    4692,
    5122.5,
    5200.8,
    5112.5,
    5213.7692307692305
  ]
}