{
  "transactionTimestamps": [
    1706096864282,
    1706096864644,
    1706096865569,
    1706096865866,
    1706096866754,
    1706096867300,
    1706096868380,
    1706096868490,
    1706096868491,
    1706096868491,
    1706096868893,
    1706096869786,
    1706096869797,
    1706096869800,
    1706096871012,
    1706096871105,
    1706096871197,
    1706096870155,
    1706096872570,
    1706096872603,
    1706096872617,
    1706096874069,
    1706096872711,
    1706096874162,
    1706096874007,
    1706096875473,
    1706096875535,
    1706096875194,
    1706096876482,
    1706096876842,
    1706096877045,
    1706096877808,
    1706096877949,
    1706096876624,
    1706096878369,
    1706096878510
  ],
  "blockTimestamps": [
    1706096869764,
    1706096872759,
    1706096875770,
    1706096878771,
    1706096881764
  ],
  "blockTimes": [
    1706096869,
    1706096872,
    1706096875,
    1706096878,
    1706096881
  ],
  "blockTransactions": [
    4,
    7,
    8,
    8,
    9
  ],
  "Delays": [
    5482,
    5120,
    4195,
    3898,
    6005,
    5459,
    4379,
    4269,
    4268,
    4268,
    3866,
    5984,
    5973,
    5970,
    4758,
    4665,
    4573,
    5615,
    3200,
    6168,
    6154,
    4702,
    6060,
    4609,
    4764,
    3298,
    3236,
    6570,
    5282,
    4922,
    4719,
    3956,
    3815,
    5140,
    3395,
    3254
  ],
  "Throughputs": [
    0.7296607077708865,
    1.2976288781408516,
    1.653899721448468,
    1.863482642004279,
    2.0592609541242424
  ],
  "AverageDelays": [
    4673.75,
    4655.363636363636,
    4839.315789473684,
    4849.555555555556,
    4777.527777777777
  ]
}