{
  "transactionTimestamps": [
    1705996320208,
    1705996320900,
    1705996320208,
    1705996321836,
    1705996322038,
    1705996322894,
    1705996323004,
    1705996323831,
    1705996323878,
    1705996324503,
    1705996324833,
    1705996325517
  ],
  "blockTimestamps": [
    1705996323826,
    1705996325507,
    1705996325508,
    1705996327228
  ],
  "blockTimes": [
    1705996319,
    1705996324,
    1705996325,
    1705996327
  ],
  "blockTransactions": [
    7,
    2,
    2,
    1
  ],
  "Delays": [
    3618,
    2926,
    3618,
    1990,
    1788,
    932,
    822,
    1676,
    1629,
    1005,
    675,
    1711
  ],
  "Throughputs": [
    1.9347705914870095,
    1.6984336667295714,
    2.0754716981132075,
    1.7094017094017095
  ],
  "AverageDelays": [
    2242,
    2111,
    1879.909090909091,
    1865.8333333333333
  ]
}