{
  "transactionTimestamps": [
    1705996246978,
    1705996246978,
    1705996247898,
    1705996248054,
    1705996248987,
    1705996248987,
    1705996249685,
    1705996249918,
    1705996250587,
    1705996250713,
    1705996251425,
    1705996251410
  ],
  "blockTimestamps": [
    1705996249267,
    1705996249502,
    1705996266281
  ],
  "blockTimes": [
    1705996248,
    1705996249,
    1705996250
  ],
  "blockTransactions": [
    4,
    2,
    6
  ],
  "Delays": [
    2289,
    2289,
    1369,
    1213,
    515,
    515,
    16596,
    16363,
    15694,
    15568,
    14856,
    14871
  ],
  "Throughputs": [
    1.747487986020096,
    2.3771790808240887,
    0.6216650261617365
  ],
  "AverageDelays": [
    1790,
    1365,
    8511.5
  ]
}