{
  "transactionTimestamps": [
    1705996209648,
    1705996209648,
    1705996210585,
    1705996211067,
    1705996211268,
    1705996211893,
    1705996212034,
    1705996212847,
    1705996212877,
    1705996213689,
    1705996213893,
    1705996214420,
    1705996214968,
    1705996215904,
    1705996216731,
    1705996217603,
    1705996218460,
    1705996219366
  ],
  "blockTimestamps": [
    1705996215825,
    1705996216501,
    1705996217007,
    1705996218361,
    1705996222952
  ],
  "blockTimes": [
    1705996211,
    1705996214,
    1705996215,
    1705996216,
    1705996217
  ],
  "blockTransactions": [
    9,
    4,
    1,
    1,
    3
  ],
  "Delays": [
    6177,
    6177,
    5240,
    4758,
    4557,
    3932,
    3791,
    2978,
    2948,
    2812,
    2608,
    2081,
    1533,
    1103,
    1630,
    5349,
    4492,
    3586
  ],
  "Throughputs": [
    1.4570179698882955,
    1.8969794250693128,
    1.9024323957059384,
    1.7215654768736373,
    1.3529765484064942
  ],
  "AverageDelays": [
    4506.444444444444,
    3814.769230769231,
    3621.0714285714284,
    3488.3333333333335,
    3652.8888888888887
  ]
}