{
  "transactionTimestamps": [
    1705996336131,
    1705996336813,
    1705996337607,
    1705996338290,
    1705996339224,
    1705996340006,
    1705996341001,
    1705996341688,
    1705996342653,
    1705996343679,
    1705996344770,
    1705996345629
  ],
  "blockTimestamps": [
    1705996337957,
    1705996338968,
    1705996340003,
    1705996341111,
    1705996341279,
    1705996342103,
    1705996343262,
    1705996343504,
    1705996353656
  ],
  "blockTimes": [
    1705996335,
    1705996337,
    1705996338,
    1705996339,
    1705996340,
    1705996341,
    1705996342,
    1705996343,
    1705996345
  ],
  "blockTransactions": [
    2,
    1,
    1,
    1,
    1,
    1,
    1,
    1,
    3
  ],
  "Delays": [
    1826,
    1144,
    1361,
    1713,
    1887,
    1273,
    1102,
    1574,
    851,
    9977,
    8886,
    8027
  ],
  "Throughputs": [
    1.095290251916758,
    1.0574550581600282,
    1.0330578512396695,
    1.004016064257028,
    1.1655011655011656,
    1.1721366376423308,
    1.1218622914037302,
    1.2206700122067,
    0.6847360912981456
  ],
  "AverageDelays": [
    1485,
    1443.6666666666667,
    1511,
    1586.2,
    1534,
    1472.2857142857142,
    1485,
    1414.5555555555557,
    3301.75
  ]
}