{
  "transactionTimestamps": [
    1705996233159,
    1705996233159,
    1705996234208,
    1705996234424,
    1705996235033,
    1705996235221,
    1705996235845,
    1705996235907,
    1705996236944,
    1705996236972,
    1705996237781,
    1705996237999
  ],
  "blockTimestamps": [
    1705996237961,
    1705996239277,
    1705996239542
  ],
  "blockTimes": [
    1705996234,
    1705996237,
    1705996238
  ],
  "blockTransactions": [
    5,
    5,
    2
  ],
  "Delays": [
    4802,
    4802,
    3753,
    3537,
    2928,
    4056,
    3432,
    3370,
    2333,
    2305,
    1761,
    1543
  ],
  "Throughputs": [
    1.0412328196584757,
    1.6345210853220005,
    1.879993733354222
  ],
  "AverageDelays": [
    3964.4,
    3531.8,
    3218.5
  ]
}