{
  "transactionTimestamps": [
    1705996303962,
    1705996303962,
    1705996304841,
    1705996304888,
    1705996305573,
    1705996305636,
    1705996306652,
    1705996306684,
    1705996307464,
    1705996307603,
    1705996308602,
    1705996308693
  ],
  "blockTimestamps": [
    1705996305547,
    1705996310276
  ],
  "blockTimes": [
    1705996301,
    1705996306
  ],
  "blockTransactions": [
    4,
    8
  ],
  "Delays": [
    1585,
    1585,
    706,
    659,
    4703,
    4640,
    3624,
    3592,
    2812,
    2673,
    1674,
    1583
  ],
  "Throughputs": [
    2.5236593059936907,
    1.9005384859043395
  ],
  "AverageDelays": [
    1133.75,
    2486.3333333333335
  ]
}