{
  "transactionTimestamps": [
    1705996280912,
    1705996282068,
    1705996283021,
    1705996285111,
    1705996285987,
    1705996288045,
    1705996288941,
    1705996291049,
    1705996291579,
    1705996293258,
    1705996294199,
    1705996296013
  ],
  "blockTimestamps": [
    1705996284921,
    1705996288082,
    1705996289950,
    1705996293131,
    1705996296800,
    1705996296857,
    1705996299923
  ],
  "blockTimes": [
    1705996283,
    1705996284,
    1705996288,
    1705996289,
    1705996295,
    1705996296,
    1705996299
  ],
  "blockTransactions": [
    2,
    2,
    1,
    3,
    2,
    1,
    1
  ],
  "Delays": [
    4009,
    2853,
    5061,
    2971,
    3963,
    5086,
    4190,
    2082,
    5221,
    3542,
    2658,
    3910
  ],
  "Throughputs": [
    0.49887752556747317,
    0.5578800557880056,
    0.5532197388802832,
    0.6547180620345364,
    0.6294058408862034,
    0.6898714330511132,
    0.6312135079690706
  ],
  "AverageDelays": [
    3431,
    3723.5,
    3771.4,
    3776.875,
    3897.8,
    3785.090909090909,
    3795.5
  ]
}