{"a": 0.7, "b": 0.3, "communities0": [[0, 10, 15, 20, 28, 30, 34, 35, 36, 43, 61, 63, 65, 69, 75, 84, 91, 93, 97, 101, 103, 115], [1, 102, 70, 104, 9, 12, 109, 110, 47, 111, 17, 114, 23, 29], [2, 66, 4, 106, 50, 82, 116, 117, 87, 57, 58, 27], [99, 3, 100, 7, 107, 44, 77, 79, 80, 81, 86], [5, 8, 105, 72, 11, 76, 22, 92, 95], [32, 6, 13, 112, 51, 62], [67, 68, 40, 73, 74, 108, 14, 78, 16, 113, 19, 55, 88, 25, 31], [64, 18, 96], [39, 71, 45, 21, 60], [26, 52, 24, 89, 90], [33, 94], [98, 37, 54], [38, 42, 48, 49, 56], [41, 83, 59], [53, 46], [85, 118]], "q0": 0.435622945254792, "f0": 0.5662666735576413}