{"a": 0.3, "b": 0.7, "communities0": [[0, 21], [1, 9, 42, 47, 16], [2, 38, 15], [3, 30], [43, 4], [12, 5], [33, 50, 13, 6], [34, 36, 7, 8, 18, 28], [10, 35, 39], [48, 49, 11], [40, 25, 14], [17, 20], [37, 41, 44, 45, 19, 22, 23, 26], [24, 29], [27, 31], [32, 46]], "q0": 0.4563674127348255, "f0": 0.8292849214656095}