{"a": 0.2, "b": 0.8, "communities0": [[0, 1, 66, 64, 35, 70, 75, 46, 25, 26, 31], [33, 2, 100, 36, 39, 43, 76, 47, 24, 59], [3, 28, 7], [32, 4, 37, 69, 102, 105, 108, 15, 16, 80, 82, 51, 21, 22, 89, 92, 29], [96, 67, 5, 101, 106, 14, 86, 93], [72, 18, 6], [8, 73], [34, 68, 9, 10, 11, 42, 13, 78, 17, 50, 81, 54, 87, 57, 90, 60, 30, 63], [12, 103], [19, 20, 52, 71], [98, 27, 23], [61, 38], [65, 40, 44, 77, 110, 49, 53], [41, 84, 62], [83, 45], [48, 56, 99], [94, 55], [97, 58, 107], [74, 109], [85, 79], [88, 104], [91, 95]], "q0": 0.4475303048641176, "f0": 0.8679591445943319}