{"a": 0.4, "b": 0.6, "communities0": [[0, 24, 26, 97], [1, 86], [2, 100], [3, 116], [96, 33, 4, 102, 105, 76, 15, 60, 30], [5, 53], [67, 6], [17, 7], [8, 52], [9, 115], [89, 10], [64, 11], [12, 47, 68], [25, 13], [14, 95], [16, 92], [18, 74], [19, 75], [58, 20], [21, 38], [104, 22], [42, 23], [34, 27], [28, 70], [29, 43, 45], [112, 31], [32, 61], [35, 108], [41, 36], [51, 37], [99, 39], [40, 85], [65, 44], [84, 46], [48, 63], [49, 106], [50, 109], [90, 54], [57, 101, 55], [56, 88], [80, 59], [66, 62], [69, 87], [72, 71], [73, 79], [83, 77], [107, 78], [81, 103], [82, 93], [114, 91], [94, 111], [98, 117], [113, 110]], "q0": 0.48693313267896043, "f0": 0.8932512188461144}