{"a": 0.6, "b": 0.4, "communities0": [[0, 32, 5], [1, 26, 27, 38], [2, 43, 14, 47, 48, 18, 22], [3, 28, 37], [20, 4, 13, 7], [6, 31], [8, 36], [40, 9, 19, 41], [16, 10, 11, 23], [12, 15, 50, 25, 29], [17, 46, 39], [24, 42, 21], [33, 30], [34, 44], [49, 35, 45]], "q0": 0.44767586502005197, "f0": 0.8190988154716558}