{"a": 0.3, "b": 0.7, "communities0": [[0, 15], [1, 9], [2, 18], [8, 24, 10, 3], [26, 4, 5, 30], [6], [28, 7], [17, 11, 25], [16, 12, 14], [27, 20, 13], [19, 21], [22, 23], [29, 31]], "communities1": [[0, 15], [1, 9], [2, 18], [8, 24, 10, 3], [4, 5, 6, 26, 30], [28, 7], [17, 11, 25], [16, 12, 14], [27, 20, 13], [19, 21], [22, 23], [29, 31]], "communities2": [[0, 15], [1, 9], [2, 18], [3, 4, 5, 6, 8, 10, 24, 26, 30], [28, 7], [17, 11, 25], [16, 12, 14], [27, 20, 13], [19, 21], [22, 23], [29, 31]], "communities3": [[8, 27, 7], [17, 11, 6], [20, 29, 30], [16, 19, 21], [24, 25, 15], [1, 13, 22], [2, 5, 14], [0, 9, 31], [18, 28], [3, 4], [26, 23], [10, 12]], "q0": 0.4451742976066597, "f0": 0.7752774143825739, "q1": 0.452003121748179, "f1": 0.7659461869477773}