{"a": 0.2, "b": 0.8, "communities0": [[0, 33, 2, 4, 5, 37, 39, 10, 11, 13, 16, 23, 25, 26, 28], [1, 20], [8, 24, 3, 31], [34, 35, 36, 6, 9, 29], [7, 15, 17, 18, 21, 30], [19, 12], [40, 14, 22], [32, 27, 38]], "q0": 0.4150307356732104, "f0": 0.83987842766413}