{"a": 0.3, "b": 0.7, "communities0": [[0, 13], [1, 2, 71, 41, 15, 47, 18, 19, 55, 23, 60], [3, 4, 7, 9, 10, 16, 26, 27, 31, 35, 38, 40, 42, 43, 48, 49, 51, 52, 59, 63, 67, 68], [56, 5], [53, 6], [8, 25, 44], [32, 11, 46, 14], [65, 37, 39, 72, 73, 12, 45, 20, 21, 22, 24, 57, 58, 62], [17, 29, 54], [28, 70], [33, 36, 30], [34], [50, 61], [64, 66], [69]], "q0": 0.40369777199765655, "f0": 0.8613355854928643}