{
  "transactionTimestamps": [
    1705924012873,
    1705924012873,
    1705924013998,
    1705924014496,
    1705924015402,
    1705924014683,
    1705924016417,
    1705924016776,
    1705924017011,
    1705924017618,
    1705924016027,
    1705924018088,
    1705924018574
  ],
  "blockTimestamps": [
    1705924044729
  ],
  "blockTimes": [
    1705923999
  ],
  "blockTransactions": [
    13
  ],
  "Delays": [
    31856,
    31856,
    30731,
    30233,
    29327,
    30046,
    28312,
    27953,
    27718,
    27111,
    28702,
    26641,
    26155
  ],
  "Throughputs": [
    0.40808638874937214
  ],
  "AverageDelays": [
    28972.384615384617
  ]
}