{
  "transactionTimestamps": [
    1705923868630,
    1705923868630,
    1705923869637,
    1705923870370,
    1705923871397,
    1705923869993,
    1705923872393,
    1705923872845,
    1705923873045,
    1705923871902,
    1705923873812,
    1705923874013,
    1705923874743,
    1705923874930,
    1705923875460,
    1705923876024,
    1705923876803,
    1705923877612,
    1705923878512
  ],
  "blockTimestamps": [
    1705923944926
  ],
  "blockTimes": [
    1705923863
  ],
  "blockTransactions": [
    19
  ],
  "Delays": [
    76296,
    76296,
    75289,
    74556,
    73529,
    74933,
    72533,
    72081,
    71881,
    73024,
    71114,
    70913,
    70183,
    69996,
    69466,
    68902,
    68123,
    67314,
    66414
  ],
  "Throughputs": [
    0.24903009332075074
  ],
  "AverageDelays": [
    71728.57894736843
  ]
}