{
  "transactionTimestamps": [
    1705924194669,
    1705924194669,
    1705924195494,
    1705924195713,
    1705924196681,
    1705924196697,
    1705924197463,
    1705924197339,
    1705924198197,
    1705924198510,
    1705924198901,
    1705924200587,
    1705924199719
  ],
  "blockTimestamps": [
    1705924280344
  ],
  "blockTimes": [
    1705924195
  ],
  "blockTransactions": [
    13
  ],
  "Delays": [
    85675,
    85675,
    84850,
    84631,
    83663,
    83647,
    82881,
    83005,
    82147,
    81834,
    81443,
    79757,
    80625
  ],
  "Throughputs": [
    0.1517362124306974
  ],
  "AverageDelays": [
    83064.07692307692
  ]
}