{
  "transactionTimestamps": [
    1705924059791,
    1705924059791,
    1705924059791,
    1705924060870,
    1705924060900,
    1705924061572,
    1705924061978,
    1705924062368,
    1705924060993,
    1705924062712,
    1705924063178,
    1705924063381,
    1705924063381,
    1705924062494,
    1705924063990,
    1705924064036,
    1705924064021,
    1705924064942,
    1705924065707
  ],
  "blockTimestamps": [
    1705924129795
  ],
  "blockTimes": [
    1705924042
  ],
  "blockTransactions": [
    19
  ],
  "Delays": [
    70004,
    70004,
    70004,
    68925,
    68895,
    68223,
    67817,
    67427,
    68802,
    67083,
    66617,
    66414,
    66414,
    67301,
    65805,
    65759,
    65774,
    64853,
    64088
  ],
  "Throughputs": [
    0.2714130621107365
  ],
  "AverageDelays": [
    67379.42105263157
  ]
}