{"a": 0.2, "b": 0.8, "communities0": [[0, 64, 3, 68, 37, 42, 11, 13, 48, 20, 21, 60, 30], [1, 65, 38, 71, 72, 41, 43, 47, 19, 54, 24, 31], [2, 75], [16, 4], [25, 44, 5], [6, 14], [32, 35, 7, 10, 18, 22, 58, 28], [8, 56], [36, 9, 74, 77, 46, 17, 49, 51, 62], [73, 12, 78, 50, 61], [40, 29, 15], [23, 70, 55], [67, 76, 45, 26, 59, 63], [27, 52], [33, 57], [34, 69, 66], [39, 53, 79]], "q0": 0.4345204954317686, "f0": 0.8792918233809087}