{"a": 0.6, "b": 0.4, "communities0": [[0, 139], [1, 189], [2, 63], [3, 157], [50, 4], [32, 5], [160, 193, 6, 7, 82, 90, 188], [8, 123], [176, 9], [10, 13], [11, 101], [122, 12], [14, 135], [24, 15], [131, 134, 16, 145, 150, 27, 35, 164, 37, 165, 39, 167, 43, 180, 181, 56, 57, 186, 62, 190, 66, 194, 75, 83, 88, 99], [17, 38], [18, 92], [128, 19], [20, 142], [89, 21], [158, 22], [177, 23], [25, 58], [26, 154], [113, 28, 109, 133], [121, 29], [129, 30], [162, 31], [33, 108], [34, 78], [146, 36], [40, 126], [192, 41, 166, 127], [42, 159], [100, 44], [45, 149], [84, 46], [172, 47], [48, 153], [49, 191], [104, 51], [187, 52], [168, 53], [97, 54], [105, 55], [59, 68], [144, 60], [132, 71, 107, 140, 77, 175, 143, 156, 114, 147, 119, 151, 155, 124, 61], [64, 73], [65, 171], [74, 67], [69, 182], [152, 70], [72, 86], [76, 103], [184, 79], [80, 91], [81, 115], [170, 85, 174], [93, 87], [116, 94], [136, 95], [96, 106], [98, 179], [148, 102], [178, 110], [112, 111], [117, 173], [120, 118], [138, 125], [185, 130], [137, 169], [163, 141], [161, 183]], "q0": 0.48920510783361915, "f0": 0.8965411922709435}