{"a": 0.6, "b": 0.4, "communities0": [[0, 2, 3, 6, 7, 11, 12, 22, 28, 35, 37, 41, 42, 43, 44, 45, 57, 62, 77, 83, 87, 90], [1, 75, 38], [4, 13, 14, 15, 23, 32, 40, 48, 54, 55, 61, 67, 74, 78, 80, 81, 84, 85, 86, 89, 91], [5, 70, 9, 47, 50, 51, 60], [8, 19, 59], [10, 66], [16, 25], [56, 17], [18, 52], [64, 65, 20], [21, 63], [24, 30], [88, 26, 58], [27, 31], [36, 29], [33, 53], [72, 34], [69, 39], [49, 82, 46], [68, 76], [73, 71, 79]], "q0": 0.42247259234272216, "f0": 0.8630939417296222}