{"a": 0.5, "b": 0.5, "communities0": [[0, 32, 2, 36, 38, 9, 18, 53], [1, 33, 8, 27, 61], [3, 46], [4, 10, 12, 17, 19, 23, 24, 28, 29, 30, 31, 39, 40, 41, 42, 44, 48, 49, 58, 59], [5, 13], [37, 6], [34, 7], [11, 15], [20, 14], [16, 57, 56], [21, 55], [43, 22], [25, 47], [26, 52, 45], [35, 62], [50, 60], [51, 54]], "q0": 0.43185494948261655, "f0": 0.8750259016173256}