{"a": 0.2, "b": 0.8, "communities0": [[0, 3, 4, 6, 10, 11, 12, 14, 16, 19, 22, 24, 28, 30, 38, 40, 41, 42, 43, 45, 46, 49, 52, 58, 59, 61, 62, 63], [32, 1, 39, 8, 9, 15, 54], [48, 25, 2, 27], [44, 5], [26, 7], [64, 13], [17, 37], [34, 36, 18, 50, 53], [20, 47], [33, 35, 21, 55, 56, 29, 31], [57, 23], [51, 60]], "q0": 0.3853194211866743, "f0": 0.9053246537410279}