{
  "transactionTimestamps": [
    1706002031560,
    1706002031560,
    1706002031560,
    1706002033037,
    1706002033269,
    1706002033221,
    1706002033936,
    1706002034170,
    1706002033921,
    1706002035875,
    1706002035807,
    1706002035641,
    1706002036313,
    1706002036673,
    1706002036752,
    1706002037841,
    1706002038777,
    1706002038733,
    1706002038328,
    1706002039300,
    1706002039048,
    1706002040232,
    1706002041197,
    1706002041494,
    1706002040890,
    1706002041013,
    1706002041682,
    1706002042631,
    1706002042667,
    1706002043054,
    1706002043725,
    1706002043539,
    1706002043384,
    1706002045085,
    1706002045145,
    1706002045376,
    1706002046064,
    1706002047474,
    1706002048074,
    1706002050045,
    1706002050818,
    1706002052232,
    1706002052907,
    1706002054754,
    1706002055326,
    1706002057088,
    1706002057977,
    1706002059518
  ],
  "blockTimestamps": [
    1706002084859
  ],
  "blockTimes": [
    1706002027
  ],
  "blockTransactions": [
    48
  ],
  "Delays": [
    53299,
    53299,
    53299,
    51822,
    51590,
    51638,
    50923,
    50689,
    50938,
    48984,
    49052,
    49218,
    48546,
    48186,
    48107,
    47018,
    46082,
    46126,
    46531,
    45559,
    45811,
    44627,
    43662,
    43365,
    43969,
    43846,
    43177,
    42228,
    42192,
    41805,
    41134,
    41320,
    41475,
    39774,
    39714,
    39483,
    38795,
    37385,
    36785,
    34814,
    34041,
    32627,
    31952,
    30105,
    29533,
    27771,
    26882,
    25341
  ],
  "Throughputs": [
    0.9005797482129121
  ],
  "AverageDelays": [
    42802.479166666664
  ]
}