{
  "transactionTimestamps": [
    1706004836130,
    1706004836130,
    1706004836130,
    1706004837878,
    1706004838325,
    1706004838230,
    1706004838951,
    1706004838546,
    1706004839248,
    1706004840328,
    1706004840357,
    1706004840925,
    1706004841131,
    1706004841365,
    1706004841756,
    1706004843144,
    1706004842709,
    1706004843360,
    1706004843267,
    1706004842693,
    1706004844046,
    1706004844488,
    1706004844660,
    1706004845545,
    1706004845638,
    1706004845419,
    1706004846909,
    1706004846421,
    1706004847213,
    1706004847586,
    1706004847741,
    1706004848454,
    1706004849553,
    1706004849096,
    1706004849426,
    1706004850159,
    1706004850859,
    1706004851982,
    1706004852500,
    1706004854266,
    1706004854965,
    1706004856654,
    1706004857476,
    1706004859503,
    1706004858968,
    1706004861052,
    1706004861623,
    1706004863189
  ],
  "blockTimestamps": [
    1706004927481
  ],
  "blockTimes": [
    1706004798
  ],
  "blockTransactions": [
    48
  ],
  "Delays": [
    91351,
    91351,
    91351,
    89603,
    89156,
    89251,
    88530,
    88935,
    88233,
    87153,
    87124,
    86556,
    86350,
    86116,
    85725,
    84337,
    84772,
    84121,
    84214,
    84788,
    83435,
    82993,
    82821,
    81936,
    81843,
    82062,
    80572,
    81060,
    80268,
    79895,
    79740,
    79027,
    77928,
    78385,
    78055,
    77322,
    76622,
    75499,
    74981,
    73215,
    72516,
    70827,
    70005,
    67978,
    68513,
    66429,
    65858,
    64292
  ],
  "Throughputs": [
    0.5254458079276636
  ],
  "AverageDelays": [
    80897.79166666667
  ]
}