{
  "transactionTimestamps": [
    1706001647727,
    1706001647725,
    1706001647725,
    1706001647725,
    1706001649566,
    1706001649769,
    1706001649993,
    1706001650448,
    1706001650402,
    1706001649771,
    1706001650820,
    1706001650758,
    1706001651707,
    1706001652010,
    1706001652431,
    1706001651627,
    1706001652217,
    1706001652946,
    1706001652481,
    1706001653431,
    1706001654135,
    1706001654255,
    1706001654617,
    1706001654659,
    1706001655018,
    1706001655612,
    1706001655445,
    1706001656155,
    1706001656805,
    1706001657248,
    1706001656467,
    1706001656949,
    1706001657748,
    1706001657483,
    1706001657873,
    1706001659073,
    1706001658419,
    1706001658452,
    1706001659199,
    1706001659080,
    1706001659945,
    1706001659866,
    1706001660357,
    1706001660272,
    1706001660848,
    1706001661110,
    1706001661321,
    1706001661862,
    1706001662316,
    1706001663250,
    1706001664187,
    1706001665371,
    1706001666258,
    1706001668242,
    1706001669208,
    1706001671187,
    1706001670665,
    1706001672522,
    1706001673073,
    1706001674817
  ],
  "blockTimestamps": [
    1706001658659,
    1706001658803,
    1706001720568
  ],
  "blockTimes": [
    1706001646,
    1706001657,
    1706001658
  ],
  "blockTransactions": [
    24,
    3,
    33
  ],
  "Delays": [
    10932,
    10934,
    10934,
    10934,
    9093,
    8890,
    8666,
    8211,
    8257,
    8888,
    7839,
    7901,
    6952,
    6649,
    6228,
    7032,
    6442,
    5713,
    6178,
    5228,
    4524,
    4404,
    4042,
    4000,
    3785,
    3191,
    3358,
    64413,
    63763,
    63320,
    64101,
    63619,
    62820,
    63085,
    62695,
    61495,
    62149,
    62116,
    61369,
    61488,
    60623,
    60702,
    60211,
    60296,
    59720,
    59458,
    59247,
    58706,
    58252,
    57318,
    56381,
    55197,
    54310,
    52326,
    51360,
    49381,
    49903,
    48046,
    47495,
    45751
  ],
  "Throughputs": [
    2.195389681668496,
    2.437703141928494,
    0.8237119204843427
  ],
  "AverageDelays": [
    7452.958333333333,
    7007.592592592592,
    35172.01666666667
  ]
}