{
  "transactionTimestamps": [
    1706002164990,
    1706002164990,
    1706002166878,
    1706002167140,
    1706002167861,
    1706002167971,
    1706002169298,
    1706002169857,
    1706002170765,
    1706002170294,
    1706002172207,
    1706002171942,
    1706002172631,
    1706002172803,
    1706002174617,
    1706002174449,
    1706002175188,
    1706002175344,
    1706002177144,
    1706002177242,
    1706002177753,
    1706002178251,
    1706002179415,
    1706002179269,
    1706002180044,
    1706002180153,
    1706002182200,
    1706002182050,
    1706002182820,
    1706002183055,
    1706002184269,
    1706002185014,
    1706002184991,
    1706002185800,
    1706002186677,
    1706002187248,
    1706002187601,
    1706002188715,
    1706002188482,
    1706002189716,
    1706002190379,
    1706002191103,
    1706002192147,
    1706002191499,
    1706002192993,
    1706002193800,
    1706002193357,
    1706002195061
  ],
  "blockTimestamps": [
    1706002212064
  ],
  "blockTimes": [
    1706002153
  ],
  "blockTransactions": [
    48
  ],
  "Delays": [
    47074,
    47074,
    45186,
    44924,
    44203,
    44093,
    42766,
    42207,
    41299,
    41770,
    39857,
    40122,
    39433,
    39261,
    37447,
    37615,
    36876,
    36720,
    34920,
    34822,
    34311,
    33813,
    32649,
    32795,
    32020,
    31911,
    29864,
    30014,
    29244,
    29009,
    27795,
    27050,
    27073,
    26264,
    25387,
    24816,
    24463,
    23349,
    23582,
    22348,
    21685,
    20961,
    19917,
    20565,
    19071,
    18264,
    18707,
    17003
  ],
  "Throughputs": [
    1.0196711560521732
  ],
  "AverageDelays": [
    32116.645833333332
  ]
}