{
  "transactionTimestamps": [
    1706002217353,
    1706002217353,
    1706002217353,
    1706002219456,
    1706002218702,
    1706002219220,
    1706002219583,
    1706002218848,
    1706002219987,
    1706002220828,
    1706002221151,
    1706002220866,
    1706002221781,
    1706002221656,
    1706002221718,
    1706002223814,
    1706002223783,
    1706002223456,
    1706002224276,
    1706002224756,
    1706002224665,
    1706002225646,
    1706002226444,
    1706002226475,
    1706002226990,
    1706002226597,
    1706002227519,
    1706002228051,
    1706002228767,
    1706002228634,
    1706002229583,
    1706002229157,
    1706002230111,
    1706002230515,
    1706002230776,
    1706002231593,
    1706002232251,
    1706002233501,
    1706002234474,
    1706002235704,
    1706002236489,
    1706002237652,
    1706002238413,
    1706002239682,
    1706002240546,
    1706002241734,
    1706002242512,
    1706002244590
  ],
  "blockTimestamps": [
    1706002320576
  ],
  "blockTimes": [
    1706002210
  ],
  "blockTransactions": [
    48
  ],
  "Delays": [
    103223,
    103223,
    103223,
    101120,
    101874,
    101356,
    100993,
    101728,
    100589,
    99748,
    99425,
    99710,
    98795,
    98920,
    98858,
    96762,
    96793,
    97120,
    96300,
    95820,
    95911,
    94930,
    94132,
    94101,
    93586,
    93979,
    93057,
    92525,
    91809,
    91942,
    90993,
    91419,
    90465,
    90061,
    89800,
    88983,
    88325,
    87075,
    86102,
    84872,
    84087,
    82924,
    82163,
    80894,
    80030,
    78842,
    78064,
    75986
  ],
  "Throughputs": [
    0.4650126425312188
  ],
  "AverageDelays": [
    92971.60416666667
  ]
}