{
  "transactionTimestamps": [
    1706004653014,
    1706004653014,
    1706004653014,
    1706004654508,
    1706004655293,
    1706004655369,
    1706004655515,
    1706004655897,
    1706004656103,
    1706004657218,
    1706004657498,
    1706004657987,
    1706004657851,
    1706004658474,
    1706004658645,
    1706004659587,
    1706004659619,
    1706004660176,
    1706004661098,
    1706004660455,
    1706004660467,
    1706004661948,
    1706004662810,
    1706004662392,
    1706004662356,
    1706004663168,
    1706004663231,
    1706004664224,
    1706004665057,
    1706004664965,
    1706004664991,
    1706004665963,
    1706004665760,
    1706004666925,
    1706004667622,
    1706004667510,
    1706004668114,
    1706004669540,
    1706004670092,
    1706004672067,
    1706004672666,
    1706004674153,
    1706004674725,
    1706004676203,
    1706004677062,
    1706004678273,
    1706004678812,
    1706004679966
  ],
  "blockTimestamps": [
    1706004701811
  ],
  "blockTimes": [
    1706004584
  ],
  "blockTransactions": [
    48
  ],
  "Delays": [
    48797,
    48797,
    48797,
    47303,
    46518,
    46442,
    46296,
    45914,
    45708,
    44593,
    44313,
    43824,
    43960,
    43337,
    43166,
    42224,
    42192,
    41635,
    40713,
    41356,
    41344,
    39863,
    39001,
    39419,
    39455,
    38643,
    38580,
    37587,
    36754,
    36846,
    36820,
    35848,
    36051,
    34886,
    34189,
    34301,
    33697,
    32271,
    31719,
    29744,
    29145,
    27658,
    27086,
    25608,
    24749,
    23538,
    22999,
    21845
  ],
  "Throughputs": [
    0.9836670287107815
  ],
  "AverageDelays": [
    38031.895833333336
  ]
}