{
  "transactionTimestamps": [
    1706001925562,
    1706001925562,
    1706001925562,
    1706001927270,
    1706001927103,
    1706001927629,
    1706001927826,
    1706001928093,
    1706001928172,
    1706001929585,
    1706001929822,
    1706001929617,
    1706001930367,
    1706001930351,
    1706001930522,
    1706001931534,
    1706001931701,
    1706001932122,
    1706001932580,
    1706001932423,
    1706001933063,
    1706001934162,
    1706001934503,
    1706001934564,
    1706001935261,
    1706001934933,
    1706001935387,
    1706001937068,
    1706001937039,
    1706001936465,
    1706001937206,
    1706001937850,
    1706001937881,
    1706001938262,
    1706001938850,
    1706001939024,
    1706001939241,
    1706001940316,
    1706001941271,
    1706001943083,
    1706001943704,
    1706001945825,
    1706001946761,
    1706001948178,
    1706001949102,
    1706001951117,
    1706001951799,
    1706001952934
  ],
  "blockTimestamps": [
    1706001997534
  ],
  "blockTimes": [
    1706001912
  ],
  "blockTransactions": [
    48
  ],
  "Delays": [
    71972,
    71972,
    71972,
    70264,
    70431,
    69905,
    69708,
    69441,
    69362,
    67949,
    67712,
    67917,
    67167,
    67183,
    67012,
    66000,
    65833,
    65412,
    64954,
    65111,
    64471,
    63372,
    63031,
    62970,
    62273,
    62601,
    62147,
    60466,
    60495,
    61069,
    60328,
    59684,
    59653,
    59272,
    58684,
    58510,
    58293,
    57218,
    56263,
    54451,
    53830,
    51709,
    50773,
    49356,
    48432,
    46417,
    45735,
    44600
  ],
  "Throughputs": [
    0.6669260267881955
  ],
  "AverageDelays": [
    61737.083333333336
  ]
}