{
  "transactionTimestamps": [
    1706001608658,
    1706001608656,
    1706001608625,
    1706001611248,
    1706001610498,
    1706001610816,
    1706001610797,
    1706001611575,
    1706001612106,
    1706001611496,
    1706001614255,
    1706001614506,
    1706001613660,
    1706001613376,
    1706001613645,
    1706001614131,
    1706001615005,
    1706001615644,
    1706001617345,
    1706001615976,
    1706001617826,
    1706001616471,
    1706001616846,
    1706001617114,
    1706001618199,
    1706001618630,
    1706001620284,
    1706001619396,
    1706001618912,
    1706001619734,
    1706001621827,
    1706001620668,
    1706001620971,
    1706001621278,
    1706001621217,
    1706001623670,
    1706001622677,
    1706001622910,
    1706001622795,
    1706001625834,
    1706001624925,
    1706001624681,
    1706001627639,
    1706001626761,
    1706001626582,
    1706001628691,
    1706001628154,
    1706001629563,
    1706001631351
  ],
  "blockTimestamps": [
    1706001618039,
    1706001618100,
    1706001619858,
    1706001620816,
    1706001624734,
    1706001625477,
    1706001627391,
    1706001632507,
    1706001639951
  ],
  "blockTimes": [
    1706001606,
    1706001616,
    1706001617,
    1706001619,
    1706001620,
    1706001624,
    1706001625,
    1706001626,
    1706001631
  ],
  "blockTransactions": [
    16,
    2,
    2,
    5,
    10,
    3,
    1,
    8,
    2
  ],
  "Delays": [
    9381,
    9383,
    9414,
    6791,
    7541,
    7223,
    7242,
    6464,
    5933,
    6543,
    3784,
    3533,
    4379,
    4663,
    4394,
    3908,
    3095,
    2456,
    2513,
    3882,
    2990,
    4345,
    3970,
    3702,
    2617,
    6104,
    4450,
    5338,
    5822,
    5000,
    2907,
    4066,
    3763,
    3456,
    3517,
    1807,
    2800,
    2567,
    4596,
    6673,
    7582,
    7826,
    4868,
    5746,
    5925,
    3816,
    4353,
    10388,
    8600
  ],
  "Throughputs": [
    1.7055750986035603,
    1.9063757678457953,
    1.7857142857142858,
    2.0562592531666395,
    2.1771584971385916,
    2.2593495451572627,
    2.081887578070784,
    1.9707325254727661,
    1.565845396734094
  ],
  "AverageDelays": [
    6286,
    5895.944444444444,
    5626.1,
    5205.84,
    4987.685714285714,
    4782.710526315789,
    4777.923076923077,
    4960.170212765957,
    5145.224489795918
  ]
}