{
  "transactionTimestamps": [
    1706004713787,
    1706004713787,
    1706004715038,
    1706004715737,
    1706004715889,
    1706004716870,
    1706004716889,
    1706004717682,
    1706004718811,
    1706004719676,
    1706004720205,
    1706004719562,
    1706004721120,
    1706004721656,
    1706004721779,
    1706004722514,
    1706004723470,
    1706004723977,
    1706004724260,
    1706004724605,
    1706004726230,
    1706004726487,
    1706004726900,
    1706004727073,
    1706004728391,
    1706004728787,
    1706004729072,
    1706004729612,
    1706004730771,
    1706004731576,
    1706004731546,
    1706004732261,
    1706004733139,
    1706004733710,
    1706004733698,
    1706004734461,
    1706004735627,
    1706004735309,
    1706004735851,
    1706004736151,
    1706004737984,
    1706004737648,
    1706004738270,
    1706004738835,
    1706004739962,
    1706004740072,
    1706004740893,
    1706004743012
  ],
  "blockTimestamps": [
    1706004800365
  ],
  "blockTimes": [
    1706004699
  ],
  "blockTransactions": [
    48
  ],
  "Delays": [
    86578,
    86578,
    85327,
    84628,
    84476,
    83495,
    83476,
    82683,
    81554,
    80689,
    80160,
    80803,
    79245,
    78709,
    78586,
    77851,
    76895,
    76388,
    76105,
    75760,
    74135,
    73878,
    73465,
    73292,
    71974,
    71578,
    71293,
    70753,
    69594,
    68789,
    68819,
    68104,
    67226,
    66655,
    66667,
    65904,
    64738,
    65056,
    64514,
    64214,
    62381,
    62717,
    62095,
    61530,
    60403,
    60293,
    59472,
    57353
  ],
  "Throughputs": [
    0.5544133613620088
  ],
  "AverageDelays": [
    72643.29166666667
  ]
}