{"a": 0.3, "b": 0.7, "communities0": [[0, 66, 68, 73, 14, 80, 20, 53, 21, 55, 91], [1, 36], [49, 2, 67, 94], [3, 69, 110, 116, 87, 27, 93], [4, 5, 6, 9, 23, 25, 37, 38, 44, 50, 54, 56, 59, 62, 70, 83, 84, 89, 105], [75, 7], [8, 61], [120, 10], [113, 11], [90, 12], [15, 13, 79], [16, 17, 19, 109], [18, 29, 101, 118], [60, 77, 22], [24, 76, 71], [96, 97, 122, 39, 40, 41, 72, 43, 28, 47, 48, 51, 88, 121, 26, 123, 92], [30, 95], [82, 100, 114, 31], [32, 33, 106, 85, 124], [34, 52, 46], [35, 117], [81, 42], [107, 45], [57, 99], [64, 65, 58], [78, 63], [104, 74], [86, 103], [98, 119], [108, 102], [112, 115, 111]], "communities1": [[0, 66, 68, 73, 14, 80, 20, 53, 21, 55, 91], [1, 36], [49, 2, 67, 94], [3, 69, 110, 116, 87, 27, 93], [4, 70, 6, 71, 105, 44, 76, 83, 84, 23, 24, 25], [5, 37, 38, 9, 50, 54, 56, 89, 59, 62], [75, 7], [8, 61], [120, 10], [113, 11], [90, 12], [15, 13, 79], [16, 17, 19, 109], [18, 29, 101, 118], [60, 77, 22], [96, 97, 26, 39, 40, 41, 72, 43, 28, 47, 48, 51, 88, 121, 122, 123, 92], [30, 95], [82, 100, 114, 31], [32, 33, 106, 85, 124], [34, 52, 46], [35, 117], [81, 42], [107, 45], [57, 99], [64, 65, 58], [78, 63], [104, 74], [86, 103], [98, 119], [108, 102], [112, 115, 111]], "communities2": [[0, 66, 68, 14, 20, 53, 21, 55, 91], [1, 36], [49, 2, 67, 94], [3, 69, 116, 87, 93], [4, 6, 70, 105, 44, 83, 84, 23, 25], [37, 5, 38, 9, 50, 54, 56, 89, 59, 62], [75, 7], [8, 61], [120, 10], [113, 11], [90, 12], [13, 79, 15], [16, 17, 19, 109], [18, 101, 29, 118], [60, 77, 22], [24, 76, 71], [96, 97, 122, 39, 40, 41, 72, 43, 47, 48, 51, 121, 26, 123, 92], [27, 110], [88, 28], [30, 95], [82, 100, 114, 31], [32, 33, 106, 85, 124], [34, 52, 46], [35, 117], [81, 42], [107, 45], [57, 99], [64, 65, 58], [78, 63], [80, 73], [104, 74], [86, 103], [98, 119], [108, 102], [112, 115, 111]], "communities3": [[99, 8, 21, 122, 91], [42, 2, 4, 90], [123, 26, 11, 102], [81, 18, 7, 111], [25, 66, 22, 49], [56, 98, 100, 87], [72, 105, 96, 85], [104, 57, 58, 63], [19, 27, 69, 118], [51, 20, 37, 46], [48, 65, 83, 28], [35, 92, 101, 55], [121, 74, 116, 23], [78, 75, 86, 97], [15, 71, 14, 31], [88, 124, 117, 44], [1, 12, 84, 95], [110, 108, 29, 54], [80, 24, 82, 67], [64, 115, 107, 5], [17, 60, 61, 38], [10, 119, 77, 47], [0, 9, 62, 33], [73, 41, 68, 13], [32, 89, 53, 109], [114, 36, 93, 39], [120, 106, 112, 52], [16, 3, 94, 6], [40, 113, 76, 45], [50, 43, 30, 79], [34, 59, 70, 103]], "q0": 0.4348399735742178, "f0": 0.9516060185760143, "q1": 0.4354787056599577, "f1": 0.9451815927937104}