{"a": 0.7, "b": 0.3, "communities0": [[0, 184], [1, 113], [2, 280, 288, 34, 292, 37, 299, 178, 315, 190, 191, 195, 200, 203, 78, 223, 110, 111, 240, 114, 116, 117], [99, 3], [4, 262], [106, 5], [104, 6], [272, 7], [8, 11], [208, 9], [136, 10], [172, 12], [129, 255, 233, 13, 176, 17, 147, 54, 154, 159], [263, 264, 14, 142, 143, 152, 155, 156, 158, 294, 41, 47, 304, 49, 179, 52, 55, 313, 314, 59, 62, 76, 209, 85, 218, 91, 224, 96, 98, 100, 229, 102, 109, 124, 253], [170, 246, 15], [16, 293, 197], [18, 67], [105, 19], [20, 135], [21, 310], [35, 22, 79], [301, 23], [24, 101], [25, 174], [26, 212], [305, 27], [81, 28], [217, 29], [125, 30], [298, 198, 31], [32, 284], [33, 50], [65, 36], [38, 230], [290, 39], [40, 214], [42, 138], [169, 43], [187, 44], [45, 95], [46, 278], [48, 137], [74, 51], [244, 53], [56, 61], [232, 57], [297, 58], [60, 286], [144, 63], [64, 92], [177, 66], [242, 68], [196, 69], [133, 70], [130, 71], [72, 237], [73, 234], [75, 87], [269, 77], [80, 225], [82, 291], [83, 181], [84, 127], [86, 303], [88, 186], [89, 150, 97], [90, 215], [216, 93], [123, 94], [248, 103], [107, 148], [192, 108], [112, 239], [115, 222], [283, 118], [171, 119], [120, 279], [256, 121], [122, 295], [205, 126], [128, 199], [131, 141], [241, 132], [160, 134], [257, 139], [140, 260], [145, 245], [146, 259], [251, 149], [238, 151], [153, 307], [164, 157], [161, 306], [162, 252], [163, 213], [202, 165], [173, 166], [254, 167], [168, 309], [188, 175], [281, 180], [273, 182], [210, 183], [185, 236], [220, 189], [193, 274], [194, 285], [201, 265], [204, 276], [302, 206], [268, 207], [211, 243], [219, 270], [258, 221], [249, 226], [227, 231], [267, 228], [235, 311], [296, 247], [250, 287], [266, 261], [275, 271], [308, 277], [312, 282], [289, 300]], "q0": 0.49028533442244504, "f0": 0.950107582852952}