{"a": 0.7, "b": 0.3, "communities0": [[0, 8, 6], [1, 2, 16, 21, 22], [3, 5], [4, 7, 12, 15, 17, 19, 25], [9, 20, 14, 23], [10, 13], [24, 11], [18, 27], [26, 28]], "q0": 0.4356804733727811, "f0": 0.7465248095731443}