{"a": 0.3, "b": 0.7, "communities0": [[0, 28, 39], [1, 47], [32, 2, 5, 6, 40, 41, 11, 12, 13, 14, 43, 16, 17, 44, 45, 22, 26, 27], [3, 31], [10, 4, 37, 38], [35, 7], [8, 21], [9, 18], [34, 29, 46, 15], [25, 19, 23], [20, 36], [24, 30], [33, 42]], "q0": 0.39136848661672874, "f0": 0.9007118637479831}