{
  "transactionTimestamps": [
    1706098505344,
    1706098505344,
    1706098506653,
    1706098506654,
    1706098507859,
    1706098509154,
    1706098508124,
    1706098510744,
    1706098511832,
    1706098510417,
    1706098511908,
    1706098513169,
    1706098514647
  ],
  "blockTimestamps": [
    1706098509762,
    1706098512774,
    1706098515766,
    1706098518766
  ],
  "blockTimes": [
    1706098509,
    1706098512,
    1706098515,
    1706098518
  ],
  "blockTransactions": [
    2,
    5,
    4,
    2
  ],
  "Delays": [
    4418,
    4418,
    6121,
    6120,
    4915,
    3620,
    4650,
    5022,
    3934,
    5349,
    3858,
    5597,
    4119
  ],
  "Throughputs": [
    0.4526935264825713,
    0.9421265141318977,
    1.0554596046824025,
    0.9685590821040083
  ],
  "AverageDelays": [
    4418,
    4894.571428571428,
    4765.909090909091,
    4780.076923076923
  ]
}