{
  "transactionTimestamps": [
    1706098484286,
    1706098485535,
    1706098489918,
    1706098488485,
    1706098490336,
    1706098490337,
    1706098491428,
    1706098491662,
    1706098491988,
    1706098492707,
    1706098492831,
    1706098493440,
    1706098494048,
    1706098494046,
    1706098495013,
    1706098495526,
    1706098495494,
    1706098496196,
    1706098496741,
    1706098496802,
    1706098497555
  ],
  "blockTimestamps": [
    1706098491769,
    1706098494765,
    1706098497770,
    1706098500766
  ],
  "blockTimes": [
    1706098491,
    1706098494,
    1706098497,
    1706098500
  ],
  "blockTransactions": [
    2,
    7,
    5,
    7
  ],
  "Delays": [
    7483,
    6234,
    4847,
    6280,
    4429,
    4428,
    3337,
    3103,
    2777,
    5063,
    4939,
    4330,
    3722,
    3724,
    5753,
    5240,
    5272,
    4570,
    4025,
    3964,
    3211
  ],
  "Throughputs": [
    0.2672724842977416,
    0.8588605782994562,
    1.0382675763868288,
    1.2742718446601942
  ],
  "AverageDelays": [
    6858.5,
    4768.666666666667,
    4621.142857142857,
    4606.238095238095
  ]
}