{
  "transactionTimestamps": [
    1706098454037,
    1706098460328,
    1706098460328,
    1706098461653,
    1706098461933,
    1706098463025,
    1706098463303,
    1706098464552,
    1706098464879,
    1706098466141,
    1706098466110,
    1706098467724,
    1706098467756
  ],
  "blockTimestamps": [
    1706098461777,
    1706098464779,
    1706098467777,
    1706098471372,
    1706098473764
  ],
  "blockTimes": [
    1706098461,
    1706098464,
    1706098467,
    1706098470,
    1706098473
  ],
  "blockTransactions": [
    1,
    2,
    5,
    3,
    2
  ],
  "Delays": [
    7740,
    4451,
    4451,
    6124,
    5844,
    4752,
    4474,
    3225,
    6493,
    5231,
    5262,
    6040,
    6008
  ],
  "Throughputs": [
    0.12919896640826872,
    0.27927760193632467,
    0.5822416302765647,
    0.6345543697721373,
    0.6589952856491104
  ],
  "AverageDelays": [
    7740,
    5547.333333333333,
    5132.625,
    5277,
    5391.923076923077
  ]
}