{
  "transactionTimestamps": [
    1706098304595,
    1706098306804,
    1706098305531,
    1706098305698,
    1706098308083,
    1706098308507,
    1706098309894,
    1706098310236,
    1706098310236,
    1706098311292,
    1706098311400,
    1706098311555,
    1706098312148,
    1706098310984,
    1706098312926,
    1706098312989,
    1706098313362,
    1706098314111,
    1706098312864,
    1706098314951,
    1706098315667,
    1706098314344,
    1706098316799,
    1706098316863,
    1706098315685,
    1706098318202,
    1706098318670,
    1706098317626,
    1706098320114
  ],
  "blockTimestamps": [
    1706098311777,
    1706098314774,
    1706098317772,
    1706098320772,
    1706098323780
  ],
  "blockTimes": [
    1706098311,
    1706098314,
    1706098317,
    1706098320,
    1706098323
  ],
  "blockTransactions": [
    4,
    8,
    7,
    6,
    4
  ],
  "Delays": [
    7182,
    4973,
    6246,
    6079,
    6691,
    6267,
    4880,
    4538,
    4538,
    3482,
    3374,
    3219,
    5624,
    6788,
    4846,
    4783,
    4410,
    3661,
    4908,
    5821,
    5105,
    6428,
    3973,
    3909,
    5087,
    5578,
    5110,
    6154,
    3666
  ],
  "Throughputs": [
    0.556947925368978,
    1.1788977306218684,
    1.4419063519769295,
    1.5454039685973915,
    1.5115976022934585
  ],
  "AverageDelays": [
    6120,
    5122.416666666667,
    5078.368421052632,
    5072.48,
    5080
  ]
}