{
  "transactionTimestamps": [
    1706098445328,
    1706098445328,
    1706098446605,
    1706098446637,
    1706098448100,
    1706098448116,
    1706098449253,
    1706098449299,
    1706098450724,
    1706098452316,
    1706098450553,
    1706098455206
  ],
  "blockTimestamps": [
    1706098449768,
    1706098452765,
    1706098455773,
    1706098458768
  ],
  "blockTimes": [
    1706098449,
    1706098452,
    1706098455,
    1706098458
  ],
  "blockTransactions": [
    2,
    6,
    3,
    1
  ],
  "Delays": [
    4440,
    4440,
    6160,
    6128,
    4665,
    4649,
    3512,
    3466,
    5049,
    3457,
    5220,
    3562
  ],
  "Throughputs": [
    0.4504504504504504,
    1.0757025682398815,
    1.0531354715174726,
    0.8928571428571429
  ],
  "AverageDelays": [
    4440,
    4682.5,
    4653.272727272727,
    4562.333333333333
  ]
}