{
  "transactionTimestamps": [
    1706098246269,
    1706098245235,
    1706098247575,
    1706098246126,
    1706098245986,
    1706098248760,
    1706098250209,
    1706098250209,
    1706098250209,
    1706098249215,
    1706098250347,
    1706098250517,
    1706098250641,
    1706098249227,
    1706098251375,
    1706098251423,
    1706098251639,
    1706098251684,
    1706098250210,
    1706098251934,
    1706098252666,
    1706098252819,
    1706098252926,
    1706098251918,
    1706098253075,
    1706098254124,
    1706098254171,
    1706098254296,
    1706098253174,
    1706098254640,
    1706098254702,
    1706098253007,
    1706098255402,
    1706098255465,
    1706098255512,
    1706098255575,
    1706098254126,
    1706098255868,
    1706098256119,
    1706098256583,
    1706098256772,
    1706098257036,
    1706098257065,
    1706098257193,
    1706098257769,
    1706098257799,
    1706098257986,
    1706098258361,
    1706098256401,
    1706098258618,
    1706098258655,
    1706098258937,
    1706098258018,
    1706098259281,
    1706098259281,
    1706098259947,
    1706098260090,
    1706098260185
  ],
  "blockTimestamps": [
    1706098251773,
    1706098254774,
    1706098257778,
    1706098260779,
    1706098263770
  ],
  "blockTimes": [
    1706098251,
    1706098254,
    1706098257,
    1706098260,
    1706098263
  ],
  "blockTransactions": [
    5,
    11,
    13,
    15,
    14
  ],
  "Delays": [
    5504,
    6538,
    4198,
    5647,
    5787,
    6014,
    4565,
    4565,
    4565,
    5559,
    4427,
    4257,
    4133,
    5547,
    3399,
    3351,
    6139,
    6094,
    7568,
    5844,
    5112,
    4959,
    4852,
    5860,
    4703,
    3654,
    3607,
    3482,
    4604,
    6139,
    6077,
    7772,
    5377,
    5314,
    5267,
    5204,
    6653,
    4911,
    4660,
    4196,
    4007,
    3743,
    3714,
    3586,
    6001,
    5971,
    5784,
    5409,
    7369,
    5152,
    5115,
    4833,
    5752,
    4489,
    4489,
    3823,
    3680,
    3585
  ],
  "Throughputs": [
    0.9084302325581396,
    1.8812463256907699,
    2.5197671387609697,
    3.0323914541695385,
    3.3140963373521513
  ],
  "AverageDelays": [
    5534.8,
    4878.5,
    4983.931034482759,
    5026.227272727273,
    5044.931034482759
  ]
}