{
  "transactionTimestamps": [
    1706098475332,
    1706098476981,
    1706098478576,
    1706098479999,
    1706098481590
  ],
  "blockTimestamps": [
    1706098479766,
    1706098482773,
    1706098485771,
    1706098488762
  ],
  "blockTimes": [
    1706098479,
    1706098482,
    1706098485,
    1706098488
  ],
  "blockTransactions": [
    1,
    2,
    1,
    1
  ],
  "Delays": [
    4434,
    5792,
    4197,
    5772,
    7172
  ],
  "Throughputs": [
    0.2255299954894001,
    0.403171616718183,
    0.3831784653702462,
    0.37230081906180196
  ],
  "AverageDelays": [
    4434,
    4807.666666666667,
    5048.75,
    5473.4
  ]
}