{
  "transactionTimestamps": [
    1706098351184,
    1706098352573,
    1706098353771,
    1706098355221,
    1706098355268,
    1706098355268,
    1706098356641,
    1706098356875,
    1706098358304,
    1706098359879,
    1706098357900,
    1706098361455,
    1706098362469,
    1706098362715,
    1706098361238,
    1706098363809,
    1706098365378
  ],
  "blockTimestamps": [
    1706098357369,
    1706098359767,
    1706098362764,
    1706098365772,
    1706098368771
  ],
  "blockTimes": [
    1706098356,
    1706098359,
    1706098362,
    1706098365,
    1706098368
  ],
  "blockTransactions": [
    2,
    4,
    3,
    4,
    4
  ],
  "Delays": [
    6185,
    4796,
    5996,
    4546,
    4499,
    4499,
    6123,
    5889,
    4460,
    5893,
    7872,
    4317,
    3303,
    6056,
    7533,
    4962,
    3393
  ],
  "Throughputs": [
    0.32336297493936944,
    0.6990562740300594,
    0.7772020725388601,
    0.8911434055387991,
    0.9666230738613749
  ],
  "AverageDelays": [
    5490.5,
    5086.833333333333,
    5221.444444444444,
    5259.846153846154,
    5313.058823529412
  ]
}