{
  "transactionTimestamps": [
    1706098380560,
    1706098378724,
    1706098380933,
    1706098379174,
    1706098382175,
    1706098382300,
    1706098383190,
    1706098383331,
    1706098382221,
    1706098383469,
    1706098382099,
    1706098384621,
    1706098383702,
    1706098384744,
    1706098384959,
    1706098385286,
    1706098385286,
    1706098386126,
    1706098386219,
    1706098386547,
    1706098386811,
    1706098387356,
    1706098387560,
    1706098387622,
    1706098385881,
    1706098388120,
    1706098388354,
    1706098388496,
    1706098388838,
    1706098389057,
    1706098389524,
    1706098389774,
    1706098389868,
    1706098390316,
    1706098391005,
    1706098391114,
    1706098391176,
    1706098392343,
    1706098392358,
    1706098392772,
    1706098391768,
    1706098394038
  ],
  "blockTimestamps": [
    1706098387387,
    1706098389771,
    1706098393369,
    1706098395782,
    1706098398764
  ],
  "blockTimes": [
    1706098386,
    1706098389,
    1706098392,
    1706098395,
    1706098398
  ],
  "blockTransactions": [
    10,
    10,
    11,
    8,
    3
  ],
  "Delays": [
    6827,
    8663,
    6454,
    8213,
    5212,
    5087,
    4197,
    4056,
    5166,
    3918,
    7672,
    5150,
    6069,
    5027,
    4812,
    4485,
    4485,
    3645,
    3552,
    3224,
    6558,
    6013,
    5809,
    5747,
    7488,
    5249,
    5015,
    4873,
    4531,
    4312,
    3845,
    6008,
    5914,
    5466,
    4777,
    4668,
    4606,
    3439,
    3424,
    5992,
    6996,
    4726
  ],
  "Throughputs": [
    1.4647722279185587,
    2.1713169037020954,
    2.4201733156374425,
    2.5620811982656684,
    2.307185234014502
  ],
  "AverageDelays": [
    5779.3,
    5295.7,
    5334,
    5221.948717948718,
    5270.714285714285
  ]
}