{
  "transactionTimestamps": [
    1706098325252,
    1706098325251,
    1706098325252,
    1706098326515,
    1706098326623,
    1706098326903,
    1706098327718,
    1706098328123,
    1706098328341,
    1706098329338,
    1706098329507,
    1706098329913,
    1706098330679,
    1706098330833,
    1706098332396,
    1706098331397,
    1706098333999,
    1706098332239,
    1706098335404
  ],
  "blockTimestamps": [
    1706098329778,
    1706098332785,
    1706098335778,
    1706098338764
  ],
  "blockTimes": [
    1706098329,
    1706098332,
    1706098335,
    1706098338
  ],
  "blockTransactions": [
    4,
    7,
    4,
    4
  ],
  "Delays": [
    4526,
    4527,
    4526,
    3263,
    6162,
    5882,
    5067,
    4662,
    4444,
    3447,
    3278,
    5865,
    5099,
    4945,
    3382,
    7367,
    4765,
    6525,
    3360
  ],
  "Throughputs": [
    0.8837825894829873,
    1.4602416036107793,
    1.4250427512825385,
    1.4061574896388396
  ],
  "AverageDelays": [
    4210.5,
    4525.818181818182,
    4605,
    4794.315789473684
  ]
}