{
  "transactionTimestamps": [
    1706098411670,
    1706098413274,
    1706098414817,
    1706098415300,
    1706098415301,
    1706098416276,
    1706098416572,
    1706098416510,
    1706098417517,
    1706098418021,
    1706098418099,
    1706098418957,
    1706098419223,
    1706098419676,
    1706098420764,
    1706098421220,
    1706098422327,
    1706098422499
  ],
  "blockTimestamps": [
    1706098416767,
    1706098419786,
    1706098422776,
    1706098425773
  ],
  "blockTimes": [
    1706098416,
    1706098419,
    1706098422,
    1706098425
  ],
  "blockTransactions": [
    2,
    6,
    5,
    5
  ],
  "Delays": [
    5097,
    3493,
    4969,
    4486,
    4485,
    3510,
    3214,
    3276,
    5259,
    4755,
    4677,
    3819,
    3553,
    6097,
    5009,
    4553,
    3446,
    3274
  ],
  "Throughputs": [
    0.39238767902687854,
    0.9857072449482505,
    1.1705384476859355,
    1.2763241863433312
  ],
  "AverageDelays": [
    4295,
    4066.25,
    4199.461538461538,
    4276.222222222223
  ]
}