{
  "transactionTimestamps": [
    1706098220921,
    1706098220920,
    1706098220998,
    1706098222531,
    1706098222685,
    1706098222531,
    1706098224047,
    1706098224123,
    1706098225387,
    1706098225385,
    1706098226554,
    1706098226946,
    1706098227039,
    1706098225176,
    1706098227819,
    1706098228270,
    1706098228410,
    1706098229422,
    1706098229580
  ],
  "blockTimestamps": [
    1706098224773,
    1706098227769,
    1706098230770,
    1706098233781
  ],
  "blockTimes": [
    1706098224,
    1706098227,
    1706098230,
    1706098233
  ],
  "blockTransactions": [
    3,
    5,
    6,
    5
  ],
  "Delays": [
    3852,
    3853,
    3775,
    5238,
    5084,
    5238,
    3722,
    3646,
    5383,
    5385,
    4216,
    3824,
    3731,
    5594,
    5962,
    5511,
    5371,
    4359,
    4201
  ],
  "Throughputs": [
    0.778816199376947,
    1.1682242990654206,
    1.4214641080312722,
    1.4774494556765163
  ],
  "AverageDelays": [
    3826.6666666666665,
    4301,
    4467.214285714285,
    4628.684210526316
  ]
}