{
  "transactionTimestamps": [
    1706098395766,
    1706098394628,
    1706098397198,
    1706098397898,
    1706098396778,
    1706098398394,
    1706098399300,
    1706098399688,
    1706098400298,
    1706098400298,
    1706098400825,
    1706098400903,
    1706098401671,
    1706098401890,
    1706098401982,
    1706098402061,
    1706098402868,
    1706098403072,
    1706098403412,
    1706098403645,
    1706098404456,
    1706098404691,
    1706098404894,
    1706098404895,
    1706098405944,
    1706098406120,
    1706098406322,
    1706098406429,
    1706098407380,
    1706098407427,
    1706098407552,
    1706098407662,
    1706098408890,
    1706098409048,
    1706098410089,
    1706098410292
  ],
  "blockTimestamps": [
    1706098401765,
    1706098404768,
    1706098407786,
    1706098410778,
    1706098413771
  ],
  "blockTimes": [
    1706098401,
    1706098404,
    1706098407,
    1706098410,
    1706098413
  ],
  "blockTransactions": [
    6,
    6,
    9,
    10,
    5
  ],
  "Delays": [
    5999,
    7137,
    4567,
    3867,
    4987,
    3371,
    5468,
    5080,
    4470,
    4470,
    3943,
    3865,
    6115,
    5896,
    5804,
    5725,
    4918,
    4714,
    4374,
    4141,
    3330,
    6087,
    5884,
    5883,
    4834,
    4658,
    4456,
    4349,
    3398,
    3351,
    3226,
    6109,
    4881,
    4723,
    3682,
    3479
  ],
  "Throughputs": [
    1.0001666944490748,
    1.3330371028660297,
    1.7470881863560732,
    2.0650146549427126,
    1.999444598722577
  ],
  "AverageDelays": [
    4988,
    4768.666666666667,
    4868.619047619048,
    4786.032258064516,
    4756.694444444444
  ]
}