{
  "transactionTimestamps": [
    1706098291251,
    1706098291549,
    1706098291642,
    1706098291682,
    1706098291705,
    1706098290598,
    1706098292840,
    1706098292872,
    1706098292979,
    1706098293057,
    1706098293135,
    1706098294239,
    1706098294269,
    1706098294332,
    1706098294644,
    1706098295234,
    1706098295235,
    1706098295622,
    1706098295698,
    1706098295746,
    1706098295932,
    1706098294612,
    1706098296569,
    1706098297148,
    1706098297243,
    1706098296756,
    1706098298121,
    1706098298461,
    1706098298496,
    1706098297242,
    1706098299415,
    1706098299775,
    1706098299821,
    1706098298094,
    1706098300694,
    1706098300742,
    1706098299309,
    1706098300991,
    1706098299950,
    1706098301255,
    1706098302361,
    1706098302439,
    1706098301963,
    1706098303639,
    1706098304043,
    1706098302656,
    1706098305109
  ],
  "blockTimestamps": [
    1706098296768,
    1706098299789,
    1706098302782,
    1706098305788,
    1706098308774
  ],
  "blockTimes": [
    1706098296,
    1706098299,
    1706098302,
    1706098305,
    1706098308
  ],
  "blockTransactions": [
    11,
    12,
    8,
    11,
    5
  ],
  "Delays": [
    5517,
    5219,
    5126,
    5086,
    5063,
    6170,
    3928,
    3896,
    3789,
    3711,
    3633,
    5550,
    5520,
    5457,
    5145,
    4555,
    4554,
    4167,
    4091,
    4043,
    3857,
    5177,
    3220,
    5634,
    5539,
    6026,
    4661,
    4321,
    4286,
    5540,
    3367,
    6013,
    5967,
    7694,
    5094,
    5046,
    6479,
    4797,
    5838,
    4533,
    3427,
    3349,
    6811,
    5135,
    4731,
    6118,
    3665
  ],
  "Throughputs": [
    1.993837230378829,
    2.693839306629187,
    2.6884051686757435,
    2.8891793354887527,
    2.682189122867089
  ],
  "AverageDelays": [
    4648.909090909091,
    4629.304347826087,
    4704.774193548387,
    4859.166666666667,
    4905.212765957447
  ]
}