{
  "transactionTimestamps": [
    1706172996090,
    1706172997706,
    1706172999305,
    1706173000353,
    1706173000355,
    1706173000551,
    1706173001767,
    1706173001878,
    1706173002280,
    1706173003482,
    1706173003497,
    1706173005012,
    1706173005043,
    1706173006335,
    1706173006587,
    1706173007946,
    1706173008277
  ],
  "blockTimestamps": [
    1706173002224,
    1706173005245,
    1706173008263,
    1706173011257,
    1706173014815
  ],
  "blockTimes": [
    1706173002,
    1706173005,
    1706173008,
    1706173011,
    1706173014
  ],
  "blockTransactions": [
    2,
    6,
    3,
    5,
    1
  ],
  "Delays": [
    6134,
    4518,
    5940,
    4892,
    4890,
    4694,
    3478,
    3367,
    5983,
    4781,
    4766,
    6245,
    6214,
    4922,
    4670,
    3311,
    6538
  ],
  "Throughputs": [
    0.32605151613955,
    0.8738394320043693,
    0.903639201511542,
    1.0549218698490144,
    0.9078771695594124
  ],
  "AverageDelays": [
    5326,
    4739.125,
    4858.454545454545,
    4925.3125,
    5020.176470588235
  ]
}