{
  "transactionTimestamps": [
    1706172874410,
    1706172879343,
    1706172880282,
    1706172880285,
    1706172880561,
    1706172880998,
    1706172881792,
    1706172881731,
    1706172880006,
    1706172881419,
    1706172883113,
    1706172883469,
    1706172884362,
    1706172884874,
    1706172885656,
    1706172886386,
    1706172887410,
    1706172887938
  ],
  "blockTimestamps": [
    1706172882852,
    1706172885214,
    1706172888239,
    1706172891259
  ],
  "blockTimes": [
    1706172882,
    1706172885,
    1706172888,
    1706172891
  ],
  "blockTransactions": [
    1,
    8,
    5,
    4
  ],
  "Delays": [
    8442,
    5871,
    4932,
    4929,
    4653,
    4216,
    3422,
    3483,
    5208,
    6820,
    5126,
    4770,
    3877,
    3365,
    5603,
    4873,
    3849,
    3321
  ],
  "Throughputs": [
    0.11845534233593935,
    0.8330248056275453,
    1.0123653192566346,
    1.0683126595050152
  ],
  "AverageDelays": [
    8442,
    5017.333333333333,
    4936.714285714285,
    4820
  ]
}