{
  "transactionTimestamps": [
    1706172939120,
    1706172940307,
    1706172940311,
    1706172940446,
    1706172939980,
    1706172941473,
    1706172940319,
    1706172941877,
    1706172942818,
    1706172943190,
    1706172944176,
    1706172944878,
    1706172945751,
    1706172946154,
    1706172946888,
    1706172947167,
    1706172947340,
    1706172948349,
    1706172947418,
    1706172949951,
    1706172948674,
    1706172948349,
    1706172947418,
    1706172949951,
    1706172948674,
    1706172951161,
    1706172952623,
    1706172954027,
    1706172954573,
    1706172955462,
    1706172956350,
    1706172951161,
    1706172952623,
    1706172954027,
    1706172954573,
    1706172955462,
    1706172956350
  ],
  "blockTimestamps": [
    1706172945252,
    1706172948246,
    1706172951221,
    1706172954213,
    1706172954215,
    1706172957224,
    1706172957225,
    1706172960242
  ],
  "blockTimes": [
    1706172945,
    1706172948,
    1706172951,
    1706172954,
    1706172954,
    1706172957,
    1706172957,
    1706172960
  ],
  "blockTransactions": [
    8,
    4,
    5,
    4,
    4,
    6,
    2,
    4
  ],
  "Delays": [
    6132,
    4945,
    4941,
    4806,
    5272,
    3779,
    4933,
    3375,
    5428,
    5056,
    4070,
    3368,
    5470,
    5067,
    4333,
    4054,
    3881,
    5864,
    6795,
    4262,
    5539,
    5866,
    6797,
    4264,
    5541,
    6063,
    4601,
    3197,
    2651,
    1762,
    874,
    6064,
    4602,
    6215,
    5669,
    4780,
    3892
  ],
  "Throughputs": [
    1.3046314416177431,
    1.314924391847469,
    1.404842574993802,
    1.3913734843967402,
    1.6561775422325273,
    1.7123287671232879,
    1.8227009113504555,
    1.751728056055298
  ],
  "AverageDelays": [
    4772.875,
    4675.416666666667,
    4641.764705882353,
    4827.142857142857,
    4953.52,
    4612.451612903225,
    4656.121212121212,
    4708.324324324324
  ]
}