{
  "transactionTimestamps": [
    1706172915543,
    1706172920290,
    1706172920291,
    1706172921570,
    1706172921616,
    1706172922771,
    1706172923006,
    1706172924380,
    1706172924364,
    1706172925736,
    1706172925745,
    1706172927028,
    1706172928307,
    1706172927354,
    1706172929755,
    1706172931182,
    1706172932680,
    1706172934191
  ],
  "blockTimestamps": [
    1706172921260,
    1706172924233,
    1706172927254,
    1706172930196,
    1706172933228,
    1706172936199,
    1706172939247
  ],
  "blockTimes": [
    1706172921,
    1706172924,
    1706172927,
    1706172930,
    1706172933,
    1706172936,
    1706172939
  ],
  "blockTransactions": [
    1,
    2,
    4,
    4,
    4,
    1,
    2
  ],
  "Delays": [
    5717,
    3943,
    3942,
    5684,
    5638,
    4483,
    4248,
    5816,
    5832,
    4460,
    4451,
    6200,
    4921,
    5874,
    3473,
    5017,
    6567,
    5056
  ],
  "Throughputs": [
    0.17491691446562885,
    0.34522439585730724,
    0.5977286312014345,
    0.7506995154575854,
    0.8481764206955047,
    0.774593338497289,
    0.7593655079311509
  ],
  "AverageDelays": [
    5717,
    4534,
    4807.857142857143,
    4928.545454545455,
    4978.8,
    4981.1875,
    5073.444444444444
  ]
}