{
  "transactionTimestamps": [
    1706172841000,
    1706172841041,
    1706172841020,
    1706172842406,
    1706172842453,
    1706172842422,
    1706172843779,
    1706172843747,
    1706172843854,
    1706172845053,
    1706172845131,
    1706172845506,
    1706172846801,
    1706172848095,
    1706172846629,
    1706172846756,
    1706172852961,
    1706172853339,
    1706172854195
  ],
  "blockTimestamps": [
    1706172846216,
    1706172849234,
    1706172852254,
    1706172858203
  ],
  "blockTimes": [
    1706172846,
    1706172849,
    1706172852,
    1706172858
  ],
  "blockTransactions": [
    6,
    6,
    4,
    3
  ],
  "Delays": [
    5216,
    5175,
    5196,
    3810,
    3763,
    3794,
    5455,
    5487,
    5380,
    4181,
    4103,
    3728,
    5453,
    4159,
    5625,
    5498,
    5242,
    4864,
    4008
  ],
  "Throughputs": [
    1.1503067484662577,
    1.4573718727228564,
    1.4217167229429537,
    1.1044585246759286
  ],
  "AverageDelays": [
    4492.333333333333,
    4607.333333333333,
    4751.4375,
    4744.0526315789475
  ]
}