{
  "transactionTimestamps": [
    1706172900289,
    1706172900290,
    1706172900290,
    1706172900290,
    1706172901760,
    1706172901807,
    1706172901979,
    1706172902025,
    1706172903165,
    1706172903149,
    1706172903602,
    1706172903227,
    1706172904742,
    1706172904802,
    1706172904895,
    1706172906077,
    1706172906062,
    1706172906343,
    1706172907446,
    1706172907632,
    1706172907695,
    1706172908664,
    1706172909447,
    1706172909945,
    1706172911013,
    1706172911604,
    1706172910200,
    1706172912281,
    1706172913014,
    1706172914200
  ],
  "blockTimestamps": [
    1706172906226,
    1706172909243,
    1706172912262,
    1706172915205,
    1706172918230
  ],
  "blockTimes": [
    1706172906,
    1706172909,
    1706172912,
    1706172915,
    1706172918
  ],
  "blockTransactions": [
    8,
    7,
    7,
    4,
    4
  ],
  "Delays": [
    5937,
    5936,
    5936,
    5936,
    4466,
    4419,
    4247,
    4201,
    6078,
    6094,
    5641,
    6016,
    4501,
    4441,
    4348,
    6185,
    6200,
    5919,
    4816,
    4630,
    4567,
    3598,
    5758,
    5260,
    4192,
    3601,
    8030,
    5949,
    5216,
    4030
  ],
  "Throughputs": [
    1.3474818932120598,
    1.6752289479562206,
    1.837467635513238,
    1.7430946634486457,
    1.672147594894376
  ],
  "AverageDelays": [
    5134.75,
    5213.133333333333,
    5186.909090909091,
    5112.423076923077,
    5204.933333333333
  ]
}