{
  "transactionTimestamps": [
    1706172853512,
    1706172855671,
    1706172854025,
    1706172857210,
    1706172858677,
    1706172860271,
    1706172860273,
    1706172860278,
    1706172860277,
    1706172861559,
    1706172861699,
    1706172861716,
    1706172861996,
    1706172862914,
    1706172863253,
    1706172863581,
    1706172864510,
    1706172864575,
    1706172864983,
    1706172866052,
    1706172866163,
    1706172866490,
    1706172867344,
    1706172867469,
    1706172867827,
    1706172868773,
    1706172869101,
    1706172870345,
    1706172870531,
    1706172871700,
    1706172871809,
    1706172873027,
    1706172873478
  ],
  "blockTimestamps": [
    1706172861245,
    1706172864234,
    1706172867866,
    1706172870227,
    1706172873245,
    1706172876221,
    1706172879263
  ],
  "blockTimes": [
    1706172861,
    1706172864,
    1706172867,
    1706172870,
    1706172873,
    1706172876,
    1706172879
  ],
  "blockTransactions": [
    4,
    5,
    7,
    6,
    5,
    4,
    2
  ],
  "Delays": [
    7733,
    5574,
    7220,
    4035,
    5557,
    3963,
    3961,
    3956,
    3957,
    6307,
    6167,
    6150,
    5870,
    4952,
    4613,
    4285,
    5717,
    5652,
    5244,
    4175,
    4064,
    3737,
    5901,
    5776,
    5418,
    4472,
    4144,
    5876,
    5690,
    4521,
    4412,
    6236,
    5785
  ],
  "Throughputs": [
    0.517263675158412,
    0.8393956351426973,
    1.1146718684687196,
    1.3161830690996112,
    1.3682663558506056,
    1.3650975384208903,
    1.2815036309269543
  ],
  "AverageDelays": [
    6140.5,
    5106.222222222223,
    5268.75,
    5131.318181818182,
    5133.333333333333,
    5132.225806451613,
    5185.454545454545
  ]
}