{
  "transactionTimestamps": [
    1706172975568,
    1706172977122,
    1706172975568,
    1706172977122,
    1706172980342,
    1706172980343,
    1706172981634,
    1706172982134,
    1706172983257,
    1706172983305,
    1706172984783,
    1706172984982,
    1706172986286,
    1706172987845,
    1706172986241,
    1706172993175,
    1706172994529,
    1706172993720
  ],
  "blockTimestamps": [
    1706172981219,
    1706172981220,
    1706172984236,
    1706172987266,
    1706172990229,
    1706172993289,
    1706172999238
  ],
  "blockTimes": [
    1706172981,
    1706172981,
    1706172984,
    1706172987,
    1706172990,
    1706172993,
    1706172999
  ],
  "blockTransactions": [
    2,
    2,
    2,
    4,
    3,
    2,
    3
  ],
  "Delays": [
    5651,
    4097,
    5652,
    4098,
    3894,
    3893,
    5632,
    5132,
    4009,
    3961,
    5446,
    5247,
    3943,
    5444,
    7048,
    6063,
    4709,
    5518
  ],
  "Throughputs": [
    0.3539196602371262,
    0.7077140835102619,
    0.6922011998154131,
    0.8548469823901521,
    0.8867062274060433,
    0.8464533604198409,
    0.7604562737642585
  ],
  "AverageDelays": [
    4874,
    4874.5,
    4547.5,
    4601.9,
    4665.7692307692305,
    4876.466666666666,
    4968.722222222223
  ]
}