{
  "transactionTimestamps": [
    1706173015458,
    1706173020371,
    1706173020370,
    1706173021838,
    1706173022086,
    1706173023192,
    1706173023425,
    1706173024468,
    1706173025184,
    1706173025932,
    1706173026821,
    1706173027401,
    1706173028179
  ],
  "blockTimestamps": [
    1706173023205,
    1706173026203,
    1706173029224,
    1706173032213
  ],
  "blockTimes": [
    1706173023,
    1706173026,
    1706173029,
    1706173032
  ],
  "blockTransactions": [
    1,
    4,
    5,
    3
  ],
  "Delays": [
    7747,
    5832,
    5833,
    4365,
    4117,
    6032,
    5799,
    4756,
    4040,
    3292,
    5392,
    4812,
    4034
  ],
  "Throughputs": [
    0.1290822253775655,
    0.46533271288971617,
    0.7264274298997531,
    0.7758877946881528
  ],
  "AverageDelays": [
    7747,
    5578.8,
    5181.3,
    5080.846153846154
  ]
}