{
  "transactionTimestamps": [
    1706173040371,
    1706173040372,
    1706173041804,
    1706173041633,
    1706173043347,
    1706173044655,
    1706173045981,
    1706173047600,
    1706173047849,
    1706173049567,
    1706173048544,
    1706173051026,
    1706173052199
  ],
  "blockTimestamps": [
    1706173044235,
    1706173047251,
    1706173050199,
    1706173053238,
    1706173056259
  ],
  "blockTimes": [
    1706173044,
    1706173047,
    1706173050,
    1706173053,
    1706173056
  ],
  "blockTransactions": [
    2,
    3,
    2,
    3,
    3
  ],
  "Delays": [
    3864,
    3863,
    5447,
    5618,
    3904,
    5544,
    4218,
    5638,
    5389,
    3671,
    7715,
    5233,
    4060
  ],
  "Throughputs": [
    0.5175983436853002,
    0.7267441860465116,
    0.7122507122507123,
    0.7771819382917541,
    0.8182275931520645
  ],
  "AverageDelays": [
    3863.5,
    4539.2,
    4636.857142857143,
    4715.6,
    4935.692307692308
  ]
}