{"a": 0.4, "b": 0.6, "communities0": [[0, 39, 40, 63, 62, 31], [1, 34, 26, 38, 45, 21, 58], [2, 28, 22, 23, 59, 60], [32, 3, 36, 12, 16, 52, 55], [9, 35, 4, 53], [5, 29, 47], [64, 67, 6], [25, 7], [8, 46], [48, 10], [11, 70, 71], [66, 72, 13, 14, 15, 20], [65, 42, 17], [18, 51], [19, 61], [24, 49], [33, 27, 44], [54, 30], [41, 37], [43, 69], [57, 50], [56, 68]], "q0": 0.44597712717486343, "f0": 0.8986682925005652}