{"a": 0.5, "b": 0.5, "communities0": [[0, 43], [104, 1], [2, 23], [3, 52, 53], [83, 4], [32, 5], [68, 6], [146, 7], [8, 50], [9, 125], [10, 127], [11, 44], [100, 12], [109, 13], [27, 14], [85, 15], [16, 117], [88, 17], [73, 18], [19, 119], [90, 20], [89, 21], [98, 22], [24, 61, 94], [152, 25], [26, 36], [99, 28], [131, 84, 29], [77, 30], [142, 31], [33, 123], [153, 34], [35, 155], [37, 150], [74, 38], [137, 39], [40, 65], [41, 133], [42, 69], [75, 45], [130, 46], [124, 47], [48, 92], [49, 148], [51, 101], [136, 54], [108, 55], [56, 129], [57, 91], [58, 139], [64, 59], [97, 60], [154, 62], [102, 63], [66, 82], [96, 67], [113, 70], [141, 71], [72, 95], [76, 149], [78, 87], [118, 79], [80, 115], [81, 103], [145, 86], [147, 93], [105, 143], [120, 106], [112, 107], [144, 110], [132, 111], [114, 138], [122, 116, 134], [121, 151], [128, 126], [140, 135]], "q0": 0.49640625000000005, "f0": 0.906010954069182}