{"a": 0.4, "b": 0.6, "communities0": [[0, 3], [1, 21], [2, 5, 6, 7, 9, 10, 11, 12, 13, 20, 28, 29], [4, 14, 22, 25, 26, 27], [8, 16, 30], [23, 15], [17, 19], [24, 18]], "q0": 0.4237211407876868, "f0": 0.8073543698534381}