{"a": 0.5, "b": 0.5, "communities0": [[0, 6], [1, 30], [2, 29], [3, 4], [33, 5], [43, 7], [8, 16], [9, 31], [10, 19], [11, 36], [49, 12], [65, 52, 13], [28, 14], [71, 15], [17, 67], [25, 18], [20, 61], [21, 54], [38, 22], [55, 23], [24, 66], [26, 75], [42, 27], [32, 74, 64, 60], [34, 70], [58, 35], [59, 37], [69, 39], [40, 51, 44], [41, 62], [45, 63], [56, 46], [73, 47], [48, 57], [50, 53], [72, 68]], "q0": 0.49140625000000004, "f0": 0.8356527043724281}