{"a": 0.6, "b": 0.4, "communities0": [[0, 9, 12, 14, 17, 18, 21, 27, 34, 35, 36, 37, 43, 45, 47, 48, 49, 55, 67, 74, 78, 83, 88, 89, 108, 110], [96, 1, 33, 68, 70, 87, 60], [65, 2, 79], [106, 3], [50, 91, 4, 44], [5, 13, 7], [46, 6], [8, 10], [40, 11, 51, 20, 52], [42, 82, 15], [16, 80], [19, 22], [98, 69, 38, 103, 107, 77, 111, 53, 23, 63, 95], [102, 105, 112, 85, 24, 61, 94], [25, 101], [56, 26], [64, 28], [29, 30], [57, 76, 86, 31], [32, 93], [81, 39], [41, 59], [54, 71], [73, 58], [75, 62], [66, 92], [72, 84], [104, 90], [97, 100], [99, 109]], "q0": 0.4569325982461593, "f0": 0.9138140423143357}