{"a": 0.3, "b": 0.7, "communities0": [[0, 32, 35, 38, 50, 19, 51, 61], [1, 39], [2, 36, 42, 12, 46, 57, 63], [64, 3, 40, 14, 27], [4, 30, 31], [5, 7, 11, 17, 18], [9, 66, 44, 6], [8, 33, 37], [41, 10, 49, 53, 23, 29], [67, 13], [15, 52, 21, 22, 56, 25, 58, 59, 28], [16, 54], [34, 43, 45, 20, 24, 26], [60, 47], [48, 65], [62, 55]], "q0": 0.4576196507825509, "f0": 0.8613439349173021}