{"a": 0.5, "b": 0.5, "communities0": [[0, 2, 10, 21, 22], [1, 25], [24, 3, 20], [4, 5, 6], [27, 7], [8, 26], [9, 17], [11, 12, 23], [18, 13], [16, 14], [19, 15]], "q0": 0.46429500520291367, "f0": 0.7632779361890482}