{"a": 0.3, "b": 0.7, "communities0": [[0, 188], [1, 149], [2, 103], [3, 147], [4, 55], [5, 175], [212, 6], [203, 7], [8, 52], [9, 169], [10, 158], [162, 11], [12, 221], [140, 13], [129, 14], [172, 15], [16, 37], [17, 123], [18, 173], [19, 190], [20, 93], [209, 21], [122, 22], [197, 23], [24, 226], [25, 57], [26, 82], [208, 27], [28, 79], [106, 29], [161, 58, 30], [98, 31], [32, 118], [33, 108], [34, 156], [170, 35], [36, 54], [198, 38, 180, 189, 125], [78, 39], [40, 183], [104, 41], [42, 43], [204, 44], [97, 45], [100, 46], [89, 47], [48, 201], [49, 135], [184, 50], [51, 179], [53, 157], [56, 193], [59, 195], [168, 60], [176, 61], [62, 95], [83, 63], [64, 185, 166], [65, 177], [66, 154], [115, 67], [113, 68], [109, 69], [70, 167], [222, 71], [72, 131], [73, 191], [74, 87], [114, 75], [76, 205], [77, 199], [80, 223], [81, 105], [84, 206], [85, 207], [186, 86], [88, 96], [224, 90, 165], [91, 142], [139, 92], [99, 94], [211, 101], [102, 215], [107, 229], [171, 110], [219, 111], [112, 225], [116, 117], [187, 119], [120, 232], [121, 126], [233, 124], [133, 127], [128, 214], [153, 130], [132, 143], [137, 134], [136, 155], [192, 138], [194, 141], [144, 220], [145, 151], [202, 146], [160, 148], [218, 150], [152, 196], [178, 159], [163, 164], [182, 174], [217, 181], [200, 227], [210, 231], [216, 213], [228, 230]], "q0": 0.49744791666666666, "f0": 0.9406343265451277}