{"a": 0.8, "b": 0.2, "communities0": [[0, 2, 7, 8, 16, 17, 18, 20, 22, 25], [1, 3, 21], [4], [5, 9, 19, 23, 24], [6, 14], [10, 29], [11, 12], [27, 13], [28, 15], [26, 30]], "q0": 0.4174087905774203, "f0": 0.7794829381959798}