{"a": 0.5, "b": 0.5, "communities0": [[0, 96, 8, 108, 26], [1, 4], [2, 85], [3, 135], [82, 5], [24, 6], [59, 7], [9, 125], [10, 77], [17, 11], [42, 12], [29, 13], [14, 22], [69, 15], [16, 60], [40, 18], [19, 92], [20, 134], [21, 63], [41, 23], [25, 86], [115, 27], [28, 70], [112, 30], [48, 31], [32, 88], [33, 123], [34, 94], [35, 46], [36, 126], [68, 37], [80, 38], [78, 39], [64, 43], [67, 44], [57, 45], [55, 47], [49, 74], [50, 58], [91, 51], [52, 127], [113, 53], [133, 54], [56, 87], [106, 61], [72, 62], [65, 76], [66, 83], [122, 71], [73, 114], [75, 101], [109, 79], [81, 124], [84, 102], [89, 107], [90, 131], [98, 93], [128, 95], [97, 116], [99, 103], [121, 100], [104, 132], [105, 118], [129, 110], [136, 111], [117, 119], [120, 130]], "q0": 0.4955102040816326, "f0": 0.8931484378384973}