{"a": 0.8, "b": 0.2, "communities0": [[0, 1, 5, 17], [2, 6], [9, 3], [11, 4], [18, 7], [8, 15], [10, 14], [19, 12], [16, 13]], "q0": 0.462799167533819, "f0": 0.7041590799479769}