{"a": 0.3, "b": 0.7, "communities0": [[0, 33, 34, 35, 4, 39, 45, 50, 19, 28, 31], [1, 46], [2, 29], [3, 36, 5, 41, 13, 16], [12, 6], [37, 7], [8, 43], [9, 15], [10, 30], [11, 27], [48, 14], [17, 18], [20, 44], [24, 21], [25, 42, 38, 22], [52, 23], [32, 26], [40], [47], [49, 51]], "communities1": [[0, 33, 34, 35, 4, 39, 45, 50, 19, 28, 31], [1, 46], [2, 29], [3, 36, 5, 41, 13, 16], [12, 6], [37, 7], [8, 43], [9, 15], [10, 30], [11, 27], [48, 14], [17, 18], [20, 44], [24, 21], [25, 42, 38, 22], [52, 23], [32, 26], [40, 47], [49, 51]], "communities2": [[0, 33, 34, 35, 4, 39, 45, 50, 19, 28, 31], [1, 46], [2, 29], [16, 3], [41, 13, 36, 5], [12, 6], [37, 7], [8, 43], [9, 15], [10, 30], [27, 11], [48, 14], [17, 18], [20, 44], [24, 21], [38, 25, 42, 22], [52, 23], [32, 26], [40, 47], [49, 51]], "communities3": [[26, 52, 42], [25, 44, 36], [8, 43, 13], [41, 27, 15], [32, 49, 16], [29, 46, 31], [2, 11, 5], [17, 35, 38], [40, 48, 45], [33, 6, 47], [9, 10, 18], [37, 14, 7], [3, 19, 28], [1, 34, 12], [0, 50, 23], [24, 20], [4, 21], [30, 39], [51, 22]], "q0": 0.43441611048956447, "f0": 0.8636663828587233, "q1": 0.44364607846919485, "f1": 0.8552311167127269}