{"a": 0.4, "b": 0.6, "communities0": [[0, 16], [64, 1, 99, 8, 53, 54], [112, 2, 86], [32, 97, 98, 3, 38, 103, 43, 44, 45, 75, 47, 108, 17, 19, 85, 57, 31], [4, 5, 7, 10, 11, 14, 18, 20, 23, 25, 27, 28, 29, 36, 48, 55, 56, 58, 61, 66, 73, 76, 80, 81, 83, 84, 88, 90, 109], [100, 6, 39, 106, 77, 114, 52, 116, 117, 93, 30, 95], [9, 78], [33, 42, 12, 111], [13, 21], [96, 35, 15, 82, 60], [74, 22], [24, 72], [104, 26], [34, 102], [89, 37, 110, 70], [40, 113, 68, 94], [41, 107], [46, 71], [67, 49, 87, 91, 92], [50, 59], [51, 101, 79], [65, 62], [115, 63], [105, 69]], "q0": 0.43827486963982065, "f0": 0.9377037953518581}