{
  "transactionTimestamps": [
    1706100276059,
    1706100276291,
    1706100276953,
    1706100277156,
    1706100277639,
    1706100277655,
    1706100277842,
    1706100278372,
    1706100278573,
    1706100278885,
    1706100279231,
    1706100279554,
    1706100279586,
    1706100280191,
    1706100280206,
    1706100280592,
    1706100281054,
    1706100281134,
    1706100281568,
    1706100281973,
    1706100282020,
    1706100282658,
    1706100283078,
    1706100283762,
    1706100284041,
    1706100284726,
    1706100284819,
    1706100285361,
    1706100285625,
    1706100286372,
    1706100286639,
    1706100287153,
    1706100287372,
    1706100287871,
    1706100288080,
    1706100288973,
    1706100289159,
    1706100289871,
    1706100289964
  ],
  "blockTimestamps": [
    1706100281364,
    1706100283843,
    1706100287156,
    1706100290560
  ],
  "blockTimes": [
    1706100280,
    1706100283,
    1706100286,
    1706100289
  ],
  "blockTransactions": [
    4,
    19,
    8,
    8
  ],
  "Delays": [
    5305,
    5073,
    4411,
    4208,
    6204,
    6188,
    6001,
    5471,
    5270,
    4958,
    4612,
    4289,
    4257,
    3652,
    3637,
    3251,
    2789,
    2709,
    2275,
    1870,
    1823,
    1185,
    765,
    3394,
    3115,
    2430,
    2337,
    1795,
    1531,
    784,
    517,
    3407,
    3188,
    2689,
    2480,
    1587,
    1401,
    689,
    596
  ],
  "Throughputs": [
    0.7540056550424129,
    2.9547790339157247,
    2.793547805713256,
    2.689469691745397
  ],
  "AverageDelays": [
    4749.25,
    3921.8695652173915,
    3422.7741935483873,
    3131.871794871795
  ]
}