{
  "transactionTimestamps": [
    1706100562801,
    1706100563708,
    1706100564557,
    1706100565450,
    1706100566553,
    1706100567268,
    1706100568153,
    1706100569144,
    1706100569785,
    1706100570802,
    1706100571578,
    1706100572351
  ],
  "blockTimestamps": [
    1706100568768,
    1706100571916,
    1706100574908
  ],
  "blockTimes": [
    1706100568,
    1706100571,
    1706100574
  ],
  "blockTransactions": [
    4,
    7,
    1
  ],
  "Delays": [
    5967,
    5060,
    4211,
    3318,
    5363,
    4648,
    3763,
    2772,
    2131,
    1114,
    338,
    2557
  ],
  "Throughputs": [
    0.6703536115300821,
    1.2068019747668677,
    0.9911621376063435
  ],
  "AverageDelays": [
    4639,
    3516.818181818182,
    3436.8333333333335
  ]
}