{
  "transactionTimestamps": [
    1706100499782,
    1706100500028,
    1706100500728,
    1706100500729,
    1706100501473,
    1706100501562,
    1706100500789,
    1706100502476,
    1706100502600,
    1706100502769,
    1706100502769,
    1706100501534,
    1706100503328,
    1706100503407,
    1706100503607,
    1706100503622,
    1706100504150,
    1706100504336,
    1706100504585,
    1706100504647,
    1706100504975,
    1706100505052,
    1706100505282,
    1706100504309,
    1706100505716,
    1706100505949,
    1706100506074,
    1706100506153,
    1706100506555,
    1706100506914,
    1706100506991,
    1706100505175,
    1706100507114,
    1706100507471,
    1706100507672,
    1706100508318,
    1706100508480,
    1706100509458,
    1706100509519,
    1706100508451,
    1706100510312,
    1706100510405,
    1706100511040,
    1706100511367
  ],
  "blockTimestamps": [
    1706100502917,
    1706100505873,
    1706100510168,
    1706100514780
  ],
  "blockTimes": [
    1706100502,
    1706100505,
    1706100508,
    1706100514
  ],
  "blockTransactions": [
    2,
    7,
    28,
    7
  ],
  "Delays": [
    3135,
    2889,
    5145,
    5144,
    4400,
    4311,
    5084,
    3397,
    3273,
    7399,
    7399,
    8634,
    6840,
    6761,
    6561,
    6546,
    6018,
    5832,
    5583,
    5521,
    5193,
    5116,
    4886,
    5859,
    4452,
    4219,
    4094,
    4015,
    3613,
    3254,
    3177,
    4993,
    3054,
    2697,
    2496,
    1850,
    1688,
    5322,
    5261,
    6329,
    4468,
    4375,
    3740,
    3413
  ],
  "Throughputs": [
    0.6379585326953748,
    1.4775898867181085,
    3.5624879645676875,
    2.9337244965995466
  ],
  "AverageDelays": [
    3012,
    4086.4444444444443,
    4716.972972972973,
    4714.454545454545
  ]
}