{
  "transactionTimestamps": [
    1706100652836,
    1706100653772,
    1706100654515,
    1706100655275,
    1706100656091,
    1706100656749
  ],
  "blockTimestamps": [
    1706100658759,
    1706100662005
  ],
  "blockTimes": [
    1706100658,
    1706100661
  ],
  "blockTransactions": [
    4,
    2
  ],
  "Delays": [
    5923,
    4987,
    4244,
    3484,
    5914,
    5256
  ],
  "Throughputs": [
    0.6753334458889076,
    0.6543788853746318
  ],
  "AverageDelays": [
    4659.5,
    4968
  ]
}