{
  "transactionTimestamps": [
    1706100592814,
    1706100593792,
    1706100594745,
    1706100595679,
    1706100596525,
    1706100597581
  ],
  "blockTimestamps": [
    1706100595822,
    1706100599377
  ],
  "blockTimes": [
    1706100595,
    1706100598
  ],
  "blockTransactions": [
    3,
    3
  ],
  "Delays": [
    3008,
    2030,
    1077,
    3698,
    2852,
    1796
  ],
  "Throughputs": [
    0.9973404255319149,
    0.9142160597287826
  ],
  "AverageDelays": [
    2038.3333333333333,
    2410.1666666666665
  ]
}