{
  "transactionTimestamps": [
    1706100511990,
    1706100512984,
    1706100513995,
    1706100514922,
    1706100515817,
    1706100516513,
    1706100517531,
    1706100517780,
    1706100518605,
    1706100518621,
    1706100519408,
    1706100519640,
    1706100520229,
    1706100520614,
    1706100521062,
    1706100521636,
    1706100522145,
    1706100522581,
    1706100523261,
    1706100524223,
    1706100524962,
    1706100525660,
    1706100526357,
    1706100527055,
    1706100527795,
    1706100528525
  ],
  "blockTimestamps": [
    1706100518921,
    1706100521124,
    1706100524724,
    1706100526878,
    1706100529756,
    1706100532758
  ],
  "blockTimes": [
    1706100517,
    1706100520,
    1706100523,
    1706100526,
    1706100529,
    1706100532
  ],
  "blockTransactions": [
    7,
    1,
    11,
    1,
    3,
    3
  ],
  "Delays": [
    6931,
    5937,
    4926,
    3999,
    3104,
    2408,
    1390,
    3344,
    6119,
    6103,
    5316,
    5084,
    4495,
    4110,
    3662,
    3088,
    2579,
    2143,
    1463,
    2655,
    4794,
    4096,
    3399,
    5703,
    4963,
    4233
  ],
  "Throughputs": [
    1.0099552734093205,
    0.875848478213269,
    1.4920684780901523,
    1.3433637829124128,
    1.294607677586401,
    1.2519260400616332
  ],
  "AverageDelays": [
    4099.285714285715,
    4004.875,
    4010.5789473684213,
    3942.8,
    3962.8260869565215,
    4078.6153846153848
  ]
}