{
  "transactionTimestamps": [
    1706100631915,
    1706100633011,
    1706100637832,
    1706100638604,
    1706100639339,
    1706100640183,
    1706100641289,
    1706100642351
  ],
  "blockTimestamps": [
    1706100638374,
    1706100644385
  ],
  "blockTimes": [
    1706100637,
    1706100643
  ],
  "blockTransactions": [
    2,
    6
  ],
  "Delays": [
    6459,
    5363,
    6553,
    5781,
    5046,
    4202,
    3096,
    2034
  ],
  "Throughputs": [
    0.3096454559529339,
    0.6415396952686447
  ],
  "AverageDelays": [
    5911,
    4816.75
  ]
}