{
  "transactionTimestamps": [
    1706100248601,
    1706100249527,
    1706100250387,
    1706100251287,
    1706100252193,
    1706100252881
  ],
  "blockTimestamps": [
    1706100250980,
    1706100253990
  ],
  "blockTimes": [
    1706100250,
    1706100253
  ],
  "blockTransactions": [
    3,
    3
  ],
  "Delays": [
    2379,
    1453,
    593,
    2703,
    1797,
    1109
  ],
  "Throughputs": [
    1.2610340479192939,
    1.1133791055854518
  ],
  "AverageDelays": [
    1475,
    1672.3333333333333
  ]
}