{
  "transactionTimestamps": [
    1706100667836,
    1706100668747,
    1706100669652,
    1706100670746,
    1706100671574,
    1706100672681
  ],
  "blockTimestamps": [
    1706100671359,
    1706100676762
  ],
  "blockTimes": [
    1706100670,
    1706100676
  ],
  "blockTransactions": [
    4,
    2
  ],
  "Delays": [
    3523,
    2612,
    1707,
    613,
    5188,
    4081
  ],
  "Throughputs": [
    1.1353959693443088,
    0.6721935917544253
  ],
  "AverageDelays": [
    2113.75,
    2954
  ]
}