{
  "transactionTimestamps": [
    1706100484938,
    1706100485434,
    1706100485561,
    1706100486317,
    1706100486365,
    1706100487091,
    1706100487152,
    1706100487832,
    1706100487910,
    1706100488682,
    1706100488869,
    1706100487757,
    1706100489334,
    1706100489703,
    1706100490106,
    1706100490767,
    1706100490828,
    1706100491581,
    1706100491581,
    1706100490714,
    1706100492401,
    1706100492446,
    1706100491581,
    1706100493420,
    1706100493481,
    1706100494348,
    1706100494444,
    1706100495168,
    1706100495247,
    1706100493763,
    1706100494495,
    1706100496197,
    1706100496291,
    1706100497065,
    1706100497298,
    1706100497924,
    1706100498339,
    1706100496987,
    1706100498900,
    1706100498977,
    1706100497784
  ],
  "blockTimestamps": [
    1706100488544,
    1706100491547,
    1706100496773,
    1706100500527
  ],
  "blockTimes": [
    1706100487,
    1706100490,
    1706100496,
    1706100499
  ],
  "blockTransactions": [
    7,
    10,
    8,
    16
  ],
  "Delays": [
    3606,
    3110,
    2983,
    2227,
    2179,
    1453,
    1392,
    3715,
    3637,
    2865,
    2678,
    3790,
    2213,
    1844,
    1441,
    780,
    719,
    5192,
    5192,
    6059,
    4372,
    4327,
    5192,
    3353,
    3292,
    6179,
    6083,
    5359,
    5280,
    6764,
    6032,
    4330,
    4236,
    3462,
    3229,
    2603,
    2188,
    3540,
    1627,
    1550,
    2743
  ],
  "Throughputs": [
    1.9412090959511925,
    2.5722499621727946,
    2.112378538234051,
    2.6300596574507664
  ],
  "AverageDelays": [
    2421.4285714285716,
    2390.1176470588234,
    3104.44,
    3483.317073170732
  ]
}