{
  "transactionTimestamps": [
    1706100377448,
    1706100377558,
    1706100377558,
    1706100378105,
    1706100378313,
    1706100378562,
    1706100378562,
    1706100378810,
    1706100379152,
    1706100379393,
    1706100379446,
    1706100379784,
    1706100380112,
    1706100380205,
    1706100380481,
    1706100380653,
    1706100380838,
    1706100381166,
    1706100381244,
    1706100381664,
    1706100381942,
    1706100381957,
    1706100382050,
    1706100382543,
    1706100382606,
    1706100382829,
    1706100383072,
    1706100383210,
    1706100383396,
    1706100383875,
    1706100383905,
    1706100384030,
    1706100382714,
    1706100384711,
    1706100384788,
    1706100384912,
    1706100385486,
    1706100385549,
    1706100385688,
    1706100386150,
    1706100386611,
    1706100386671,
    1706100387148,
    1706100387429,
    1706100385661,
    1706100387738,
    1706100388035,
    1706100386550,
    1706100388159,
    1706100388534,
    1706100388749,
    1706100389076,
    1706100389540,
    1706100389540,
    1706100389801,
    1706100390387,
    1706100390433,
    1706100390573,
    1706100389401,
    1706100391345,
    1706100391471,
    1706100391471,
    1706100390232,
    1706100392231,
    1706100392293,
    1706100392541,
    1706100392896,
    1706100393006,
    1706100393221,
    1706100393935,
    1706100394027,
    1706100393068
  ],
  "blockTimestamps": [
    1706100383224,
    1706100385760,
    1706100389358,
    1706100392456,
    1706100395525
  ],
  "blockTimes": [
    1706100382,
    1706100385,
    1706100388,
    1706100391,
    1706100394
  ],
  "blockTransactions": [
    25,
    1,
    12,
    24,
    10
  ],
  "Delays": [
    5776,
    5666,
    5666,
    5119,
    4911,
    4662,
    4662,
    4414,
    4072,
    3831,
    3778,
    3440,
    3112,
    3019,
    2743,
    2571,
    2386,
    2058,
    1980,
    1560,
    1282,
    1267,
    1174,
    681,
    618,
    2931,
    6286,
    6148,
    5962,
    5483,
    5453,
    5328,
    6644,
    4647,
    4570,
    4446,
    3872,
    3809,
    6768,
    6306,
    5845,
    5785,
    5308,
    5027,
    6795,
    4718,
    4421,
    5906,
    4297,
    3922,
    3707,
    3380,
    2916,
    2916,
    2655,
    2069,
    2023,
    1883,
    3055,
    1111,
    985,
    985,
    5293,
    3294,
    3232,
    2984,
    2629,
    2519,
    2304,
    1590,
    1498,
    2457
  ],
  "Throughputs": [
    4.32825484764543,
    3.128007699711261,
    3.190596137699412,
    4.131130063965885,
    3.9829617746307457
  ],
  "AverageDelays": [
    3217.92,
    3206.8846153846152,
    3842.815789473684,
    3851.7741935483873,
    3702.9166666666665
  ]
}