{
  "transactionTimestamps": [
    1706100262646,
    1706100262651,
    1706100263715,
    1706100263760,
    1706100264494,
    1706100264885,
    1706100265550,
    1706100265582,
    1706100266258,
    1706100266601,
    1706100267347,
    1706100267656,
    1706100268374,
    1706100268591,
    1706100269135,
    1706100269462,
    1706100269882,
    1706100270537,
    1706100270521,
    1706100271316,
    1706100271472,
    1706100272452,
    1706100272577,
    1706100273385,
    1706100273526,
    1706100274351,
    1706100274395,
    1706100275249,
    1706100275296
  ],
  "blockTimestamps": [
    1706100266049,
    1706100269640,
    1706100273196,
    1706100275602
  ],
  "blockTimes": [
    1706100265,
    1706100268,
    1706100271,
    1706100274
  ],
  "blockTransactions": [
    7,
    7,
    1,
    14
  ],
  "Delays": [
    3403,
    3398,
    2334,
    2289,
    1555,
    1164,
    499,
    4058,
    3382,
    3039,
    2293,
    1984,
    1266,
    1049,
    4061,
    6140,
    5720,
    5065,
    5081,
    4286,
    4130,
    3150,
    3025,
    2217,
    2076,
    1251,
    1207,
    353,
    306
  ],
  "Throughputs": [
    2.0570085218924477,
    2.0017157563625965,
    1.4218009478672984,
    2.238345168261809
  ],
  "AverageDelays": [
    2091.714285714286,
    2265.214285714286,
    2384.9333333333334,
    2751.0689655172414
  ]
}