{
  "transactionTimestamps": [
    1706100347466,
    1706100347513,
    1706100347543,
    1706100348219,
    1706100348250,
    1706100348901,
    1706100349213,
    1706100349802,
    1706100350039,
    1706100350452,
    1706100351011,
    1706100351228,
    1706100351893,
    1706100352729,
    1706100351677,
    1706100353834,
    1706100352698,
    1706100354876,
    1706100355397,
    1706100354718,
    1706100355969,
    1706100356464,
    1706100356974,
    1706100357344,
    1706100355970,
    1706100357982,
    1706100358390,
    1706100358714,
    1706100359084,
    1706100359705,
    1706100359751,
    1706100360698,
    1706100360821,
    1706100359611,
    1706100361475,
    1706100361878,
    1706100362293,
    1706100362595,
    1706100363029,
    1706100363354,
    1706100363727,
    1706100364008,
    1706100364718,
    1706100364733,
    1706100363416
  ],
  "blockTimestamps": [
    1706100352763,
    1706100356200,
    1706100358858,
    1706100362128,
    1706100365244
  ],
  "blockTimes": [
    1706100352,
    1706100355,
    1706100358,
    1706100361,
    1706100364
  ],
  "blockTransactions": [
    7,
    12,
    2,
    14,
    10
  ],
  "Delays": [
    5297,
    5250,
    5220,
    4544,
    4513,
    3862,
    3550,
    6398,
    6161,
    5748,
    5189,
    4972,
    4307,
    3471,
    4523,
    2366,
    3502,
    1324,
    803,
    4140,
    2889,
    5664,
    5154,
    4784,
    6158,
    4146,
    3738,
    3414,
    3044,
    2423,
    2377,
    1430,
    1307,
    2517,
    653,
    3366,
    2951,
    2649,
    2215,
    1890,
    1517,
    1236,
    526,
    511,
    1828
  ],
  "Throughputs": [
    1.3215027373985275,
    2.1754064575223264,
    1.8433988764044944,
    2.3871231755558586,
    2.531218359770503
  ],
  "AverageDelays": [
    4605.142857142857,
    4263.1578947368425,
    4191.857142857143,
    3852.5142857142855,
    3411.711111111111
  ]
}