{
  "transactionTimestamps": [
    1706100394792,
    1706100394945,
    1706100393997,
    1706100395832,
    1706100395909,
    1706100396714,
    1706100396870,
    1706100397504,
    1706100397724,
    1706100397724,
    1706100397890,
    1706100398360,
    1706100398657,
    1706100398687,
    1706100397335,
    1706100399245,
    1706100399662,
    1706100399708,
    1706100398282,
    1706100400253,
    1706100398546,
    1706100400672,
    1706100400763,
    1706100400979,
    1706100401410,
    1706100401658,
    1706100401749,
    1706100402370,
    1706100402416,
    1706100402447,
    1706100402463,
    1706100401168,
    1706100401717,
    1706100403141,
    1706100403302,
    1706100403325,
    1706100403479,
    1706100404037,
    1706100404084,
    1706100404458,
    1706100404489,
    1706100404675,
    1706100405120,
    1706100405336,
    1706100405578,
    1706100405663,
    1706100405816,
    1706100404490,
    1706100406251,
    1706100406266,
    1706100406608,
    1706100406899,
    1706100407212,
    1706100407306,
    1706100407551,
    1706100407582,
    1706100408109,
    1706100408178,
    1706100408559,
    1706100408590,
    1706100409205,
    1706100409208,
    1706100409286,
    1706100409438
  ],
  "blockTimestamps": [
    1706100398166,
    1706100401431,
    1706100403763,
    1706100406764,
    1706100410361
  ],
  "blockTimes": [
    1706100397,
    1706100400,
    1706100403,
    1706100406,
    1706100409
  ],
  "blockTransactions": [
    2,
    21,
    1,
    13,
    27
  ],
  "Delays": [
    3374,
    3221,
    7434,
    5599,
    5522,
    4717,
    4561,
    3927,
    3707,
    3707,
    3541,
    3071,
    2774,
    2744,
    4096,
    2186,
    1769,
    1723,
    3149,
    1178,
    2885,
    759,
    668,
    2784,
    5354,
    5106,
    5015,
    4394,
    4348,
    4317,
    4301,
    5596,
    5047,
    3623,
    3462,
    3439,
    3285,
    6324,
    6277,
    5903,
    5872,
    5686,
    5241,
    5025,
    4783,
    4698,
    4545,
    5871,
    4110,
    4095,
    3753,
    3462,
    3149,
    3055,
    2810,
    2779,
    2252,
    2183,
    1802,
    1771,
    1156,
    1153,
    1075,
    923
  ],
  "Throughputs": [
    0.5927682276229994,
    3.464377165235728,
    2.675287036004905,
    3.090544604076178,
    4.110732866593872
  ],
  "AverageDelays": [
    3297.5,
    3317.913043478261,
    3295.6666666666665,
    3686.027027027027,
    3689.625
  ]
}