{
  "transactionTimestamps": [
    1706100452390,
    1706100452695,
    1706100452803,
    1706100453033,
    1706100453433,
    1706100453527,
    1706100453895,
    1706100454233,
    1706100454584,
    1706100454861,
    1706100455609,
    1706100455961,
    1706100456611,
    1706100456860,
    1706100457404,
    1706100457509,
    1706100457747,
    1706100458306,
    1706100458507,
    1706100458832,
    1706100459356,
    1706100459464,
    1706100459583,
    1706100460258,
    1706100460397,
    1706100460597,
    1706100461064,
    1706100461107,
    1706100461293,
    1706100462127,
    1706100462142,
    1706100462158,
    1706100462995,
    1706100463132,
    1706100463227,
    1706100463799,
    1706100463877,
    1706100464143,
    1706100464451,
    1706100464791,
    1706100464942,
    1706100465412,
    1706100465808,
    1706100465917,
    1706100466488,
    1706100466909,
    1706100466909,
    1706100467343
  ],
  "blockTimestamps": [
    1706100457763,
    1706100460765,
    1706100464613,
    1706100467609,
    1706100470022
  ],
  "blockTimes": [
    1706100457,
    1706100460,
    1706100463,
    1706100466,
    1706100469
  ],
  "blockTransactions": [
    8,
    8,
    19,
    3,
    10
  ],
  "Delays": [
    5373,
    5068,
    4960,
    4730,
    4330,
    4236,
    3868,
    3530,
    6181,
    5904,
    5156,
    4804,
    4154,
    3905,
    3361,
    3256,
    6866,
    6307,
    6106,
    5781,
    5257,
    5149,
    5030,
    4355,
    4216,
    4016,
    3549,
    3506,
    3320,
    2486,
    2471,
    2455,
    1618,
    1481,
    1386,
    3810,
    3732,
    3466,
    5571,
    5231,
    5080,
    4610,
    4214,
    4105,
    3534,
    3113,
    3113,
    2679
  ],
  "Throughputs": [
    1.48892611204169,
    1.9104477611940298,
    2.863454143827211,
    2.4968789013732833,
    2.722323049001815
  ],
  "AverageDelays": [
    4511.875,
    4551,
    4233.457142857143,
    4188.921052631579,
    4175.604166666667
  ]
}