{
  "transactionTimestamps": [
    1706100422006,
    1706100421710,
    1706100420330,
    1706100422799,
    1706100423016,
    1706100423807,
    1706100423868,
    1706100424486,
    1706100424626,
    1706100424163,
    1706100425523,
    1706100425600,
    1706100426237,
    1706100426423,
    1706100427306,
    1706100427444,
    1706100427739,
    1706100428215,
    1706100428506,
    1706100428583,
    1706100427475,
    1706100429095,
    1706100429249,
    1706100429390,
    1706100429774,
    1706100429944,
    1706100430115,
    1706100430687,
    1706100430908,
    1706100430970,
    1706100431499,
    1706100431872,
    1706100431917,
    1706100432501,
    1706100432624,
    1706100430938,
    1706100433473,
    1706100433558,
    1706100434272,
    1706100434366,
    1706100435141,
    1706100435422,
    1706100435827,
    1706100436173,
    1706100436589
  ],
  "blockTimestamps": [
    1706100428650,
    1706100430865,
    1706100433924,
    1706100439759
  ],
  "blockTimes": [
    1706100427,
    1706100430,
    1706100433,
    1706100439
  ],
  "blockTransactions": [
    16,
    1,
    21,
    7
  ],
  "Delays": [
    6644,
    6940,
    8320,
    5851,
    5634,
    4843,
    4782,
    4164,
    4024,
    4487,
    3127,
    3050,
    2413,
    2227,
    1344,
    1206,
    3126,
    5709,
    5418,
    5341,
    6449,
    4829,
    4675,
    4534,
    4150,
    3980,
    3809,
    3237,
    3016,
    2954,
    2425,
    2052,
    2007,
    1423,
    1300,
    2986,
    451,
    366,
    5487,
    5393,
    4618,
    4337,
    3932,
    3586,
    3170
  ],
  "Throughputs": [
    2.408187838651415,
    1.9189524777062874,
    3.1884544386642055,
    2.534782853602208
  ],
  "AverageDelays": [
    4316,
    4246,
    3770.8684210526317,
    3862.5777777777776
  ]
}