{
  "transactionTimestamps": [
    1706100692167,
    1706100695680,
    1706100700177,
    1706100703617
  ],
  "blockTimestamps": [
    1706100698039,
    1706100703998,
    1706100710360
  ],
  "blockTimes": [
    1706100697,
    1706100703,
    1706100709
  ],
  "blockTransactions": [
    2,
    1,
    1
  ],
  "Delays": [
    5872,
    2359,
    3821,
    6743
  ],
  "Throughputs": [
    0.34059945504087197,
    0.25357112670103965,
    0.21986478315835759
  ],
  "AverageDelays": [
    4115.5,
    4017.3333333333335,
    4698.75
  ]
}