{
  "transactionTimestamps": [
    1706100331985,
    1706100332438,
    1706100332454,
    1706100333214,
    1706100333521,
    1706100333958,
    1706100334253,
    1706100334862,
    1706100334969,
    1706100335912,
    1706100336004,
    1706100336719,
    1706100336861,
    1706100337683,
    1706100337682,
    1706100337835,
    1706100337943,
    1706100338422,
    1706100338562,
    1706100338624,
    1706100338808,
    1706100339057,
    1706100339399,
    1706100339510,
    1706100339758,
    1706100339788,
    1706100340388,
    1706100340405,
    1706100340497,
    1706100340717,
    1706100341118,
    1706100341274,
    1706100341377,
    1706100341564,
    1706100342244,
    1706100342244,
    1706100342367,
    1706100343263,
    1706100343294,
    1706100343372,
    1706100344084,
    1706100344270,
    1706100344378,
    1706100344843,
    1706100345327,
    1706100345400,
    1706100345964,
    1706100346024,
    1706100346410,
    1706100346674,
    1706100346766
  ],
  "blockTimestamps": [
    1706100338542,
    1706100341538,
    1706100344481,
    1706100347416,
    1706100349767
  ],
  "blockTimes": [
    1706100337,
    1706100340,
    1706100343,
    1706100346,
    1706100349
  ],
  "blockTransactions": [
    13,
    4,
    15,
    18,
    1
  ],
  "Delays": [
    6557,
    6104,
    6088,
    5328,
    5021,
    4584,
    4289,
    3680,
    3573,
    2630,
    2538,
    1823,
    1681,
    3855,
    3856,
    3703,
    3595,
    6059,
    5919,
    5857,
    5673,
    5424,
    5082,
    4971,
    4723,
    4693,
    4093,
    4076,
    3984,
    3764,
    3363,
    3207,
    6039,
    5852,
    5172,
    5172,
    5049,
    4153,
    4122,
    4044,
    3332,
    3146,
    3038,
    2573,
    2089,
    2016,
    1452,
    1392,
    1006,
    742,
    3001
  ],
  "Throughputs": [
    1.9826140003050174,
    1.7795456924526325,
    2.560819462227913,
    3.240230704426155,
    2.8680688336520075
  ],
  "AverageDelays": [
    4145.846153846154,
    4053.235294117647,
    4368.53125,
    4003.64,
    3983.9803921568628
  ]
}