{
  "transactionTimestamps": [
    1706100467791,
    1706100467807,
    1706100468304,
    1706100468676,
    1706100468953,
    1706100469370,
    1706100469621,
    1706100470332,
    1706100470611,
    1706100471200,
    1706100471574,
    1706100472086,
    1706100472611,
    1706100472751,
    1706100472751,
    1706100473045,
    1706100473389,
    1706100473496,
    1706100473591,
    1706100473938,
    1706100474149,
    1706100474457,
    1706100474580,
    1706100474874,
    1706100475137,
    1706100475276,
    1706100475525,
    1706100475835,
    1706100476146,
    1706100476379,
    1706100476534,
    1706100476596,
    1706100477199,
    1706100477261,
    1706100477430,
    1706100477477,
    1706100478064,
    1706100478124,
    1706100479160,
    1706100479190,
    1706100480107,
    1706100480310,
    1706100480790,
    1706100481362,
    1706100481903,
    1706100482368,
    1706100482967,
    1706100483168,
    1706100483600,
    1706100484013,
    1706100484675
  ],
  "blockTimestamps": [
    1706100473584,
    1706100475762,
    1706100478770,
    1706100481971,
    1706100485010
  ],
  "blockTimes": [
    1706100472,
    1706100475,
    1706100478,
    1706100481,
    1706100484
  ],
  "blockTransactions": [
    15,
    2,
    10,
    17,
    7
  ],
  "Delays": [
    5793,
    5777,
    5280,
    4908,
    4631,
    4214,
    3963,
    3252,
    2973,
    2384,
    2010,
    1498,
    973,
    833,
    833,
    2717,
    2373,
    5274,
    5179,
    4832,
    4621,
    4313,
    4190,
    3896,
    3633,
    3494,
    3245,
    6136,
    5825,
    5592,
    5437,
    5375,
    4772,
    4710,
    4541,
    4494,
    3907,
    3847,
    2811,
    2781,
    1864,
    1661,
    1181,
    609,
    3107,
    2642,
    2043,
    1842,
    1410,
    997,
    335
  ],
  "Throughputs": [
    2.589331952356292,
    2.1327311504202733,
    2.4592403679752257,
    3.1029619181946404,
    2.961844474127417
  ],
  "AverageDelays": [
    3288.133333333333,
    3200.705882352941,
    3595.8888888888887,
    3696.181818181818,
    3431.529411764706
  ]
}