{
  "transactionTimestamps": [
    1706100320032,
    1706100320405,
    1706100321055,
    1706100321207,
    1706100321965,
    1706100322244,
    1706100322679,
    1706100322864,
    1706100323253,
    1706100323547,
    1706100323640,
    1706100324229,
    1706100324338,
    1706100324477,
    1706100324911,
    1706100325066,
    1706100325342,
    1706100325715,
    1706100325824,
    1706100326352,
    1706100326585,
    1706100326553,
    1706100327051,
    1706100327654,
    1706100327686,
    1706100327688,
    1706100328426,
    1706100328656,
    1706100328688,
    1706100329194,
    1706100329488,
    1706100329535,
    1706100329812,
    1706100330357,
    1706100330526,
    1706100330542,
    1706100331350,
    1706100331335,
    1706100331522
  ],
  "blockTimestamps": [
    1706100323278,
    1706100325771,
    1706100329389,
    1706100334771
  ],
  "blockTimes": [
    1706100322,
    1706100325,
    1706100328,
    1706100334
  ],
  "blockTransactions": [
    2,
    6,
    19,
    12
  ],
  "Delays": [
    3246,
    2873,
    4716,
    4564,
    3806,
    3527,
    3092,
    2907,
    6136,
    5842,
    5749,
    5160,
    5051,
    4912,
    4478,
    4323,
    4047,
    3674,
    3565,
    3037,
    2804,
    2836,
    2338,
    1735,
    1703,
    1701,
    963,
    6115,
    6083,
    5577,
    5283,
    5236,
    4959,
    4414,
    4245,
    4229,
    3421,
    3436,
    3249
  ],
  "Throughputs": [
    0.6161429451632778,
    1.3939710751001917,
    2.885540237255531,
    2.6460411154081007
  ],
  "AverageDelays": [
    3059.5,
    3591.375,
    3658.703703703704,
    3975.1794871794873
  ]
}