{
  "transactionTimestamps": [
    1706100532794,
    1706100532795,
    1706100533802,
    1706100533910,
    1706100534744,
    1706100534990,
    1706100535887,
    1706100535733,
    1706100536491,
    1706100536834,
    1706100537346,
    1706100537859
  ],
  "blockTimestamps": [
    1706100535914,
    1706100538927
  ],
  "blockTimes": [
    1706100535,
    1706100538
  ],
  "blockTransactions": [
    6,
    6
  ],
  "Delays": [
    3120,
    3119,
    2112,
    2004,
    1170,
    924,
    3040,
    3194,
    2436,
    2093,
    1581,
    1068
  ],
  "Throughputs": [
    1.923076923076923,
    1.9566280776129137
  ],
  "AverageDelays": [
    2074.8333333333335,
    2155.0833333333335
  ]
}