{
  "transactionTimestamps": [
    1706100577814,
    1706100578695,
    1706100579625,
    1706100580595,
    1706100581664,
    1706100582659,
    1706100583429,
    1706100584216,
    1706100584938,
    1706100586000,
    1706100587024,
    1706100587773
  ],
  "blockTimestamps": [
    1706100581743,
    1706100586772,
    1706100590296
  ],
  "blockTimes": [
    1706100580,
    1706100586,
    1706100589
  ],
  "blockTransactions": [
    4,
    3,
    5
  ],
  "Delays": [
    3929,
    3048,
    2118,
    1148,
    5108,
    4113,
    3343,
    6080,
    5358,
    4296,
    3272,
    2523
  ],
  "Throughputs": [
    1.0180707559175364,
    0.7814244250948872,
    0.9613843935266785
  ],
  "AverageDelays": [
    2560.75,
    3258.1428571428573,
    3694.6666666666665
  ]
}