{
  "transactionTimestamps": [
    1706100437083,
    1706100437783,
    1706100437704,
    1706100438543,
    1706100438745,
    1706100439426,
    1706100439502,
    1706100440416,
    1706100440541,
    1706100441322,
    1706100441368,
    1706100442046,
    1706100442403,
    1706100442743,
    1706100443143,
    1706100443221,
    1706100443687,
    1706100443906,
    1706100444122,
    1706100444383,
    1706100444971,
    1706100445034,
    1706100445203,
    1706100445939,
    1706100446032,
    1706100446187,
    1706100449689,
    1706100449842,
    1706100450595,
    1706100450752,
    1706100450888,
    1706100451524,
    1706100451618,
    1706100451820,
    1706100450334
  ],
  "blockTimestamps": [
    1706100442771,
    1706100446536,
    1706100449553,
    1706100454904
  ],
  "blockTimes": [
    1706100442,
    1706100445,
    1706100448,
    1706100454
  ],
  "blockTransactions": [
    7,
    16,
    3,
    9
  ],
  "Delays": [
    5688,
    4988,
    5067,
    4228,
    4026,
    3345,
    3269,
    6120,
    5995,
    5214,
    5168,
    4490,
    4133,
    3793,
    3393,
    3315,
    2849,
    2630,
    2414,
    2153,
    1565,
    1502,
    1333,
    3614,
    3521,
    3366,
    5215,
    5062,
    4309,
    4152,
    4016,
    3380,
    3286,
    3084,
    4570
  ],
  "Throughputs": [
    1.230661040787623,
    2.4330900243309004,
    2.0850040096230953,
    1.9639750855731999
  ],
  "AverageDelays": [
    4373,
    3768.608695652174,
    3737.653846153846,
    3835.8
  ]
}