{
  "transactionTimestamps": [
    1706100302997,
    1706100303073,
    1706100303804,
    1706100304053,
    1706100304472,
    1706100304722,
    1706100305299,
    1706100305486,
    1706100306231,
    1706100306478,
    1706100306964,
    1706100307554,
    1706100307677,
    1706100307942,
    1706100308387,
    1706100308408,
    1706100308704,
    1706100309135,
    1706100309138,
    1706100309821,
    1706100309945,
    1706100310213,
    1706100310775,
    1706100310806,
    1706100311193,
    1706100311517,
    1706100311815,
    1706100312158,
    1706100312423,
    1706100312483,
    1706100313066,
    1706100313357,
    1706100313496,
    1706100313898,
    1706100313992,
    1706100314532,
    1706100314921,
    1706100314936,
    1706100315480,
    1706100315988,
    1706100316050,
    1706100316561,
    1706100316917,
    1706100316993,
    1706100317461,
    1706100317660,
    1706100317877,
    1706100318595,
    1706100319012,
    1706100319542
  ],
  "blockTimestamps": [
    1706100308134,
    1706100311017,
    1706100313769,
    1706100316768,
    1706100321188
  ],
  "blockTimes": [
    1706100307,
    1706100310,
    1706100313,
    1706100316,
    1706100319
  ],
  "blockTransactions": [
    7,
    7,
    10,
    9,
    17
  ],
  "Delays": [
    5137,
    5061,
    4330,
    4081,
    3662,
    3412,
    2835,
    5531,
    4786,
    4539,
    4053,
    3463,
    3340,
    3075,
    5382,
    5361,
    5065,
    4634,
    4631,
    3948,
    3824,
    3556,
    2994,
    2963,
    5575,
    5251,
    4953,
    4610,
    4345,
    4285,
    3702,
    3411,
    3272,
    7290,
    7196,
    6656,
    6267,
    6252,
    5708,
    5200,
    5138,
    4627,
    4271,
    4195,
    3727,
    3528,
    3311,
    2593,
    2176,
    1646
  ],
  "Throughputs": [
    1.3626630328985792,
    1.745635910224439,
    2.227998514667657,
    2.3963401350664437,
    2.748611950964763
  ],
  "AverageDelays": [
    4074,
    4093.214285714286,
    4152.625,
    4214.151515151515,
    4376.96
  ]
}