{
  "transactionTimestamps": [
    1706100290911,
    1706100290911,
    1706100291673,
    1706100291828,
    1706100292555,
    1706100292663,
    1706100292709,
    1706100293390,
    1706100293514,
    1706100293517,
    1706100294307,
    1706100294447,
    1706100294555,
    1706100294958,
    1706100295315,
    1706100295470,
    1706100295751,
    1706100296141,
    1706100296252,
    1706100296468,
    1706100296858,
    1706100297214,
    1706100296889,
    1706100297660,
    1706100298048,
    1706100298562,
    1706100299170,
    1706100299279,
    1706100300211,
    1706100300226,
    1706100301036,
    1706100301316,
    1706100302030,
    1706100302077
  ],
  "blockTimestamps": [
    1706100293723,
    1706100295768,
    1706100298766,
    1706100302693,
    1706100305599
  ],
  "blockTimes": [
    1706100292,
    1706100295,
    1706100298,
    1706100301,
    1706100304
  ],
  "blockTransactions": [
    7,
    2,
    7,
    16,
    2
  ],
  "Delays": [
    2812,
    2812,
    2050,
    1895,
    1168,
    1060,
    1014,
    2378,
    2254,
    5249,
    4459,
    4319,
    4211,
    3808,
    3451,
    3296,
    6942,
    6552,
    6441,
    6225,
    5835,
    5479,
    5804,
    5033,
    4645,
    4131,
    3523,
    3414,
    2482,
    2467,
    1657,
    1377,
    3569,
    3522
  ],
  "Throughputs": [
    2.489331436699858,
    1.8529956763434219,
    2.0369191597708465,
    2.71600746902054,
    2.314814814814815
  ],
  "AverageDelays": [
    1830.142857142857,
    1938.111111111111,
    2889.75,
    3695.09375,
    3686.294117647059
  ]
}