{
  "transactionTimestamps": [
    1706100620317,
    1706100621075,
    1706100621888,
    1706100622827,
    1706100622870,
    1706100623832,
    1706100623847,
    1706100624512,
    1706100624543,
    1706100625329,
    1706100625617,
    1706100626601,
    1706100626465,
    1706100627329,
    1706100628396,
    1706100629106,
    1706100630158,
    1706100631117
  ],
  "blockTimestamps": [
    1706100625955,
    1706100628961,
    1706100634787
  ],
  "blockTimes": [
    1706100625,
    1706100628,
    1706100634
  ],
  "blockTransactions": [
    10,
    5,
    3
  ],
  "Delays": [
    5638,
    4880,
    4067,
    3128,
    3085,
    2123,
    2108,
    1443,
    1412,
    626,
    3344,
    2360,
    2496,
    1632,
    565,
    5681,
    4629,
    3670
  ],
  "Throughputs": [
    1.7736786094359702,
    1.7353077279037483,
    1.243953006219765
  ],
  "AverageDelays": [
    2851,
    2593.8,
    2938.1666666666665
  ]
}