{
  "transactionTimestamps": [
    1706100547796,
    1706100548852,
    1706100549847,
    1706100550667,
    1706100551737,
    1706100552590
  ],
  "blockTimestamps": [
    1706100554266
  ],
  "blockTimes": [
    1706100553
  ],
  "blockTransactions": [
    6
  ],
  "Delays": [
    6470,
    5414,
    4419,
    3599,
    2529,
    1676
  ],
  "Throughputs": [
    0.9273570324574961
  ],
  "AverageDelays": [
    4017.8333333333335
  ]
}