{
  "transactionTimestamps": [
    1706100410128,
    1706100410175,
    1706100410315,
    1706100410488,
    1706100410935,
    1706100411135,
    1706100411181,
    1706100411879,
    1706100411925,
    1706100412094,
    1706100412606,
    1706100410874,
    1706100412868,
    1706100412884,
    1706100413491,
    1706100413506,
    1706100413582,
    1706100414357,
    1706100414562,
    1706100414608,
    1706100412732,
    1706100414778,
    1706100415444,
    1706100415522,
    1706100415522,
    1706100415552,
    1706100416296,
    1706100416374,
    1706100416498,
    1706100416529,
    1706100417102,
    1706100417258,
    1706100417378,
    1706100417460,
    1706100416746,
    1706100418069,
    1706100418083,
    1706100418193,
    1706100418322,
    1706100418734,
    1706100418998,
    1706100419074,
    1706100419168,
    1706100419415,
    1706100419974,
    1706100420021,
    1706100420028,
    1706100420075,
    1706100420668,
    1706100420778,
    1706100421072,
    1706100421412
  ],
  "blockTimestamps": [
    1706100412872,
    1706100416116,
    1706100419723,
    1706100424769
  ],
  "blockTimes": [
    1706100412,
    1706100415,
    1706100418,
    1706100424
  ],
  "blockTransactions": [
    4,
    22,
    14,
    12
  ],
  "Delays": [
    2744,
    2697,
    2557,
    2384,
    5181,
    4981,
    4935,
    4237,
    4191,
    4022,
    3510,
    5242,
    3248,
    3232,
    2625,
    2610,
    2534,
    1759,
    1554,
    1508,
    3384,
    1338,
    672,
    594,
    594,
    564,
    3427,
    3349,
    3225,
    3194,
    2621,
    2465,
    2345,
    2263,
    2977,
    1654,
    1640,
    1530,
    1401,
    989,
    5771,
    5695,
    5601,
    5354,
    4795,
    4748,
    4741,
    4694,
    4101,
    3991,
    3697,
    3357
  ],
  "Throughputs": [
    1.4577259475218658,
    4.342017368069472,
    4.168837936425221,
    3.5516699678983676
  ],
  "AverageDelays": [
    2595.5,
    2803.730769230769,
    2649.425,
    3125.423076923077
  ]
}