{"a": 0.8, "b": 0.2, "communities0": [[0, 2, 135, 8, 12, 149, 25, 26, 157, 167, 170, 191, 193, 194, 70, 201, 76, 89, 90, 92, 113, 116, 118, 121, 126], [1], [3, 124, 174, 15], [4, 68], [5, 134, 9, 11, 139, 142, 148, 23, 153, 156, 28, 29, 30, 160, 159, 34, 37, 165, 169, 173, 52, 59, 189, 64, 67, 200, 73, 203, 206, 81, 88, 98, 109, 111, 127], [196, 6], [162, 195, 7, 175, 16, 210, 211, 119, 184], [96, 35, 58, 71, 10, 44, 112, 19, 115, 21, 150, 55, 180, 182, 122, 84, 93, 94], [105, 75, 172, 13, 141, 183], [66, 108, 85, 14], [17, 207], [18, 22], [202, 20], [136, 137, 143, 144, 147, 24, 158, 33, 166, 39, 38, 42, 45, 46, 177, 50, 178, 51, 57, 186, 187, 61, 190, 192, 197, 198, 199, 74, 77, 83, 86, 87, 101, 104, 110, 120], [27, 91, 99, 152], [65, 100, 133, 48, 62, 31], [32, 36, 168, 138, 204, 208], [40, 43], [41, 130], [107, 47], [49, 53], [54, 163, 78, 151], [56, 188], [60, 125], [179, 69, 63], [72, 128], [80, 117, 79], [82, 140], [132, 95], [97], [154, 171, 102], [129, 114, 209, 103], [106, 155], [161, 123, 131], [176, 145], [185, 146], [164, 181], [212, 205]], "q0": 0.452355795494033, "f0": 0.945269211844097}