{"a": 0.5, "b": 0.5, "communities0": [[0, 36, 41, 13, 82, 19, 83, 53, 22, 23, 24, 26, 59, 61], [1, 9, 78], [2, 15], [3, 5, 6, 7, 8, 10, 16, 33, 45, 49, 51, 55, 60, 64, 70, 74, 79, 85, 90, 93, 94], [66, 4], [11, 52], [12, 86], [14, 17, 18, 27, 29, 30, 32, 34, 35, 40, 43, 44, 47, 62, 73, 75, 81, 88, 89], [20, 71], [80, 21], [67, 38, 54, 87, 25, 58], [28, 39], [84, 31], [37, 69], [42, 46], [48, 76], [50, 68, 92], [56, 72], [65, 57], [91, 77, 63]], "q0": 0.4347929274949566, "f0": 0.9221633242878124}