{"a": 0.3, "b": 0.7, "communities0": [[0, 45], [65, 1, 11, 43, 23, 27, 28], [81, 2, 68, 6], [33, 3, 35, 78, 62], [64, 4, 42, 16, 22], [51, 5], [41, 7], [8, 49], [9, 47], [32, 10], [66, 12], [44, 13], [37, 14], [58, 15], [17, 71], [73, 18], [57, 19], [20, 54], [40, 21], [24, 77, 31], [25, 83], [26, 61], [60, 29], [34, 79, 80, 50, 56, 30], [36, 38], [46, 39], [48, 72], [82, 52], [74, 53], [69, 55], [59, 67], [76, 63], [75, 70]], "communities1": [[0, 45], [65, 1, 11, 43, 23, 27, 28], [81, 2, 68, 6], [64, 33, 3, 4, 35, 42, 78, 16, 22, 62], [51, 5], [41, 7], [8, 49], [9, 47], [32, 10], [66, 12], [44, 13], [37, 14], [58, 15], [17, 71], [73, 18], [57, 19], [20, 54], [40, 21], [24, 77, 31], [25, 83], [26, 61], [60, 29], [34, 79, 80, 50, 56, 30], [36, 38], [46, 39], [48, 72], [82, 52], [74, 53], [69, 55], [59, 67], [76, 63], [75, 70]], "communities2": [[0, 45], [1, 65, 11, 43, 23, 27, 28], [81, 2, 68, 6], [33, 3, 4, 35, 78, 62], [51, 5], [41, 7], [8, 49], [9, 47], [32, 10], [66, 12], [44, 13], [37, 14], [58, 15], [16, 42, 64, 22], [17, 71], [73, 18], [57, 19], [20, 54], [40, 21], [24, 77, 31], [25, 83], [26, 61], [60, 29], [34, 79, 80, 50, 56, 30], [36, 38], [46, 39], [48, 72], [82, 52], [74, 53], [69, 55], [67, 59], [76, 63], [75, 70]], "communities3": [[83, 51, 39], [37, 61, 71], [0, 18, 4], [50, 13, 69], [43, 3, 31], [58, 36, 52], [17, 66, 70], [16, 73, 54], [32, 41, 82], [5, 14, 6], [80, 81, 59], [75, 19, 60], [64, 1, 42], [9, 11, 22], [63, 46, 79], [65, 28, 62], [67, 76, 21], [12, 45, 23], [40, 25, 38], [35, 15, 7], [78, 30], [2, 26], [56, 10], [29, 55], [74, 27], [57, 68], [49, 34], [8, 33], [72, 44], [77, 47], [48, 53], [24, 20]], "q0": 0.4741635272124289, "f0": 0.8093102920391738, "q1": 0.4812818797496664, "f1": 0.803517242626665}