{"a": 0.6, "b": 0.4, "communities0": [[0, 32, 34, 3, 38, 40, 22, 31], [64, 1, 6, 39, 8, 42, 12, 20, 24, 25, 56, 27, 60, 30], [41, 2], [4, 14, 47, 53, 26, 62], [35, 37, 5, 45, 49, 19, 28], [51, 7], [48, 9, 17], [10, 29, 54], [11, 44], [65, 43, 13, 15, 18], [33, 36, 16, 23, 58, 59], [52, 21], [46, 63], [50, 61], [57, 55]], "q0": 0.45296800000000004, "f0": 0.9045188822611709}