{"a": 0.8, "b": 0.2, "communities0": [[0, 29], [1, 61], [64, 17, 2, 31], [41, 3, 7, 57], [4, 22], [5, 38], [78, 6], [65, 33, 34, 39, 8, 74, 43, 44, 45, 75, 77, 18, 19, 83, 21, 88, 25], [73, 9], [10, 12, 36], [96, 58, 69, 11, 76, 80, 86, 87, 90, 94], [42, 13], [56, 14], [30, 15], [66, 98, 71, 16, 49, 48, 20, 53, 89], [35, 72, 85, 23, 93], [24, 51, 67], [26, 59], [27, 68, 54, 47], [97, 28], [32, 60], [84, 37], [40, 62], [81, 92, 46], [50, 55], [91, 52, 79], [63, 95], [82, 70]], "q0": 0.43619109866089034, "f0": 0.9227706621413116}