{"a": 0.3, "b": 0.7, "communities0": [[0, 25], [1, 57], [2, 35, 67, 5, 71, 40, 8, 9, 75, 14, 47, 22, 56, 60], [41, 3], [33, 4, 37, 38, 7, 69, 70, 10, 42, 16, 49, 54, 31, 63], [6, 15], [64, 34, 73, 11, 76, 51, 20, 62, 30], [43, 12], [27, 13], [17, 53], [18, 21], [32, 72, 19, 61, 58, 29], [68, 45, 23], [24, 66, 55], [26, 50, 39], [65, 28], [36, 46], [59, 44], [48, 74, 52]], "communities1": [[0, 25], [1, 57], [2, 67, 9, 22, 56], [41, 3], [33, 4, 37, 38, 7, 69, 70, 10, 42, 16, 49, 54, 31, 63], [35, 68, 5, 71, 8, 40, 75, 45, 14, 47, 23, 60], [6, 15], [64, 34, 73, 11, 76, 51, 20, 30, 62], [43, 12], [27, 13], [17, 53], [18, 21], [32, 72, 19, 61, 58, 29], [24, 66, 55], [26, 50, 39], [65, 28], [36, 46], [59, 44], [48, 74, 52]], "communities2": [[0, 25], [1, 57], [2, 35, 67, 71, 8, 9, 40, 75, 45, 47, 22, 56, 60], [41, 3], [33, 4, 37, 38, 7, 69, 10, 16, 54], [5, 14], [6, 15], [64, 73, 11, 51, 62], [43, 12], [27, 13], [17, 53], [18, 21], [32, 72, 29, 19, 58, 61], [34, 20, 30, 76], [68, 23], [24, 66, 55], [26, 50, 39], [65, 28], [63, 70, 31], [36, 46], [49, 42], [59, 44], [48, 74, 52]], "communities3": [[43, 44, 58, 30, 31], [24, 52, 69, 15], [73, 26, 34, 70], [3, 4, 29, 38], [33, 45, 22, 47], [32, 74, 13, 63], [56, 1, 10, 16], [49, 42, 68, 62], [41, 66, 67, 71], [2, 19, 14, 23], [72, 25, 59, 12], [54, 65, 5, 46], [48, 17, 50, 36], [57, 18, 51, 76], [40, 75, 21, 7], [8, 27, 20, 61], [64, 28, 53, 39], [9, 35, 37, 55], [0, 11, 60, 6]], "q0": 0.44396567214599403, "f0": 0.8714958586216124, "q1": 0.4463088213097198, "f1": 0.845927786551011}