{"a": 0.6, "b": 0.4, "communities0": [[0, 65], [1, 135], [2, 103], [17, 3, 228], [80, 4, 29], [5, 70], [6, 127], [138, 7], [8, 46], [176, 9], [10, 115], [217, 11], [57, 12], [88, 13], [14, 183], [163, 15], [16, 200], [18, 190], [19, 101], [225, 147, 20, 191], [33, 21], [113, 22], [192, 23], [24, 155], [48, 25], [96, 26], [72, 27], [114, 28], [197, 30], [123, 31], [32, 66], [209, 34], [35, 181], [130, 36], [37, 110], [97, 145, 38], [219, 39], [40, 186], [41, 129], [42, 215], [90, 43], [195, 44], [104, 45], [153, 47], [49, 162], [50, 52], [51, 204], [213, 53], [74, 54], [227, 55], [56, 116], [58, 231], [59, 158], [168, 60], [194, 61], [189, 62], [94, 63], [64, 91], [201, 67], [132, 68], [185, 69], [178, 71], [73, 165], [75, 118], [76, 119], [107, 77], [112, 78], [208, 79], [81, 175], [193, 82], [83, 222], [120, 84], [85, 87], [86, 230], [89, 121], [92, 102], [93, 223], [187, 95], [98, 111], [99, 143], [100, 166], [105, 167], [106, 182], [108, 174], [109, 142], [117, 207], [128, 122], [124, 199], [156, 125, 150], [134, 126], [131, 157], [133, 198], [136, 177], [137, 154], [139, 159], [218, 140], [164, 141], [144, 210, 151], [161, 146], [232, 148], [188, 149], [152, 196], [160, 212], [169, 170], [171, 203], [211, 172], [221, 173], [179, 229], [226, 180], [184, 220], [202, 206], [205, 214], [216, 224]], "q0": 0.4974999999999999, "f0": 0.9406465541907508}