{"a": 0.5, "b": 0.5, "communities0": [[0, 27], [1, 4], [2, 23], [24, 3], [13, 5], [16, 6], [17, 26, 7], [8, 11], [9, 18], [10, 37], [12, 14, 36], [33, 15], [19, 21], [20, 30], [35, 22], [25, 28], [32, 29], [34, 31]], "q0": 0.48375, "f0": 0.7656010942703861}