{"a": 0.5, "b": 0.5, "communities0": [[0, 37, 5, 38, 42, 16, 19, 21, 26], [1, 2, 6, 39, 41, 10, 22, 27, 29], [9, 3, 43, 15], [32, 4, 7, 8, 12], [18, 11], [13, 30], [24, 25, 14, 23], [17, 34], [20, 31], [33, 28, 36], [40, 35]], "q0": 0.43629487258974525, "f0": 0.8310030868134214}