{"a": 0.4, "b": 0.6, "communities0": [[0, 68, 41, 45, 19, 59], [1, 10, 17, 27, 60, 30], [33, 2, 66, 35, 37, 7, 40, 8, 21, 53, 23, 22, 25, 62, 63], [32, 3], [58, 4], [16, 42, 5], [44, 6], [9, 49], [57, 11], [24, 74, 12, 13], [61, 14], [73, 15], [48, 18, 38], [50, 20, 70, 52], [26, 28], [29, 46], [64, 43, 31, 39], [34, 71], [72, 36], [56, 47], [51, 69], [67, 54], [65, 55]], "q0": 0.45091206070935796, "f0": 0.8877935998816162}