{"a": 0.2, "b": 0.8, "communities0": [[0, 129, 131, 24, 29, 34, 45, 50, 64, 66, 71, 75, 85, 102, 105, 106, 114, 119, 120], [128, 1, 38, 104, 14, 15, 79, 21, 94], [2, 4, 5, 6, 18, 19, 20, 23, 30, 40, 49, 55, 56, 60, 62, 68, 70, 88, 99, 100, 108, 111], [3, 132, 9, 10, 16, 25, 26, 33, 36, 39, 46, 51, 53, 57, 58, 69, 73, 80, 83, 89, 90, 98, 103, 109, 116, 118, 124], [32, 22, 7], [8, 110], [11, 76, 78, 52, 92], [12, 44], [35, 74, 13, 47, 48, 81, 112, 59, 63, 127], [17, 54], [82, 27], [65, 130, 101, 72, 42, 117, 121, 28], [123, 31], [67, 37], [41, 115, 126, 97], [43, 93], [125, 61, 87], [122, 77], [84], [96, 86], [107, 91], [113, 95]], "q0": 0.4350099689955695, "f0": 0.8825526227969975}