{
  "transactionTimestamps": [
    1706001187485,
    1706001187485,
    1706001187485,
    1706001188361,
    1706001188658,
    1706001189705,
    1706001188752,
    1706001190639,
    1706001189126,
    1706001191668,
    1706001191918,
    1706001190481,
    1706001192558,
    1706001192809,
    1706001191043,
    1706001191292,
    1706001193931,
    1706001193278,
    1706001194179,
    1706001196252,
    1706001197221,
    1706001199113,
    1706001198417
  ],
  "blockTimestamps": [
    1706001260101
  ],
  "blockTimes": [
    1706001152
  ],
  "blockTransactions": [
    23
  ],
  "Delays": [
    72616,
    72616,
    72616,
    71740,
    71443,
    70396,
    71349,
    69462,
    70975,
    68433,
    68183,
    69620,
    67543,
    67292,
    69058,
    68809,
    66170,
    66823,
    65922,
    63849,
    62880,
    60988,
    61684
  ],
  "Throughputs": [
    0.31673460394403435
  ],
  "AverageDelays": [
    68281.17391304347
  ]
}