{
  "transactionTimestamps": [
    1706001467857,
    1706001467858,
    1706001468894,
    1706001468972,
    1706001469672,
    1706001470079,
    1706001470780,
    1706001471095,
    1706001471455,
    1706001472546,
    1706001472018,
    1706001474323,
    1706001473531
  ],
  "blockTimestamps": [
    1706001472341,
    1706001473633,
    1706001475960,
    1706001484510
  ],
  "blockTimes": [
    1706001466,
    1706001471,
    1706001472,
    1706001475
  ],
  "blockTransactions": [
    5,
    4,
    2,
    2
  ],
  "Delays": [
    4484,
    4483,
    3447,
    3369,
    2669,
    3554,
    2853,
    2538,
    2178,
    3414,
    3942,
    10187,
    10979
  ],
  "Throughputs": [
    1.1150758251561106,
    1.5581717451523547,
    1.357521905467111,
    0.7806401249024201
  ],
  "AverageDelays": [
    3690.4,
    3286.1111111111113,
    3357.3636363636365,
    4469
  ]
}