{
  "transactionTimestamps": [
    1706001337400,
    1706001337400,
    1706001338140,
    1706001338573,
    1706001339038,
    1706001339477,
    1706001340056,
    1706001340475,
    1706001341100,
    1706001341784,
    1706001341195,
    1706001343629,
    1706001342656
  ],
  "blockTimestamps": [
    1706001339122,
    1706001341687,
    1706001342047,
    1706001342169,
    1706001349353
  ],
  "blockTimes": [
    1706001336,
    1706001340,
    1706001341,
    1706001342,
    1706001343
  ],
  "blockTransactions": [
    4,
    4,
    1,
    1,
    3
  ],
  "Delays": [
    1722,
    1722,
    982,
    549,
    2649,
    2210,
    1631,
    1212,
    947,
    385,
    8158,
    5724,
    6697
  ],
  "Throughputs": [
    2.3228803716608595,
    1.866106834616282,
    1.9367333763718526,
    2.0968756552736423,
    1.087593072868736
  ],
  "AverageDelays": [
    1243.75,
    1584.625,
    1513.7777777777778,
    1400.9,
    2660.6153846153848
  ]
}