{
  "transactionTimestamps": [
    1706001320316,
    1706001321464,
    1706001322501,
    1706001323531,
    1706001324249,
    1706001325374,
    1706001326080,
    1706001326846,
    1706001327548,
    1706001328418,
    1706001329511,
    1706001330340
  ],
  "blockTimestamps": [
    1706001323985,
    1706001327093,
    1706001329068,
    1706001329415,
    1706001331583,
    1706001334892
  ],
  "blockTimes": [
    1706001318,
    1706001323,
    1706001326,
    1706001328,
    1706001330,
    1706001331
  ],
  "blockTransactions": [
    2,
    5,
    1,
    2,
    1,
    1
  ],
  "Delays": [
    3669,
    2521,
    4592,
    3562,
    2844,
    1719,
    1013,
    2222,
    1867,
    997,
    2072,
    4552
  ],
  "Throughputs": [
    0.5451076587626056,
    1.0329054153755348,
    0.9140767824497257,
    1.0990218705352237,
    0.976302476258099,
    0.823271130625686
  ],
  "AverageDelays": [
    3095,
    2845.714285714286,
    2767.75,
    2500.6,
    2461.6363636363635,
    2635.8333333333335
  ]
}