{
  "transactionTimestamps": [
    1706001520429,
    1706001520429,
    1706001521519,
    1706001522004,
    1706001522300,
    1706001522783,
    1706001522986,
    1706001523487,
    1706001524001,
    1706001524516,
    1706001525062,
    1706001525436
  ],
  "blockTimestamps": [
    1706001521376,
    1706001521844,
    1706001530973
  ],
  "blockTimes": [
    1706001519,
    1706001520,
    1706001521
  ],
  "blockTransactions": [
    1,
    1,
    10
  ],
  "Delays": [
    947,
    1415,
    9454,
    8969,
    8673,
    8190,
    7987,
    7486,
    6972,
    6457,
    5911,
    5537
  ],
  "Throughputs": [
    1.0559662090813096,
    1.4134275618374559,
    1.1380880121396053
  ],
  "AverageDelays": [
    947,
    1181,
    6499.833333333333
  ]
}