{
  "transactionTimestamps": [
    1706001016964,
    1706001016967,
    1706001017987,
    1706001018125,
    1706001018609,
    1706001019095,
    1706001019451,
    1706001020124,
    1706001020515,
    1706001021011,
    1706001021400,
    1706001022071
  ],
  "blockTimestamps": [
    1706001018608,
    1706001028727
  ],
  "blockTimes": [
    1706001010,
    1706001017
  ],
  "blockTransactions": [
    2,
    10
  ],
  "Delays": [
    1644,
    1641,
    10740,
    10602,
    10118,
    9632,
    9276,
    8603,
    8212,
    7716,
    7327,
    6656
  ],
  "Throughputs": [
    1.2165450121654502,
    1.02014792144861
  ],
  "AverageDelays": [
    1642.5,
    7680.583333333333
  ]
}