{
  "transactionTimestamps": [
    1706001534634,
    1706001534634,
    1706001535434,
    1706001535622,
    1706001536403,
    1706001536527,
    1706001537541,
    1706001537634,
    1706001538305,
    1706001538305,
    1706001539132,
    1706001539148
  ],
  "blockTimestamps": [
    1706001537413,
    1706001543167
  ],
  "blockTimes": [
    1706001534,
    1706001536
  ],
  "blockTransactions": [
    6,
    6
  ],
  "Delays": [
    2779,
    2779,
    1979,
    1791,
    1010,
    886,
    5626,
    5533,
    4862,
    4862,
    4035,
    4019
  ],
  "Throughputs": [
    2.1590500179920835,
    1.4063049337864761
  ],
  "AverageDelays": [
    1870.6666666666667,
    3346.75
  ]
}