{
  "transactionTimestamps": [
    1706001409417,
    1706001409417,
    1706001409417,
    1706001410215,
    1706001410452,
    1706001410873,
    1706001410420,
    1706001411120,
    1706001411386,
    1706001411745,
    1706001412024,
    1706001412399,
    1706001412820,
    1706001413319,
    1706001413536,
    1706001412351,
    1706001414595,
    1706001413775,
    1706001415439,
    1706001417453
  ],
  "blockTimestamps": [
    1706001410999,
    1706001411433,
    1706001412066,
    1706001412501,
    1706001419751,
    1706001421159
  ],
  "blockTimes": [
    1706001409,
    1706001410,
    1706001411,
    1706001412,
    1706001413,
    1706001418
  ],
  "blockTransactions": [
    4,
    1,
    3,
    2,
    9,
    1
  ],
  "Delays": [
    1582,
    1582,
    1582,
    784,
    981,
    1193,
    1646,
    946,
    1115,
    756,
    7727,
    7352,
    6931,
    6432,
    6215,
    7400,
    5156,
    5976,
    4312,
    3706
  ],
  "Throughputs": [
    2.5284450063211126,
    2.4801587301587302,
    3.020007550018875,
    3.2425421530479897,
    1.838591058641378,
    1.7032873445750296
  ],
  "AverageDelays": [
    1382.5,
    1302.2,
    1287,
    1216.7,
    3666.7368421052633,
    3668.7
  ]
}