{
  "transactionTimestamps": [
    1706001454245,
    1706001454244,
    1706001455165,
    1706001455475,
    1706001455927,
    1706001456208,
    1706001456845,
    1706001456939,
    1706001457628,
    1706001457863,
    1706001458378,
    1706001458644
  ],
  "blockTimestamps": [
    1706001455955,
    1706001463259
  ],
  "blockTimes": [
    1706001451,
    1706001455
  ],
  "blockTransactions": [
    2,
    10
  ],
  "Delays": [
    1710,
    1711,
    8094,
    7784,
    7332,
    7051,
    6414,
    6320,
    5631,
    5396,
    4881,
    4615
  ],
  "Throughputs": [
    1.1695906432748537,
    1.3312624805857556
  ],
  "AverageDelays": [
    1710.5,
    5578.25
  ]
}