{
  "transactionTimestamps": [
    1706001559474,
    1706001560312,
    1706001561310,
    1706001562338,
    1706001564458,
    1706001565298,
    1706001563534,
    1706001566409,
    1706001567189,
    1706001568105
  ],
  "blockTimestamps": [
    1706001568463,
    1706001569197,
    1706001571290
  ],
  "blockTimes": [
    1706001558,
    1706001566,
    1706001568
  ],
  "blockTransactions": [
    5,
    4,
    1
  ],
  "Delays": [
    8989,
    8151,
    7153,
    6125,
    4005,
    3899,
    5663,
    2788,
    2008,
    3185
  ],
  "Throughputs": [
    0.5562353988207809,
    0.925640234495526,
    0.8463100880162491
  ],
  "AverageDelays": [
    6884.6,
    5420.111111111111,
    5196.6
  ]
}