{
  "transactionTimestamps": [
    1706001361210,
    1706001361210,
    1706001361210,
    1706001362303,
    1706001362412,
    1706001362505,
    1706001363114,
    1706001363176,
    1706001363379,
    1706001363953,
    1706001364282,
    1706001364408,
    1706001364812,
    1706001364998,
    1706001365344,
    1706001365532,
    1706001365672,
    1706001366172
  ],
  "blockTimestamps": [
    1706001365771,
    1706001365772,
    1706001367268,
    1706001371081
  ],
  "blockTimes": [
    1706001354,
    1706001364,
    1706001365,
    1706001366
  ],
  "blockTransactions": [
    6,
    6,
    1,
    5
  ],
  "Delays": [
    4561,
    4561,
    4561,
    3468,
    3359,
    3266,
    2658,
    2596,
    2393,
    1819,
    1490,
    1364,
    2456,
    6083,
    5737,
    5549,
    5409,
    4909
  ],
  "Throughputs": [
    1.3155009866257399,
    2.6304252520824196,
    2.1459227467811157,
    1.8235234525377366
  ],
  "AverageDelays": [
    3962.6666666666665,
    3008,
    2965.5384615384614,
    3679.9444444444443
  ]
}