{
  "transactionTimestamps": [
    1706001001715,
    1706001001737,
    1706001002631,
    1706001002771,
    1706001003722,
    1706001003739,
    1706001004547,
    1706001005653,
    1706001004579,
    1706001006383,
    1706001007005,
    1706001006090,
    1706001008093
  ],
  "blockTimestamps": [
    1706001003009,
    1706001004013,
    1706001007895,
    1706001011574
  ],
  "blockTimes": [
    1706000998,
    1706001002,
    1706001003,
    1706001007
  ],
  "blockTransactions": [
    2,
    2,
    6,
    3
  ],
  "Delays": [
    1294,
    1272,
    1382,
    1242,
    4173,
    4156,
    3348,
    2242,
    3316,
    1512,
    4569,
    5484,
    3481
  ],
  "Throughputs": [
    1.5455950540958268,
    1.7406440382941688,
    1.6181229773462784,
    1.3185921493052033
  ],
  "AverageDelays": [
    1283,
    1297.5,
    2393.7,
    2882.3846153846152
  ]
}