{
  "transactionTimestamps": [
    1706001430321,
    1706001431354,
    1706001432132,
    1706001430321,
    1706001432976,
    1706001433414,
    1706001432471,
    1706001433911,
    1706001434458,
    1706001434583,
    1706001435442,
    1706001436128,
    1706001437238,
    1706001438128,
    1706001438988,
    1706001439850,
    1706001440523,
    1706001441363,
    1706001442249
  ],
  "blockTimestamps": [
    1706001430891,
    1706001434743,
    1706001437001,
    1706001438021,
    1706001438347,
    1706001439773,
    1706001443587
  ],
  "blockTimes": [
    1706001430,
    1706001431,
    1706001434,
    1706001436,
    1706001437,
    1706001439,
    1706001440
  ],
  "blockTransactions": [
    1,
    6,
    2,
    3,
    1,
    2,
    4
  ],
  "Delays": [
    570,
    3389,
    2611,
    4422,
    1767,
    1329,
    2272,
    3090,
    2543,
    3438,
    2579,
    1893,
    1109,
    1645,
    785,
    3737,
    3064,
    2224,
    1338
  ],
  "Throughputs": [
    1.7543859649122808,
    1.5829941203075533,
    1.347305389221557,
    1.5584415584415585,
    1.619735858460005,
    1.5869657215404147,
    1.4322327755163575
  ],
  "AverageDelays": [
    570,
    2337.1428571428573,
    2443.6666666666665,
    2491.9166666666665,
    2385.5384615384614,
    2229.4666666666667,
    2305.5263157894738
  ]
}