{
  "transactionTimestamps": [
    1706001547047,
    1706001547047,
    1706001548000,
    1706001548078,
    1706001548716,
    1706001548935,
    1706001549681,
    1706001550008,
    1706001550553,
    1706001550910,
    1706001551454,
    1706001551688
  ],
  "blockTimestamps": [
    1706001551534,
    1706001554057,
    1706001554199
  ],
  "blockTimes": [
    1706001548,
    1706001550,
    1706001553
  ],
  "blockTransactions": [
    4,
    6,
    2
  ],
  "Delays": [
    4487,
    4487,
    3534,
    3456,
    5341,
    5122,
    4376,
    4049,
    3504,
    3147,
    2745,
    2511
  ],
  "Throughputs": [
    0.8914642299977713,
    1.4265335235378032,
    1.6778523489932886
  ],
  "AverageDelays": [
    3991,
    4150.3,
    3896.5833333333335
  ]
}