{
  "transactionTimestamps": [
    1706001490360,
    1706001491223,
    1706001491908,
    1706001493032,
    1706001493860,
    1706001494718,
    1706001495780,
    1706001496651,
    1706001497291,
    1706001498382,
    1706001499289,
    1706001500269,
    1706001501818
  ],
  "blockTimestamps": [
    1706001493355,
    1706001499458,
    1706001501500,
    1706001508086
  ],
  "blockTimes": [
    1706001483,
    1706001492,
    1706001498,
    1706001500
  ],
  "blockTransactions": [
    3,
    4,
    3,
    3
  ],
  "Delays": [
    2995,
    2132,
    1447,
    6426,
    5598,
    4740,
    3678,
    4849,
    4209,
    3118,
    8797,
    7817,
    6268
  ],
  "Throughputs": [
    1.001669449081803,
    0.7693998681028796,
    0.8976660682226212,
    0.7333859866862237
  ],
  "AverageDelays": [
    2191.3333333333335,
    3859.4285714285716,
    3919.2,
    4774.923076923077
  ]
}