{"a": 0.2, "b": 0.8, "communities0": [[0, 247], [1, 231], [2, 226, 9, 46, 270, 273, 243, 84, 86], [18, 3], [4, 29], [28, 5], [189, 6], [178, 7], [8, 269], [10, 254], [11, 125], [233, 12], [41, 13], [153, 14], [93, 15], [16, 217], [216, 17], [19, 119], [120, 20], [212, 21], [142, 22], [274, 23], [24, 39], [25, 139], [26, 42], [27, 61], [166, 30], [276, 31], [32, 206], [64, 33], [200, 34], [35, 205], [244, 221, 36], [37, 117], [145, 38], [40, 238], [73, 43], [146, 44], [83, 45], [136, 47], [48, 239], [49, 258], [218, 50], [51, 171], [98, 52], [236, 53], [165, 54], [213, 55], [56, 137], [101, 262, 267, 203, 174, 242, 57, 186, 251], [58, 110], [256, 59], [259, 60], [232, 62], [63, 157, 207], [192, 65, 210, 285], [66, 68], [67, 124], [161, 69], [138, 70], [240, 71], [72, 168], [74, 135], [75, 271], [241, 76], [160, 77], [78, 190], [265, 79], [80, 275], [81, 169], [82, 263], [154, 85], [87, 167], [88, 133], [89, 129], [90, 151], [91, 149], [227, 92], [283, 94], [181, 95], [96, 99], [97, 201], [266, 100], [115, 102], [198, 103], [104, 264], [105, 121], [106, 282], [107, 219], [281, 108], [208, 109], [111, 253, 191], [112, 272], [113, 199], [114, 141], [116, 158], [118, 143], [122, 220], [123, 268], [195, 126], [211, 127], [128, 261], [184, 130], [131, 278], [132, 245], [134, 286], [140, 182], [144, 249], [147, 279], [148, 204], [250, 150], [152, 222], [170, 155], [156, 230], [193, 159], [162, 214], [163, 228], [224, 164], [172, 252], [202, 173], [260, 175], [176, 280], [177, 183], [248, 179], [180, 255], [185, 284], [225, 187], [288, 188], [194, 223], [257, 196], [197, 229], [209, 287], [235, 215], [234, 237], [277, 246]], "q0": 0.4968234512740007, "f0": 0.9542365592075667}