{"a": 0.3, "b": 0.7, "communities0": [[0, 5, 6, 7, 8, 12, 14, 15, 19, 27, 28, 32, 33, 42, 45, 46, 51, 54, 55, 56, 59], [1, 53, 25], [2, 4], [16, 40, 3], [9, 34, 10, 23], [43, 11, 47, 48, 17], [26, 52, 13, 31], [49, 18, 50], [57, 58, 20], [41, 21], [29, 22], [24, 36], [37, 30], [35, 60, 39], [44, 38]], "communities1": [[0, 5, 6, 7, 8, 12, 14, 15, 19, 27, 28, 32, 33, 42, 45, 46, 51, 54, 55, 56, 59], [1, 11, 43, 47, 48, 17, 53, 25], [2, 4], [16, 40, 3], [9, 10, 34, 23], [26, 52, 13, 31], [49, 18, 50], [57, 58, 20], [41, 21], [29, 22], [24, 36], [37, 30], [35, 60, 39], [44, 38]], "communities2": [[0, 5, 6, 7, 8, 12, 14, 15, 19, 27, 28, 32, 33, 42, 45, 46, 51, 54, 55, 56, 59], [1, 43], [2, 4], [16, 40, 3], [9, 10, 34, 23], [48, 17, 11, 47], [26, 52, 13, 31], [49, 18, 50], [57, 58, 20], [41, 21], [29, 22], [24, 36], [25, 53], [37, 30], [35, 60, 39], [44, 38]], "communities3": [[4, 9, 13, 19, 56], [38, 6, 39, 49, 54], [5, 7, 10, 50, 21], [0, 12, 44, 22, 29], [40, 43, 11, 46, 53], [3, 58, 51, 36], [24, 25, 59, 45], [1, 26, 37, 15], [32, 16, 30, 31], [17, 42, 23, 57], [27, 35, 55, 47], [48, 2, 18, 14], [8, 41, 28, 20], [33, 34, 60, 52]], "q0": 0.4391264320026135, "f0": 0.8611253554298306, "q1": 0.43762668072374133, "f1": 0.85812351925749}