{"a": 0.3, "b": 0.7, "communities0": [[0, 1, 2, 3, 4, 5, 32, 8, 21, 23], [25, 10, 6], [26, 12, 7], [9, 33], [19, 11, 22], [13, 29], [24, 27, 14], [28, 15], [16, 17, 18, 20, 30, 31]], "q0": 0.4336628511966701, "f0": 0.8142201638049886}