{
  "transactionTimestamps": [
    1706094571653,
    1706094572922,
    1706094571931,
    1706094574345,
    1706094574533,
    1706094576620,
    1706094575415,
    1706094577794,
    1706094577425,
    1706094579109,
    1706094577643,
    1706094579371,
    1706094580406,
    1706094580654,
    1706094581593,
    1706094580268,
    1706094582205,
    1706094582905,
    1706094581617,
    1706094583835,
    1706094584219,
    1706094584966
  ],
  "blockTimestamps": [
    1706094576772,
    1706094579773,
    1706094582781,
    1706094585776,
    1706094588769
  ],
  "blockTimes": [
    1706094576,
    1706094579,
    1706094582,
    1706094585,
    1706094588
  ],
  "blockTransactions": [
    2,
    3,
    7,
    5,
    5
  ],
  "Delays": [
    5119,
    3850,
    7842,
    5428,
    5240,
    6161,
    7366,
    4987,
    5356,
    3672,
    5138,
    3410,
    5370,
    5122,
    4183,
    5508,
    3571,
    5864,
    7152,
    4934,
    4550,
    3803
  ],
  "Throughputs": [
    0.39070130884938464,
    0.6157635467980296,
    1.0783608914450036,
    1.2037102598598033,
    1.2853470437017995
  ],
  "AverageDelays": [
    4484.5,
    5495.8,
    5297.416666666667,
    5136.64705882353,
    5164.818181818182
  ]
}