{
  "transactionTimestamps": [
    1706094496012,
    1706094496136,
    1706094495305,
    1706094497422,
    1706094497619,
    1706094498799,
    1706094498847,
    1706094499033,
    1706094499502,
    1706094500085,
    1706094500264,
    1706094500350,
    1706094500970,
    1706094501405,
    1706094501713,
    1706094502451,
    1706094502863,
    1706094501380,
    1706094503326,
    1706094503994,
    1706094504894,
    1706094503759,
    1706094505354,
    1706094505438,
    1706094506074,
    1706094506592,
    1706094506678,
    1706094507695,
    1706094507818,
    1706094508215,
    1706094506546,
    1706094508842,
    1706094509369,
    1706094508030,
    1706094509777,
    1706094510225
  ],
  "blockTimestamps": [
    1706094501766,
    1706094504789,
    1706094507781,
    1706094510773,
    1706094513781
  ],
  "blockTimes": [
    1706094501,
    1706094504,
    1706094507,
    1706094510,
    1706094513
  ],
  "blockTransactions": [
    5,
    9,
    6,
    7,
    9
  ],
  "Delays": [
    5754,
    5630,
    6461,
    4344,
    4147,
    5990,
    5942,
    5756,
    5287,
    4704,
    4525,
    4439,
    3819,
    3384,
    6068,
    5330,
    4918,
    6401,
    4455,
    3787,
    5879,
    7014,
    5419,
    5335,
    4699,
    4181,
    4095,
    6086,
    5963,
    5566,
    7235,
    4939,
    4412,
    5751,
    4004,
    3556
  ],
  "Throughputs": [
    0.8689607229753216,
    1.5950780448900537,
    1.699379726399864,
    1.829144366912811,
    2.0260003376667233
  ],
  "AverageDelays": [
    5267.2,
    5013,
    5057.05,
    5102.333333333333,
    5146.527777777777
  ]
}