{
  "transactionTimestamps": [
    1706094439471,
    1706094442231,
    1706094443681,
    1706094446352,
    1706094447794,
    1706094448983,
    1706094450412
  ],
  "blockTimestamps": [
    1706094444770,
    1706094447767,
    1706094450767,
    1706094453773
  ],
  "blockTimes": [
    1706094444,
    1706094447,
    1706094450,
    1706094453
  ],
  "blockTransactions": [
    1,
    1,
    1,
    4
  ],
  "Delays": [
    5299,
    5536,
    7086,
    7421,
    5979,
    4790,
    3361
  ],
  "Throughputs": [
    0.18871485185884126,
    0.2410800385728062,
    0.26558073654390935,
    0.4894420360788701
  ],
  "AverageDelays": [
    5299,
    5417.5,
    5973.666666666667,
    5638.857142857143
  ]
}