{
  "transactionTimestamps": [
    1706094733738,
    1706094734519,
    1706094738288,
    1706094737066,
    1706094737592,
    1706094739633,
    1706094741020,
    1706094739633,
    1706094742428,
    1706094743593,
    1706094742897,
    1706094744256,
    1706094745222,
    1706094745765,
    1706094747576,
    1706094748953,
    1706094748572,
    1706094750043
  ],
  "blockTimestamps": [
    1706094741775,
    1706094744766,
    1706094747788,
    1706094750775,
    1706094753771
  ],
  "blockTimes": [
    1706094741,
    1706094744,
    1706094747,
    1706094750,
    1706094753
  ],
  "blockTransactions": [
    4,
    4,
    4,
    2,
    4
  ],
  "Delays": [
    8037,
    7256,
    3487,
    4709,
    7174,
    5133,
    3746,
    5133,
    5360,
    4195,
    4891,
    3532,
    5553,
    5010,
    6195,
    4818,
    5199,
    3728
  ],
  "Throughputs": [
    0.4976981460744058,
    0.7254261878853826,
    0.8540925266903914,
    0.8217409168280801,
    0.8985174462137473
  ],
  "AverageDelays": [
    5872.25,
    5584.375,
    5221.083333333333,
    5229.714285714285,
    5175.333333333333
  ]
}