{
  "transactionTimestamps": [
    1706094511173,
    1706094511800,
    1706094512386,
    1706094512703,
    1706094512965,
    1706094513697,
    1706094514287,
    1706094513854,
    1706094514516,
    1706094514516,
    1706094514517,
    1706094515033,
    1706094515463,
    1706094515904,
    1706094515978,
    1706094515356,
    1706094516593,
    1706094516849,
    1706094517130,
    1706094517485,
    1706094517733,
    1706094516101,
    1706094518442,
    1706094518703,
    1706094519228,
    1706094519243,
    1706094519854,
    1706094520116,
    1706094520741,
    1706094520756,
    1706094521125,
    1706094521648,
    1706094519571,
    1706094521966,
    1706094522211,
    1706094522473,
    1706094522919,
    1706094523610,
    1706094523672,
    1706094524238,
    1706094523272,
    1706094524961,
    1706094525193,
    1706094525516
  ],
  "blockTimestamps": [
    1706094516775,
    1706094519773,
    1706094522783,
    1706094525772,
    1706094528778
  ],
  "blockTimes": [
    1706094516,
    1706094519,
    1706094522,
    1706094525,
    1706094528
  ],
  "blockTransactions": [
    5,
    11,
    10,
    10,
    8
  ],
  "Delays": [
    5602,
    4975,
    4389,
    4072,
    3810,
    6076,
    5486,
    5919,
    5257,
    5257,
    5256,
    4740,
    4310,
    3869,
    3795,
    4417,
    6190,
    5934,
    5653,
    5298,
    5050,
    6682,
    4341,
    4080,
    3555,
    3540,
    5918,
    5656,
    5031,
    5016,
    4647,
    4124,
    6201,
    3806,
    3561,
    3299,
    5859,
    5168,
    5106,
    4540,
    5506,
    3817,
    3585,
    3262
  ],
  "Throughputs": [
    0.8925383791503034,
    1.8604651162790697,
    2.239448751076658,
    2.4659223234468115,
    2.4992899744390797
  ],
  "AverageDelays": [
    4569.6,
    4826.875,
    4905.884615384615,
    4855.888888888889,
    4810.340909090909
  ]
}