{
  "transactionTimestamps": [
    1706094814665,
    1706094814665,
    1706094815902,
    1706094816352,
    1706094817480,
    1706094818611,
    1706094817525,
    1706094819761,
    1706094821032,
    1706094821251,
    1706094820230,
    1706094822768,
    1706094824006
  ],
  "blockTimestamps": [
    1706094819782,
    1706094822771,
    1706094825768,
    1706094828768
  ],
  "blockTimes": [
    1706094819,
    1706094822,
    1706094825,
    1706094828
  ],
  "blockTransactions": [
    4,
    3,
    4,
    2
  ],
  "Delays": [
    5117,
    5117,
    3880,
    3430,
    5291,
    4160,
    5246,
    6007,
    4736,
    4517,
    5538,
    6000,
    4762
  ],
  "Throughputs": [
    0.7817080320500294,
    0.8635578583765112,
    0.9907232279564082,
    0.9217896901368503
  ],
  "AverageDelays": [
    4386,
    4605.857142857143,
    4821.727272727273,
    4907.7692307692305
  ]
}