{
  "transactionTimestamps": [
    1706094979789,
    1706094979787,
    1706094981226,
    1706094981359,
    1706094982630,
    1706094982824,
    1706094983781,
    1706094984042,
    1706094984975,
    1706094985326,
    1706094986361,
    1706094989184,
    1706094987777
  ],
  "blockTimestamps": [
    1706094984773,
    1706094987779,
    1706094990765,
    1706094993776
  ],
  "blockTimes": [
    1706094984,
    1706094987,
    1706094990,
    1706094993
  ],
  "blockTransactions": [
    4,
    4,
    3,
    2
  ],
  "Delays": [
    4984,
    4986,
    3547,
    3414,
    5149,
    4955,
    3998,
    3737,
    5790,
    5439,
    4404,
    4592,
    5999
  ],
  "Throughputs": [
    0.8025682182985554,
    1.0012515644555695,
    1.0021865889212827,
    0.9294344748695217
  ],
  "AverageDelays": [
    4232.75,
    4346.25,
    4582.090909090909,
    4691.846153846154
  ]
}