{
  "transactionTimestamps": [
    1706094945254,
    1706094946809,
    1706094949773,
    1706094949773,
    1706094951016,
    1706094951283,
    1706094952526,
    1706094952629,
    1706094953964,
    1706094954086,
    1706094955406,
    1706094955557,
    1706094957001,
    1706094959263
  ],
  "blockTimestamps": [
    1706094951763,
    1706094954770,
    1706094957772,
    1706094960769,
    1706094963765
  ],
  "blockTimes": [
    1706094951,
    1706094954,
    1706094957,
    1706094960,
    1706094963
  ],
  "blockTransactions": [
    2,
    4,
    4,
    3,
    1
  ],
  "Delays": [
    6509,
    4954,
    4997,
    4997,
    3754,
    3487,
    5246,
    5143,
    3808,
    3686,
    5363,
    5212,
    3768,
    4502
  ],
  "Throughputs": [
    0.30726686126901215,
    0.6305170239596469,
    0.7988496564946477,
    0.837898807605543,
    0.7563070606666307
  ],
  "AverageDelays": [
    5731.5,
    4783,
    4658.1,
    4686.461538461538,
    4673.285714285715
  ]
}