{
  "transactionTimestamps": [
    1706094539506,
    1706094543990,
    1706094544528,
    1706094545170,
    1706094545712,
    1706094548125,
    1706094546882,
    1706094549382,
    1706094550921,
    1706094552138,
    1706094553341
  ],
  "blockTimestamps": [
    1706094546765,
    1706094549775,
    1706094552763,
    1706094555772,
    1706094558768
  ],
  "blockTimes": [
    1706094546,
    1706094549,
    1706094552,
    1706094555,
    1706094558
  ],
  "blockTransactions": [
    1,
    4,
    1,
    4,
    1
  ],
  "Delays": [
    7259,
    5785,
    5247,
    4605,
    4063,
    4638,
    8890,
    6390,
    4851,
    3634,
    5427
  ],
  "Throughputs": [
    0.1377600220416035,
    0.48690232739312495,
    0.45259108395564607,
    0.6147792942333703,
    0.5710725781331119
  ],
  "AverageDelays": [
    7259,
    5391.8,
    5266.166666666667,
    5536.2,
    5526.272727272727
  ]
}