{
  "transactionTimestamps": [
    1706094649585,
    1706094649586,
    1706094650942,
    1706094651018,
    1706094653627,
    1706094652247,
    1706094652401,
    1706094653472,
    1706094654693,
    1706094657588,
    1706094659079,
    1706094659466
  ],
  "blockTimestamps": [
    1706094654766,
    1706094657780,
    1706094660766,
    1706094664372
  ],
  "blockTimes": [
    1706094654,
    1706094657,
    1706094660,
    1706094663
  ],
  "blockTransactions": [
    4,
    4,
    1,
    3
  ],
  "Delays": [
    5181,
    5180,
    3824,
    3748,
    4153,
    5533,
    5379,
    4308,
    6073,
    6784,
    5293,
    4906
  ],
  "Throughputs": [
    0.7720517274657402,
    0.9762050030506406,
    0.8049369466058492,
    0.8115236356258876
  ],
  "AverageDelays": [
    4483.25,
    4663.25,
    4819.888888888889,
    5030.166666666667
  ]
}