{
  "transactionTimestamps": [
    1706094859713,
    1706094859714,
    1706094861028,
    1706094861137,
    1706094862404,
    1706094862605,
    1706094863854,
    1706094863916,
    1706094865200,
    1706094865371,
    1706094866535,
    1706094866785
  ],
  "blockTimestamps": [
    1706094864772,
    1706094870772
  ],
  "blockTimes": [
    1706094864,
    1706094870
  ],
  "blockTransactions": [
    4,
    8
  ],
  "Delays": [
    5059,
    5058,
    3744,
    3635,
    8368,
    8167,
    6918,
    6856,
    5572,
    5401,
    4237,
    3987
  ],
  "Throughputs": [
    0.7906700929037359,
    1.0850890677276428
  ],
  "AverageDelays": [
    4374,
    5583.5
  ]
}