{
  "transactionTimestamps": [
    1706094404195,
    1706094407005,
    1706094408197,
    1706094406964,
    1706094408444,
    1706094409437,
    1706094409438,
    1706094409438,
    1706094409685,
    1706094410615,
    1706094410832,
    1706094410888,
    1706094409590,
    1706094411017,
    1706094411807,
    1706094411977,
    1706094412187,
    1706094412976,
    1706094413610,
    1706094412407,
    1706094412963,
    1706094415142,
    1706094414275,
    1706094416398,
    1706094416568,
    1706094417863,
    1706094418005,
    1706094418189,
    1706094419447,
    1706094419325
  ],
  "blockTimestamps": [
    1706094411767,
    1706094414777,
    1706094417771,
    1706094420772,
    1706094423781
  ],
  "blockTimes": [
    1706094411,
    1706094414,
    1706094417,
    1706094420,
    1706094423
  ],
  "blockTransactions": [
    5,
    9,
    7,
    4,
    5
  ],
  "Delays": [
    7572,
    4762,
    3570,
    4803,
    3323,
    5340,
    5339,
    5339,
    5092,
    4162,
    3945,
    3889,
    5187,
    3760,
    5964,
    5794,
    5584,
    4795,
    4161,
    5364,
    4808,
    5630,
    6497,
    4374,
    4204,
    5918,
    5776,
    5592,
    4334,
    4456
  ],
  "Throughputs": [
    0.6603275224511358,
    1.323001323001323,
    1.5468473777253977,
    1.5081136514447728,
    1.5317063208414174
  ],
  "AverageDelays": [
    4806,
    4720.214285714285,
    4883.476190476191,
    4930.32,
    4977.8
  ]
}