{
  "transactionTimestamps": [
    1706094375613,
    1706094376462,
    1706094376757,
    1706094376976,
    1706094377700,
    1706094378326,
    1706094378604,
    1706094379134,
    1706094379429,
    1706094379429,
    1706094379861,
    1706094379884,
    1706094380356,
    1706094380776,
    1706094381037,
    1706094381161,
    1706094381392,
    1706094381791,
    1706094381961,
    1706094382501,
    1706094382562,
    1706094382866,
    1706094383270,
    1706094383596,
    1706094383827,
    1706094384184,
    1706094384307,
    1706094384788,
    1706094385415,
    1706094385639,
    1706094384685,
    1706094385762,
    1706094386212,
    1706094386697,
    1706094387066,
    1706094388340,
    1706094388447,
    1706094387330,
    1706094387161,
    1706094389679,
    1706094389787
  ],
  "blockTimestamps": [
    1706094381776,
    1706094384779,
    1706094387776,
    1706094390781,
    1706094393775
  ],
  "blockTimes": [
    1706094381,
    1706094384,
    1706094387,
    1706094390,
    1706094393
  ],
  "blockTransactions": [
    6,
    11,
    10,
    8,
    6
  ],
  "Delays": [
    6163,
    5314,
    5019,
    4800,
    4076,
    3450,
    6175,
    5645,
    5350,
    5350,
    4918,
    4895,
    4423,
    4003,
    3742,
    3618,
    3387,
    5985,
    5815,
    5275,
    5214,
    4910,
    4506,
    4180,
    3949,
    3592,
    3469,
    5993,
    5366,
    5142,
    6096,
    5019,
    4569,
    4084,
    3715,
    5435,
    5328,
    6445,
    6614,
    4096,
    3988
  ],
  "Throughputs": [
    0.9735518416355671,
    1.8546803403883918,
    2.219847077201348,
    2.307489451476793,
    2.257460632088977
  ],
  "AverageDelays": [
    4803.666666666667,
    4725.176470588235,
    4711.962962962963,
    4777.342857142857,
    4856.414634146341
  ]
}