{
  "transactionTimestamps": [
    1706094964784,
    1706094964783,
    1706094968753,
    1706094967360,
    1706094969046,
    1706094967828,
    1706094970141,
    1706094970383,
    1706094971638,
    1706094971960,
    1706094973234,
    1706094973416,
    1706094974982,
    1706094974729
  ],
  "blockTimestamps": [
    1706094969767,
    1706094972766,
    1706094975773,
    1706094978769
  ],
  "blockTimes": [
    1706094969,
    1706094972,
    1706094975,
    1706094978
  ],
  "blockTransactions": [
    1,
    4,
    5,
    4
  ],
  "Delays": [
    4983,
    7983,
    4013,
    5406,
    3720,
    7945,
    5632,
    5390,
    4135,
    3813,
    5535,
    5353,
    3787,
    4040
  ],
  "Throughputs": [
    0.20068231988761792,
    0.6264094211976948,
    0.91000091000091,
    1.0010725777618878
  ],
  "AverageDelays": [
    4983,
    5221,
    5302,
    5123.928571428572
  ]
}