{
  "transactionTimestamps": [
    1706094724623,
    1706094724622,
    1706094726117,
    1706094727709,
    1706094726288,
    1706094729159,
    1706094730918,
    1706094729646,
    1706094730668,
    1706094732524,
    1706094733276
  ],
  "blockTimestamps": [
    1706094729774,
    1706094732776,
    1706094735769,
    1706094738771
  ],
  "blockTimes": [
    1706094729,
    1706094732,
    1706094735,
    1706094738
  ],
  "blockTransactions": [
    3,
    3,
    4,
    1
  ],
  "Delays": [
    5151,
    5152,
    3657,
    5067,
    6488,
    3617,
    4851,
    6123,
    5101,
    3245,
    5495
  ],
  "Throughputs": [
    0.5824111822947001,
    0.735925426223476,
    0.897182845863987,
    0.7774950523042127
  ],
  "AverageDelays": [
    4653.333333333333,
    4855.333333333333,
    4845.2,
    4904.272727272727
  ]
}