{
  "transactionTimestamps": [
    1706095035996,
    1706095034894,
    1706095036291,
    1706095039817,
    1706095041134,
    1706095042526,
    1706095043850,
    1706095045186,
    1706095046362,
    1706095047551
  ],
  "blockTimestamps": [
    1706095041772,
    1706095044771,
    1706095047775,
    1706095050765,
    1706095054368
  ],
  "blockTimes": [
    1706095041,
    1706095044,
    1706095047,
    1706095050,
    1706095053
  ],
  "blockTransactions": [
    3,
    2,
    2,
    2,
    1
  ],
  "Delays": [
    5776,
    6878,
    5481,
    4954,
    3637,
    5249,
    3925,
    5579,
    4403,
    6817
  ],
  "Throughputs": [
    0.5193905817174516,
    0.5698005698005698,
    0.5942779522879701,
    0.6093845216331505,
    0.5443065534509035
  ],
  "AverageDelays": [
    6045,
    5345.2,
    5128.571428571428,
    5098,
    5269.9
  ]
}