{
  "transactionTimestamps": [
    1706095020688,
    1706095022315,
    1706095024809,
    1706095026633,
    1706095025942,
    1706095027768,
    1706095029002,
    1706095029697,
    1706095028649,
    1706095030627,
    1706095030862,
    1706095031452,
    1706095032229,
    1706095031776
  ],
  "blockTimestamps": [
    1706095026769,
    1706095029768,
    1706095032764,
    1706095035769,
    1706095038767
  ],
  "blockTimes": [
    1706095026,
    1706095029,
    1706095032,
    1706095035,
    1706095038
  ],
  "blockTransactions": [
    1,
    2,
    4,
    4,
    3
  ],
  "Delays": [
    6081,
    7453,
    4959,
    6131,
    6822,
    4996,
    3762,
    6072,
    7120,
    5142,
    4907,
    7315,
    6538,
    6991
  ],
  "Throughputs": [
    0.164446637066272,
    0.3303964757709251,
    0.5796621397813846,
    0.7293946024799417,
    0.7743791138890425
  ],
  "AverageDelays": [
    6081,
    6164.333333333333,
    5743.428571428572,
    5767.727272727273,
    6020.642857142857
  ]
}