{
  "transactionTimestamps": [
    1706094694602,
    1706094696256,
    1706094697674,
    1706094699146,
    1706094700417,
    1706094701591
  ],
  "blockTimestamps": [
    1706094699771,
    1706094702764,
    1706094705771
  ],
  "blockTimes": [
    1706094699,
    1706094702,
    1706094705
  ],
  "blockTransactions": [
    2,
    2,
    2
  ],
  "Delays": [
    5169,
    3515,
    5090,
    3618,
    5354,
    4180
  ],
  "Throughputs": [
    0.38692203520990526,
    0.4900759617740749,
    0.5372011818426
  ],
  "AverageDelays": [
    4342,
    4348,
    4487.666666666667
  ]
}