{
  "transactionTimestamps": [
    1706094874722,
    1706094875966,
    1706094877319,
    1706094878627,
    1706094880227,
    1706094881707,
    1706094883922
  ],
  "blockTimestamps": [
    1706094879765,
    1706094882771,
    1706094885768,
    1706094888768
  ],
  "blockTimes": [
    1706094879,
    1706094882,
    1706094885,
    1706094888
  ],
  "blockTransactions": [
    2,
    2,
    2,
    1
  ],
  "Delays": [
    5043,
    3799,
    5452,
    4144,
    5541,
    4061,
    4846
  ],
  "Throughputs": [
    0.39658933174697597,
    0.49695614362032553,
    0.5431830526887561,
    0.49836252313826
  ],
  "AverageDelays": [
    4421,
    4609.5,
    4673.333333333333,
    4698
  ]
}