{
  "transactionTimestamps": [
    1706094840701,
    1706094842076,
    1706094843679,
    1706094844699,
    1706094845056,
    1706094844699,
    1706094846225,
    1706094847762,
    1706094847032,
    1706094848358,
    1706094849172,
    1706094849793,
    1706094850623,
    1706094850961,
    1706094852038,
    1706094852452,
    1706094853999
  ],
  "blockTimestamps": [
    1706094846776,
    1706094849776,
    1706094852771,
    1706094855775,
    1706094858773
  ],
  "blockTimes": [
    1706094846,
    1706094849,
    1706094852,
    1706094855,
    1706094858
  ],
  "blockTransactions": [
    2,
    5,
    4,
    5,
    1
  ],
  "Delays": [
    6075,
    4700,
    6097,
    5077,
    4720,
    5077,
    3551,
    5009,
    5739,
    4413,
    3599,
    5982,
    5152,
    4814,
    3737,
    3323,
    4774
  ],
  "Throughputs": [
    0.3292181069958848,
    0.7713498622589532,
    0.9113504556752278,
    1.06143027729866,
    0.9406817175741479
  ],
  "AverageDelays": [
    5387.5,
    5042.428571428572,
    4914.272727272727,
    4816.5625,
    4814.058823529412
  ]
}