{
  "transactionTimestamps": [
    1706094586122,
    1706094587325,
    1706094588545,
    1706094589536,
    1706094589537,
    1706094591239,
    1706094591132,
    1706094592674,
    1706094591858,
    1706094594274,
    1706094594657,
    1706094595653,
    1706094596239,
    1706094596925,
    1706094597640,
    1706094598797
  ],
  "blockTimestamps": [
    1706094591767,
    1706094594768,
    1706094597769,
    1706094600765,
    1706094603771
  ],
  "blockTimes": [
    1706094591,
    1706094594,
    1706094597,
    1706094600,
    1706094603
  ],
  "blockTransactions": [
    3,
    3,
    4,
    4,
    2
  ],
  "Delays": [
    5645,
    4442,
    3222,
    5232,
    5231,
    3529,
    6637,
    5095,
    5911,
    3495,
    6108,
    5112,
    4526,
    3840,
    6131,
    4974
  ],
  "Throughputs": [
    0.5314437555358725,
    0.6939625260235947,
    0.8585901948999742,
    0.9560882332855288,
    0.9065669443027933
  ],
  "AverageDelays": [
    4436.333333333333,
    4550.166666666667,
    4843.9,
    4858.928571428572,
    4945.625
  ]
}