{
  "transactionTimestamps": [
    1706094660555,
    1706094660974,
    1706094661861,
    1706094662456,
    1706094663373,
    1706094663899,
    1706094664571,
    1706094664589,
    1706094664592,
    1706094665174,
    1706094664587,
    1706094665922,
    1706094665985,
    1706094666068,
    1706094666388,
    1706094667437,
    1706094667509,
    1706094667589,
    1706094667783,
    1706094668335,
    1706094667117,
    1706094668601,
    1706094668910,
    1706094669695,
    1706094669765,
    1706094671114,
    1706094670249,
    1706094670990,
    1706094672640,
    1706094673731,
    1706094673829,
    1706094672698,
    1706094673298
  ],
  "blockTimestamps": [
    1706094666778,
    1706094669770,
    1706094672772,
    1706094675770,
    1706094678773
  ],
  "blockTimes": [
    1706094666,
    1706094669,
    1706094672,
    1706094675,
    1706094678
  ],
  "blockTransactions": [
    5,
    10,
    8,
    5,
    5
  ],
  "Delays": [
    6223,
    5804,
    4917,
    4322,
    3405,
    5871,
    5199,
    5181,
    5178,
    4596,
    5183,
    3848,
    3785,
    3702,
    3382,
    5335,
    5263,
    5183,
    4989,
    4437,
    5655,
    4171,
    3862,
    6075,
    6005,
    4656,
    5521,
    4780,
    6133,
    5042,
    4944,
    6075,
    5475
  ],
  "Throughputs": [
    0.8034709946970915,
    1.6277807921866523,
    1.88262257510027,
    1.8402891883010188,
    1.8113953233066198
  ],
  "AverageDelays": [
    4934.2,
    4706.4,
    4760.478260869565,
    4876,
    4975.666666666667
  ]
}