{
  "transactionTimestamps": [
    1706094829685,
    1706094831381,
    1706094832953,
    1706094834226,
    1706094835583,
    1706094837041,
    1706094838211,
    1706094839528
  ],
  "blockTimestamps": [
    1706094834777,
    1706094837799,
    1706094840768,
    1706094843781
  ],
  "blockTimes": [
    1706094834,
    1706094837,
    1706094840,
    1706094843
  ],
  "blockTransactions": [
    2,
    2,
    2,
    2
  ],
  "Delays": [
    5092,
    3396,
    4846,
    3573,
    5185,
    3727,
    5570,
    4253
  ],
  "Throughputs": [
    0.3927729772191674,
    0.49297510475720974,
    0.5413696652530903,
    0.5675368898978433
  ],
  "AverageDelays": [
    4244,
    4226.75,
    4303.166666666667,
    4455.25
  ]
}