{
  "transactionTimestamps": [
    1706094917401,
    1706094916209,
    1706094919749,
    1706094921036,
    1706094922239,
    1706094923789,
    1706094925396,
    1706094926526
  ],
  "blockTimestamps": [
    1706094921764,
    1706094924766,
    1706094928366,
    1706094930766
  ],
  "blockTimes": [
    1706094921,
    1706094924,
    1706094927,
    1706094930
  ],
  "blockTransactions": [
    2,
    2,
    2,
    2
  ],
  "Delays": [
    4363,
    5555,
    5017,
    3730,
    6127,
    4577,
    5370,
    4240
  ],
  "Throughputs": [
    0.4584001833600733,
    0.5431093007467753,
    0.5471956224350205,
    0.5985783763561541
  ],
  "AverageDelays": [
    4959,
    4666.25,
    4894.833333333333,
    4872.375
  ]
}