{
  "transactionTimestamps": [
    1706094481455,
    1706094481529,
    1706094483085,
    1706094481978,
    1706094483070,
    1706094484491,
    1706094484566,
    1706094485906,
    1706094485922,
    1706094486453,
    1706094486762,
    1706094487084,
    1706094487177,
    1706094488016,
    1706094488063,
    1706094488688,
    1706094488841,
    1706094489263,
    1706094489419,
    1706094489944,
    1706094490201,
    1706094490515,
    1706094490560,
    1706094491176,
    1706094492156,
    1706094492187,
    1706094492317,
    1706094491379,
    1706094493472,
    1706094493671,
    1706094493747,
    1706094494831,
    1706094494864,
    1706094493766
  ],
  "blockTimestamps": [
    1706094486778,
    1706094490378,
    1706094492786,
    1706094495776,
    1706094498775
  ],
  "blockTimes": [
    1706094486,
    1706094489,
    1706094492,
    1706094495,
    1706094498
  ],
  "blockTransactions": [
    3,
    7,
    9,
    9,
    6
  ],
  "Delays": [
    5323,
    5249,
    3693,
    8400,
    7308,
    5887,
    5812,
    4472,
    4456,
    3925,
    6024,
    5702,
    5609,
    4770,
    4723,
    4098,
    3945,
    3523,
    3367,
    5832,
    5575,
    5261,
    5216,
    4600,
    3620,
    3589,
    3459,
    4397,
    5303,
    5104,
    5028,
    3944,
    3911,
    5009
  ],
  "Throughputs": [
    0.5635919594213789,
    1.120699316373417,
    1.6768158150207397,
    1.9551707283010964,
    1.9630484988452657
  ],
  "AverageDelays": [
    4755,
    5452.5,
    5067.684210526316,
    4922.678571428572,
    4886.294117647059
  ]
}