{
  "transactionTimestamps": [
    1706094604550,
    1706094605754,
    1706094607079,
    1706094611223,
    1706094610122,
    1706094612374
  ],
  "blockTimestamps": [
    1706094609774,
    1706094612784,
    1706094615763
  ],
  "blockTimes": [
    1706094609,
    1706094612,
    1706094615
  ],
  "blockTransactions": [
    2,
    1,
    3
  ],
  "Delays": [
    5224,
    4020,
    5705,
    4540,
    5641,
    3389
  ],
  "Throughputs": [
    0.3828483920367534,
    0.3643429681807141,
    0.5350931953981986
  ],
  "AverageDelays": [
    4622,
    4983,
    4753.166666666667
  ]
}