{
  "transactionTimestamps": [
    1706094709613,
    1706094711064,
    1706094712434,
    1706094713814,
    1706094715180,
    1706094719146
  ],
  "blockTimestamps": [
    1706094714763,
    1706094717771,
    1706094720767,
    1706094723778
  ],
  "blockTimes": [
    1706094714,
    1706094717,
    1706094720,
    1706094723
  ],
  "blockTransactions": [
    2,
    2,
    1,
    1
  ],
  "Delays": [
    5150,
    3699,
    5337,
    3957,
    5587,
    4632
  ],
  "Throughputs": [
    0.3883495145631068,
    0.4903162539838196,
    0.4482696790389098,
    0.4235792446170138
  ],
  "AverageDelays": [
    4424.5,
    4535.75,
    4746,
    4727
  ]
}