{
  "transactionTimestamps": [
    1706094799654,
    1706094801259,
    1706094802437,
    1706094804035,
    1706094805361,
    1706094806655
  ],
  "blockTimestamps": [
    1706094804769,
    1706094807766,
    1706094810766
  ],
  "blockTimes": [
    1706094804,
    1706094807,
    1706094810
  ],
  "blockTransactions": [
    2,
    2,
    2
  ],
  "Delays": [
    5115,
    3510,
    5329,
    3731,
    5405,
    4111
  ],
  "Throughputs": [
    0.39100684261974583,
    0.4930966469428008,
    0.5399568034557235
  ],
  "AverageDelays": [
    4312.5,
    4421.25,
    4533.5
  ]
}