{
  "transactionTimestamps": [
    1706094901022,
    1706094902158,
    1706094903444,
    1706094904712,
    1706094904740,
    1706094906101,
    1706094907682,
    1706094908912,
    1706094912445,
    1706094913537
  ],
  "blockTimestamps": [
    1706094906780,
    1706094909772,
    1706094912769,
    1706094915785,
    1706094918772
  ],
  "blockTimes": [
    1706094906,
    1706094909,
    1706094912,
    1706094915,
    1706094918
  ],
  "blockTransactions": [
    3,
    3,
    1,
    1,
    2
  ],
  "Delays": [
    5758,
    4622,
    3336,
    5060,
    5032,
    3671,
    5087,
    6873,
    6327,
    5235
  ],
  "Throughputs": [
    0.5210142410559222,
    0.6857142857142857,
    0.5958968247212054,
    0.541895278737384,
    0.5633802816901409
  ],
  "AverageDelays": [
    4572,
    4579.833333333333,
    4652.285714285715,
    4929.875,
    5100.1
  ]
}