{
  "transactionTimestamps": [
    1706094420607,
    1706094419462,
    1706094422094,
    1706094423073,
    1706094424455,
    1706094424453,
    1706094424676,
    1706094423291,
    1706094425744,
    1706094425930,
    1706094426145,
    1706094427314,
    1706094427436,
    1706094427511,
    1706094427582,
    1706094428644,
    1706094428812,
    1706094429126,
    1706094429965,
    1706094431412,
    1706094430293,
    1706094433821,
    1706094432793
  ],
  "blockTimestamps": [
    1706094426771,
    1706094429772,
    1706094432774,
    1706094435768,
    1706094438767
  ],
  "blockTimes": [
    1706094426,
    1706094429,
    1706094432,
    1706094435,
    1706094438
  ],
  "blockTransactions": [
    4,
    7,
    7,
    3,
    2
  ],
  "Delays": [
    6164,
    7309,
    4677,
    3698,
    5317,
    5319,
    5096,
    6481,
    4028,
    3842,
    3627,
    5460,
    5338,
    5263,
    5192,
    4130,
    3962,
    3648,
    5803,
    4356,
    5475,
    4946,
    5974
  ],
  "Throughputs": [
    0.6489292667099287,
    1.2002182214948174,
    1.4794115229719733,
    1.385132906800343,
    1.2665198237885462
  ],
  "AverageDelays": [
    5462,
    5050.727272727273,
    4919.5,
    4961.190476190476,
    5004.565217391304
  ]
}