{
  "transactionTimestamps": [
    1706094679593,
    1706094679595,
    1706094680792,
    1706094681047,
    1706094682237,
    1706094682358,
    1706094683771,
    1706094683786,
    1706094685013,
    1706094685103,
    1706094686353,
    1706094686393
  ],
  "blockTimestamps": [
    1706094684776,
    1706094687764,
    1706094690785
  ],
  "blockTimes": [
    1706094684,
    1706094687,
    1706094690
  ],
  "blockTransactions": [
    4,
    4,
    4
  ],
  "Delays": [
    5183,
    5181,
    3984,
    3729,
    5527,
    5406,
    3993,
    3978,
    5772,
    5682,
    4432,
    4392
  ],
  "Throughputs": [
    0.7717538105344396,
    0.9790723289683027,
    1.072194424588992
  ],
  "AverageDelays": [
    4519.25,
    4622.625,
    4771.583333333333
  ]
}