{
  "transactionTimestamps": [
    1706095009797,
    1706095011152,
    1706095014938,
    1706095016446
  ],
  "blockTimestamps": [
    1706095014764,
    1706095017769,
    1706095020770,
    1706095023775
  ],
  "blockTimes": [
    1706095014,
    1706095017,
    1706095020,
    1706095023
  ],
  "blockTransactions": [
    1,
    1,
    1,
    1
  ],
  "Delays": [
    4967,
    6617,
    5832,
    7329
  ],
  "Throughputs": [
    0.20132876988121604,
    0.2508780732563974,
    0.2733983413833956,
    0.28616397195593074
  ],
  "AverageDelays": [
    4967,
    5792,
    5805.333333333333,
    6186.25
  ]
}