{
  "transactionTimestamps": [
    1706094751249,
    1706094754638,
    1706094755839,
    1706094754608,
    1706094756025,
    1706094757309,
    1706094758622,
    1706094760123,
    1706094761672,
    1706094763109
  ],
  "blockTimestamps": [
    1706094756764,
    1706094759774,
    1706094762768,
    1706094765769,
    1706094769370
  ],
  "blockTimes": [
    1706094756,
    1706094759,
    1706094762,
    1706094765,
    1706094768
  ],
  "blockTransactions": [
    1,
    4,
    2,
    2,
    1
  ],
  "Delays": [
    5515,
    5136,
    3935,
    5166,
    3749,
    5459,
    4146,
    5646,
    4097,
    6261
  ],
  "Throughputs": [
    0.1813236627379873,
    0.5865102639296187,
    0.6076916398992968,
    0.6198347107438017,
    0.5518459246178468
  ],
  "AverageDelays": [
    5515,
    4700.2,
    4729.428571428572,
    4761,
    4911
  ]
}