{
  "transactionTimestamps": [
    1706094391006,
    1706094391222,
    1706094391347,
    1706094390141,
    1706094392382,
    1706094392505,
    1706094392660,
    1706094393579,
    1706094393892,
    1706094394247,
    1706094394433,
    1706094395080,
    1706094395487,
    1706094395825,
    1706094396500,
    1706094396917,
    1706094397025,
    1706094395794,
    1706094397871,
    1706094398274,
    1706094398506,
    1706094399042,
    1706094399836,
    1706094399853,
    1706094400114,
    1706094398871,
    1706094401072,
    1706094401148,
    1706094401383,
    1706094402544,
    1706094402774,
    1706094402912,
    1706094403716,
    1706094404350,
    1706094405545
  ],
  "blockTimestamps": [
    1706094396778,
    1706094399775,
    1706094402769,
    1706094405777,
    1706094408770
  ],
  "blockTimes": [
    1706094396,
    1706094399,
    1706094402,
    1706094405,
    1706094408
  ],
  "blockTransactions": [
    8,
    7,
    7,
    8,
    5
  ],
  "Delays": [
    5772,
    5556,
    5431,
    6637,
    4396,
    4273,
    4118,
    3199,
    5883,
    5528,
    5342,
    4695,
    4288,
    3950,
    3275,
    5852,
    5744,
    6975,
    4898,
    4495,
    4263,
    3727,
    5941,
    5924,
    5663,
    6906,
    4705,
    4629,
    4394,
    3233,
    5996,
    5858,
    5054,
    4420,
    3225
  ],
  "Throughputs": [
    1.386001386001386,
    1.7105713308244954,
    1.8702711893224517,
    2.0310067023221174,
    1.970276964647602
  ],
  "AverageDelays": [
    4922.75,
    4822.866666666667,
    4922.590909090909,
    4989.733333333334,
    4978.428571428572
  ]
}