{
  "transactionTimestamps": [
    1706094526210,
    1706094526412,
    1706094526533,
    1706094526916,
    1706094527395,
    1706094527936,
    1706094528090,
    1706094528477,
    1706094528850,
    1706094529494,
    1706094529526,
    1706094529556,
    1706094529525,
    1706094530064,
    1706094530867,
    1706094530958,
    1706094531035,
    1706094531067,
    1706094532058,
    1706094532350,
    1706094532395,
    1706094532395,
    1706094533631,
    1706094533766,
    1706094534003,
    1706094534065,
    1706094535034,
    1706094535217,
    1706094535341,
    1706094536182,
    1706094536740,
    1706094536770,
    1706094538127
  ],
  "blockTimestamps": [
    1706094531785,
    1706094534778,
    1706094537772,
    1706094540771
  ],
  "blockTimes": [
    1706094531,
    1706094534,
    1706094537,
    1706094540
  ],
  "blockTransactions": [
    8,
    10,
    8,
    7
  ],
  "Delays": [
    5575,
    5373,
    5252,
    4869,
    4390,
    3849,
    3695,
    3308,
    5928,
    5284,
    5252,
    5222,
    5253,
    4714,
    3911,
    3820,
    3743,
    3711,
    5714,
    5422,
    5377,
    5377,
    4141,
    4006,
    3769,
    3707,
    5737,
    5554,
    5430,
    4589,
    4031,
    4001,
    2644
  ],
  "Throughputs": [
    1.4349775784753362,
    2.100840336134454,
    2.2487458917142362,
    2.2663278620973832
  ],
  "AverageDelays": [
    4538.875,
    4619.388888888889,
    4640.846153846154,
    4625.69696969697
  ]
}