{
  "transactionTimestamps": [
    1706094466292,
    1706094467505,
    1706094469102,
    1706094469490,
    1706094469490,
    1706094469491,
    1706094470359,
    1706094470931,
    1706094470931,
    1706094472236,
    1706094472236,
    1706094471063,
    1706094473578,
    1706094473640,
    1706094474741,
    1706094475020,
    1706094475326,
    1706094476394,
    1706094476547,
    1706094476004,
    1706094477764,
    1706094477872,
    1706094478997,
    1706094480051,
    1706094480175
  ],
  "blockTimestamps": [
    1706094471778,
    1706094474775,
    1706094477769,
    1706094481378,
    1706094483774
  ],
  "blockTimes": [
    1706094471,
    1706094474,
    1706094477,
    1706094480,
    1706094483
  ],
  "blockTransactions": [
    2,
    7,
    5,
    6,
    5
  ],
  "Delays": [
    5486,
    4273,
    5673,
    5285,
    5285,
    5284,
    4416,
    3844,
    3844,
    5533,
    5533,
    6706,
    4191,
    4129,
    6637,
    6358,
    6052,
    4984,
    4831,
    5374,
    6010,
    5902,
    4777,
    3723,
    3599
  ],
  "Throughputs": [
    0.36456434560699963,
    1.0609454202522692,
    1.2198309662803868,
    1.3257324671881214,
    1.430042329252946
  ],
  "AverageDelays": [
    4879.5,
    4821.111111111111,
    4963,
    5185.9,
    5109.16
  ]
}