{
  "transactionTimestamps": [
    1706094633463,
    1706094632052,
    1706094634572,
    1706094634574,
    1706094635742,
    1706094636118,
    1706094636933,
    1706094637535,
    1706094638502,
    1706094639007,
    1706094639711,
    1706094640477,
    1706094641170,
    1706094641952
  ],
  "blockTimestamps": [
    1706094636767,
    1706094639771,
    1706094642767,
    1706094645769
  ],
  "blockTimes": [
    1706094636,
    1706094639,
    1706094642,
    1706094645
  ],
  "blockTransactions": [
    2,
    4,
    4,
    4
  ],
  "Delays": [
    3304,
    4715,
    5199,
    5197,
    4029,
    3653,
    5834,
    5232,
    4265,
    3760,
    6058,
    5292,
    4599,
    3817
  ],
  "Throughputs": [
    0.6053268765133172,
    0.9511731135066582,
    1.0748065348237317,
    1.1376564277588168
  ],
  "AverageDelays": [
    4009.5,
    4349.5,
    4518.8,
    4639.571428571428
  ]
}