{"a": 0.8, "b": 0.2, "communities0": [[0, 4, 14, 15, 21, 22, 30, 34, 35, 43, 44, 48, 65, 68, 79, 81, 84, 89, 94], [1, 2, 38, 55, 29, 62], [64, 33, 3, 39, 12, 19, 57], [41, 5], [6, 11, 46, 59, 92], [36, 37, 7, 51, 54, 86, 60], [66, 8, 10, 76, 80, 88, 31, 95], [72, 9, 67], [69, 13, 18, 50, 61], [71, 42, 75, 45, 77, 16, 49, 85, 25, 90, 27], [17, 20], [52, 23], [24, 73, 40, 56], [26, 58, 74, 87], [28, 93], [32, 91], [78, 47], [82, 53], [96, 83, 63], [97, 70]], "q0": 0.4567260094361336, "f0": 0.8846282574269831}