{"a": 0.3, "b": 0.7, "communities0": [[0, 2, 34, 5, 72, 8, 47, 53, 25], [1, 69, 39, 41, 15, 81, 21, 63], [3, 44], [82, 4], [6, 71, 40, 74, 11, 43, 76, 16, 50, 23, 30, 55, 56, 58, 92, 61, 62], [64, 7], [9, 60, 29], [18, 10, 19, 42], [12, 54], [65, 37, 38, 13, 46, 51, 87, 27, 94, 95], [24, 52, 14, 22], [17, 28, 79], [80, 88, 20, 77], [26, 31], [32, 66, 68, 70], [33, 85, 49], [48, 35], [36, 45], [57, 75], [59, 83, 93, 78], [67, 86], [73, 90, 91], [89, 84]], "communities1": [[0, 2, 34, 5, 72, 8, 47, 53, 25], [1, 69, 39, 41, 15, 81, 21, 63, 95], [3, 44], [82, 4], [6, 71, 40, 74, 11, 43, 76, 16, 50, 23, 30, 55, 56, 58, 92, 61, 62], [64, 7], [9, 60, 29], [18, 10, 19, 42], [12, 54], [65, 37, 38, 13, 46, 51, 87, 27, 94], [24, 52, 14, 22], [17, 28, 79], [88, 80, 20, 77], [26, 31], [32, 66, 68, 70], [33, 85, 49], [48, 35], [36, 45], [57, 75], [59, 83, 93, 78], [67, 86], [73, 90, 91], [89, 84]], "communities2": [[0, 72], [1, 65, 41, 13, 51, 95, 63], [2, 5, 47], [3, 44], [82, 4], [6, 40, 74, 43, 76, 16, 50, 55, 23, 62, 58, 92, 61, 30], [64, 7], [8, 25, 34, 53], [9, 60, 29], [19, 10, 18, 42], [56, 11, 71], [12, 54], [24, 52, 14, 22], [69, 39, 15], [17, 28, 79], [88, 20], [81, 21], [26, 31], [94, 27, 38], [32, 66, 68, 70], [33, 85, 49], [48, 35], [36, 45], [37, 46, 87], [57, 75], [83, 59, 93, 78], [67, 86], [73, 90, 91], [80, 77], [89, 84]], "communities3": [[4, 39, 76, 49, 27], [0, 2, 3, 72, 51], [38, 11, 13, 94, 63], [67, 5, 6, 28, 60], [83, 26, 19, 78], [50, 66, 86, 31], [25, 42, 22, 71], [40, 74, 59, 84], [32, 93, 45, 47], [73, 82, 68, 79], [48, 10, 87, 7], [36, 53, 44, 52], [62, 75, 69, 54], [8, 88, 20, 70], [24, 41, 30, 23], [16, 81, 18, 14], [58, 43, 37, 46], [56, 57, 29, 95], [89, 1, 61, 17], [80, 65, 85, 15], [34, 92, 77, 55], [9, 12, 21, 33], [64, 35, 90, 91]], "q0": 0.457045199469442, "f0": 0.8979517722551608, "q1": 0.45779271389540754, "f1": 0.8944334137347324}