{"a": 0.3, "b": 0.7, "communities0": [[0, 40], [1, 19], [48, 17, 2, 80], [3, 54], [33, 4, 68, 74, 11, 14, 83, 55, 62], [76, 5], [32, 6, 71, 72, 9, 10, 41, 42, 13, 73, 47, 49, 53, 25, 95], [7, 15], [8, 24], [66, 69, 12, 52, 84, 85, 90, 59], [16, 21, 88, 77], [18, 92], [97, 35, 36, 39, 75, 44, 82, 51, 20, 87, 27, 94], [22, 79], [23, 63], [43, 28, 86, 26, 60], [96, 29], [37, 30], [57, 31], [34, 61], [38, 70], [91, 67, 45], [98, 46], [56, 50], [64, 58], [65, 81], [89, 93, 78]], "communities1": [[0, 40], [1, 19], [2, 6, 10, 48, 17, 80], [3, 54], [33, 4, 68, 74, 11, 14, 83, 55, 62], [76, 5], [7, 15], [8, 24], [32, 71, 72, 9, 42, 41, 73, 13, 47, 49, 53, 25, 95], [66, 69, 12, 52, 84, 85, 90, 59], [16, 21, 88, 77], [18, 92], [97, 35, 36, 39, 75, 44, 82, 51, 20, 87, 27, 94], [22, 79], [23, 63], [43, 60, 86, 26, 28], [96, 29], [37, 30], [57, 31], [34, 61], [38, 70], [67, 91, 45], [98, 46], [56, 50], [64, 58], [65, 81], [89, 93, 78]], "communities2": [[0, 40], [1, 19], [48, 17, 2, 80], [3, 54], [4, 68, 55], [76, 5], [32, 6, 72, 9, 10, 41, 42, 73, 47, 49, 53, 25, 95], [15, 7], [8, 24], [33, 74, 11, 14, 83, 62], [66, 69, 12, 52, 84, 85, 90, 59], [13, 71], [16, 77], [18, 92], [97, 35, 36, 39, 75, 44, 82, 51, 20, 87, 27, 94], [88, 21], [22, 79], [63, 23], [43, 60, 86, 26, 28], [96, 29], [37, 30], [57, 31], [34, 61], [70, 38], [91, 67, 45], [98, 46], [56, 50], [64, 58], [81, 65], [89, 93, 78]], "communities3": [[56, 24, 58, 73], [0, 1, 98, 63], [72, 16, 52, 23], [97, 83, 11, 54], [41, 2, 36, 77], [48, 10, 4, 13], [26, 51, 20, 47], [59, 53, 92, 21], [64, 66, 46, 87], [96, 49, 74, 12], [67, 45, 22, 31], [65, 90, 39, 95], [88, 17, 30, 38], [89, 94, 14, 6], [8, 34, 3, 62], [84, 7, 93, 15], [80, 57, 29, 70], [25, 50, 42, 28], [81, 61, 37], [40, 91, 79], [9, 76, 60], [18, 68, 71], [82, 35, 5], [27, 43, 69], [32, 19, 86], [33, 44, 78], [75, 85, 55]], "q0": 0.43988509049123814, "f0": 0.8889706431468176, "q1": 0.4412553863832232, "f1": 0.8943391550581282}