{"a": 0.2, "b": 0.8, "communities0": [[0, 3, 4, 6, 9, 10, 41, 43, 16, 21], [1, 33, 38, 39, 40], [57, 2], [19, 5], [7, 11, 13, 17, 52, 28], [35, 8, 23, 59, 63], [12, 46, 49, 24, 56, 60, 62], [70, 14], [68, 15, 47, 22, 25, 26], [18, 42], [20, 55], [34, 27], [29, 61, 54, 31], [32, 30], [64, 67, 36, 69], [58, 37], [51, 44], [53, 45], [48, 66], [65, 50]], "q0": 0.4613286608367627, "f0": 0.8913915211522697}