{"a": 0.7, "b": 0.3, "communities0": [[0, 1, 32, 35, 33, 14, 47, 17, 50, 51, 52, 30, 56, 24, 26, 25], [2, 38, 45, 46, 18, 21, 54], [42, 3], [43, 4], [40, 57, 36, 5], [9, 6], [28, 7], [39, 8, 12, 29, 31], [41, 10, 15], [16, 34, 11], [48, 13], [19, 53], [20, 44], [37, 22], [23, 55], [49, 27]], "q0": 0.3658779993062343, "f0": 0.8188450639596017}