{
  "transactionTimestamps": [
    1706180047202,
    1706180049351,
    1706180049351,
    1706180047775,
    1706180050504,
    1706180050689,
    1706180051937,
    1706180052999,
    1706180053279,
    1706180051655,
    1706180054430,
    1706180054586,
    1706180053901,
    1706180055740,
    1706180057282,
    1706180056034,
    1706180058074,
    1706180058480,
    1706180059443,
    1706180058727,
    1706180061063,
    1706180062339,
    1706180061950,
    1706180063943,
    1706180062789
  ],
  "blockTimestamps": [
    1706180053213,
    1706180056206,
    1706180059212,
    1706180062213,
    1706180065205,
    1706180068211
  ],
  "blockTimes": [
    1706180053,
    1706180056,
    1706180059,
    1706180062,
    1706180065,
    1706180068
  ],
  "blockTransactions": [
    4,
    4,
    6,
    4,
    3,
    4
  ],
  "Delays": [
    6011,
    3862,
    3862,
    5438,
    5702,
    5517,
    4269,
    3207,
    5933,
    7557,
    4782,
    4626,
    5311,
    3472,
    4931,
    6179,
    4139,
    3733,
    5762,
    6478,
    4142,
    5872,
    6261,
    4268,
    5422
  ],
  "Throughputs": [
    0.6654466810846781,
    0.8884940026654821,
    1.1656952539550376,
    1.1991206448604357,
    1.1664722546242292,
    1.1899662049597792
  ],
  "AverageDelays": [
    4793.25,
    4733.5,
    4967.785714285715,
    4918.388888888889,
    4995.857142857143,
    5069.44
  ]
}