{
  "transactionTimestamps": [
    1706179689906,
    1706179689932,
    1706179689971,
    1706179689976,
    1706179691321,
    1706179691339,
    1706179691370,
    1706179691618,
    1706179692848,
    1706179692911,
    1706179694019,
    1706179692521,
    1706179694442,
    1706179695562,
    1706179695764,
    1706179697224,
    1706179697211,
    1706179697116,
    1706179698600,
    1706179698677,
    1706179698816,
    1706179699751,
    1706179697891,
    1706179700000,
    1706179700392,
    1706179699610,
    1706179701358,
    1706179701575,
    1706179701919,
    1706179703027,
    1706179703075,
    1706179703170,
    1706179702637,
    1706179704319,
    1706179704525
  ],
  "blockTimestamps": [
    1706179696205,
    1706179699202,
    1706179702194,
    1706179705207,
    1706179708202
  ],
  "blockTimes": [
    1706179696,
    1706179699,
    1706179702,
    1706179705,
    1706179708
  ],
  "blockTransactions": [
    10,
    5,
    6,
    8,
    6
  ],
  "Delays": [
    6299,
    6273,
    6234,
    6229,
    4884,
    4866,
    4835,
    4587,
    3357,
    3294,
    5183,
    6681,
    4760,
    3640,
    3438,
    4970,
    4983,
    5078,
    3594,
    3517,
    3378,
    5456,
    7316,
    5207,
    4815,
    5597,
    3849,
    3632,
    3288,
    5175,
    5127,
    5032,
    5565,
    3883,
    3677
  ],
  "Throughputs": [
    1.5875535799333227,
    1.6135972461273667,
    1.708984375,
    1.8953009607215214,
    1.9129864451246175
  ],
  "AverageDelays": [
    5085.8,
    4970.666666666667,
    4765.714285714285,
    4801.379310344828,
    4791.4
  ]
}