{
  "transactionTimestamps": [
    1706180069360,
    1706180069360,
    1706180068593,
    1706180070544,
    1706180071041,
    1706180071699,
    1706180072263,
    1706180073215,
    1706180073980,
    1706180074369,
    1706180075352,
    1706180076007,
    1706180076567,
    1706180077471,
    1706180077829,
    1706180078650,
    1706180079305
  ],
  "blockTimestamps": [
    1706180074221,
    1706180077205,
    1706180080254,
    1706180083202
  ],
  "blockTimes": [
    1706180074,
    1706180077,
    1706180080,
    1706180083
  ],
  "blockTransactions": [
    4,
    5,
    4,
    4
  ],
  "Delays": [
    4861,
    4861,
    5628,
    3677,
    6164,
    5506,
    4942,
    3990,
    3225,
    5885,
    4902,
    4247,
    3687,
    5731,
    5373,
    4552,
    3897
  ],
  "Throughputs": [
    0.8228759514503189,
    1.147227533460803,
    1.1933174224343674,
    1.2281462216442711
  ],
  "AverageDelays": [
    4756.75,
    4761.555555555556,
    4736.538461538462,
    4772.235294117647
  ]
}