{
  "transactionTimestamps": [
    1706179703604,
    1706179705645,
    1706179704508,
    1706179706066,
    1706179707204,
    1706179707359,
    1706179708390,
    1706179708436,
    1706179708560,
    1706179709187,
    1706179709191,
    1706179709760,
    1706179710134,
    1706179710385,
    1706179710354,
    1706179709192,
    1706179710763,
    1706179709404,
    1706179709993,
    1706179711367,
    1706179711725,
    1706179712173,
    1706179711351,
    1706179710886,
    1706179711804,
    1706179712938,
    1706179713029,
    1706179714210,
    1706179714241,
    1706179713635,
    1706179715357,
    1706179715362,
    1706179715433,
    1706179716144,
    1706179716767,
    1706179716914,
    1706179716013,
    1706179717312,
    1706179717515,
    1706179716894,
    1706179718076,
    1706179718247,
    1706179718665,
    1706179718745,
    1706179717531,
    1706179718261,
    1706179719427,
    1706179719677,
    1706179718403,
    1706179719865,
    1706179720066,
    1706179720176,
    1706179720923,
    1706179721141,
    1706179721344,
    1706179721422,
    1706179721498,
    1706179720472,
    1706179722359,
    1706179722652,
    1706179722762,
    1706179722870
  ],
  "blockTimestamps": [
    1706179711195,
    1706179714213,
    1706179717208,
    1706179720203,
    1706179723215,
    1706179726226
  ],
  "blockTimes": [
    1706179711,
    1706179714,
    1706179717,
    1706179720,
    1706179723,
    1706179726
  ],
  "blockTransactions": [
    6,
    12,
    9,
    9,
    14,
    12
  ],
  "Delays": [
    7591,
    5550,
    6687,
    5129,
    3991,
    3836,
    5823,
    5777,
    5653,
    5026,
    5022,
    4453,
    4079,
    3828,
    3859,
    5021,
    3450,
    4809,
    7215,
    5841,
    5483,
    5035,
    5857,
    6322,
    5404,
    4270,
    4179,
    5993,
    5962,
    6568,
    4846,
    4841,
    4770,
    4059,
    3436,
    3289,
    7202,
    5903,
    5700,
    6321,
    5139,
    4968,
    4550,
    4470,
    5684,
    4954,
    3788,
    3538,
    4812,
    3350,
    6160,
    6050,
    5303,
    5085,
    4882,
    4804,
    4728,
    5754,
    3867,
    3574,
    3464,
    3356
  ],
  "Throughputs": [
    0.7904096956922672,
    1.6966726364407578,
    1.9847103793002059,
    2.1688053497198627,
    2.54958951608791,
    2.7406948987711077
  ],
  "AverageDelays": [
    5464,
    4976.888888888889,
    5155.185185185185,
    5082.055555555556,
    5066.66,
    5005.806451612903
  ]
}