{
  "transactionTimestamps": [
    1706179945318,
    1706179948884,
    1706179949304,
    1706179949305,
    1706179950893,
    1706179950909,
    1706179949756,
    1706179952293,
    1706179952308,
    1706179953524,
    1706179953822,
    1706179954863,
    1706179955020,
    1706179956187,
    1706179956202,
    1706179957352,
    1706179957725,
    1706179958692,
    1706179959066
  ],
  "blockTimestamps": [
    1706179951198,
    1706179954207,
    1706179957196,
    1706179960203,
    1706179963210
  ],
  "blockTimes": [
    1706179951,
    1706179954,
    1706179957,
    1706179960,
    1706179963
  ],
  "blockTransactions": [
    1,
    5,
    5,
    4,
    4
  ],
  "Delays": [
    5880,
    5323,
    4903,
    4902,
    3314,
    3298,
    7440,
    4903,
    4888,
    3672,
    3374,
    5340,
    5183,
    4016,
    4001,
    5858,
    5485,
    4518,
    4144
  ],
  "Throughputs": [
    0.17006802721088435,
    0.6749915626054674,
    0.9260818319582421,
    1.0077258985555928,
    1.0619271182651464
  ],
  "AverageDelays": [
    5880,
    4603.333333333333,
    4717.909090909091,
    4695.8,
    4760.105263157895
  ]
}