{
  "transactionTimestamps": [
    1706179726314,
    1706179724428,
    1706179726923,
    1706179727623,
    1706179728215,
    1706179729200,
    1706179729200,
    1706179729215,
    1706179729247,
    1706179729789,
    1706179730539,
    1706179730553,
    1706179730648,
    1706179729201,
    1706179731133,
    1706179729929,
    1706179732080,
    1706179732143,
    1706179732548,
    1706179733344,
    1706179733517,
    1706179734105,
    1706179734590,
    1706179735121,
    1706179735287,
    1706179735584,
    1706179736207,
    1706179736723,
    1706179737157,
    1706179737374,
    1706179736457,
    1706179736183,
    1706179737967,
    1706179738765,
    1706179739570,
    1706179738576,
    1706179742598,
    1706179743860
  ],
  "blockTimestamps": [
    1706179732201,
    1706179735214,
    1706179738222,
    1706179741208,
    1706179744199,
    1706179747206
  ],
  "blockTimes": [
    1706179732,
    1706179735,
    1706179738,
    1706179741,
    1706179744,
    1706179747
  ],
  "blockTransactions": [
    5,
    11,
    7,
    10,
    3,
    2
  ],
  "Delays": [
    5887,
    7773,
    5278,
    4578,
    3986,
    6014,
    6014,
    5999,
    5967,
    5425,
    4675,
    4661,
    4566,
    6013,
    4081,
    5285,
    6142,
    6079,
    5674,
    4878,
    4705,
    4117,
    3632,
    6087,
    5921,
    5624,
    5001,
    4485,
    4051,
    3834,
    4751,
    5025,
    3241,
    5434,
    4629,
    5623,
    4608,
    3346
  ],
  "Throughputs": [
    0.8493290300662477,
    1.797752808988764,
    1.9314746388982198,
    2.2156573116691285,
    2.012859938495946,
    1.8188780394409343
  ],
  "AverageDelays": [
    5500.4,
    5387.625,
    5279.521739130435,
    5134.818181818182,
    5142.638888888889,
    5081.289473684211
  ]
}