{
  "transactionTimestamps": [
    1706179909285,
    1706179909286,
    1706179909285,
    1706179910530,
    1706179910654,
    1706179910715,
    1706179911953,
    1706179911925,
    1706179912219,
    1706179913292,
    1706179913401,
    1706179913807,
    1706179914635,
    1706179914790,
    1706179915134,
    1706179916191,
    1706179916270,
    1706179916755,
    1706179917748,
    1706179917950,
    1706179918947,
    1706179919395,
    1706179917811
  ],
  "blockTimestamps": [
    1706179915200,
    1706179918204,
    1706179921197,
    1706179924213
  ],
  "blockTimes": [
    1706179915,
    1706179918,
    1706179921,
    1706179924
  ],
  "blockTransactions": [
    8,
    6,
    6,
    3
  ],
  "Delays": [
    5915,
    5914,
    5915,
    4670,
    4546,
    4485,
    3247,
    3275,
    5985,
    4912,
    4803,
    4397,
    3569,
    3414,
    6063,
    5006,
    4927,
    4442,
    3449,
    3247,
    5266,
    4818,
    6402
  ],
  "Throughputs": [
    1.3524936601859678,
    1.5696826998542437,
    1.6789791806581598,
    1.5407288317256163
  ],
  "AverageDelays": [
    4745.875,
    4646.214285714285,
    4609.05,
    4724.652173913043
  ]
}