{
  "transactionTimestamps": [
    1706179887580,
    1706179889109,
    1706179889282,
    1706179889282,
    1706179888410,
    1706179890637,
    1706179890698,
    1706179892070,
    1706179892242,
    1706179893705,
    1706179894940,
    1706179893566,
    1706179896236,
    1706179897561,
    1706179899185,
    1706179900149,
    1706179901692,
    1706179900964,
    1706179903298,
    1706179904498
  ],
  "blockTimestamps": [
    1706179891200,
    1706179894204,
    1706179897205,
    1706179900197,
    1706179903196,
    1706179906203,
    1706179909205
  ],
  "blockTimes": [
    1706179891,
    1706179894,
    1706179897,
    1706179900,
    1706179903,
    1706179906,
    1706179909
  ],
  "blockTransactions": [
    1,
    6,
    3,
    3,
    2,
    3,
    2
  ],
  "Delays": [
    3620,
    5095,
    4922,
    4922,
    5794,
    3567,
    3506,
    5135,
    4963,
    3500,
    5257,
    6631,
    3961,
    5635,
    4011,
    6054,
    4511,
    5239,
    5907,
    4707
  ],
  "Throughputs": [
    0.27624309392265195,
    1.0567632850241546,
    1.0389610389610389,
    1.0303558690655463,
    0.9605532786885246,
    0.9665467432744456,
    0.9248554913294798
  ],
  "AverageDelays": [
    3620,
    4489.428571428572,
    4502.4,
    4682.538461538462,
    4701.266666666666,
    4795.722222222223,
    4846.85
  ]
}