{
  "transactionTimestamps": [
    1706179804147,
    1706179804336,
    1706179803449,
    1706179805723,
    1706179805786,
    1706179804977,
    1706179807032,
    1706179807281,
    1706179808521,
    1706179809256,
    1706179809260,
    1706179809707,
    1706179809691,
    1706179808536,
    1706179810623,
    1706179810856,
    1706179810887,
    1706179811325,
    1706179810238,
    1706179812026,
    1706179812258,
    1706179812370,
    1706179812823,
    1706179813256,
    1706179813460,
    1706179813741,
    1706179814429,
    1706179814883,
    1706179814943,
    1706179815768,
    1706179816407,
    1706179816423,
    1706179814616,
    1706179816920,
    1706179815208,
    1706179817636,
    1706179817699,
    1706179818537,
    1706179819269,
    1706179820036,
    1706179821218,
    1706179819347,
    1706179821510,
    1706179822663,
    1706179823147,
    1706179821917,
    1706179824002,
    1706179824690
  ],
  "blockTimestamps": [
    1706179810209,
    1706179813206,
    1706179816209,
    1706179819212,
    1706179822209,
    1706179825212,
    1706179828222
  ],
  "blockTimes": [
    1706179810,
    1706179813,
    1706179816,
    1706179819,
    1706179822,
    1706179825,
    1706179828
  ],
  "blockTransactions": [
    6,
    8,
    9,
    7,
    8,
    5,
    5
  ],
  "Delays": [
    6062,
    5873,
    6760,
    4486,
    4423,
    5232,
    6174,
    5925,
    4685,
    3950,
    3946,
    3499,
    3515,
    4670,
    5586,
    5353,
    5322,
    4884,
    5971,
    4183,
    3951,
    3839,
    3386,
    5956,
    5752,
    5471,
    4783,
    4329,
    4269,
    3444,
    5802,
    5786,
    7593,
    5289,
    7001,
    4573,
    4510,
    3672,
    5943,
    5176,
    3994,
    5865,
    3702,
    5559,
    5075,
    6305,
    4220,
    3532
  ],
  "Throughputs": [
    0.9897723523589574,
    1.5454244397836407,
    1.9068147902503731,
    1.9913707268503154,
    2.103864466836452,
    2.041300735817707,
    1.9937694704049844
  ],
  "AverageDelays": [
    5472.666666666667,
    4942.857142857143,
    4855.434782608696,
    4855.966666666666,
    4997.5,
    4990.3488372093025,
    4984.916666666667
  ]
}