{
  "transactionTimestamps": [
    1706180009340,
    1706180015269,
    1706180016480,
    1706180016108,
    1706180018130,
    1706180019641,
    1706180021203,
    1706180022572,
    1706180023832,
    1706180025203
  ],
  "blockTimestamps": [
    1706180014248,
    1706180020205,
    1706180023201,
    1706180026201,
    1706180029202
  ],
  "blockTimes": [
    1706180014,
    1706180020,
    1706180023,
    1706180026,
    1706180029
  ],
  "blockTransactions": [
    1,
    2,
    3,
    1,
    3
  ],
  "Delays": [
    4908,
    4936,
    3725,
    7093,
    5071,
    3560,
    4998,
    6630,
    5370,
    3999
  ],
  "Throughputs": [
    0.20374898125509372,
    0.2761159687068569,
    0.43286920135632345,
    0.41515924322400805,
    0.5034739703957306
  ],
  "AverageDelays": [
    4908,
    4523,
    4882.166666666667,
    4898.714285714285,
    5029
  ]
}