{
  "transactionTimestamps": [
    1706179969311,
    1706179969311,
    1706179969311,
    1706179969311,
    1706179970588,
    1706179970599,
    1706179970693,
    1706179970881,
    1706179971986,
    1706179972298,
    1706179972469,
    1706179973565,
    1706179973580,
    1706179972081,
    1706179973939,
    1706179974733,
    1706179975030,
    1706179975153,
    1706179975916,
    1706179976445,
    1706179976555,
    1706179977443,
    1706179977662,
    1706179978174,
    1706179978656,
    1706179978624,
    1706179978919,
    1706179979713,
    1706179980153,
    1706179979141,
    1706179981550,
    1706179982892
  ],
  "blockTimestamps": [
    1706179975200,
    1706179978204,
    1706179981217,
    1706179984199,
    1706179987225
  ],
  "blockTimes": [
    1706179975,
    1706179978,
    1706179981,
    1706179984,
    1706179987
  ],
  "blockTransactions": [
    9,
    7,
    7,
    7,
    2
  ],
  "Delays": [
    5889,
    5889,
    5889,
    5889,
    4612,
    4601,
    4507,
    4319,
    3214,
    5906,
    5735,
    4639,
    4624,
    6123,
    4265,
    3471,
    6187,
    6064,
    5301,
    4772,
    4662,
    3774,
    3555,
    6025,
    5543,
    5575,
    5280,
    4486,
    4046,
    5058,
    5675,
    4333
  ],
  "Throughputs": [
    1.5282730514518594,
    1.7991678848532553,
    1.931799092894339,
    2.015045674368619,
    1.7863123813776933
  ],
  "AverageDelays": [
    4978.777777777777,
    4973.25,
    4951.608695652174,
    4996.666666666667,
    4997.125
  ]
}