{
  "transactionTimestamps": [
    1706179924068,
    1706179925068,
    1706179929294,
    1706179929294,
    1706179930755,
    1706179930879,
    1706179929294,
    1706179932032,
    1706179932235,
    1706179933603,
    1706179933647,
    1706179934831,
    1706179935066,
    1706179935409,
    1706179936047,
    1706179936564,
    1706179936920,
    1706179937497,
    1706179936253,
    1706179938212,
    1706179938866,
    1706179939580,
    1706179937996,
    1706179940965,
    1706179942586,
    1706179944412
  ],
  "blockTimestamps": [
    1706179930200,
    1706179933214,
    1706179936194,
    1706179939201,
    1706179942203,
    1706179945206,
    1706179948206
  ],
  "blockTimes": [
    1706179930,
    1706179933,
    1706179936,
    1706179939,
    1706179942,
    1706179945,
    1706179948
  ],
  "blockTransactions": [
    2,
    2,
    5,
    5,
    7,
    3,
    2
  ],
  "Delays": [
    6132,
    5132,
    3920,
    3920,
    5439,
    5315,
    6900,
    4162,
    3959,
    5598,
    5554,
    4370,
    4135,
    3792,
    6156,
    5639,
    5283,
    4706,
    5950,
    3991,
    3337,
    5626,
    7210,
    4241,
    5620,
    3794
  ],
  "Throughputs": [
    0.3261578604044358,
    0.43734966105401263,
    0.7422068283028204,
    0.9251305094825878,
    1.1579818031430933,
    1.1353959693443088,
    1.0771397796006297
  ],
  "AverageDelays": [
    5632,
    4776,
    4986.555555555556,
    4880.571428571428,
    4923.333333333333,
    5019.458333333333,
    4995.423076923077
  ]
}