{
  "transactionTimestamps": [
    1706180026417,
    1706180027698,
    1706180029076,
    1706180029344,
    1706180029344,
    1706180030415,
    1706180032015,
    1706180030915,
    1706180033589,
    1706180034710,
    1706180035551,
    1706180036660,
    1706180037891,
    1706180037360,
    1706180039380,
    1706180039770,
    1706180040908,
    1706180042164,
    1706180041109,
    1706180040598,
    1706180043364,
    1706180041868
  ],
  "blockTimestamps": [
    1706180032233,
    1706180035213,
    1706180038212,
    1706180041203,
    1706180044215,
    1706180047208
  ],
  "blockTimes": [
    1706180032,
    1706180035,
    1706180038,
    1706180041,
    1706180044,
    1706180047
  ],
  "blockTransactions": [
    2,
    4,
    2,
    5,
    4,
    5
  ],
  "Delays": [
    5816,
    4535,
    6137,
    5869,
    5869,
    4798,
    6197,
    7297,
    7614,
    6493,
    5652,
    4543,
    3312,
    6855,
    4835,
    4445,
    3307,
    5044,
    6099,
    6610,
    3844,
    5340
  ],
  "Throughputs": [
    0.343878954607978,
    0.6821282401091405,
    0.6782534972445952,
    0.8792100635736507,
    0.9551635015170244,
    1.058150161127411
  ],
  "AverageDelays": [
    5175.5,
    5504,
    5814.75,
    5702.461538461538,
    5504.35294117647,
    5477.772727272727
  ]
}