{
  "transactionTimestamps": [
    1706179743222,
    1706179744884,
    1706179745309,
    1706179746152,
    1706179746789,
    1706179745853,
    1706179747814,
    1706179748139,
    1706179748978,
    1706179749212,
    1706179749215,
    1706179749414,
    1706179753216,
    1706179753882,
    1706179753933,
    1706179754460,
    1706179754645,
    1706179755342,
    1706179755951,
    1706179756075,
    1706179756950,
    1706179755421,
    1706179757447,
    1706179758323,
    1706179758945,
    1706179757448,
    1706179759661,
    1706179760297,
    1706179761590,
    1706179761965,
    1706179763223,
    1706179763599,
    1706179763893,
    1706179762526,
    1706179764749,
    1706179764781
  ],
  "blockTimestamps": [
    1706179750199,
    1706179753213,
    1706179759202,
    1706179762206,
    1706179765204,
    1706179768203
  ],
  "blockTimes": [
    1706179750,
    1706179753,
    1706179759,
    1706179762,
    1706179765,
    1706179768
  ],
  "blockTransactions": [
    5,
    7,
    7,
    6,
    5,
    6
  ],
  "Delays": [
    6977,
    5315,
    4890,
    4047,
    3410,
    7360,
    5399,
    5074,
    4235,
    4001,
    3998,
    3799,
    5986,
    5320,
    5269,
    4742,
    4557,
    3860,
    3251,
    6131,
    5256,
    6785,
    4759,
    3883,
    3261,
    7756,
    5543,
    4907,
    3614,
    3239,
    4980,
    4604,
    4310,
    5677,
    3454,
    3422
  ],
  "Throughputs": [
    0.716640389852372,
    1.201080972875588,
    1.1889862327909888,
    1.316898440792246,
    1.3647529797106723,
    1.4410952323766062
  ],
  "AverageDelays": [
    4927.8,
    4875.416666666667,
    4815.263157894737,
    4862.6,
    4887.466666666666,
    4807.527777777777
  ]
}