{
  "transactionTimestamps": [
    1706179825527,
    1706179826167,
    1706179827087,
    1706179827584,
    1706179828270,
    1706179826777,
    1706179829266,
    1706179829267,
    1706179830664,
    1706179830849,
    1706179832061,
    1706179832171,
    1706179833352,
    1706179833446,
    1706179834554,
    1706179834821,
    1706179836045,
    1706179836109,
    1706179837455,
    1706179837718,
    1706179838604,
    1706179839288
  ],
  "blockTimestamps": [
    1706179831208,
    1706179834206,
    1706179837203,
    1706179840220,
    1706179843212
  ],
  "blockTimes": [
    1706179831,
    1706179834,
    1706179837,
    1706179840,
    1706179843
  ],
  "blockTransactions": [
    4,
    6,
    4,
    4,
    4
  ],
  "Delays": [
    5681,
    5041,
    4121,
    3624,
    5936,
    7429,
    4940,
    4939,
    3542,
    3357,
    5142,
    5032,
    3851,
    3757,
    5666,
    5399,
    4175,
    4111,
    5757,
    5494,
    4608,
    3924
  ],
  "Throughputs": [
    0.7041013906002465,
    1.1522064754003918,
    1.1990407673860912,
    1.2250731640917445,
    1.2439920836867402
  ],
  "AverageDelays": [
    4616.75,
    4861,
    4742.285714285715,
    4763.5,
    4796.636363636364
  ]
}