{
  "transactionTimestamps": [
    1706179766339,
    1706179764680,
    1706179767600,
    1706179768989,
    1706179769225,
    1706179769226,
    1706179769226,
    1706179769225,
    1706179770202,
    1706179770502,
    1706179770513,
    1706179770637,
    1706179770884,
    1706179771677,
    1706179771927,
    1706179772159,
    1706179772330,
    1706179772968,
    1706179773560,
    1706179773590,
    1706179773638,
    1706179774482,
    1706179774918,
    1706179775058,
    1706179776118,
    1706179776477,
    1706179776526,
    1706179774996,
    1706179777633,
    1706179777633,
    1706179777990,
    1706179778819,
    1706179779195,
    1706179779586,
    1706179779987,
    1706179781154,
    1706179781450,
    1706179782757,
    1706179783059,
    1706179782042,
    1706179783913,
    1706179784659,
    1706179785051
  ],
  "blockTimestamps": [
    1706179771203,
    1706179774212,
    1706179777209,
    1706179780212,
    1706179783209,
    1706179786208,
    1706179789198
  ],
  "blockTimes": [
    1706179771,
    1706179774,
    1706179777,
    1706179780,
    1706179783,
    1706179786,
    1706179789
  ],
  "blockTransactions": [
    3,
    10,
    8,
    7,
    7,
    3,
    5
  ],
  "Delays": [
    4864,
    6523,
    3603,
    5223,
    4987,
    4986,
    4986,
    4987,
    4010,
    3710,
    3699,
    3575,
    3328,
    5532,
    5282,
    5050,
    4879,
    4241,
    3649,
    3619,
    3571,
    5730,
    5294,
    5154,
    4094,
    3735,
    3686,
    5216,
    5576,
    5576,
    5219,
    4390,
    4014,
    3623,
    3222,
    5054,
    4758,
    3451,
    6139,
    7156,
    5285,
    4539,
    4147
  ],
  "Throughputs": [
    0.6167763157894737,
    1.6512130064778356,
    1.9319227230910765,
    2.018308945433576,
    2.0746887966804977,
    1.9125270521918567,
    1.8810971608556804
  ],
  "AverageDelays": [
    4996.666666666667,
    4498.538461538462,
    4490.666666666667,
    4543.321428571428,
    4538.085714285714,
    4528.8421052631575,
    4636.325581395349
  ]
}