{
  "transactionTimestamps": [
    1706179869278,
    1706179869278,
    1706179869279,
    1706179870520,
    1706179870739,
    1706179870831,
    1706179871984,
    1706179872311,
    1706179872311,
    1706179873415,
    1706179873646,
    1706179873961,
    1706179875176,
    1706179874803,
    1706179876742,
    1706179875129,
    1706179877989,
    1706179879176,
    1706179880782,
    1706179882395,
    1706179881433,
    1706179881388,
    1706179882302,
    1706179883643
  ],
  "blockTimestamps": [
    1706179873196,
    1706179876205,
    1706179879231,
    1706179882215,
    1706179885209,
    1706179888204
  ],
  "blockTimes": [
    1706179873,
    1706179876,
    1706179879,
    1706179882,
    1706179885,
    1706179888
  ],
  "blockTransactions": [
    3,
    6,
    4,
    4,
    2,
    5
  ],
  "Delays": [
    3918,
    3918,
    3917,
    5685,
    5466,
    5374,
    4221,
    3894,
    3894,
    5816,
    5585,
    5270,
    4055,
    7412,
    5473,
    7086,
    4226,
    6033,
    4427,
    5809,
    6771,
    6816,
    5902,
    4561
  ],
  "Throughputs": [
    0.7656967840735068,
    1.29926375054136,
    1.3061388526072542,
    1.314060446780552,
    1.192643274119641,
    1.268096798055585
  ],
  "AverageDelays": [
    3917.6666666666665,
    4476.333333333333,
    4693.307692307692,
    5012.35294117647,
    5035.263157894737,
    5230.375
  ]
}