{"a": 0.3, "b": 0.7, "communities0": [[0, 2, 13], [1, 7], [3, 4, 12], [11, 5], [9, 6], [8, 14], [10, 15]], "q0": 0.43860561914672225, "f0": 0.6941567177349504}