{"a": 0.3, "b": 0.7, "communities0": [[0, 10, 11, 13, 14], [1, 12], [9, 2], [8, 17, 3], [16, 4], [5, 15], [6], [7]], "communities1": [[0, 10, 11, 13, 14], [1, 12], [9, 2], [8, 17, 3], [16, 4], [5, 15], [6, 7]], "communities2": [[0, 10, 11, 13, 14], [1, 12], [9, 2], [8, 17, 3], [16, 4], [5, 15], [6, 7]], "communities3": [[0, 1, 2], [15, 14, 7], [3, 11, 12], [17, 10, 13], [16, 9], [4, 5], [8, 6]], "q0": 0.39306640625, "f0": 0.7280487505022395, "q1": 0.437744140625, "f1": 0.7082642008741326}