{
  "transactionTimestamps": [
    1706174799428,
    1706174799429,
    1706174799433,
    1706174800174,
    1706174800505,
    1706174801281,
    1706174801374,
    1706174800519,
    1706174802089,
    1706174802230,
    1706174803074,
    1706174803170,
    1706174804062,
    1706174804109,
    1706174805014,
    1706174805246,
    1706174805869,
    1706174805930,
    1706174806197,
    1706174806661,
    1706174806912,
    1706174807332,
    1706174807379,
    1706174808017,
    1706174808032,
    1706174808109,
    1706174807291,
    1706174808919,
    1706174808949,
    1706174809026,
    1706174809902,
    1706174809996,
    1706174810182,
    1706174810667,
    1706174811086,
    1706174811426,
    1706174811833,
    1706174812239,
    1706174812580,
    1706174813206,
    1706174813689
  ],
  "blockTimestamps": [
    1706174804245,
    1706174807217,
    1706174810193,
    1706174813215,
    1706174816216,
    1706174819252
  ],
  "blockTimes": [
    1706174804,
    1706174807,
    1706174810,
    1706174813,
    1706174816,
    1706174819
  ],
  "blockTransactions": [
    5,
    7,
    9,
    10,
    8,
    2
  ],
  "Delays": [
    4817,
    4816,
    4812,
    4071,
    3740,
    5936,
    5843,
    6698,
    5128,
    4987,
    4143,
    4047,
    6131,
    6084,
    5179,
    4947,
    4324,
    4263,
    3996,
    3532,
    3281,
    5883,
    5836,
    5198,
    5183,
    5106,
    5924,
    4296,
    4266,
    4189,
    3313,
    6220,
    6034,
    5549,
    5130,
    4790,
    4383,
    3977,
    3636,
    6046,
    5563
  ],
  "Throughputs": [
    1.0379904504878554,
    1.5406342277570935,
    1.9507663725034834,
    2.248494959019366,
    2.3230879199428163,
    2.0682001614205
  ],
  "AverageDelays": [
    4451.2,
    4919.833333333333,
    4798.809523809524,
    4837.709677419355,
    4863.794871794872,
    4909.682926829269
  ]
}