{
  "transactionTimestamps": [
    1706175053431,
    1706175059539,
    1706175060413,
    1706175061113,
    1706175061799,
    1706175062517,
    1706175063454,
    1706175064356,
    1706175065061,
    1706175065871,
    1706175066785,
    1706175067569,
    1706175068649,
    1706175069391,
    1706175070202,
    1706175071016,
    1706175072181
  ],
  "blockTimestamps": [
    1706175059808,
    1706175065206,
    1706175068210,
    1706175071195,
    1706175074200,
    1706175077223
  ],
  "blockTimes": [
    1706175059,
    1706175065,
    1706175068,
    1706175071,
    1706175074,
    1706175077
  ],
  "blockTransactions": [
    1,
    4,
    3,
    4,
    3,
    2
  ],
  "Delays": [
    6377,
    5667,
    4793,
    4093,
    3407,
    5693,
    4756,
    3854,
    6134,
    5324,
    4410,
    3626,
    5551,
    4809,
    3998,
    6207,
    5042
  ],
  "Throughputs": [
    0.15681354869060687,
    0.4246284501061571,
    0.5413086135733135,
    0.6755235307363207,
    0.7222302470027445,
    0.714525891055817
  ],
  "AverageDelays": [
    6377,
    4867.4,
    4830,
    4844.5,
    4832.8,
    4925.941176470588
  ]
}