{
  "transactionTimestamps": [
    1706174780215,
    1706174780203,
    1706174781361,
    1706174782270,
    1706174783007,
    1706174781361,
    1706174783823,
    1706174784480,
    1706174785207,
    1706174786112,
    1706174787334,
    1706174788427,
    1706174789620,
    1706174790334,
    1706174788787,
    1706174791457,
    1706174792377
  ],
  "blockTimestamps": [
    1706174786217,
    1706174789192,
    1706174792246,
    1706174795221,
    1706174798231
  ],
  "blockTimes": [
    1706174786,
    1706174789,
    1706174792,
    1706174795,
    1706174798
  ],
  "blockTransactions": [
    4,
    5,
    3,
    4,
    1
  ],
  "Delays": [
    6002,
    6014,
    4856,
    3947,
    6185,
    7831,
    5369,
    4712,
    3985,
    6134,
    4912,
    3819,
    5601,
    4887,
    6434,
    3764,
    5854
  ],
  "Throughputs": [
    0.6664445184938355,
    1.0025621031525007,
    0.9974233230820381,
    1.0662401705984272,
    0.9436056838365898
  ],
  "AverageDelays": [
    5204.75,
    5433.444444444444,
    5313.833333333333,
    5278.25,
    5312.117647058823
  ]
}