{
  "transactionTimestamps": [
    1706175039533,
    1706175040295,
    1706175041163,
    1706175041976,
    1706175042737,
    1706175043547,
    1706175044701,
    1706175045585,
    1706175046458,
    1706175047586,
    1706175048648,
    1706175049773,
    1706175050539,
    1706175051697,
    1706175052479
  ],
  "blockTimestamps": [
    1706175044189,
    1706175047238,
    1706175050240,
    1706175053189,
    1706175056235
  ],
  "blockTimes": [
    1706175044,
    1706175047,
    1706175050,
    1706175053,
    1706175056
  ],
  "blockTransactions": [
    2,
    4,
    3,
    3,
    3
  ],
  "Delays": [
    4656,
    3894,
    6075,
    5262,
    4501,
    3691,
    5539,
    4655,
    3782,
    5603,
    4541,
    3416,
    5696,
    4538,
    3756
  ],
  "Throughputs": [
    0.429553264604811,
    0.7787151200519143,
    0.8405715886803026,
    0.8787346221441125,
    0.8980960364028259
  ],
  "AverageDelays": [
    4275,
    4679.833333333333,
    4672.777777777777,
    4634.583333333333,
    4640.333333333333
  ]
}