{
  "transactionTimestamps": [
    1706174934632,
    1706174936130,
    1706174939494,
    1706174939494,
    1706174940501,
    1706174940752,
    1706174941671,
    1706174941671,
    1706174940548,
    1706174942574,
    1706174942871,
    1706174941919,
    1706174943745,
    1706174943885,
    1706174944695,
    1706174944788,
    1706174945423,
    1706174945720,
    1706174946249,
    1706174946731,
    1706174947746
  ],
  "blockTimestamps": [
    1706174942224,
    1706174945195,
    1706174948266,
    1706174951210,
    1706174954194
  ],
  "blockTimes": [
    1706174942,
    1706174945,
    1706174948,
    1706174951,
    1706174954
  ],
  "blockTransactions": [
    2,
    6,
    8,
    4,
    1
  ],
  "Delays": [
    7592,
    6094,
    5701,
    5701,
    4694,
    4443,
    3524,
    3524,
    7718,
    5692,
    5395,
    6347,
    4521,
    4381,
    3571,
    3478,
    5787,
    5490,
    4961,
    4479,
    6448
  ],
  "Throughputs": [
    0.26343519494204426,
    0.7573605983148727,
    1.1735367463693707,
    1.2064181445288937,
    1.0735098660668643
  ],
  "AverageDelays": [
    6843,
    5159.125,
    5148.5,
    5154.65,
    5216.238095238095
  ]
}