{
  "transactionTimestamps": [
    1706174999525,
    1706174999526,
    1706175000332,
    1706175000517,
    1706175001201,
    1706175001528,
    1706175002246,
    1706175002308,
    1706175003287,
    1706175003412,
    1706175004100,
    1706175004208,
    1706175004974,
    1706175005022,
    1706175005723,
    1706175005723
  ],
  "blockTimestamps": [
    1706175005208,
    1706175008277,
    1706175011202
  ],
  "blockTimes": [
    1706175005,
    1706175008,
    1706175011
  ],
  "blockTransactions": [
    6,
    7,
    3
  ],
  "Delays": [
    5683,
    5682,
    4876,
    4691,
    4007,
    3680,
    6031,
    5969,
    4990,
    4865,
    4177,
    4069,
    3303,
    6180,
    5479,
    5479
  ],
  "Throughputs": [
    1.0557803976772833,
    1.4853747714808043,
    1.3702149524706688
  ],
  "AverageDelays": [
    4769.833333333333,
    4771,
    4947.5625
  ]
}