{
  "transactionTimestamps": [
    1706174917165,
    1706174919485,
    1706174919486,
    1706174920386,
    1706174920433,
    1706174918645,
    1706174921074,
    1706174921418,
    1706174922090,
    1706174922416,
    1706174922806,
    1706174923320,
    1706174923723,
    1706174924282,
    1706174924593,
    1706174923071,
    1706174925092,
    1706174925496,
    1706174926027,
    1706174924438,
    1706174928893,
    1706174930267
  ],
  "blockTimestamps": [
    1706174924198,
    1706174927199,
    1706174930226,
    1706174936335
  ],
  "blockTimes": [
    1706174924,
    1706174927,
    1706174930,
    1706174936
  ],
  "blockTransactions": [
    6,
    7,
    7,
    2
  ],
  "Delays": [
    7033,
    4713,
    4712,
    3812,
    3765,
    5553,
    6125,
    5781,
    5109,
    4783,
    4393,
    3879,
    3476,
    5944,
    5633,
    7155,
    5134,
    4730,
    4199,
    5788,
    7442,
    6068
  ],
  "Throughputs": [
    0.8531210009953077,
    1.295594977077935,
    1.5312763188117295,
    1.1476264997391756
  ],
  "AverageDelays": [
    4931.333333333333,
    4856.461538461538,
    5085.85,
    5237.590909090909
  ]
}