{
  "transactionTimestamps": [
    1706174858237,
    1706174859455,
    1706174859457,
    1706174859455,
    1706174859461,
    1706174860526,
    1706174860635,
    1706174860727,
    1706174860743,
    1706174859097,
    1706174859393,
    1706174861334,
    1706174861381,
    1706174861756,
    1706174861850,
    1706174862114,
    1706174862395,
    1706174862535,
    1706174862907,
    1706174863216,
    1706174863278,
    1706174863388,
    1706174864011,
    1706174864230,
    1706174864291,
    1706174864570,
    1706174864835,
    1706174865068,
    1706174865145,
    1706174865256,
    1706174865288,
    1706174865599,
    1706174865969,
    1706174866124,
    1706174866125,
    1706174866001,
    1706174866527,
    1706174866823,
    1706174867214,
    1706174867824,
    1706174866422,
    1706174868916,
    1706174869598,
    1706174867964,
    1706174870563,
    1706174871623,
    1706174872557,
    1706174873335
  ],
  "blockTimestamps": [
    1706174864209,
    1706174867193,
    1706174870244,
    1706174873208,
    1706174876233,
    1706174879207
  ],
  "blockTimes": [
    1706174864,
    1706174867,
    1706174870,
    1706174873,
    1706174876,
    1706174879
  ],
  "blockTransactions": [
    10,
    12,
    16,
    6,
    3,
    1
  ],
  "Delays": [
    5972,
    4754,
    4752,
    4754,
    4748,
    3683,
    3574,
    3482,
    3466,
    5112,
    7800,
    5859,
    5812,
    5437,
    5343,
    5079,
    4798,
    4658,
    4286,
    3977,
    3915,
    3805,
    6233,
    6014,
    5953,
    5674,
    5409,
    5176,
    5099,
    4988,
    4956,
    4645,
    4275,
    4120,
    4119,
    4243,
    3717,
    3421,
    5994,
    5384,
    6786,
    4292,
    3610,
    5244,
    5670,
    4610,
    3676,
    5872
  ],
  "Throughputs": [
    1.6744809109176155,
    2.456453774006253,
    3.1648205213625387,
    2.9390154298310067,
    2.6116914869971106,
    2.2889842632331905
  ],
  "AverageDelays": [
    4429.7,
    4775.727272727273,
    4818.631578947368,
    4873.136363636364,
    4859.021276595745,
    4880.125
  ]
}