{
  "transactionTimestamps": [
    1706174979520,
    1706174979518,
    1706174980420,
    1706174980575,
    1706174981166,
    1706174981792,
    1706174982323,
    1706174982633,
    1706174983303,
    1706174983584,
    1706174984364,
    1706174984443,
    1706174985251,
    1706174985641,
    1706174986174,
    1706174986516
  ],
  "blockTimestamps": [
    1706174984204,
    1706174987262,
    1706174990231
  ],
  "blockTimes": [
    1706174984,
    1706174987,
    1706174990
  ],
  "blockTransactions": [
    4,
    6,
    6
  ],
  "Delays": [
    4684,
    4686,
    3784,
    3629,
    6096,
    5470,
    4939,
    4629,
    3959,
    3678,
    5867,
    5788,
    4980,
    4590,
    4057,
    3715
  ],
  "Throughputs": [
    0.8539709649871904,
    1.2916559028674761,
    1.4937914293716739
  ],
  "AverageDelays": [
    4195.75,
    4555.4,
    4659.4375
  ]
}