{
  "transactionTimestamps": [
    1706174875316,
    1706174879461,
    1706174879462,
    1706174879462,
    1706174880480,
    1706174880480,
    1706174880527,
    1706174881163,
    1706174881255,
    1706174881379,
    1706174881989,
    1706174882052,
    1706174882395,
    1706174882893,
    1706174883267,
    1706174883314,
    1706174883908,
    1706174884343,
    1706174884310,
    1706174884793,
    1706174885150,
    1706174885181,
    1706174885634,
    1706174886070,
    1706174886101,
    1706174886851,
    1706174887570,
    1706174888488,
    1706174889317,
    1706174890140,
    1706174891108,
    1706174892122,
    1706174892806,
    1706174893693
  ],
  "blockTimestamps": [
    1706174882184,
    1706174885235,
    1706174888208,
    1706174891192,
    1706174894236,
    1706174897201
  ],
  "blockTimes": [
    1706174882,
    1706174885,
    1706174888,
    1706174891,
    1706174894,
    1706174897
  ],
  "blockTransactions": [
    1,
    9,
    10,
    7,
    3,
    4
  ],
  "Delays": [
    6868,
    5774,
    5773,
    5773,
    4755,
    4755,
    4708,
    4072,
    3980,
    3856,
    6219,
    6156,
    5813,
    5315,
    4941,
    4894,
    4300,
    3865,
    3898,
    3415,
    6042,
    6011,
    5558,
    5122,
    5091,
    4341,
    3622,
    5748,
    4919,
    4096,
    6093,
    5079,
    4395,
    3508
  ],
  "Throughputs": [
    0.145602795573675,
    1.0081661457808246,
    1.5513496742165684,
    1.7006802721088436,
    1.5856236786469342,
    1.5535755083390448
  ],
  "AverageDelays": [
    6868,
    5031.4,
    4956.5,
    4996.925925925926,
    4989.333333333333,
    4963.382352941177
  ]
}