{
  "transactionTimestamps": [
    1706174894675,
    1706174895577,
    1706174896747,
    1706174897914,
    1706174899039,
    1706174899863,
    1706174900817,
    1706174899476,
    1706174905308,
    1706174906746,
    1706174911342,
    1706174912837
  ],
  "blockTimestamps": [
    1706174900223,
    1706174903193,
    1706174906278,
    1706174912215,
    1706174918839
  ],
  "blockTimes": [
    1706174900,
    1706174903,
    1706174906,
    1706174912,
    1706174918
  ],
  "blockTransactions": [
    3,
    3,
    2,
    2,
    2
  ],
  "Delays": [
    5548,
    4646,
    3476,
    5279,
    4154,
    3330,
    5461,
    6802,
    6907,
    5469,
    7497,
    6002
  ],
  "Throughputs": [
    0.5407354001441961,
    0.704390702042733,
    0.6894768594329053,
    0.5701254275940707,
    0.4966065220989902
  ],
  "AverageDelays": [
    4556.666666666667,
    4405.5,
    4837,
    5107.2,
    5380.916666666667
  ]
}