{
  "transactionTimestamps": [
    1706174839441,
    1706174840606,
    1706174841302,
    1706174841986,
    1706174847251,
    1706174848044,
    1706174849187,
    1706174850277,
    1706174848661,
    1706174851218,
    1706174852070
  ],
  "blockTimestamps": [
    1706174843200,
    1706174846257,
    1706174849176,
    1706174852206,
    1706174855233,
    1706174858184
  ],
  "blockTimes": [
    1706174843,
    1706174846,
    1706174849,
    1706174852,
    1706174855,
    1706174858
  ],
  "blockTransactions": [
    1,
    2,
    1,
    2,
    4,
    1
  ],
  "Delays": [
    3759,
    5651,
    4955,
    7190,
    4955,
    4162,
    6046,
    4956,
    6572,
    4015,
    6114
  ],
  "Throughputs": [
    0.26602819898909286,
    0.44014084507042256,
    0.41088854648176687,
    0.4700352526439483,
    0.6332320162107397,
    0.5868857706877234
  ],
  "AverageDelays": [
    3759,
    4788.333333333333,
    5388.75,
    5112,
    5226.1,
    5306.818181818182
  ]
}