{
  "transactionTimestamps": [
    1706175079555,
    1706175079555,
    1706175080395,
    1706175080768,
    1706175081378,
    1706175081611,
    1706175082233,
    1706175082657,
    1706175083231,
    1706175083745,
    1706175083996,
    1706175084900,
    1706175085135,
    1706175085634,
    1706175086242,
    1706175086537
  ],
  "blockTimestamps": [
    1706175083198,
    1706175086197,
    1706175089257,
    1706175092200
  ],
  "blockTimes": [
    1706175083,
    1706175086,
    1706175089,
    1706175092
  ],
  "blockTransactions": [
    2,
    6,
    6,
    2
  ],
  "Delays": [
    3643,
    3643,
    5802,
    5429,
    4819,
    4586,
    3964,
    3540,
    6026,
    5512,
    5261,
    4357,
    4122,
    3623,
    5958,
    5663
  ],
  "Throughputs": [
    0.5489980785067252,
    1.2044564890093346,
    1.443001443001443,
    1.265322261763543
  ],
  "AverageDelays": [
    3643,
    4428.25,
    4594.785714285715,
    4746.75
  ]
}