{
  "transactionTimestamps": [
    1706175019530,
    1706175019531,
    1706175020429,
    1706175020461,
    1706175021224,
    1706175021506,
    1706175022001,
    1706175022172,
    1706175022987,
    1706175023173,
    1706175023844,
    1706175024870,
    1706175024325,
    1706175025758,
    1706175029321,
    1706175030352,
    1706175030791
  ],
  "blockTimestamps": [
    1706175023206,
    1706175026201,
    1706175029197,
    1706175035292,
    1706175038196
  ],
  "blockTimes": [
    1706175023,
    1706175026,
    1706175029,
    1706175035,
    1706175038
  ],
  "blockTransactions": [
    2,
    6,
    6,
    2,
    1
  ],
  "Delays": [
    3676,
    3675,
    5772,
    5740,
    4977,
    4695,
    4200,
    4029,
    6210,
    6024,
    5353,
    4327,
    4872,
    3439,
    5971,
    4940,
    7405
  ],
  "Throughputs": [
    0.544069640914037,
    1.199220506670664,
    1.448225923244026,
    1.0150996066489024,
    0.9107468123861566
  ],
  "AverageDelays": [
    3675.5,
    4595.5,
    4784.928571428572,
    4868.75,
    5017.941176470588
  ]
}