{
  "transactionTimestamps": [
    1706174819431,
    1706174819437,
    1706174820692,
    1706174820784,
    1706174821422,
    1706174821880,
    1706174822517,
    1706174822704,
    1706174823315,
    1706174823816,
    1706174824204,
    1706174824829,
    1706174825262,
    1706174825964,
    1706174826074,
    1706174826886,
    1706174827151,
    1706174827621,
    1706174828528,
    1706174829447,
    1706174830225,
    1706174830991,
    1706174831862,
    1706174832826
  ],
  "blockTimestamps": [
    1706174825204,
    1706174828257,
    1706174831190,
    1706174834200,
    1706174837199
  ],
  "blockTimes": [
    1706174825,
    1706174828,
    1706174831,
    1706174834,
    1706174837
  ],
  "blockTransactions": [
    6,
    6,
    6,
    4,
    2
  ],
  "Delays": [
    5773,
    5767,
    4512,
    4420,
    3782,
    3324,
    5740,
    5553,
    4942,
    4441,
    4053,
    3428,
    5928,
    5226,
    5116,
    4304,
    4039,
    3569,
    5672,
    4753,
    3975,
    3209,
    5337,
    4373
  ],
  "Throughputs": [
    1.0393209769617184,
    1.3596193065941535,
    1.5307424100688833,
    1.4896066084365902,
    1.3507429085997298
  ],
  "AverageDelays": [
    4596.333333333333,
    4644.583333333333,
    4662.055555555556,
    4614.818181818182,
    4634.833333333333
  ]
}