{"a": 0.6, "b": 0.4, "communities0": [[0, 129], [1, 10], [2, 66], [3, 47], [4, 28], [76, 5], [26, 6], [46, 7], [8, 110], [9, 55], [18, 11], [136, 12], [27, 13], [105, 14], [87, 15], [16, 104], [88, 17], [19, 86], [64, 20], [124, 21], [107, 22], [69, 29, 70, 23], [24, 126], [25, 68], [60, 30], [106, 31], [32, 102], [33, 74], [34, 50], [35, 45], [73, 36], [123, 37], [78, 38], [90, 39], [40, 121], [72, 41], [42, 100], [83, 43], [44, 134], [48, 116, 53], [80, 49], [98, 51], [82, 52], [59, 54], [56, 103], [57, 62], [97, 58, 119], [130, 61], [94, 63], [65, 84], [67, 127], [85, 71], [75, 117], [99, 77], [96, 79], [81, 115], [120, 89], [91, 125], [92, 101], [122, 93], [114, 132, 95], [113, 108], [109, 135], [118, 111], [112, 133], [128, 131]], "q0": 0.4957435816805553, "f0": 0.8923588824985428}