{"a": 0.6, "b": 0.4, "communities0": [[0, 91], [1, 75], [2, 19], [97, 3], [4, 61], [57, 5], [65, 6], [87, 7], [8, 37], [9, 31], [33, 10], [11, 21], [12, 78], [53, 13], [14, 63], [51, 15], [16, 40], [17, 86], [18, 26], [34, 20], [22, 79], [69, 23], [24, 59], [25, 30], [90, 27], [72, 28, 70], [29, 54], [32, 89], [35, 85], [36, 76], [56, 38], [55, 39], [41, 58], [42, 92], [66, 43], [67, 44], [73, 45], [50, 46], [77, 47], [48, 49], [52, 68], [60, 84], [74, 62], [64, 95], [81, 71], [80, 94], [82, 98], [96, 83], [88, 93]], "q0": 0.49470000000000003, "f0": 0.8587065014605386}