{"a": 0.7, "b": 0.3, "communities0": [[0, 2, 4, 5, 6, 7, 8, 9, 10, 11, 12, 13, 14, 15, 18, 19, 29, 30, 31, 32, 34, 37, 38, 40, 41, 43, 49, 50, 54, 55, 58, 60, 68, 69, 70, 72, 73, 75, 79, 81, 83, 85, 87, 88, 89, 90, 93, 94, 95, 96, 97, 98, 100, 101, 102, 104, 108, 109, 110, 115, 119, 120], [1, 39, 46, 47, 20, 53], [3, 52], [16, 22], [64, 99, 45, 17, 56, 26, 27], [36, 21], [106, 28, 23], [74, 107, 112, 24, 92], [25, 71], [33, 76, 62], [57, 35], [42, 61], [44, 86], [48, 116], [113, 51, 77], [82, 59, 103], [80, 63], [65, 91, 111], [66, 84], [67, 117], [118, 78], [105, 114]], "q0": 0.3705583938635091, "f0": 0.9555868923057161}