{
  "transactionTimestamps": [
    1706182417135,
    1706182418036,
    1706182418183,
    1706182417729,
    1706182417648,
    1706182419237,
    1706182419565,
    1706182420396,
    1706182421002,
    1706182422195,
    1706182422196,
    1706182422195,
    1706182422240,
    1706182423560,
    1706182423608,
    1706182423671,
    1706182423780,
    1706182424825,
    1706182424854,
    1706182425212,
    1706182426299,
    1706182426362,
    1706182426785,
    1706182425042,
    1706182427706,
    1706182427816,
    1706182428255,
    1706182429050,
    1706182429191,
    1706182430371,
    1706182430543,
    1706182429751,
    1706182431154,
    1706182431715,
    1706182431871,
    1706182432562,
    1706182431995,
    1706182433869,
    1706182435241,
    1706182435335,
    1706182436812,
    1706182436798,
    1706182436177
  ],
  "blockTimestamps": [
    1706182423184,
    1706182426197,
    1706182429191,
    1706182432198,
    1706182435198,
    1706182438177,
    1706182441196
  ],
  "blockTimes": [
    1706182423,
    1706182426,
    1706182429,
    1706182432,
    1706182435,
    1706182438,
    1706182441
  ],
  "blockTransactions": [
    7,
    6,
    7,
    7,
    8,
    3,
    5
  ],
  "Delays": [
    6049,
    5148,
    5001,
    5455,
    5536,
    3947,
    3619,
    5801,
    5195,
    4002,
    4001,
    4002,
    3957,
    5631,
    5583,
    5520,
    5411,
    4366,
    4337,
    3979,
    5899,
    5836,
    5413,
    7156,
    4492,
    4382,
    3943,
    6148,
    6007,
    4827,
    4655,
    5447,
    4044,
    3483,
    3327,
    5615,
    6182,
    4308,
    5955,
    5861,
    4384,
    4398,
    5019
  ],
  "Throughputs": [
    1.1572160687716977,
    1.4345619068638271,
    1.6589250165892502,
    1.7924716191993626,
    1.9376626252560485,
    1.805911985552704,
    1.7871243921699016
  ],
  "AverageDelays": [
    4965,
    4747.153846153846,
    4827,
    4950.407407407408,
    4902.828571428571,
    4939.578947368421,
    4960.953488372093
  ]
}