{
  "transactionTimestamps": [
    1706182502225,
    1706182502225,
    1706182503657,
    1706182503673,
    1706182504925,
    1706182505237,
    1706182506078,
    1706182506375,
    1706182507671,
    1706182507919,
    1706182508795,
    1706182509028,
    1706182510027,
    1706182510323,
    1706182511398,
    1706182511461
  ],
  "blockTimestamps": [
    1706182507183,
    1706182510182,
    1706182513190,
    1706182516185
  ],
  "blockTimes": [
    1706182507,
    1706182510,
    1706182513,
    1706182516
  ],
  "blockTransactions": [
    4,
    4,
    5,
    3
  ],
  "Delays": [
    4958,
    4958,
    3526,
    3510,
    5257,
    4945,
    4104,
    3807,
    5519,
    5271,
    4395,
    4162,
    3163,
    5862,
    4787,
    4724
  ],
  "Throughputs": [
    0.8067769261799113,
    1.0054040467512881,
    1.1855905152758779,
    1.146131805157593
  ],
  "AverageDelays": [
    4238,
    4383.125,
    4428.846153846154,
    4559.25
  ]
}