{
  "transactionTimestamps": [
    1706182399959,
    1706182401211,
    1706182399381,
    1706182401663,
    1706182400948,
    1706182402193,
    1706182402193,
    1706182403190,
    1706182403363,
    1706182403721,
    1706182402615,
    1706182404626,
    1706182404987,
    1706182405066,
    1706182405937,
    1706182406124,
    1706182406374,
    1706182406656,
    1706182407324,
    1706182407462,
    1706182407929,
    1706182408008,
    1706182406672,
    1706182408602,
    1706182408712,
    1706182409320,
    1706182409522,
    1706182409975,
    1706182409833,
    1706182411234,
    1706182411280,
    1706182410457,
    1706182412404,
    1706182410829,
    1706182412559,
    1706182413762,
    1706182413871,
    1706182414994,
    1706182415403,
    1706182416589,
    1706182416809,
    1706182416950
  ],
  "blockTimestamps": [
    1706182405190,
    1706182408179,
    1706182411191,
    1706182414196,
    1706182417181,
    1706182420194
  ],
  "blockTimes": [
    1706182405,
    1706182408,
    1706182411,
    1706182414,
    1706182417,
    1706182420
  ],
  "blockTransactions": [
    5,
    8,
    9,
    7,
    8,
    5
  ],
  "Delays": [
    5231,
    3979,
    5809,
    3527,
    4242,
    5986,
    5986,
    4989,
    4816,
    4458,
    5564,
    3553,
    3192,
    6125,
    5254,
    5067,
    4817,
    4535,
    3867,
    3729,
    3262,
    3183,
    7524,
    5594,
    5484,
    4876,
    4674,
    4221,
    4363,
    5947,
    5901,
    6724,
    4777,
    6352,
    4622,
    3419,
    3310,
    5200,
    4791,
    3605,
    3385,
    3244
  ],
  "Throughputs": [
    0.9558401835213153,
    1.581508515815085,
    1.9586894586894588,
    2.0369459858116175,
    2.1484148182557194,
    2.0756115641215716
  ],
  "AverageDelays": [
    4557.6,
    4717.846153846154,
    4598.681818181818,
    4755.413793103448,
    4836.72972972973,
    4742.476190476191
  ]
}