{
  "transactionTimestamps": [
    1706182598336,
    1706182599650,
    1706182601114,
    1706182602272,
    1706182602457,
    1706182603614,
    1706182604719,
    1706182605876,
    1706182607214,
    1706182608365,
    1706182609536,
    1706182610971,
    1706182612390,
    1706182613641,
    1706182614922,
    1706182616434,
    1706182617681
  ],
  "blockTimestamps": [
    1706182603182,
    1706182606182,
    1706182609180,
    1706182612781,
    1706182615182,
    1706182618182,
    1706182621176
  ],
  "blockTimes": [
    1706182603,
    1706182606,
    1706182609,
    1706182612,
    1706182615,
    1706182618,
    1706182621
  ],
  "blockTransactions": [
    2,
    3,
    3,
    2,
    2,
    3,
    2
  ],
  "Delays": [
    4846,
    3532,
    5068,
    3910,
    3725,
    5566,
    4461,
    3304,
    5567,
    4416,
    5646,
    4211,
    5792,
    4541,
    3260,
    4742,
    3495
  ],
  "Throughputs": [
    0.41271151465125877,
    0.637267397399949,
    0.7377351530800443,
    0.6922810661128418,
    0.7123352724682417,
    0.7558198125566865,
    0.7443082311733801
  ],
  "AverageDelays": [
    4189,
    4216.2,
    4301.5,
    4439.5,
    4521,
    4523,
    4475.411764705882
  ]
}