{
  "transactionTimestamps": [
    1706182642298,
    1706182643417,
    1706182644932,
    1706182646364,
    1706182647879,
    1706182649063,
    1706182650238,
    1706182651669
  ],
  "blockTimestamps": [
    1706182648192,
    1706182651181,
    1706182654181,
    1706182657188
  ],
  "blockTimes": [
    1706182648,
    1706182651,
    1706182654,
    1706182657
  ],
  "blockTransactions": [
    3,
    2,
    2,
    1
  ],
  "Delays": [
    5894,
    4775,
    3260,
    4817,
    3302,
    5118,
    3943,
    5519
  ],
  "Throughputs": [
    0.508992195453003,
    0.5628729032984353,
    0.5890768324497181,
    0.5372733378106112
  ],
  "AverageDelays": [
    4643,
    4409.6,
    4444.142857142857,
    4578.5
  ]
}