{
  "transactionTimestamps": [
    1706182477922,
    1706182477426,
    1706182479417,
    1706182481010,
    1706182482212,
    1706182482213,
    1706182482601,
    1706182483522,
    1706182483632,
    1706182483882,
    1706182485050,
    1706182485127,
    1706182485143,
    1706182486487,
    1706182486613,
    1706182486752,
    1706182487841,
    1706182488106,
    1706182488213,
    1706182489320,
    1706182489583,
    1706182490439,
    1706182490969,
    1706182491754,
    1706182492247
  ],
  "blockTimestamps": [
    1706182483181,
    1706182486184,
    1706182489198,
    1706182492779,
    1706182495184,
    1706182498183
  ],
  "blockTimes": [
    1706182483,
    1706182486,
    1706182489,
    1706182492,
    1706182495,
    1706182498
  ],
  "blockTransactions": [
    3,
    4,
    6,
    6,
    5,
    1
  ],
  "Delays": [
    5259,
    5755,
    3764,
    5174,
    3972,
    3971,
    3583,
    5676,
    5566,
    5316,
    4148,
    4071,
    4055,
    6292,
    6166,
    6027,
    4938,
    4673,
    4566,
    5864,
    5601,
    4745,
    4215,
    3430,
    5936
  ],
  "Throughputs": [
    0.5704506560182544,
    0.8472524812394093,
    1.1528910961333807,
    1.2788584505620246,
    1.3903371567605143,
    1.2338976358521299
  ],
  "AverageDelays": [
    4926,
    4496.857142857143,
    4639.2307692307695,
    4893.263157894737,
    4867.791666666667,
    4910.52
  ]
}