{
  "transactionTimestamps": [
    1706182216098,
    1706182214803,
    1706182215567,
    1706182217410,
    1706182217677,
    1706182219003,
    1706182218490,
    1706182218036,
    1706182220451,
    1706182221543,
    1706182221528,
    1706182221841,
    1706182222107,
    1706182222107,
    1706182222807,
    1706182223057,
    1706182223072,
    1706182223274,
    1706182222296,
    1706182223448,
    1706182222434,
    1706182224291,
    1706182224291,
    1706182224493,
    1706182224822,
    1706182224995,
    1706182225479,
    1706182225947,
    1706182226241,
    1706182227072,
    1706182225760,
    1706182226350,
    1706182227788,
    1706182228387,
    1706182227304,
    1706182229083,
    1706182229830,
    1706182230471,
    1706182230967,
    1706182231670,
    1706182232321,
    1706182232430,
    1706182232461,
    1706182233654,
    1706182233764,
    1706182233796,
    1706182233982,
    1706182232964,
    1706182232995,
    1706182234930,
    1706182235165,
    1706182235227,
    1706182235230,
    1706182234354,
    1706182236719,
    1706182236787
  ],
  "blockTimestamps": [
    1706182222225,
    1706182225218,
    1706182228226,
    1706182231221,
    1706182234222,
    1706182237218,
    1706182240228
  ],
  "blockTimes": [
    1706182222,
    1706182225,
    1706182228,
    1706182231,
    1706182234,
    1706182237,
    1706182240
  ],
  "blockTransactions": [
    6,
    6,
    14,
    7,
    6,
    8,
    9
  ],
  "Delays": [
    6127,
    7422,
    6658,
    4815,
    4548,
    3222,
    6728,
    7182,
    4767,
    3675,
    3690,
    3377,
    6119,
    6119,
    5419,
    5169,
    5154,
    4952,
    5930,
    4778,
    5792,
    3935,
    3935,
    3733,
    3404,
    3231,
    5742,
    5274,
    4980,
    4149,
    5461,
    4871,
    3433,
    5835,
    6918,
    5139,
    4392,
    3751,
    3255,
    5548,
    4897,
    4788,
    4757,
    3564,
    3454,
    3422,
    3236,
    7264,
    7233,
    5298,
    5063,
    5001,
    4998,
    5874,
    3509,
    3441
  ],
  "Throughputs": [
    0.9792720744246777,
    1.3157894736842106,
    2.1437994722955147,
    2.1821067248561796,
    2.1518428602957407,
    2.2253787878787876,
    2.3207625362619146
  ],
  "AverageDelays": [
    5465.333333333333,
    5184.25,
    4995.423076923077,
    4963.363636363636,
    4950.794871794872,
    4824.404255319149,
    4900.5
  ]
}