{
  "transactionTimestamps": [
    1706182582271,
    1706182583841,
    1706182585195,
    1706182586307,
    1706182587710,
    1706182588962,
    1706182590305,
    1706182591739,
    1706182592929,
    1706182594110,
    1706182595278,
    1706182596775
  ],
  "blockTimestamps": [
    1706182588196,
    1706182591181,
    1706182594180,
    1706182597222,
    1706182600175
  ],
  "blockTimes": [
    1706182588,
    1706182591,
    1706182594,
    1706182597,
    1706182600
  ],
  "blockTransactions": [
    2,
    3,
    2,
    2,
    3
  ],
  "Delays": [
    5925,
    4355,
    5986,
    4874,
    3471,
    5218,
    3875,
    5483,
    4293,
    6065,
    4897,
    3400
  ],
  "Throughputs": [
    0.33755274261603374,
    0.5611672278338945,
    0.587790746494248,
    0.6019664236505919,
    0.6702412868632708
  ],
  "AverageDelays": [
    5140,
    4922.2,
    4814.857142857143,
    4831.111111111111,
    4820.166666666667
  ]
}