{
  "transactionTimestamps": [
    1706182196874,
    1706182198941,
    1706182200284,
    1706182202099,
    1706182202100,
    1706182202097,
    1706182202097,
    1706182203628,
    1706182203815,
    1706182203815,
    1706182204921,
    1706182205155,
    1706182205406,
    1706182205769,
    1706182206437,
    1706182206546,
    1706182206952,
    1706182207279,
    1706182207783,
    1706182208046,
    1706182208074,
    1706182206547,
    1706182208417,
    1706182208481,
    1706182209231,
    1706182209588,
    1706182209573,
    1706182209668,
    1706182209918,
    1706182208455,
    1706182210777,
    1706182210825,
    1706182211058,
    1706182211260,
    1706182211992,
    1706182212258,
    1706182211104,
    1706182212523,
    1706182213208,
    1706182211976,
    1706182213520,
    1706182214130,
    1706182214492
  ],
  "blockTimestamps": [
    1706182204214,
    1706182207231,
    1706182210230,
    1706182213218,
    1706182216257,
    1706182219217
  ],
  "blockTimes": [
    1706182204,
    1706182207,
    1706182210,
    1706182213,
    1706182216,
    1706182219
  ],
  "blockTransactions": [
    2,
    8,
    7,
    12,
    9,
    5
  ],
  "Delays": [
    7340,
    5273,
    6947,
    5132,
    5131,
    5134,
    5134,
    3603,
    3416,
    3416,
    5309,
    5075,
    4824,
    4461,
    3793,
    3684,
    3278,
    5939,
    5435,
    5172,
    5144,
    6671,
    4801,
    4737,
    3987,
    3630,
    3645,
    3550,
    3300,
    7802,
    5480,
    5432,
    5199,
    4997,
    4265,
    3999,
    5153,
    3734,
    6009,
    7241,
    5697,
    5087,
    4725
  ],
  "Throughputs": [
    0.2724795640326976,
    0.9655305590421938,
    1.2728361784965558,
    1.7743514439549681,
    1.9604808337202704,
    1.924540124423757
  ],
  "AverageDelays": [
    6306.5,
    5052.6,
    4761.764705882353,
    4722.793103448276,
    4816.368421052632,
    4925.139534883721
  ]
}