{
  "transactionTimestamps": [
    1706182156348,
    1706182157642,
    1706182158935,
    1706182160295,
    1706182162075,
    1706182162083,
    1706182163573,
    1706182163653,
    1706182162078,
    1706182164833,
    1706182166179,
    1706182166398,
    1706182165009,
    1706182167555,
    1706182168818,
    1706182167154,
    1706182167975,
    1706182169990,
    1706182171173,
    1706182169449,
    1706182171363,
    1706182172394,
    1706182172860,
    1706182172048,
    1706182173857,
    1706182174483,
    1706182175107,
    1706182173730,
    1706182175857,
    1706182174311,
    1706182176465
  ],
  "blockTimestamps": [
    1706182162226,
    1706182165228,
    1706182168221,
    1706182171239,
    1706182174225,
    1706182177231,
    1706182180234
  ],
  "blockTimes": [
    1706182162,
    1706182165,
    1706182168,
    1706182171,
    1706182174,
    1706182177,
    1706182180
  ],
  "blockTransactions": [
    3,
    1,
    6,
    4,
    4,
    7,
    6
  ],
  "Delays": [
    5878,
    4584,
    3291,
    4933,
    6146,
    6138,
    4648,
    4568,
    6143,
    3388,
    5060,
    4841,
    6230,
    3684,
    5407,
    7071,
    6250,
    4235,
    6058,
    7782,
    5868,
    4837,
    4371,
    5183,
    3374,
    5751,
    5127,
    6504,
    4377,
    5923,
    3769
  ],
  "Throughputs": [
    0.5103776794828173,
    0.4504504504504504,
    0.8422471153036302,
    0.9401652004566516,
    1.0068803490518543,
    1.1971460039266388,
    1.297831365653521
  ],
  "AverageDelays": [
    4584.333333333333,
    4671.5,
    4971.7,
    4966.571428571428,
    5138.611111111111,
    5198.72,
    5207.064516129032
  ]
}