{
  "transactionTimestamps": [
    1706182336373,
    1706182336420,
    1706182337621,
    1706182337792,
    1706182338009,
    1706182336792,
    1706182339231,
    1706182339372,
    1706182339419,
    1706182340621,
    1706182340731,
    1706182341074,
    1706182341802,
    1706182342174,
    1706182342175,
    1706182342328,
    1706182342375,
    1706182343169,
    1706182343309,
    1706182343652,
    1706182343747,
    1706182343761,
    1706182343917,
    1706182344401,
    1706182344711,
    1706182345008,
    1706182345148,
    1706182345258,
    1706182345525,
    1706182346132,
    1706182344183,
    1706182346255,
    1706182346644,
    1706182346676,
    1706182346756,
    1706182345398,
    1706182347301,
    1706182347379,
    1706182347922,
    1706182347984,
    1706182348609,
    1706182348827,
    1706182349061,
    1706182349185,
    1706182349967,
    1706182350184,
    1706182350603,
    1706182350634,
    1706182351134,
    1706182351261,
    1706182351448,
    1706182351838,
    1706182352417,
    1706182352463,
    1706182353821,
    1706182352165,
    1706182355335,
    1706182356676
  ],
  "blockTimestamps": [
    1706182342185,
    1706182345782,
    1706182348186,
    1706182351184,
    1706182354184,
    1706182357193,
    1706182360785
  ],
  "blockTimes": [
    1706182342,
    1706182345,
    1706182348,
    1706182351,
    1706182354,
    1706182357,
    1706182360
  ],
  "blockTransactions": [
    6,
    7,
    13,
    14,
    8,
    7,
    3
  ],
  "Delays": [
    5812,
    5765,
    4564,
    4393,
    4176,
    5393,
    6551,
    6410,
    6363,
    5161,
    5051,
    4708,
    3980,
    6012,
    6011,
    5858,
    5811,
    5017,
    4877,
    4534,
    4439,
    4425,
    4269,
    3785,
    3475,
    3178,
    6036,
    5926,
    5659,
    5052,
    7001,
    4929,
    4540,
    4508,
    4428,
    5786,
    3883,
    3805,
    3262,
    3200,
    5575,
    5357,
    5123,
    4999,
    4217,
    4000,
    3581,
    3550,
    6059,
    5932,
    5745,
    5355,
    4776,
    4730,
    3372,
    8620,
    5450,
    4109
  ],
  "Throughputs": [
    1.032346868547832,
    1.3816558614092889,
    2.200965038516888,
    2.700695429072986,
    2.69496378642412,
    2.6416906820365034,
    2.375880714402753
  ],
  "AverageDelays": [
    5017.166666666667,
    5255.923076923077,
    5000.692307692308,
    4950.825,
    4884.0625,
    4916.436363636363,
    4975.568965517241
  ]
}