{
  "transactionTimestamps": [
    1706182122822,
    1706182122809,
    1706182124134,
    1706182124510,
    1706182125804,
    1706182126055,
    1706182127269,
    1706182127440,
    1706182128458,
    1706182128845,
    1706182129905,
    1706182130124,
    1706182131110,
    1706182131296,
    1706182132358,
    1706182132512
  ],
  "blockTimestamps": [
    1706182126245,
    1706182129219,
    1706182132219,
    1706182135217,
    1706182138225
  ],
  "blockTimes": [
    1706182126,
    1706182129,
    1706182132,
    1706182135,
    1706182138
  ],
  "blockTransactions": [
    2,
    3,
    5,
    4,
    2
  ],
  "Delays": [
    3423,
    3436,
    5085,
    4709,
    3415,
    6164,
    4950,
    4779,
    3761,
    3374,
    5312,
    5093,
    4107,
    3921,
    5867,
    5713
  ],
  "Throughputs": [
    0.5842827928717499,
    0.7816163826793809,
    1.0641694157709907,
    1.1294876966518759,
    1.0387586833733689
  ],
  "AverageDelays": [
    3429.5,
    4013.6,
    4309.6,
    4394.928571428572,
    4569.3125
  ]
}