{
  "transactionTimestamps": [
    1706182277094,
    1706182278449,
    1706182282137,
    1706182282137,
    1706182282138,
    1706182282137,
    1706182283489,
    1706182283631,
    1706182283788,
    1706182284400,
    1706182284959,
    1706182285100,
    1706182285224,
    1706182283804,
    1706182285835,
    1706182286378,
    1706182286519,
    1706182285342,
    1706182287440,
    1706182287613,
    1706182286348,
    1706182287970,
    1706182289144,
    1706182289271,
    1706182290408,
    1706182290392,
    1706182290858,
    1706182291624,
    1706182291970,
    1706182292200,
    1706182292463,
    1706182293149,
    1706182291231,
    1706182293274,
    1706182293914,
    1706182292917,
    1706182294399,
    1706182294603,
    1706182295211,
    1706182293679,
    1706182295662,
    1706182296131,
    1706182296505,
    1706182296879
  ],
  "blockTimestamps": [
    1706182282215,
    1706182285213,
    1706182288223,
    1706182291222,
    1706182294195,
    1706182297188,
    1706182300193
  ],
  "blockTimes": [
    1706182282,
    1706182285,
    1706182288,
    1706182291,
    1706182294,
    1706182297,
    1706182300
  ],
  "blockTransactions": [
    1,
    1,
    9,
    11,
    5,
    8,
    9
  ],
  "Delays": [
    5121,
    6764,
    6086,
    6086,
    6085,
    6086,
    4734,
    4592,
    4435,
    3823,
    3264,
    6122,
    5998,
    7418,
    5387,
    4844,
    4703,
    5880,
    3782,
    3609,
    4874,
    3252,
    5051,
    4924,
    3787,
    3803,
    3337,
    5564,
    5218,
    4988,
    4725,
    4039,
    5957,
    3914,
    3274,
    7276,
    5794,
    5590,
    4982,
    6514,
    4531,
    4062,
    3688,
    3314
  ],
  "Throughputs": [
    0.19527436047646943,
    0.2463357556349304,
    0.988408662054093,
    1.5571913929784824,
    1.5788550377170927,
    1.7418134766596993,
    1.9048443655569505
  ],
  "AverageDelays": [
    5121,
    5942.5,
    5188.727272727273,
    5133.863636363636,
    4957.2962962962965,
    4900.742857142857,
    4938.113636363636
  ]
}