{
  "transactionTimestamps": [
    1706182258666,
    1706182259319,
    1706182259913,
    1706182260802,
    1706182261366,
    1706182262129,
    1706182262428,
    1706182263474,
    1706182263939,
    1706182264844,
    1706182266361,
    1706182267657,
    1706182269045,
    1706182270279,
    1706182271825,
    1706182272964,
    1706182274105,
    1706182275557
  ],
  "blockTimestamps": [
    1706182264230,
    1706182267229,
    1706182270216,
    1706182273212,
    1706182276224,
    1706182279219
  ],
  "blockTimes": [
    1706182264,
    1706182267,
    1706182270,
    1706182273,
    1706182276,
    1706182279
  ],
  "blockTransactions": [
    4,
    5,
    2,
    2,
    3,
    2
  ],
  "Delays": [
    5564,
    4911,
    4317,
    3428,
    5863,
    5100,
    4801,
    3755,
    3290,
    5372,
    3855,
    5555,
    4167,
    5945,
    4399,
    3260,
    5114,
    3662
  ],
  "Throughputs": [
    0.7189072609633357,
    1.0510335162910194,
    0.9523809523809523,
    0.8937164856317888,
    0.9112655199908873,
    0.8757845569989782
  ],
  "AverageDelays": [
    4555,
    4558.777777777777,
    4568.727272727273,
    4613.692307692308,
    4598.875,
    4575.444444444444
  ]
}