{
  "transactionTimestamps": [
    1706182358146,
    1706182359539,
    1706182361049,
    1706182362185,
    1706182362185,
    1706182362185,
    1706182362186,
    1706182362360,
    1706182363558,
    1706182363573,
    1706182363573,
    1706182363681,
    1706182363917,
    1706182364776,
    1706182364884,
    1706182364838,
    1706182365026,
    1706182365355,
    1706182366117,
    1706182366369,
    1706182366416,
    1706182366460,
    1706182366929,
    1706182367459,
    1706182367818,
    1706182367833,
    1706182367959,
    1706182368554,
    1706182368799,
    1706182369125,
    1706182369125,
    1706182369534,
    1706182369972,
    1706182370206,
    1706182370330,
    1706182370660,
    1706182371129,
    1706182371206,
    1706182371455,
    1706182371737,
    1706182372671,
    1706182372937,
    1706182371987,
    1706182374045,
    1706182375434,
    1706182376763,
    1706182377919
  ],
  "blockTimestamps": [
    1706182363179,
    1706182366184,
    1706182369183,
    1706182372203,
    1706182375786,
    1706182378185,
    1706182381177
  ],
  "blockTimes": [
    1706182363,
    1706182366,
    1706182369,
    1706182372,
    1706182375,
    1706182378,
    1706182381
  ],
  "blockTransactions": [
    2,
    6,
    10,
    11,
    11,
    4,
    3
  ],
  "Delays": [
    5033,
    3640,
    5135,
    3999,
    3999,
    3999,
    3998,
    3824,
    5625,
    5610,
    5610,
    5502,
    5266,
    4407,
    4299,
    4345,
    4157,
    3828,
    6086,
    5834,
    5787,
    5743,
    5274,
    4744,
    4385,
    4370,
    4244,
    3649,
    3404,
    6661,
    6661,
    6252,
    5814,
    5580,
    5456,
    5126,
    4657,
    4580,
    4331,
    4049,
    5514,
    5248,
    6198,
    4140,
    5743,
    4414,
    3258
  ],
  "Throughputs": [
    0.3973773097556129,
    0.9952724558347847,
    1.6308779559662951,
    2.0630290958241444,
    2.2675736961451247,
    2.195718349219023,
    2.0407277148191567
  ],
  "AverageDelays": [
    4336.5,
    4203.375,
    4570.888888888889,
    4682.620689655172,
    4874.075,
    4910.522727272727,
    4882.510638297872
  ]
}