{
  "transactionTimestamps": [
    1706182236306,
    1706182237910,
    1706182238345,
    1706182236717,
    1706182239514,
    1706182240806,
    1706182242120,
    1706182242260,
    1706182243744,
    1706182243803,
    1706182242855,
    1706182243042,
    1706182243679,
    1706182245005,
    1706182245160,
    1706182246360,
    1706182247891,
    1706182246406,
    1706182248643,
    1706182249467,
    1706182249544,
    1706182251086,
    1706182252458,
    1706182252881,
    1706182253599,
    1706182254144,
    1706182254752,
    1706182253600,
    1706182255657,
    1706182256107,
    1706182257199,
    1706182257730
  ],
  "blockTimestamps": [
    1706182243228,
    1706182246220,
    1706182249819,
    1706182252221,
    1706182255215,
    1706182258220,
    1706182261220
  ],
  "blockTimes": [
    1706182243,
    1706182246,
    1706182249,
    1706182252,
    1706182255,
    1706182258,
    1706182261
  ],
  "blockTransactions": [
    5,
    3,
    7,
    4,
    3,
    6,
    4
  ],
  "Delays": [
    6922,
    5318,
    4883,
    6511,
    3714,
    5414,
    4100,
    3960,
    6075,
    6016,
    6964,
    6777,
    6140,
    4814,
    4659,
    5861,
    4330,
    5815,
    3578,
    5748,
    5671,
    4129,
    5762,
    5339,
    4621,
    4076,
    3468,
    4620,
    5563,
    5113,
    4021,
    3490
  ],
  "Throughputs": [
    0.722334585379948,
    0.806939681258826,
    1.110042181602901,
    1.193842287150487,
    1.1634671320535195,
    1.2777220041982293,
    1.2844183992935698
  ],
  "AverageDelays": [
    5469.6,
    5102.75,
    5484.466666666666,
    5360.578947368421,
    5336.318181818182,
    5188.75,
    5108.5
  ]
}