{
  "transactionTimestamps": [
    1706182562253,
    1706182562253,
    1706182563470,
    1706182563532,
    1706182564733,
    1706182565062,
    1706182566201,
    1706182566355,
    1706182567697,
    1706182567760,
    1706182569025,
    1706182569056,
    1706182570147,
    1706182571580,
    1706182570351,
    1706182576201,
    1706182576888
  ],
  "blockTimestamps": [
    1706182567200,
    1706182570186,
    1706182573185,
    1706182576183,
    1706182582178
  ],
  "blockTimes": [
    1706182567,
    1706182570,
    1706182573,
    1706182576,
    1706182582
  ],
  "blockTransactions": [
    4,
    4,
    4,
    3,
    2
  ],
  "Delays": [
    4947,
    4947,
    3730,
    3668,
    5453,
    5124,
    3985,
    3831,
    5488,
    5425,
    4160,
    4129,
    6036,
    4603,
    5832,
    5977,
    5290
  ],
  "Throughputs": [
    0.8085708510208207,
    1.0084457330139922,
    1.097694840834248,
    1.0768126346015794,
    0.8531994981179423
  ],
  "AverageDelays": [
    4323,
    4460.625,
    4573.916666666667,
    4757.2,
    4860.294117647059
  ]
}