{
  "transactionTimestamps": [
    1706182142072,
    1706182143397,
    1706182144720,
    1706182145920,
    1706182147358,
    1706182148945,
    1706182150524,
    1706182151913,
    1706182153198,
    1706182154725
  ],
  "blockTimestamps": [
    1706182147221,
    1706182150218,
    1706182153217,
    1706182156218,
    1706182159223
  ],
  "blockTimes": [
    1706182147,
    1706182150,
    1706182153,
    1706182156,
    1706182159
  ],
  "blockTransactions": [
    2,
    2,
    2,
    2,
    2
  ],
  "Delays": [
    5149,
    3824,
    5498,
    4298,
    5859,
    4272,
    5694,
    4305,
    6025,
    4498
  ],
  "Throughputs": [
    0.38842493688094776,
    0.49103854652590223,
    0.5383580080753702,
    0.5655308921249823,
    0.583056381552096
  ],
  "AverageDelays": [
    4486.5,
    4692.25,
    4816.666666666667,
    4862.375,
    4942.2
  ]
}