{
  "transactionTimestamps": [
    1706182318277,
    1706182317324,
    1706182318838,
    1706182319632,
    1706182317887,
    1706182319975,
    1706182320161,
    1706182320878,
    1706182321394,
    1706182321584,
    1706182320799,
    1706182322162,
    1706182322394,
    1706182322723,
    1706182322953,
    1706182323436,
    1706182323764,
    1706182323968,
    1706182323999,
    1706182322161,
    1706182324091,
    1706182324751,
    1706182325246,
    1706182325339,
    1706182325558,
    1706182324016,
    1706182325994,
    1706182326537,
    1706182326727,
    1706182326961,
    1706182327352,
    1706182327975,
    1706182328362,
    1706182328581,
    1706182328849,
    1706182327866,
    1706182329569,
    1706182329860,
    1706182329890,
    1706182330110,
    1706182330747,
    1706182329190,
    1706182331200,
    1706182331247,
    1706182331542,
    1706182332396,
    1706182332489,
    1706182332553,
    1706182333129,
    1706182333723,
    1706182333910,
    1706182334113,
    1706182334518,
    1706182334861,
    1706182335191,
    1706182335377,
    1706182334737,
    1706182336031
  ],
  "blockTimestamps": [
    1706182324189,
    1706182327188,
    1706182330183,
    1706182333199,
    1706182336197,
    1706182339800
  ],
  "blockTimes": [
    1706182324,
    1706182327,
    1706182330,
    1706182333,
    1706182336,
    1706182339
  ],
  "blockTransactions": [
    8,
    11,
    11,
    9,
    9,
    10
  ],
  "Delays": [
    5912,
    6865,
    5351,
    4557,
    6302,
    4214,
    4028,
    3311,
    5794,
    5604,
    6389,
    5026,
    4794,
    4465,
    4235,
    3752,
    3424,
    3220,
    3189,
    8022,
    6092,
    5432,
    4937,
    4844,
    4625,
    6167,
    4189,
    3646,
    3456,
    3222,
    5847,
    5224,
    4837,
    4618,
    4350,
    5333,
    3630,
    3339,
    3309,
    6087,
    5450,
    7007,
    4997,
    4950,
    4655,
    3801,
    3708,
    3644,
    6671,
    6077,
    5890,
    5687,
    5282,
    4939,
    4609,
    4423,
    5063,
    3769
  ],
  "Throughputs": [
    1.3531799729364005,
    2.1321961620469083,
    2.5197379472534855,
    2.613590671491757,
    2.6785714285714284,
    2.6947916182688285
  ],
  "AverageDelays": [
    5067.5,
    4759.578947368421,
    4835.466666666666,
    4757.717948717948,
    4788.541666666667,
    4866.551724137931
  ]
}