{
  "transactionTimestamps": [
    1706182459350,
    1706182460523,
    1706182461826,
    1706182462202,
    1706182463151,
    1706182463434,
    1706182464993,
    1706182466300,
    1706182467459,
    1706182468819,
    1706182469942,
    1706182476463
  ],
  "blockTimestamps": [
    1706182465180,
    1706182468183,
    1706182471178,
    1706182474182,
    1706182477174,
    1706182480194
  ],
  "blockTimes": [
    1706182465,
    1706182468,
    1706182471,
    1706182474,
    1706182477,
    1706182480
  ],
  "blockTransactions": [
    3,
    4,
    2,
    1,
    1,
    1
  ],
  "Delays": [
    5830,
    4657,
    3354,
    5981,
    5032,
    4749,
    3190,
    4878,
    3719,
    5363,
    7232,
    3731
  ],
  "Throughputs": [
    0.5145797598627787,
    0.7924827351975546,
    0.7609063239770038,
    0.674217907227616,
    0.617145421903052,
    0.5757052389176741
  ],
  "AverageDelays": [
    4613.666666666667,
    4684.714285714285,
    4598.888888888889,
    4675.3,
    4907.727272727273,
    4809.666666666667
  ]
}