{
  "transactionTimestamps": [
    1706182378556,
    1706182379447,
    1706182380130,
    1706182379274,
    1706182380846,
    1706182381614,
    1706182382048,
    1706182382191,
    1706182382191,
    1706182383169,
    1706182383341,
    1706182383394,
    1706182384747,
    1706182384763,
    1706182384967,
    1706182383639,
    1706182385918,
    1706182386274,
    1706182386539,
    1706182387039,
    1706182387740,
    1706182387958,
    1706182389098,
    1706182389101,
    1706182390005,
    1706182388550,
    1706182390657,
    1706182391158,
    1706182390271,
    1706182391905,
    1706182390550,
    1706182392484,
    1706182393481,
    1706182394751,
    1706182395109,
    1706182394010,
    1706182396214,
    1706182396762,
    1706182395656,
    1706182396091,
    1706182398117,
    1706182396887
  ],
  "blockTimestamps": [
    1706182384181,
    1706182387187,
    1706182390188,
    1706182393194,
    1706182396206,
    1706182399191,
    1706182402186
  ],
  "blockTimes": [
    1706182384,
    1706182387,
    1706182390,
    1706182393,
    1706182396,
    1706182399,
    1706182402
  ],
  "blockTransactions": [
    5,
    7,
    7,
    5,
    8,
    4,
    6
  ],
  "Delays": [
    5625,
    4734,
    4051,
    4907,
    3335,
    5573,
    5139,
    4996,
    4996,
    4018,
    3846,
    3793,
    5441,
    5425,
    5221,
    6549,
    4270,
    3914,
    3649,
    6155,
    5454,
    5236,
    4096,
    4093,
    6201,
    7656,
    5549,
    5048,
    5935,
    4301,
    5656,
    3722,
    5710,
    4440,
    4082,
    5181,
    5972,
    5424,
    6530,
    6095,
    4069,
    5299
  ],
  "Throughputs": [
    0.8888888888888888,
    1.3903371567605143,
    1.6334250343878955,
    1.6395682470282826,
    1.813031161473088,
    1.7446086745820206,
    1.7774016081252646
  ],
  "AverageDelays": [
    4530.4,
    4584.416666666667,
    4709.578947368421,
    4771.5,
    4955.75,
    4944.361111111111,
    5033
  ]
}