{
  "transactionTimestamps": [
    1706182297568,
    1706182297692,
    1706182298034,
    1706182299132,
    1706182299208,
    1706182300066,
    1706182300285,
    1706182300545,
    1706182301279,
    1706182301546,
    1706182302146,
    1706182302147,
    1706182302148,
    1706182302049,
    1706182302736,
    1706182300999,
    1706182302923,
    1706182303300,
    1706182303300,
    1706182303409,
    1706182303659,
    1706182304107,
    1706182304498,
    1706182304605,
    1706182304749,
    1706182305075,
    1706182305416,
    1706182305651,
    1706182305712,
    1706182306212,
    1706182306495,
    1706182306790,
    1706182306820,
    1706182307008,
    1706182307430,
    1706182307905,
    1706182307993,
    1706182308195,
    1706182308289,
    1706182308850,
    1706182309305,
    1706182309381,
    1706182309632,
    1706182309897,
    1706182310051,
    1706182310627,
    1706182310893,
    1706182311020,
    1706182311407,
    1706182312155,
    1706182311112,
    1706182312483,
    1706182312767,
    1706182313624,
    1706182314264,
    1706182315170,
    1706182313420,
    1706182315668,
    1706182316404,
    1706182316997,
    1706182317620
  ],
  "blockTimestamps": [
    1706182303178,
    1706182306194,
    1706182309187,
    1706182312782,
    1706182315191,
    1706182318190,
    1706182321185
  ],
  "blockTimes": [
    1706182303,
    1706182306,
    1706182309,
    1706182312,
    1706182315,
    1706182318,
    1706182321
  ],
  "blockTransactions": [
    5,
    12,
    12,
    11,
    9,
    6,
    6
  ],
  "Delays": [
    5610,
    5486,
    5144,
    4046,
    3970,
    6128,
    5909,
    5649,
    4915,
    4648,
    4048,
    4047,
    4046,
    4145,
    3458,
    5195,
    3271,
    5887,
    5887,
    5778,
    5528,
    5080,
    4689,
    4582,
    4438,
    4112,
    3771,
    3536,
    3475,
    6570,
    6287,
    5992,
    5962,
    5774,
    5352,
    4877,
    4789,
    4587,
    4493,
    3932,
    5886,
    5810,
    5559,
    5294,
    5140,
    4564,
    4298,
    4171,
    3784,
    6035,
    7078,
    5707,
    5423,
    4566,
    3926,
    6015,
    7765,
    5517,
    4781,
    4188,
    3565
  ],
  "Throughputs": [
    0.8912655971479501,
    1.970785995826571,
    2.4959118684912642,
    2.6291573550677008,
    2.78045735686319,
    2.667054601881486,
    2.5828852098064954
  ],
  "AverageDelays": [
    4851.2,
    4689.117647058823,
    4706.137931034483,
    4877.325,
    4889.775510204082,
    4951.527272727273,
    4986.311475409836
  ]
}