{
  "transactionTimestamps": [
    1706182542248,
    1706182542247,
    1706182542247,
    1706182543453,
    1706182543734,
    1706182544714,
    1706182544948,
    1706182543828,
    1706182546101,
    1706182546195,
    1706182547425,
    1706182547629,
    1706182548658,
    1706182549812,
    1706182549219,
    1706182550997,
    1706182552217,
    1706182550704,
    1706182553416,
    1706182554630,
    1706182554724,
    1706182552217,
    1706182550704,
    1706182553416,
    1706182554630,
    1706182554724,
    1706182555068,
    1706182555955,
    1706182556223,
    1706182556535,
    1706182555318,
    1706182555972
  ],
  "blockTimestamps": [
    1706182546198,
    1706182549192,
    1706182552202,
    1706182555191,
    1706182558183,
    1706182558186,
    1706182561180
  ],
  "blockTimes": [
    1706182546,
    1706182549,
    1706182552,
    1706182555,
    1706182558,
    1706182558,
    1706182561
  ],
  "blockTransactions": [
    3,
    5,
    4,
    4,
    5,
    5,
    6
  ],
  "Delays": [
    3950,
    3951,
    3951,
    5739,
    5458,
    4478,
    4244,
    5364,
    6101,
    6007,
    4777,
    4573,
    6533,
    5379,
    5972,
    4194,
    5966,
    7479,
    4767,
    3553,
    3459,
    5969,
    7482,
    4770,
    3556,
    3462,
    6112,
    5225,
    4957,
    4645,
    5862,
    5208
  ],
  "Throughputs": [
    0.7594936708860759,
    1.1520737327188941,
    1.2055455093429777,
    1.2361894460326046,
    1.3178537809852526,
    1.631321370309951,
    1.690259877456159
  ],
  "AverageDelays": [
    3950.6666666666665,
    4641.875,
    4882.75,
    5041.9375,
    5042.619047619048,
    5043.615384615385,
    5098.21875
  ]
}