{
  "transactionTimestamps": [
    1706182619177,
    1706182620613,
    1706182622111,
    1706182622284,
    1706182622284,
    1706182623548,
    1706182623565,
    1706182624765,
    1706182626031,
    1706182625001,
    1706182627404,
    1706182628728,
    1706182631641,
    1706182629851,
    1706182632806,
    1706182632205,
    1706182634350,
    1706182635908,
    1706182635954,
    1706182637463,
    1706182636905
  ],
  "blockTimestamps": [
    1706182624192,
    1706182627191,
    1706182630182,
    1706182633187,
    1706182636181,
    1706182639193,
    1706182642179
  ],
  "blockTimes": [
    1706182624,
    1706182627,
    1706182630,
    1706182633,
    1706182636,
    1706182639,
    1706182642
  ],
  "blockTransactions": [
    2,
    5,
    3,
    2,
    3,
    4,
    2
  ],
  "Delays": [
    5015,
    3579,
    5080,
    4907,
    4907,
    3643,
    3626,
    5417,
    4151,
    5181,
    5783,
    4459,
    4540,
    6330,
    3375,
    6988,
    4843,
    3285,
    3239,
    4716,
    5274
  ],
  "Throughputs": [
    0.39880358923230314,
    0.8734714250062392,
    0.9086778736937755,
    0.8565310492505354,
    0.8821453775582215,
    0.9492406075139889,
    0.9129640900791236
  ],
  "AverageDelays": [
    4297,
    4393.857142857143,
    4550.6,
    4645.666666666667,
    4666.2,
    4649.894736842105,
    4682.761904761905
  ]
}