{"a": 0.8, "b": 0.2, "communities0": [[0, 33, 96, 97, 69, 70, 9, 73, 79, 19, 20, 83, 55, 88, 58], [32, 1, 35, 100, 101, 104, 72, 10, 47, 16, 53, 22, 56, 61, 94, 95], [2, 67, 39, 78, 54, 90, 63], [3, 4, 7, 8, 11, 12, 13, 14, 28, 34, 37, 40, 42, 65, 66, 68, 74, 82, 84, 86, 87, 92, 103], [99, 5, 91, 75, 77, 48, 80, 18, 52, 25, 59, 29], [64, 6], [36, 15, 17, 49, 51, 85, 24, 57], [81, 21, 23, 26, 62], [27, 76], [41, 30], [45, 31], [38, 71], [43, 60], [44, 102], [93, 46], [89, 50, 98]], "q0": 0.43871520861650437, "f0": 0.616125003658092}