{"a": 0.3, "b": 0.7, "communities0": [[0, 1, 4, 5, 10, 12, 14, 16, 18, 23, 27, 28, 39, 40, 41, 47, 51, 53, 59, 60, 62, 64, 69, 73, 81], [2, 45], [3, 70, 79, 50, 63], [24, 6], [31, 7], [32, 8, 49, 19, 20, 22, 55, 56, 26, 61, 30], [9, 75, 67], [11, 71], [13, 15], [72, 17], [34, 43, 21], [25, 82, 77], [80, 36, 29, 68], [33, 66, 46], [42, 35, 52, 76], [74, 37], [65, 38], [57, 58, 44, 54], [48, 78]], "communities1": [[0, 1, 4, 5, 10, 12, 14, 16, 18, 23, 27, 28, 39, 40, 41, 47, 51, 53, 59, 60, 62, 64, 69, 73, 81], [2, 45], [3, 70, 79, 50, 63], [24, 6], [7, 31], [32, 8, 49, 19, 20, 22, 55, 56, 26, 61, 30], [9, 67, 75], [11, 71], [13, 15], [72, 17], [34, 43, 21], [25, 82, 77], [80, 36, 29, 68], [33, 66, 46], [42, 35, 52, 76], [74, 37], [65, 38], [57, 44, 54], [48, 58, 78]], "communities2": [[0, 1, 4, 5, 10, 12, 14, 16, 18, 23, 27, 28, 39, 40, 41, 47, 51, 53, 59, 60, 62, 64, 69, 73, 81], [2, 45], [3, 70, 79, 50, 63], [24, 6], [31, 7], [8, 49, 19, 20, 22, 56, 26, 61, 30], [9, 75, 67], [11, 71], [13, 15], [72, 17], [34, 43, 21], [25, 82, 77], [80, 36, 29, 68], [32, 55], [33, 66, 46], [42, 35, 52, 76], [74, 37], [65, 38], [44, 78, 48, 54, 57, 58]], "communities3": [[2, 67, 4, 12, 54], [0, 6, 11, 47, 53], [33, 7, 73, 52, 62], [8, 46, 78, 20, 60], [34, 5, 77, 51, 25], [68, 43, 75, 15, 23], [1, 3, 13, 22, 58], [28, 36, 70, 39], [72, 24, 26, 18], [64, 17, 82, 69], [19, 61, 14, 30], [56, 41, 42, 76], [16, 49, 29, 21], [80, 50, 35, 79], [65, 44, 45, 71], [57, 66, 59, 55], [27, 37, 38, 63], [48, 9, 10, 31], [32, 81, 74, 40]], "q0": 0.43979736530817676, "f0": 0.9062924018269124, "q1": 0.4406202473054289, "f1": 0.9057406359725975}