{
  "transactionTimestamps": [
    1706172438322,
    1706172438322,
    1706172438322,
    1706172438322,
    1706172439922,
    1706172439954,
    1706172439985,
    1706172439645,
    1706172441262,
    1706172441541,
    1706172441572,
    1706172442725,
    1706172442506,
    1706172443035,
    1706172444408,
    1706172444470,
    1706172445560,
    1706172443786,
    1706172445922,
    1706172446028,
    1706172447245,
    1706172447632,
    1706172446298,
    1706172448677,
    1706172448976,
    1706172449969,
    1706172450361,
    1706172450470,
    1706172451701,
    1706172451093
  ],
  "blockTimestamps": [
    1706172444238,
    1706172447256,
    1706172450196,
    1706172453799,
    1706172456277
  ],
  "blockTimes": [
    1706172444,
    1706172447,
    1706172450,
    1706172453,
    1706172456
  ],
  "blockTransactions": [
    8,
    6,
    6,
    5,
    5
  ],
  "Delays": [
    5916,
    5916,
    5916,
    5916,
    4316,
    4284,
    4253,
    4593,
    5994,
    5715,
    5684,
    4531,
    4750,
    4221,
    5788,
    5726,
    4636,
    6410,
    4274,
    4168,
    6554,
    6167,
    7501,
    5122,
    4823,
    6308,
    5916,
    5807,
    4576,
    5184
  ],
  "Throughputs": [
    1.352265043948614,
    1.5670472352809492,
    1.6843523665150748,
    1.6153001227628092,
    1.6708437761069341
  ],
  "AverageDelays": [
    5138.75,
    5143.214285714285,
    5150.35,
    5326.96,
    5365.5
  ]
}