{
  "transactionTimestamps": [
    1706172495178,
    1706172496376,
    1706172498056,
    1706172498355,
    1706172499803,
    1706172501075,
    1706172499304,
    1706172502461,
    1706172504017,
    1706172505649,
    1706172506853,
    1706172505494,
    1706172506637,
    1706172508273,
    1706172511574
  ],
  "blockTimestamps": [
    1706172501218,
    1706172504253,
    1706172507201,
    1706172510217,
    1706172513231,
    1706172516221
  ],
  "blockTimes": [
    1706172501,
    1706172504,
    1706172507,
    1706172510,
    1706172513,
    1706172516
  ],
  "blockTransactions": [
    2,
    3,
    3,
    3,
    3,
    1
  ],
  "Delays": [
    6040,
    4842,
    6197,
    5898,
    4450,
    6126,
    7897,
    4740,
    6200,
    4568,
    3364,
    7737,
    6594,
    4958,
    4647
  ],
  "Throughputs": [
    0.33112582781456956,
    0.5509641873278237,
    0.665391333277884,
    0.7314316111443581,
    0.7754943776657619,
    0.7128261179489617
  ],
  "AverageDelays": [
    5441,
    5485.4,
    5773.75,
    5483.818181818182,
    5686.5,
    5617.2
  ]
}