{
  "transactionTimestamps": [
    1706172472660,
    1706172475260,
    1706172476449,
    1706172478161,
    1706172478340,
    1706172478340,
    1706172478340,
    1706172479891,
    1706172480019,
    1706172480034,
    1706172481458,
    1706172481472,
    1706172481549,
    1706172482726,
    1706172483062,
    1706172483221,
    1706172484154,
    1706172484604,
    1706172484790,
    1706172485522,
    1706172486160,
    1706172486238,
    1706172487142,
    1706172487845,
    1706172488499,
    1706172489108,
    1706172489730,
    1706172490632,
    1706172491380,
    1706172492268,
    1706172492855,
    1706172493741,
    1706172494085
  ],
  "blockTimestamps": [
    1706172480262,
    1706172483840,
    1706172486217,
    1706172489228,
    1706172492817,
    1706172495204,
    1706172498202
  ],
  "blockTimes": [
    1706172480,
    1706172483,
    1706172486,
    1706172489,
    1706172492,
    1706172495,
    1706172498
  ],
  "blockTransactions": [
    3,
    5,
    6,
    6,
    5,
    4,
    4
  ],
  "Delays": [
    7602,
    5002,
    3813,
    5679,
    5500,
    5500,
    5500,
    3949,
    6198,
    6183,
    4759,
    4745,
    4668,
    3491,
    6166,
    6007,
    5074,
    4624,
    4438,
    3706,
    6657,
    6579,
    5675,
    4972,
    4318,
    6096,
    5474,
    4572,
    3824,
    5934,
    5347,
    4461,
    4117
  ],
  "Throughputs": [
    0.39463299131807417,
    0.7155635062611807,
    1.032676845909862,
    1.2071463061323031,
    1.2402639281639132,
    1.286373314407381,
    1.2919896640826873
  ],
  "AverageDelays": [
    5472.333333333333,
    5318.125,
    5184.928571428572,
    5130.2,
    5232.2,
    5199,
    5170.606060606061
  ]
}