{
  "transactionTimestamps": [
    1706172453306,
    1706172454993,
    1706172458329,
    1706172459935,
    1706172458330,
    1706172461525,
    1706172463159,
    1706172464391,
    1706172464407,
    1706172465799,
    1706172465299,
    1706172465829,
    1706172467061,
    1706172468531,
    1706172469825,
    1706172471056,
    1706172472440,
    1706172473702
  ],
  "blockTimestamps": [
    1706172459250,
    1706172462230,
    1706172465800,
    1706172468247,
    1706172471275,
    1706172474206,
    1706172477230
  ],
  "blockTimes": [
    1706172459,
    1706172462,
    1706172465,
    1706172468,
    1706172471,
    1706172474,
    1706172477
  ],
  "blockTransactions": [
    2,
    1,
    3,
    3,
    4,
    2,
    3
  ],
  "Delays": [
    5944,
    4257,
    3901,
    5865,
    7470,
    4275,
    5088,
    3856,
    3840,
    5476,
    5976,
    5446,
    4214,
    5675,
    4381,
    6174,
    4790,
    3528
  ],
  "Throughputs": [
    0.3364737550471063,
    0.3361721201255043,
    0.4802305106451097,
    0.6023693193226691,
    0.7234681952251099,
    0.7177033492822967,
    0.7523825447249624
  ],
  "AverageDelays": [
    5100.5,
    4700.666666666667,
    5285.333333333333,
    4944,
    5046.7692307692305,
    5044.266666666666,
    5008.666666666667
  ]
}