{
  "transactionTimestamps": [
    1706172558371,
    1706172559774,
    1706172558372,
    1706172561161,
    1706172562548,
    1706172564181,
    1706172564540,
    1706172565457,
    1706172565846,
    1706172567514,
    1706172565412,
    1706172568813,
    1706172569993
  ],
  "blockTimestamps": [
    1706172564196,
    1706172567223,
    1706172570245,
    1706172573226,
    1706172576193
  ],
  "blockTimes": [
    1706172564,
    1706172567,
    1706172570,
    1706172573,
    1706172576
  ],
  "blockTransactions": [
    3,
    2,
    6,
    1,
    1
  ],
  "Delays": [
    5825,
    4422,
    5824,
    6062,
    4675,
    6064,
    5705,
    4788,
    4399,
    2731,
    4833,
    4413,
    6200
  ],
  "Throughputs": [
    0.5150214592274678,
    0.5648441030275644,
    0.9263938015832912,
    0.8078088185796028,
    0.7294355291213108
  ],
  "AverageDelays": [
    5357,
    5361.6,
    5029.818181818182,
    4978.416666666667,
    5072.384615384615
  ]
}