{
  "transactionTimestamps": [
    1706172393023,
    1706172393273,
    1706172393102,
    1706172398295,
    1706172398299,
    1706172399320,
    1706172398294,
    1706172399973,
    1706172399974,
    1706172400750,
    1706172401111,
    1706172399865,
    1706172401641,
    1706172402198,
    1706172402451,
    1706172403028,
    1706172404507,
    1706172404604,
    1706172403694,
    1706172405874,
    1706172406047,
    1706172405321,
    1706172407415,
    1706172408725,
    1706172409864,
    1706172410112,
    1706172410741
  ],
  "blockTimestamps": [
    1706172399442,
    1706172402236,
    1706172405836,
    1706172408194,
    1706172411211,
    1706172414253,
    1706172417247
  ],
  "blockTimes": [
    1706172399,
    1706172402,
    1706172405,
    1706172408,
    1706172411,
    1706172414,
    1706172417
  ],
  "blockTransactions": [
    3,
    2,
    8,
    5,
    5,
    1,
    3
  ],
  "Delays": [
    6419,
    6169,
    6340,
    3941,
    3937,
    6516,
    7542,
    5863,
    5862,
    5086,
    4725,
    5971,
    4195,
    5996,
    5743,
    5166,
    3687,
    3590,
    7517,
    5337,
    5164,
    5890,
    3796,
    5528,
    7383,
    7135,
    6506
  ],
  "Throughputs": [
    0.4673625175260944,
    0.5427113860848801,
    1.014594552407711,
    1.1864741941862764,
    1.2645700461842975,
    1.1304757418747056,
    1.1145970937912815
  ],
  "AverageDelays": [
    6309.333333333333,
    5361.2,
    5582,
    5374.888888888889,
    5410.95652173913,
    5415.833333333333,
    5592.740740740741
  ]
}