{
  "transactionTimestamps": [
    1706172578383,
    1706172578382,
    1706172579704,
    1706172579718,
    1706172580949,
    1706172581306,
    1706172582304,
    1706172582705,
    1706172583670,
    1706172584370,
    1706172585257,
    1706172586024
  ],
  "blockTimestamps": [
    1706172582254,
    1706172585196,
    1706172588241,
    1706172591233
  ],
  "blockTimes": [
    1706172582,
    1706172585,
    1706172588,
    1706172591
  ],
  "blockTransactions": [
    2,
    4,
    4,
    2
  ],
  "Delays": [
    3871,
    3872,
    5492,
    5478,
    4247,
    3890,
    5937,
    5536,
    4571,
    3871,
    5976,
    5209
  ],
  "Throughputs": [
    0.5166623611469905,
    0.8806693086745927,
    1.0144045445323595,
    0.933852140077821
  ],
  "AverageDelays": [
    3871.5,
    4475,
    4676.5,
    4829.166666666667
  ]
}