{
  "transactionTimestamps": [
    1706172513163,
    1706172514486,
    1706172512579,
    1706172516011,
    1706172517412,
    1706172518364,
    1706172518363,
    1706172518847,
    1706172520012,
    1706172519794,
    1706172521612,
    1706172525556,
    1706172527048,
    1706172527581,
    1706172526474,
    1706172528607,
    1706172529210,
    1706172528391,
    1706172530649,
    1706172530273
  ],
  "blockTimestamps": [
    1706172519242,
    1706172522242,
    1706172525228,
    1706172528241,
    1706172531208,
    1706172534204,
    1706172537226
  ],
  "blockTimes": [
    1706172519,
    1706172522,
    1706172525,
    1706172528,
    1706172531,
    1706172534,
    1706172537
  ],
  "blockTransactions": [
    3,
    5,
    2,
    1,
    3,
    5,
    1
  ],
  "Delays": [
    6079,
    4756,
    6663,
    6231,
    4830,
    3878,
    3879,
    3395,
    5216,
    5434,
    6629,
    5652,
    4160,
    3627,
    7730,
    5597,
    4994,
    5813,
    3555,
    6953
  ],
  "Throughputs": [
    0.49350222075999345,
    0.881154312148915,
    0.8288437629506838,
    0.7295397267542114,
    0.7758381823219728,
    0.9029989068960601,
    0.8311515604870549
  ],
  "AverageDelays": [
    5832.666666666667,
    4963.875,
    5036.1,
    5180.909090909091,
    5030.642857142857,
    5164.105263157895,
    5253.55
  ]
}