{
  "transactionTimestamps": [
    1706172536592,
    1706172538119,
    1706172538367,
    1706172538368,
    1706172537373,
    1706172539460,
    1706172539617,
    1706172539989,
    1706172540677,
    1706172540817,
    1706172541580,
    1706172542312,
    1706172543073,
    1706172543479,
    1706172542171,
    1706172544365,
    1706172545611,
    1706172548636,
    1706172550067,
    1706172549509
  ],
  "blockTimestamps": [
    1706172540200,
    1706172543206,
    1706172546228,
    1706172549246,
    1706172552263,
    1706172555241
  ],
  "blockTimes": [
    1706172540,
    1706172543,
    1706172546,
    1706172549,
    1706172552,
    1706172555
  ],
  "blockTransactions": [
    1,
    7,
    4,
    5,
    1,
    2
  ],
  "Delays": [
    3608,
    5087,
    4839,
    4838,
    5833,
    3746,
    3589,
    3217,
    5551,
    5411,
    4648,
    3916,
    6173,
    5767,
    7075,
    4881,
    3635,
    3627,
    5174,
    5732
  ],
  "Throughputs": [
    0.2771618625277162,
    1.2095554883580284,
    1.2453300124533002,
    1.3434487118697644,
    1.1486184672324677,
    1.072443562657515
  ],
  "AverageDelays": [
    3608,
    4344.625,
    4523.583333333333,
    4812.588235294118,
    4746.722222222223,
    4817.35
  ]
}