{"a": 0.8, "b": 0.2, "communities0": [[0, 10, 11, 17, 22], [1, 13], [24, 2], [3, 19, 20, 21, 27], [4, 5, 7], [25, 6], [8, 14], [9, 12], [23, 15], [16, 26], [18]], "q0": 0.45128038194444453, "f0": 0.7691656509227359}