{"a": 0.6, "b": 0.4, "communities0": [[0, 4, 36, 44, 48, 19, 54], [32, 1], [2, 35, 34, 39, 41, 47, 16, 21], [3, 5, 7, 59, 10, 27], [66, 12, 20, 6], [8, 37], [9, 43], [49, 11, 62], [61, 13], [51, 14], [24, 17, 15], [65, 18], [58, 22], [64, 23], [25, 63], [26, 60], [53, 28, 45, 52], [56, 29], [38, 30], [57, 31], [33, 46], [40, 55], [42, 50]], "q0": 0.4369237073970358, "f0": 0.905669390162846}