{"a": 0.2, "b": 0.8, "communities0": [[0, 14], [1, 7], [8, 2], [3], [4], [5, 6, 9, 10, 12], [16, 11, 13], [17, 15]], "q0": 0.3896484375, "f0": 0.7280487505022394}