{"a": 0.8, "b": 0.2, "communities0": [[0, 32, 18, 19], [8, 1, 14, 16], [2, 23], [3, 5, 7], [11, 4], [37, 29, 6], [9, 20], [10, 22], [27, 12], [36, 13], [25, 34, 15], [24, 17, 21], [26, 30], [28, 31], [33, 35]], "q0": 0.4497151205259313, "f0": 0.7792823994742583}