{
  "transactionTimestamps": [
    1706083555571,
    1706083554140,
    1706083557138,
    1706083558420,
    1706083558608,
    1706083558610,
    1706083559774,
    1706083560022,
    1706083560052,
    1706083561110,
    1706083561462,
    1706083561477,
    1706083562630,
    1706083562647,
    1706083562801,
    1706083563950,
    1706083563996,
    1706083564121,
    1706083565162,
    1706083565303,
    1706083565345
  ],
  "blockTimestamps": [
    1706083560739,
    1706083563740,
    1706083566737,
    1706083569741
  ],
  "blockTimes": [
    1706083560,
    1706083563,
    1706083566,
    1706083569
  ],
  "blockTransactions": [
    3,
    6,
    6,
    6
  ],
  "Delays": [
    5168,
    6599,
    3601,
    5320,
    5132,
    5130,
    3966,
    3718,
    3688,
    5627,
    5275,
    5260,
    4107,
    4090,
    3936,
    5791,
    5745,
    5620,
    4579,
    4438,
    4396
  ],
  "Throughputs": [
    0.5804953560371516,
    1.1017260374586852,
    1.3433637829124125,
    1.4820042342978124
  ],
  "AverageDelays": [
    5122.666666666667,
    4702.444444444444,
    4707.8,
    4818.380952380952
  ]
}