{
  "transactionTimestamps": [
    1706083408527,
    1706083408527,
    1706083409739,
    1706083409848,
    1706083410953,
    1706083411077,
    1706083412385,
    1706083412665,
    1706083413778,
    1706083413951,
    1706083414932,
    1706083415285
  ],
  "blockTimestamps": [
    1706083413736,
    1706083416739,
    1706083419735
  ],
  "blockTimes": [
    1706083413,
    1706083416,
    1706083419
  ],
  "blockTransactions": [
    4,
    4,
    4
  ],
  "Delays": [
    5209,
    5209,
    3997,
    3888,
    5786,
    5662,
    4354,
    4074,
    5957,
    5784,
    4803,
    4450
  ],
  "Throughputs": [
    0.7679017085813017,
    0.974184120798831,
    1.0706638115631693
  ],
  "AverageDelays": [
    4575.75,
    4772.375,
    4931.083333333333
  ]
}