{
  "transactionTimestamps": [
    1706083029650,
    1706083029667,
    1706083029807,
    1706083030287,
    1706083030860,
    1706083030922,
    1706083030983,
    1706083030999,
    1706083032317,
    1706083032347,
    1706083032440,
    1706083032517,
    1706083033323,
    1706083033325,
    1706083033494,
    1706083033802,
    1706083033881,
    1706083034051,
    1706083034564,
    1706083034736,
    1706083034938,
    1706083035213,
    1706083035260,
    1706083035355,
    1706083035678,
    1706083036126,
    1706083036435,
    1706083036681,
    1706083036758,
    1706083036820,
    1706083036851,
    1706083037626,
    1706083037907,
    1706083037952,
    1706083038028,
    1706083038216,
    1706083039034,
    1706083039234,
    1706083039249,
    1706083039542,
    1706083039726,
    1706083038030,
    1706083040399,
    1706083040499,
    1706083040874,
    1706083041093,
    1706083041975,
    1706083042218,
    1706083042249,
    1706083042265,
    1706083041200,
    1706083043317,
    1706083043629,
    1706083043783,
    1706083043814
  ],
  "blockTimestamps": [
    1706083035746,
    1706083038745,
    1706083041747,
    1706083044739,
    1706083047747
  ],
  "blockTimes": [
    1706083035,
    1706083038,
    1706083041,
    1706083044,
    1706083047
  ],
  "blockTransactions": [
    12,
    12,
    12,
    10,
    9
  ],
  "Delays": [
    6096,
    6079,
    5939,
    5459,
    4886,
    4824,
    4763,
    4747,
    3429,
    3399,
    3306,
    3229,
    5422,
    5420,
    5251,
    4943,
    4864,
    4694,
    4181,
    4009,
    3807,
    3532,
    3485,
    3390,
    6069,
    5621,
    5312,
    5066,
    4989,
    4927,
    4896,
    4121,
    3840,
    3795,
    3719,
    3531,
    5705,
    5505,
    5490,
    5197,
    5013,
    6709,
    4340,
    4240,
    3865,
    3646,
    5772,
    5529,
    5498,
    5482,
    6547,
    4430,
    4118,
    3964,
    3933
  ],
  "Throughputs": [
    1.968503937007874,
    2.638812534359538,
    2.9759444490369513,
    3.048578434621247,
    3.039177764270321
  ],
  "AverageDelays": [
    4679.666666666667,
    4548.083333333333,
    4584.444444444444,
    4668.478260869565,
    4727.690909090909
  ]
}