{
  "transactionTimestamps": [
    1706083573622,
    1706083575052,
    1706083576296,
    1706083577811,
    1706083579106,
    1706083580226,
    1706083581536
  ],
  "blockTimestamps": [
    1706083578736,
    1706083581735,
    1706083584734,
    1706083587733
  ],
  "blockTimes": [
    1706083578,
    1706083581,
    1706083584,
    1706083587
  ],
  "blockTransactions": [
    2,
    2,
    2,
    1
  ],
  "Delays": [
    5114,
    3684,
    5439,
    3924,
    5628,
    4508,
    6197
  ],
  "Throughputs": [
    0.3910833007430583,
    0.4930358683594232,
    0.5399568034557235,
    0.49606689816455246
  ],
  "AverageDelays": [
    4399,
    4540.25,
    4716.166666666667,
    4927.714285714285
  ]
}