{
  "transactionTimestamps": [
    1706083044866,
    1706083044991,
    1706083045160,
    1706083045392,
    1706083046136,
    1706083046385,
    1706083046586,
    1706083046820,
    1706083047337,
    1706083047553,
    1706083047833,
    1706083048332,
    1706083048332,
    1706083048485,
    1706083048985,
    1706083049061,
    1706083048253,
    1706083049708,
    1706083049895,
    1706083050049,
    1706083050167,
    1706083050841,
    1706083051181,
    1706083050812,
    1706083052240,
    1706083052439,
    1706083052579,
    1706083051212,
    1706083051489,
    1706083053375,
    1706083053623,
    1706083054737,
    1706083053746,
    1706083053839,
    1706083055695,
    1706083054380,
    1706083056096,
    1706083055185,
    1706083056986,
    1706083057419,
    1706083057561,
    1706083056414,
    1706083058345,
    1706083058579,
    1706083057777,
    1706083059540
  ],
  "blockTimestamps": [
    1706083050734,
    1706083053757,
    1706083056744,
    1706083059736,
    1706083062732
  ],
  "blockTimes": [
    1706083050,
    1706083053,
    1706083056,
    1706083059,
    1706083062
  ],
  "blockTransactions": [
    10,
    11,
    9,
    8,
    8
  ],
  "Delays": [
    5868,
    5743,
    5574,
    5342,
    4598,
    4349,
    4148,
    3914,
    3397,
    3181,
    5924,
    5425,
    5425,
    5272,
    4772,
    4696,
    5504,
    4049,
    3862,
    3708,
    3590,
    5903,
    5563,
    5932,
    4504,
    4305,
    4165,
    5532,
    5255,
    3369,
    6113,
    4999,
    5990,
    5897,
    4041,
    5356,
    3640,
    4551,
    5746,
    5313,
    5171,
    6318,
    4387,
    4153,
    4955,
    3192
  ],
  "Throughputs": [
    1.7041581458759372,
    2.361939039478124,
    2.5256777235224783,
    2.555480833893746,
    2.5747229374230383
  ],
  "AverageDelays": [
    4611.4,
    4682.9047619047615,
    4762.3,
    4827.789473684211,
    4841.108695652174
  ]
}