{
  "transactionTimestamps": [
    1706083078338,
    1706083078339,
    1706083078339,
    1706083079614,
    1706083078341,
    1706083079720,
    1706083079845,
    1706083080824,
    1706083081178,
    1706083081194,
    1706083082254,
    1706083082363,
    1706083082470,
    1706083080810,
    1706083082317,
    1706083083695,
    1706083083726,
    1706083083771,
    1706083083925,
    1706083085155,
    1706083085172,
    1706083085344,
    1706083085391,
    1706083086494,
    1706083086712,
    1706083086852,
    1706083087861,
    1706083088000,
    1706083088016,
    1706083089405,
    1706083089542
  ],
  "blockTimestamps": [
    1706083083737,
    1706083086736,
    1706083089737,
    1706083092740
  ],
  "blockTimes": [
    1706083083,
    1706083086,
    1706083089,
    1706083092
  ],
  "blockTransactions": [
    7,
    8,
    9,
    7
  ],
  "Delays": [
    5399,
    5398,
    5398,
    4123,
    5396,
    4017,
    3892,
    5912,
    5558,
    5542,
    4482,
    4373,
    4266,
    5926,
    4419,
    6042,
    6011,
    5966,
    5812,
    4582,
    4565,
    4393,
    4346,
    3243,
    6028,
    5888,
    4879,
    4740,
    4724,
    3335,
    3198
  ],
  "Throughputs": [
    1.29653639562882,
    1.78613955703739,
    2.105447846302307,
    2.15247882238578
  ],
  "AverageDelays": [
    4803.285714285715,
    4940.066666666667,
    4960.875,
    4898.4838709677415
  ]
}