{
  "transactionTimestamps": [
    1706083198392,
    1706083198392,
    1706083199757,
    1706083201169,
    1706083202322,
    1706083201185,
    1706083202712,
    1706083203864,
    1706083205283,
    1706083206399,
    1706083205221,
    1706083206492,
    1706083208043,
    1706083207855
  ],
  "blockTimestamps": [
    1706083203732,
    1706083206730,
    1706083209739,
    1706083212746
  ],
  "blockTimes": [
    1706083203,
    1706083206,
    1706083209,
    1706083212
  ],
  "blockTransactions": [
    3,
    3,
    6,
    2
  ],
  "Delays": [
    5340,
    5340,
    3975,
    5561,
    4408,
    5545,
    7027,
    5875,
    4456,
    3340,
    4518,
    3247,
    4703,
    4891
  ],
  "Throughputs": [
    0.5617977528089888,
    0.7195970256656273,
    1.0575482506389355,
    0.9753378849101296
  ],
  "AverageDelays": [
    4885,
    5028.166666666667,
    4886,
    4873.285714285715
  ]
}