{
  "transactionTimestamps": [
    1706082959230,
    1706082959194,
    1706082960564,
    1706082962032,
    1706082961585,
    1706082963074,
    1706082963650,
    1706082964658,
    1706082964999,
    1706082966123,
    1706082965837
  ],
  "blockTimestamps": [
    1706082963738,
    1706082966742,
    1706082969734,
    1706082972742
  ],
  "blockTimes": [
    1706082963,
    1706082966,
    1706082969,
    1706082972
  ],
  "blockTransactions": [
    3,
    3,
    4,
    1
  ],
  "Delays": [
    4508,
    4544,
    3174,
    4710,
    5157,
    3668,
    6084,
    5076,
    4735,
    3611,
    6905
  ],
  "Throughputs": [
    0.6654835847382431,
    0.7987220447284346,
    0.952018278750952,
    0.8140911782119598
  ],
  "AverageDelays": [
    4075.3333333333335,
    4293.5,
    4526.7,
    4742.909090909091
  ]
}