{
  "transactionTimestamps": [
    1706083015312,
    1706083015435,
    1706083014385,
    1706083015636,
    1706083014355,
    1706083016504,
    1706083016723,
    1706083015652,
    1706083017157,
    1706083017963,
    1706083018308,
    1706083018311,
    1706083018599,
    1706083019157,
    1706083018309,
    1706083019481,
    1706083018275,
    1706083019850,
    1706083020080,
    1706083020515,
    1706083020854,
    1706083019820,
    1706083021243,
    1706083021254,
    1706083021817,
    1706083021909,
    1706083020733,
    1706083022262,
    1706083022510,
    1706083022728,
    1706083022976,
    1706083023238,
    1706083023639,
    1706083023809,
    1706083022155,
    1706083024041,
    1706083024194,
    1706083024163,
    1706083025217,
    1706083025341,
    1706083025354,
    1706083025479,
    1706083025557,
    1706083024658,
    1706083026626,
    1706083026672,
    1706083026779,
    1706083026841,
    1706083027989,
    1706083028128,
    1706083028251,
    1706083028298,
    1706083027651,
    1706083029009,
    1706083029492
  ],
  "blockTimestamps": [
    1706083020747,
    1706083023740,
    1706083026734,
    1706083029744,
    1706083032738
  ],
  "blockTimes": [
    1706083020,
    1706083023,
    1706083026,
    1706083029,
    1706083032
  ],
  "blockTransactions": [
    9,
    11,
    12,
    12,
    11
  ],
  "Delays": [
    5435,
    5312,
    6362,
    5111,
    6392,
    4243,
    4024,
    5095,
    3590,
    5777,
    5432,
    5429,
    5141,
    4583,
    5431,
    4259,
    5465,
    3890,
    3660,
    3225,
    5880,
    6914,
    5491,
    5480,
    4917,
    4825,
    6001,
    4472,
    4224,
    4006,
    3758,
    3496,
    6105,
    5935,
    7589,
    5703,
    5550,
    5581,
    4527,
    4403,
    4390,
    4265,
    4187,
    5086,
    6112,
    6066,
    5959,
    5897,
    4749,
    4610,
    4487,
    4440,
    5087,
    3729,
    3246
  ],
  "Throughputs": [
    1.655933762649494,
    2.3730422401518743,
    2.8016109262826125,
    3.048780487804878,
    3.156203374268335
  ],
  "AverageDelays": [
    5062.666666666667,
    4892.8,
    4916.25,
    5014.568181818182,
    5000.418181818181
  ]
}