{
  "transactionTimestamps": [
    1706083183383,
    1706083183384,
    1706083184585,
    1706083185971,
    1706083184985,
    1706083187169,
    1706083189630,
    1706083188313,
    1706083190900,
    1706083190932,
    1706083189860,
    1706083192188,
    1706083192376,
    1706083193341
  ],
  "blockTimestamps": [
    1706083188742,
    1706083191737,
    1706083194731,
    1706083197734
  ],
  "blockTimes": [
    1706083188,
    1706083191,
    1706083194,
    1706083197
  ],
  "blockTransactions": [
    3,
    3,
    5,
    3
  ],
  "Delays": [
    5359,
    5358,
    4157,
    5766,
    6752,
    4568,
    5101,
    6418,
    3831,
    3799,
    4871,
    5546,
    5358,
    4393
  ],
  "Throughputs": [
    0.5598059339428998,
    0.7182188173330142,
    0.9693338033133592,
    0.9755417740923977
  ],
  "AverageDelays": [
    4958,
    5326.666666666667,
    5089.090909090909,
    5091.214285714285
  ]
}