{
  "transactionTimestamps": [
    1706083243425,
    1706083243425,
    1706083243425,
    1706083243426,
    1706083244997,
    1706083245044,
    1706083246494,
    1706083246633,
    1706083245013,
    1706083247052,
    1706083245778,
    1706083247906,
    1706083248016,
    1706083248295,
    1706083248081,
    1706083249289,
    1706083249428,
    1706083249504,
    1706083249613,
    1706083250392,
    1706083250641,
    1706083250687,
    1706083250916,
    1706083251631,
    1706083251753,
    1706083252185,
    1706083252433,
    1706083252754,
    1706083253548,
    1706083253580,
    1706083254171,
    1706083253221
  ],
  "blockTimestamps": [
    1706083248741,
    1706083252342,
    1706083254737,
    1706083257743
  ],
  "blockTimes": [
    1706083248,
    1706083251,
    1706083254,
    1706083257
  ],
  "blockTransactions": [
    6,
    8,
    9,
    9
  ],
  "Delays": [
    5316,
    5316,
    5316,
    5315,
    3744,
    3697,
    5848,
    5709,
    7329,
    5290,
    6564,
    4436,
    4326,
    4047,
    6656,
    5448,
    5309,
    5233,
    5124,
    4345,
    4096,
    4050,
    3821,
    6112,
    5990,
    5558,
    5310,
    4989,
    4195,
    4163,
    3572,
    4522
  ],
  "Throughputs": [
    1.1286681715575622,
    1.570034765055512,
    2.0332390381895333,
    2.2349490152255904
  ],
  "AverageDelays": [
    4784,
    5160.928571428572,
    5058.04347826087,
    5023.3125
  ]
}