{
  "transactionTimestamps": [
    1706083120189,
    1706083121606,
    1706083122975,
    1706083123353,
    1706083123354,
    1706083124203,
    1706083124564,
    1706083124799,
    1706083125324,
    1706083125760,
    1706083125945,
    1706083126729,
    1706083127115,
    1706083127474,
    1706083128421,
    1706083128778,
    1706083129943,
    1706083128266,
    1706083130332,
    1706083133234,
    1706083131828
  ],
  "blockTimestamps": [
    1706083126339,
    1706083128739,
    1706083131743,
    1706083134737,
    1706083137733
  ],
  "blockTimes": [
    1706083125,
    1706083128,
    1706083131,
    1706083134,
    1706083137
  ],
  "blockTransactions": [
    2,
    7,
    6,
    4,
    2
  ],
  "Delays": [
    6150,
    4733,
    5764,
    5386,
    5385,
    4536,
    4175,
    3940,
    3415,
    5983,
    5798,
    5014,
    4628,
    4269,
    3322,
    5959,
    4794,
    6471,
    4405,
    4499,
    5905
  ],
  "Throughputs": [
    0.3252032520325203,
    1.0526315789473684,
    1.2982516877271941,
    1.3060214462469069,
    1.1969904240766074
  ],
  "AverageDelays": [
    5441.5,
    4831.555555555556,
    4833.2,
    4954.0526315789475,
    4977.666666666667
  ]
}