{
  "transactionTimestamps": [
    1706083315105,
    1706083318467,
    1706083318469,
    1706083320001,
    1706083320047,
    1706083321575,
    1706083323074,
    1706083321561,
    1706083324195,
    1706083325380,
    1706083326348,
    1706083324866,
    1706083327734,
    1706083329120
  ],
  "blockTimestamps": [
    1706083320731,
    1706083323739,
    1706083326736,
    1706083329739,
    1706083332743
  ],
  "blockTimes": [
    1706083320,
    1706083323,
    1706083326,
    1706083329,
    1706083332
  ],
  "blockTransactions": [
    1,
    4,
    3,
    4,
    2
  ],
  "Delays": [
    5626,
    5272,
    5270,
    3738,
    3692,
    5161,
    3662,
    5175,
    5544,
    4359,
    3391,
    4873,
    5009,
    3623
  ],
  "Throughputs": [
    0.17774617845716317,
    0.5791058605513087,
    0.6878170406671825,
    0.8200082000820008,
    0.7937407869372944
  ],
  "AverageDelays": [
    5626,
    4719.6,
    4699.5,
    4646.916666666667,
    4599.642857142857
  ]
}