{
  "transactionTimestamps": [
    1706083273442,
    1706083273443,
    1706083273443,
    1706083274609,
    1706083274717,
    1706083274841,
    1706083275727,
    1706083276020,
    1706083276081,
    1706083277296,
    1706083277296,
    1706083277421,
    1706083278712,
    1706083278896,
    1706083278941,
    1706083279995,
    1706083280304,
    1706083280320
  ],
  "blockTimestamps": [
    1706083278735,
    1706083281739,
    1706083284735
  ],
  "blockTimes": [
    1706083278,
    1706083281,
    1706083284
  ],
  "blockTransactions": [
    6,
    6,
    6
  ],
  "Delays": [
    5293,
    5292,
    5292,
    4126,
    4018,
    3894,
    6012,
    5719,
    5658,
    4443,
    4443,
    4318,
    6023,
    5839,
    5794,
    4740,
    4431,
    4415
  ],
  "Throughputs": [
    1.1335726431135462,
    1.4463058936965167,
    1.593907730452493
  ],
  "AverageDelays": [
    4652.5,
    4875.666666666667,
    4986.111111111111
  ]
}