{
  "transactionTimestamps": [
    1706083543595,
    1706083548180,
    1706083546733,
    1706083549576,
    1706083551041
  ],
  "blockTimestamps": [
    1706083548735,
    1706083551735,
    1706083554734,
    1706083557735
  ],
  "blockTimes": [
    1706083548,
    1706083551,
    1706083554,
    1706083557
  ],
  "blockTransactions": [
    1,
    2,
    1,
    1
  ],
  "Delays": [
    5140,
    3555,
    5002,
    5158,
    6694
  ],
  "Throughputs": [
    0.19455252918287938,
    0.36855036855036855,
    0.3590986623574827,
    0.3536067892503536
  ],
  "AverageDelays": [
    5140,
    4565.666666666667,
    4713.75,
    5109.8
  ]
}