{
  "transactionTimestamps": [
    1706083434564,
    1706083437913,
    1706083436793,
    1706083438553,
    1706083438555,
    1706083439890,
    1706083440029,
    1706083441398,
    1706083441490,
    1706083442661,
    1706083443019,
    1706083443813,
    1706083444527,
    1706083445058,
    1706083445896
  ],
  "blockTimestamps": [
    1706083440735,
    1706083443739,
    1706083446748,
    1706083449734
  ],
  "blockTimes": [
    1706083440,
    1706083443,
    1706083446,
    1706083449
  ],
  "blockTransactions": [
    1,
    6,
    4,
    4
  ],
  "Delays": [
    6171,
    5826,
    6946,
    5186,
    5184,
    3849,
    3710,
    5350,
    5258,
    4087,
    3729,
    5921,
    5207,
    4676,
    3838
  ],
  "Throughputs": [
    0.16204829039053636,
    0.7629427792915531,
    0.9028233749179252,
    0.988793671720501
  ],
  "AverageDelays": [
    6171,
    5267.428571428572,
    5026.909090909091,
    4995.866666666667
  ]
}