{
  "transactionTimestamps": [
    1706083300758,
    1706083299371,
    1706083302335,
    1706083303455,
    1706083303455,
    1706083303921,
    1706083304824,
    1706083305165,
    1706083304931,
    1706083306286,
    1706083306425,
    1706083307564,
    1706083307889,
    1706083308916,
    1706083307458,
    1706083309015,
    1706083308931,
    1706083310567,
    1706083312653,
    1706083311283,
    1706083313989
  ],
  "blockTimestamps": [
    1706083305734,
    1706083308743,
    1706083311734,
    1706083314736,
    1706083317733
  ],
  "blockTimes": [
    1706083305,
    1706083308,
    1706083311,
    1706083314,
    1706083317
  ],
  "blockTransactions": [
    3,
    5,
    5,
    5,
    3
  ],
  "Delays": [
    4976,
    6363,
    3399,
    5288,
    5288,
    4822,
    3919,
    3578,
    6803,
    5448,
    5309,
    4170,
    3845,
    5820,
    7278,
    5721,
    5805,
    4169,
    5080,
    6450,
    3744
  ],
  "Throughputs": [
    0.6028938906752411,
    1.0018785222291797,
    1.184402332361516,
    1.2877378738016885,
    1.2371134020618555
  ],
  "AverageDelays": [
    4912.666666666667,
    4704.125,
    4862.153846153846,
    5111.166666666667,
    5108.333333333333
  ]
}