{
  "transactionTimestamps": [
    1706083375792,
    1706083377209,
    1706083378498,
    1706083378499,
    1706083378499,
    1706083378810,
    1706083379649,
    1706083379962,
    1706083380069,
    1706083381018,
    1706083381143,
    1706083381299,
    1706083382187,
    1706083382559,
    1706083382636,
    1706083383884,
    1706083384133,
    1706083383525,
    1706083385394,
    1706083385734,
    1706083387570,
    1706083386220
  ],
  "blockTimestamps": [
    1706083380736,
    1706083383743,
    1706083386737,
    1706083389738,
    1706083392736
  ],
  "blockTimes": [
    1706083380,
    1706083383,
    1706083386,
    1706083389,
    1706083392
  ],
  "blockTransactions": [
    2,
    7,
    6,
    5,
    2
  ],
  "Delays": [
    4944,
    3527,
    5245,
    5244,
    5244,
    4933,
    4094,
    3781,
    3674,
    5719,
    5594,
    5438,
    4550,
    4178,
    4101,
    5854,
    5605,
    6213,
    4344,
    4004,
    5166,
    6516
  ],
  "Throughputs": [
    0.4045307443365696,
    1.1319330901773363,
    1.3704888076747372,
    1.434102968593145,
    1.2983947119924457
  ],
  "AverageDelays": [
    4235.5,
    4520.666666666667,
    4684.4,
    4814.3,
    4907.636363636364
  ]
}