{
  "transactionTimestamps": [
    1706082969639,
    1706082968157,
    1706082970883,
    1706082973269,
    1706082973270,
    1706082974589,
    1706082974743,
    1706082975859,
    1706082976011,
    1706082977095,
    1706082977366,
    1706082978480,
    1706082978669,
    1706082979816,
    1706082980251
  ],
  "blockTimestamps": [
    1706082975740,
    1706082978732,
    1706082981738,
    1706082984733
  ],
  "blockTimes": [
    1706082975,
    1706082978,
    1706082981,
    1706082984
  ],
  "blockTransactions": [
    3,
    4,
    5,
    3
  ],
  "Delays": [
    6101,
    7583,
    4857,
    5463,
    5462,
    4143,
    3989,
    5879,
    5727,
    4643,
    4372,
    3258,
    6064,
    4917,
    4482
  ],
  "Throughputs": [
    0.49172266841501394,
    0.7698229407236336,
    0.9918175055789734,
    0.9937723598780973
  ],
  "AverageDelays": [
    6180.333333333333,
    5371.142857142857,
    5123.083333333333,
    5129.333333333333
  ]
}