{
  "transactionTimestamps": [
    1706083164881,
    1706083168371,
    1706083168372,
    1706083169142,
    1706083168043,
    1706083169654,
    1706083169871,
    1706083170432,
    1706083171224,
    1706083171382,
    1706083172503,
    1706083172764,
    1706083173640,
    1706083174010,
    1706083175038,
    1706083175538
  ],
  "blockTimestamps": [
    1706083170731,
    1706083173739,
    1706083176739,
    1706083179743
  ],
  "blockTimes": [
    1706083170,
    1706083173,
    1706083176,
    1706083179
  ],
  "blockTransactions": [
    1,
    7,
    4,
    4
  ],
  "Delays": [
    5850,
    5368,
    5367,
    4597,
    5696,
    4085,
    3868,
    3307,
    5515,
    5357,
    4236,
    3975,
    6103,
    5733,
    4705,
    4205
  ],
  "Throughputs": [
    0.17094017094017094,
    0.9031384059607134,
    1.011975037949064,
    1.0765711209796798
  ],
  "AverageDelays": [
    5850,
    4767.25,
    4768.416666666667,
    4872.9375
  ]
}