{
  "transactionTimestamps": [
    1706083138360,
    1706083138360,
    1706083138360,
    1706083138360,
    1706083139903,
    1706083140963,
    1706083142038,
    1706083143565,
    1706083142555,
    1706083144835,
    1706083145953,
    1706083144899,
    1706083146032,
    1706083147232,
    1706083147420,
    1706083148602
  ],
  "blockTimestamps": [
    1706083143735,
    1706083143738,
    1706083146733,
    1706083149738,
    1706083152735
  ],
  "blockTimes": [
    1706083143,
    1706083143,
    1706083146,
    1706083149,
    1706083152
  ],
  "blockTransactions": [
    2,
    2,
    3,
    6,
    3
  ],
  "Delays": [
    5375,
    5375,
    5378,
    5378,
    6830,
    5770,
    4695,
    6173,
    7183,
    4903,
    3785,
    4839,
    3706,
    5503,
    5315,
    4133
  ],
  "Throughputs": [
    0.37209302325581395,
    0.7437709185570844,
    0.8360205422190374,
    1.1425558094568464,
    1.1130434782608696
  ],
  "AverageDelays": [
    5375,
    5376.5,
    5543,
    5337.692307692308,
    5271.3125
  ]
}