{
  "transactionTimestamps": [
    1706083528587,
    1706083528587,
    1706083529792,
    1706083530135,
    1706083531165,
    1706083531413,
    1706083532565,
    1706083532706,
    1706083533933,
    1706083534181,
    1706083535346,
    1706083535752
  ],
  "blockTimestamps": [
    1706083533740,
    1706083536744,
    1706083539735
  ],
  "blockTimes": [
    1706083533,
    1706083536,
    1706083539
  ],
  "blockTransactions": [
    4,
    4,
    4
  ],
  "Delays": [
    5153,
    5153,
    3948,
    3605,
    5579,
    5331,
    4179,
    4038,
    5802,
    5554,
    4389,
    3983
  ],
  "Throughputs": [
    0.7762468464971861,
    0.980752727718524,
    1.0764262648008611
  ],
  "AverageDelays": [
    4464.75,
    4623.25,
    4726.166666666667
  ]
}