{
  "transactionTimestamps": [
    1706083228411,
    1706083228411,
    1706083229760,
    1706083229996,
    1706083230993,
    1706083232209,
    1706083231319,
    1706083233584,
    1706083234928,
    1706083234428,
    1706083235781,
    1706083237099,
    1706083238327
  ],
  "blockTimestamps": [
    1706083233733,
    1706083236734,
    1706083239732,
    1706083242732
  ],
  "blockTimes": [
    1706083233,
    1706083236,
    1706083239,
    1706083242
  ],
  "blockTransactions": [
    4,
    4,
    3,
    2
  ],
  "Delays": [
    5322,
    5322,
    3973,
    3737,
    5741,
    4525,
    5415,
    3150,
    4804,
    5304,
    3951,
    5633,
    4405
  ],
  "Throughputs": [
    0.7515971439308531,
    0.9611918779286315,
    0.9716456143450225,
    0.9077578381397947
  ],
  "AverageDelays": [
    4588.5,
    4648.125,
    4658.545454545455,
    4714
  ]
}