{
  "transactionTimestamps": [
    1706083059929,
    1706083060809,
    1706083061042,
    1706083062170,
    1706083062326,
    1706083063341,
    1706083063339,
    1706083063523,
    1706083064582,
    1706083064971,
    1706083064986,
    1706083065702,
    1706083066246,
    1706083066477,
    1706083067175,
    1706083067563,
    1706083067609,
    1706083068715,
    1706083068730,
    1706083069981,
    1706083069996,
    1706083069134,
    1706083071292,
    1706083073336,
    1706083072318
  ],
  "blockTimestamps": [
    1706083065748,
    1706083068738,
    1706083071742,
    1706083074738,
    1706083077733
  ],
  "blockTimes": [
    1706083065,
    1706083068,
    1706083071,
    1706083074,
    1706083077
  ],
  "blockTransactions": [
    5,
    6,
    6,
    6,
    2
  ],
  "Delays": [
    5819,
    4939,
    4706,
    3578,
    3422,
    5397,
    5399,
    5215,
    4156,
    3767,
    3752,
    6040,
    5496,
    5265,
    4567,
    4179,
    4133,
    6023,
    6008,
    4757,
    4742,
    5604,
    3446,
    4397,
    5415
  ],
  "Throughputs": [
    0.8592541673827118,
    1.2487228970371211,
    1.4390925251841191,
    1.5531095955162402,
    1.4041788362165806
  ],
  "AverageDelays": [
    4492.8,
    4559.090909090909,
    4695.882352941177,
    4800.434782608696,
    4808.88
  ]
}