{
  "transactionTimestamps": [
    1706083363494,
    1706083365082,
    1706083366307,
    1706083367904,
    1706083369212,
    1706083370740,
    1706083372034,
    1706083373225,
    1706083374452
  ],
  "blockTimestamps": [
    1706083368737,
    1706083371734,
    1706083374742,
    1706083377735
  ],
  "blockTimes": [
    1706083368,
    1706083371,
    1706083374,
    1706083377
  ],
  "blockTransactions": [
    2,
    2,
    2,
    3
  ],
  "Delays": [
    5243,
    3655,
    5427,
    3830,
    5530,
    4002,
    5701,
    4510,
    3283
  ],
  "Throughputs": [
    0.3814609956131985,
    0.4854368932038835,
    0.5334281650071124,
    0.6319780914261639
  ],
  "AverageDelays": [
    4449,
    4538.75,
    4614.5,
    4575.666666666667
  ]
}