{
  "transactionTimestamps": [
    1706083483563,
    1706083484981,
    1706083486255,
    1706083487735,
    1706083488897,
    1706083490298,
    1706083491622,
    1706083492991,
    1706083494234
  ],
  "blockTimestamps": [
    1706083488735,
    1706083491737,
    1706083494733,
    1706083498331
  ],
  "blockTimes": [
    1706083488,
    1706083491,
    1706083494,
    1706083497
  ],
  "blockTransactions": [
    2,
    2,
    2,
    3
  ],
  "Delays": [
    5172,
    3754,
    5482,
    4002,
    5836,
    4435,
    6709,
    5340,
    4097
  ],
  "Throughputs": [
    0.3866976024748647,
    0.48935649620748717,
    0.5371530886302597,
    0.6094257854821234
  ],
  "AverageDelays": [
    4463,
    4602.5,
    4780.166666666667,
    4980.777777777777
  ]
}