{
  "transactionTimestamps": [
    1706083453557,
    1706083453557,
    1706083455171,
    1706083454906,
    1706083456523,
    1706083457910,
    1706083457526,
    1706083458846,
    1706083459216,
    1706083460385,
    1706083460791,
    1706083461864,
    1706083463313
  ],
  "blockTimestamps": [
    1706083458734,
    1706083461744,
    1706083464739,
    1706083467733
  ],
  "blockTimes": [
    1706083458,
    1706083461,
    1706083464,
    1706083467
  ],
  "blockTransactions": [
    3,
    3,
    5,
    2
  ],
  "Delays": [
    5177,
    5177,
    3563,
    6838,
    5221,
    3834,
    7213,
    5893,
    5523,
    4354,
    3948,
    5869,
    4420
  ],
  "Throughputs": [
    0.5794861889124976,
    0.7328691828508612,
    0.9837238418887497,
    0.9170428893905191
  ],
  "AverageDelays": [
    4639,
    4968.333333333333,
    5158.272727272727,
    5156.153846153846
  ]
}