{
  "transactionTimestamps": [
    1706083513577,
    1706083513577,
    1706083514759,
    1706083514990,
    1706083516313,
    1706083517793,
    1706083516358,
    1706083519343,
    1706083520466,
    1706083520982,
    1706083519561,
    1706083522352,
    1706083523627
  ],
  "blockTimestamps": [
    1706083518734,
    1706083521743,
    1706083524736,
    1706083527730
  ],
  "blockTimes": [
    1706083518,
    1706083521,
    1706083524,
    1706083527
  ],
  "blockTransactions": [
    4,
    3,
    4,
    2
  ],
  "Delays": [
    5157,
    5157,
    3975,
    3744,
    5430,
    3950,
    5385,
    5393,
    4270,
    3754,
    5175,
    5378,
    4103
  ],
  "Throughputs": [
    0.7756447547023463,
    0.8572128337007102,
    0.9857514114167936,
    0.9185331731788313
  ],
  "AverageDelays": [
    4508.25,
    4685.428571428572,
    4671.818181818182,
    4682.384615384615
  ]
}