{
  "transactionTimestamps": [
    1706083393510,
    1706083393510,
    1706083394673,
    1706083395110,
    1706083396106,
    1706083397302,
    1706083396385,
    1706083398752,
    1706083400224,
    1706083399496,
    1706083400849,
    1706083402290,
    1706083403831
  ],
  "blockTimestamps": [
    1706083398741,
    1706083401738,
    1706083404736,
    1706083407735
  ],
  "blockTimes": [
    1706083398,
    1706083401,
    1706083404,
    1706083407
  ],
  "blockTransactions": [
    4,
    3,
    4,
    2
  ],
  "Delays": [
    5231,
    5231,
    4068,
    3631,
    5632,
    4436,
    5353,
    5984,
    4512,
    5240,
    3887,
    5445,
    3904
  ],
  "Throughputs": [
    0.7646721468170522,
    0.850753524550316,
    0.9798681631925885,
    0.913884007029877
  ],
  "AverageDelays": [
    4540.25,
    4797.428571428572,
    4836.818181818182,
    4811.846153846154
  ]
}