{
  "transactionTimestamps": [
    1706083003298,
    1706083003297,
    1706083003303,
    1706083003303,
    1706083004703,
    1706083004843,
    1706083004918,
    1706083004796,
    1706083005989,
    1706083006201,
    1706083006216,
    1706083007164,
    1706083007459,
    1706083007644,
    1706083008515,
    1706083008609,
    1706083008747,
    1706083008839,
    1706083007030,
    1706083009669,
    1706083009999,
    1706083010060,
    1706083010199,
    1706083011481,
    1706083011728,
    1706083012676,
    1706083013078,
    1706083011280,
    1706083011312,
    1706083014060,
    1706083014352
  ],
  "blockTimestamps": [
    1706083008740,
    1706083011745,
    1706083015338,
    1706083017739
  ],
  "blockTimes": [
    1706083008,
    1706083011,
    1706083014,
    1706083017
  ],
  "blockTransactions": [
    7,
    8,
    9,
    7
  ],
  "Delays": [
    5442,
    5443,
    5437,
    5437,
    4037,
    3897,
    3822,
    6949,
    5756,
    5544,
    5529,
    4581,
    4286,
    4101,
    3230,
    6729,
    6591,
    6499,
    8308,
    5669,
    5339,
    5278,
    5139,
    3857,
    6011,
    5063,
    4661,
    6459,
    6427,
    3679,
    3387
  ],
  "Throughputs": [
    1.2862918044836458,
    1.7757783828578195,
    1.993355481727575,
    2.1466657433695726
  ],
  "AverageDelays": [
    4787.857142857143,
    4899.4,
    5287.5,
    5244.741935483871
  ]
}