{
  "transactionTimestamps": [
    1706083495494,
    1706083496771,
    1706083498321,
    1706083498572,
    1706083498572,
    1706083500018,
    1706083500049,
    1706083501183,
    1706083501353,
    1706083502385,
    1706083503675,
    1706083502931,
    1706083505091,
    1706083507053,
    1706083505761,
    1706083508326
  ],
  "blockTimestamps": [
    1706083500740,
    1706083503736,
    1706083506734,
    1706083509735,
    1706083512738
  ],
  "blockTimes": [
    1706083500,
    1706083503,
    1706083506,
    1706083509,
    1706083512
  ],
  "blockTransactions": [
    2,
    5,
    3,
    3,
    3
  ],
  "Delays": [
    5246,
    3969,
    5415,
    5164,
    5164,
    3718,
    3687,
    5551,
    5381,
    4349,
    6060,
    6804,
    4644,
    5685,
    6977,
    4412
  ],
  "Throughputs": [
    0.38124285169653066,
    0.8493084202863381,
    0.8896797153024911,
    0.9128572431711256,
    0.9278589654372535
  ],
  "AverageDelays": [
    4607.5,
    4623.285714285715,
    4764.4,
    5011.692307692308,
    5139.125
  ]
}