{
  "transactionTimestamps": [
    1706083210859,
    1706083213407,
    1706083213408,
    1706083214840,
    1706083214871,
    1706083216131,
    1706083216194,
    1706083217270,
    1706083217487,
    1706083218603,
    1706083218867,
    1706083219958,
    1706083220205
  ],
  "blockTimestamps": [
    1706083215762,
    1706083218736,
    1706083221733,
    1706083224733
  ],
  "blockTimes": [
    1706083215,
    1706083218,
    1706083221,
    1706083224
  ],
  "blockTransactions": [
    1,
    4,
    4,
    4
  ],
  "Delays": [
    4903,
    5329,
    5328,
    3896,
    3865,
    5602,
    5539,
    4463,
    4246,
    6130,
    5866,
    4775,
    4528
  ],
  "Throughputs": [
    0.2039567611666327,
    0.6347594261774787,
    0.8276623137759793,
    0.9370044687905434
  ],
  "AverageDelays": [
    4903,
    4664.2,
    4796.777777777777,
    4959.2307692307695
  ]
}