{
  "transactionTimestamps": [
    1706083423541,
    1706083423541,
    1706083425186,
    1706083428022,
    1706083426667,
    1706083429271,
    1706083429394,
    1706083428195,
    1706083430949,
    1706083430811,
    1706083432097,
    1706083433510,
    1706083433170
  ],
  "blockTimestamps": [
    1706083428735,
    1706083431736,
    1706083434753,
    1706083437733
  ],
  "blockTimes": [
    1706083428,
    1706083431,
    1706083434,
    1706083437
  ],
  "blockTransactions": [
    2,
    2,
    5,
    4
  ],
  "Delays": [
    5194,
    5194,
    6550,
    3714,
    8086,
    5482,
    5359,
    6558,
    3804,
    6922,
    5636,
    4223,
    4563
  ],
  "Throughputs": [
    0.3850596842510589,
    0.4881025015253203,
    0.8027113806635747,
    0.9160090191657272
  ],
  "AverageDelays": [
    5194,
    5163,
    5549,
    5483.461538461538
  ]
}