{
  "transactionTimestamps": [
    1706083149906,
    1706083153363,
    1706083154883,
    1706083156032,
    1706083157264,
    1706083158708,
    1706083159811,
    1706083161040,
    1706083162441,
    1706083163559
  ],
  "blockTimestamps": [
    1706083155728,
    1706083158742,
    1706083161734,
    1706083164738,
    1706083168340
  ],
  "blockTimes": [
    1706083155,
    1706083158,
    1706083161,
    1706083164,
    1706083167
  ],
  "blockTransactions": [
    1,
    2,
    2,
    3,
    2
  ],
  "Delays": [
    5822,
    5379,
    3859,
    5702,
    4470,
    6030,
    4927,
    3698,
    5899,
    4781
  ],
  "Throughputs": [
    0.1717622810030917,
    0.33952014486192844,
    0.42272573554277987,
    0.5393743257820928,
    0.5424758598242377
  ],
  "AverageDelays": [
    5822,
    5020,
    5046.4,
    4985.875,
    5056.7
  ]
}