{
  "transactionTimestamps": [
    1706083090952,
    1706083092071,
    1706083090920,
    1706083093348,
    1706083093347,
    1706083094636,
    1706083095134,
    1706083093749,
    1706083093545,
    1706083096123,
    1706083096696,
    1706083097177,
    1706083095804,
    1706083097723,
    1706083096795,
    1706083098064,
    1706083098188,
    1706083096123,
    1706083096696,
    1706083097177,
    1706083095804,
    1706083097723,
    1706083096795,
    1706083098064,
    1706083098188,
    1706083098625,
    1706083099293,
    1706083099353,
    1706083100213,
    1706083100820,
    1706083098963,
    1706083101475,
    1706083102143,
    1706083100881,
    1706083102890,
    1706083103358,
    1706083103622,
    1706083102239,
    1706083104525
  ],
  "blockTimestamps": [
    1706083095744,
    1706083098741,
    1706083101732,
    1706083101743,
    1706083104738,
    1706083107745
  ],
  "blockTimes": [
    1706083095,
    1706083098,
    1706083101,
    1706083101,
    1706083104,
    1706083107
  ],
  "blockTransactions": [
    3,
    6,
    8,
    8,
    7,
    7
  ],
  "Delays": [
    4792,
    3673,
    4824,
    5393,
    5394,
    4105,
    3607,
    4992,
    5196,
    5609,
    5036,
    4555,
    5928,
    4009,
    4937,
    3668,
    3544,
    5620,
    5047,
    4566,
    5939,
    4020,
    4948,
    3679,
    3555,
    6113,
    5445,
    5385,
    4525,
    3918,
    5775,
    3263,
    5602,
    6864,
    4855,
    4387,
    4123,
    5506,
    3220
  ],
  "Throughputs": [
    0.6260434056761269,
    1.15547567081782,
    1.5769944341372915,
    2.316745436011491,
    2.321195415639054,
    2.3223962365271245
  ],
  "AverageDelays": [
    4429.666666666667,
    4664,
    4662.470588235294,
    4665.44,
    4720.625,
    4759.410256410257
  ]
}