{
  "transactionTimestamps": [
    1706083333479,
    1706083333479,
    1706083334816,
    1706083335052,
    1706083335954,
    1706083336265,
    1706083337495,
    1706083337167,
    1706083338820,
    1706083340375,
    1706083339940,
    1706083341229,
    1706083342511
  ],
  "blockTimestamps": [
    1706083338738,
    1706083341736,
    1706083344739,
    1706083347733
  ],
  "blockTimes": [
    1706083338,
    1706083341,
    1706083344,
    1706083347
  ],
  "blockTransactions": [
    4,
    3,
    5,
    1
  ],
  "Delays": [
    5259,
    5259,
    3922,
    3686,
    5782,
    5471,
    4241,
    7572,
    5919,
    4364,
    4799,
    3510,
    5222
  ],
  "Throughputs": [
    0.7606008746910058,
    0.847765532275645,
    1.0657193605683837,
    0.912024694822506
  ],
  "AverageDelays": [
    4531.5,
    4802.857142857143,
    4982,
    5000.461538461538
  ]
}