{
  "transactionTimestamps": [
    1706083348488,
    1706083348488,
    1706083350012,
    1706083351181,
    1706083352041,
    1706083350919,
    1706083352598,
    1706083353438,
    1706083353980,
    1706083354600,
    1706083355097,
    1706083355905,
    1706083357486
  ],
  "blockTimestamps": [
    1706083353731,
    1706083356740,
    1706083360334,
    1706083362731
  ],
  "blockTimes": [
    1706083353,
    1706083356,
    1706083359,
    1706083362
  ],
  "blockTransactions": [
    3,
    5,
    4,
    1
  ],
  "Delays": [
    5243,
    5243,
    3719,
    5559,
    4699,
    5821,
    4142,
    3302,
    6354,
    5734,
    5237,
    4429,
    5245
  ],
  "Throughputs": [
    0.5721914934197978,
    0.9694619486185166,
    1.0130001688333614,
    0.9127290598890683
  ],
  "AverageDelays": [
    4735,
    4716,
    4956.833333333333,
    4979
  ]
}