{
  "transactionTimestamps": [
    1706083288454,
    1706083289728,
    1706083291204,
    1706083292358,
    1706083294806,
    1706083296240
  ],
  "blockTimestamps": [
    1706083293733,
    1706083296737,
    1706083302733
  ],
  "blockTimes": [
    1706083293,
    1706083296,
    1706083302
  ],
  "blockTransactions": [
    2,
    2,
    2
  ],
  "Delays": [
    5279,
    4005,
    5533,
    4379,
    7927,
    6493
  ],
  "Throughputs": [
    0.37885963250615645,
    0.4829168175781722,
    0.42019749282162616
  ],
  "AverageDelays": [
    4642,
    4799,
    5602.666666666667
  ]
}