{
  "transactionTimestamps": [
    1706083254980,
    1706083255166,
    1706083255630,
    1706083256408,
    1706083256408,
    1706083257058,
    1706083257106,
    1706083257570,
    1706083257604,
    1706083255647,
    1706083258436,
    1706083258625,
    1706083258978,
    1706083259040,
    1706083258438,
    1706083259773,
    1706083259894,
    1706083260206,
    1706083258436,
    1706083262197,
    1706083261049,
    1706083261468,
    1706083261048,
    1706083262690,
    1706083260923,
    1706083263403,
    1706083264213,
    1706083264816,
    1706083264059,
    1706083265641,
    1706083264216,
    1706083265972,
    1706083267171,
    1706083267545,
    1706083268541
  ],
  "blockTimestamps": [
    1706083260738,
    1706083263741,
    1706083266739,
    1706083269734,
    1706083272744
  ],
  "blockTimes": [
    1706083260,
    1706083263,
    1706083266,
    1706083269,
    1706083272
  ],
  "blockTransactions": [
    8,
    11,
    7,
    6,
    3
  ],
  "Delays": [
    5758,
    5572,
    5108,
    4330,
    4330,
    3680,
    3632,
    3168,
    6137,
    8094,
    5305,
    5116,
    4763,
    4701,
    5303,
    3968,
    3847,
    3535,
    5305,
    4542,
    5690,
    5271,
    5691,
    4049,
    5816,
    3336,
    5521,
    4918,
    5675,
    4093,
    5518,
    3762,
    5573,
    5199,
    4203
  ],
  "Throughputs": [
    1.3893713094824591,
    2.1687022029448695,
    2.2110723700994983,
    2.168903348244544,
    1.970276964647602
  ],
  "AverageDelays": [
    4447.25,
    4823.789473684211,
    4847.961538461538,
    4860.4375,
    4871.685714285714
  ]
}