{"a": 0.2, "b": 0.8, "communities0": [[0, 124], [1, 191], [2, 155], [66, 3], [4, 63], [212, 5], [214, 6], [61, 7], [8, 228], [9, 137], [10, 37], [11, 47], [225, 12], [20, 13], [16, 14], [76, 15], [17, 117], [18, 215], [136, 19], [21, 181], [27, 204, 22], [147, 23], [24, 129], [25, 219], [89, 26], [99, 233, 56, 59, 28], [154, 29], [93, 30], [200, 31], [32, 156], [33, 178], [34, 157], [35, 139], [36, 101], [107, 38], [194, 39], [40, 234], [41, 52], [42, 180], [43, 159], [224, 44], [45, 95], [132, 46], [48, 58], [49, 122], [50, 55], [51, 110], [188, 53], [172, 54], [57, 179, 108], [67, 60], [65, 62], [64, 134], [68, 79], [211, 69], [70, 167], [190, 71], [72, 119], [73, 148], [210, 74, 141], [75, 125], [163, 77], [206, 78], [80, 146, 85, 121, 92], [81, 201], [161, 82], [83, 195], [232, 84], [202, 86], [222, 87], [88, 176], [90, 114], [91, 142], [112, 94], [96, 208], [97, 151], [98, 230], [203, 100], [186, 102], [113, 103], [104, 158], [152, 105], [106, 221], [229, 109], [127, 111], [115, 140], [123, 116], [174, 118], [120, 223], [126, 135], [128, 220], [130, 183], [131, 175], [193, 133], [138, 199], [162, 143], [144, 164], [192, 145], [169, 149], [187, 150], [153, 218], [160, 184], [165, 182], [168, 166], [185, 170], [171, 173], [177, 205], [197, 189], [216, 196], [198, 231], [217, 207], [209, 227], [226, 213]], "q0": 0.497319602576234, "f0": 0.9401698385104799}