{"a": 0.2, "b": 0.8, "communities0": [[0, 17, 30], [1, 16, 18, 19, 25, 28, 29], [2], [3], [32, 4, 22], [5], [6, 10, 12, 20, 23, 27], [7], [35, 8, 14, 26, 31], [9, 34], [24, 33, 11, 21], [13, 15]], "q0": 0.40427977839335183, "f0": 0.8011077531548184}