{
  "transactionTimestamps": [
    1706097900672,
    1706097900764,
    1706097901419,
    1706097901811,
    1706097906535,
    1706097907456,
    1706097908268,
    1706097909063,
    1706097910173,
    1706097911289,
    1706097912098,
    1706097913201,
    1706097914026,
    1706097915012
  ],
  "blockTimestamps": [
    1706097906788,
    1706097909780,
    1706097912769,
    1706097915770,
    1706097918768
  ],
  "blockTimes": [
    1706097906,
    1706097909,
    1706097912,
    1706097915,
    1706097918
  ],
  "blockTransactions": [
    4,
    1,
    3,
    3,
    3
  ],
  "Delays": [
    6116,
    6024,
    5369,
    4977,
    3245,
    5313,
    4501,
    3706,
    5597,
    4481,
    3672,
    5567,
    4742,
    3756
  ],
  "Throughputs": [
    0.6540222367560498,
    0.548967940272288,
    0.6613209886748781,
    0.7285733209696649,
    0.7736516357206012
  ],
  "AverageDelays": [
    5621.5,
    5146.2,
    4906.375,
    4818.272727272727,
    4790.428571428572
  ]
}