{
  "transactionTimestamps": [
    1706097802234,
    1706097802250,
    1706097802277,
    1706097806216,
    1706097806045,
    1706097806339,
    1706097806853,
    1706097807036,
    1706097807642,
    1706097807240,
    1706097807981,
    1706097808212,
    1706097808711,
    1706097808964,
    1706097809183,
    1706097809448,
    1706097809802,
    1706097810036
  ],
  "blockTimestamps": [
    1706097807989,
    1706097813792
  ],
  "blockTimes": [
    1706097807,
    1706097813
  ],
  "blockTransactions": [
    10,
    8
  ],
  "Delays": [
    5755,
    5739,
    5712,
    1773,
    1944,
    1650,
    1136,
    953,
    347,
    749,
    5811,
    5580,
    5081,
    4828,
    4609,
    4344,
    3990,
    3756
  ],
  "Throughputs": [
    1.737619461337967,
    1.5573628655476726
  ],
  "AverageDelays": [
    2575.8,
    3542.0555555555557
  ]
}