{
  "transactionTimestamps": [
    1706097945722,
    1706097945128,
    1706097946286,
    1706097946537,
    1706097947300,
    1706097947368,
    1706097948142,
    1706097948434,
    1706097951570,
    1706097951566,
    1706097951566,
    1706097951566,
    1706097952145,
    1706097952328,
    1706097952328,
    1706097952466,
    1706097951430,
    1706097952549,
    1706097952838,
    1706097953190,
    1706097953190,
    1706097951611,
    1706097953335,
    1706097952341,
    1706097953356,
    1706097953629,
    1706097953832,
    1706097954050,
    1706097954063,
    1706097954281,
    1706097954439,
    1706097954658,
    1706097954716,
    1706097954949,
    1706097955157,
    1706097955218,
    1706097955401,
    1706097955631,
    1706097955942,
    1706097955942,
    1706097956277,
    1706097954564,
    1706097956466,
    1706097956643,
    1706097956679,
    1706097956886,
    1706097957247,
    1706097957330,
    1706097957422,
    1706097957766,
    1706097958137,
    1706097958263,
    1706097958435,
    1706097958736,
    1706097958867,
    1706097959344,
    1706097959344,
    1706097959456,
    1706097959659,
    1706097960024,
    1706097960106,
    1706097960374,
    1706097960414
  ],
  "blockTimestamps": [
    1706097951777,
    1706097954773,
    1706097957793,
    1706097960788,
    1706097963777
  ],
  "blockTimes": [
    1706097951,
    1706097954,
    1706097957,
    1706097960,
    1706097963
  ],
  "blockTransactions": [
    5,
    6,
    20,
    18,
    14
  ],
  "Delays": [
    6055,
    6649,
    5491,
    5240,
    4477,
    7405,
    6631,
    6339,
    3203,
    3207,
    3207,
    6227,
    5648,
    5465,
    5465,
    5327,
    6363,
    5244,
    4955,
    4603,
    4603,
    6182,
    4458,
    5452,
    4437,
    4164,
    3961,
    3743,
    3730,
    3512,
    3354,
    6130,
    6072,
    5839,
    5631,
    5570,
    5387,
    5157,
    4846,
    4846,
    4511,
    6224,
    4322,
    4145,
    4109,
    3902,
    3541,
    3458,
    3366,
    6011,
    5640,
    5514,
    5342,
    5041,
    4910,
    4433,
    4433,
    4321,
    4118,
    3753,
    3671,
    3403,
    3363
  ],
  "Throughputs": [
    0.8257638315441784,
    1.2153353220638603,
    2.568138513793389,
    3.252356298951281,
    3.4893381334810303
  ],
  "AverageDelays": [
    5582.4,
    5264,
    4993.451612903225,
    4935.775510204082,
    4854.063492063492
  ]
}