{
  "transactionTimestamps": [
    1706097960712,
    1706097961041,
    1706097961070,
    1706097961828,
    1706097962105,
    1706097962893,
    1706097963077,
    1706097963734,
    1706097964139,
    1706097964513,
    1706097964978,
    1706097965492,
    1706097965734,
    1706097966416,
    1706097966416,
    1706097966580,
    1706097966582,
    1706097967077,
    1706097967090,
    1706097967418,
    1706097967698,
    1706097967954,
    1706097968201,
    1706097968248,
    1706097968339,
    1706097968838,
    1706097969006,
    1706097969346,
    1706097969346,
    1706097969940,
    1706097969989,
    1706097969958,
    1706097970100,
    1706097970628,
    1706097970771,
    1706097970884,
    1706097970922,
    1706097971526,
    1706097971714,
    1706097972554,
    1706097973187,
    1706097974294,
    1706097975087
  ],
  "blockTimestamps": [
    1706097966770,
    1706097969774,
    1706097972776,
    1706097975776,
    1706097978787
  ],
  "blockTimes": [
    1706097966,
    1706097969,
    1706097972,
    1706097975,
    1706097978
  ],
  "blockTransactions": [
    7,
    8,
    14,
    11,
    3
  ],
  "Delays": [
    6058,
    5729,
    5700,
    4942,
    4665,
    3877,
    3693,
    6040,
    5635,
    5261,
    4796,
    4282,
    4040,
    3358,
    3358,
    6196,
    6194,
    5699,
    5686,
    5358,
    5078,
    4822,
    4575,
    4528,
    4437,
    3938,
    3770,
    3430,
    3430,
    5836,
    5787,
    5818,
    5676,
    5148,
    5005,
    4892,
    4854,
    4250,
    4062,
    3222,
    5600,
    4493,
    3700
  ],
  "Throughputs": [
    1.15549686365137,
    1.6552637386890312,
    2.4038461538461537,
    2.655337227827934,
    2.3789764868603043
  ],
  "AverageDelays": [
    4952,
    4762.266666666666,
    4778.448275862069,
    4828.125,
    4812.046511627907
  ]
}