{
  "transactionTimestamps": [
    1706097996602,
    1706097996602,
    1706097997365,
    1706097998127,
    1706097999017,
    1706097997598,
    1706097999766,
    1706098000721,
    1706098001668,
    1706098002656,
    1706098000863,
    1706098003740,
    1706098004611
  ],
  "blockTimestamps": [
    1706098002776,
    1706098005771,
    1706098008769
  ],
  "blockTimes": [
    1706098002,
    1706098005,
    1706098008
  ],
  "blockTransactions": [
    6,
    3,
    4
  ],
  "Delays": [
    6174,
    6174,
    5411,
    4649,
    3759,
    5178,
    6005,
    5050,
    4103,
    6113,
    7906,
    5029,
    4158
  ],
  "Throughputs": [
    0.9718172983479105,
    0.9815683280619478,
    1.0684638777019808
  ],
  "AverageDelays": [
    5224.166666666667,
    5167,
    5362.2307692307695
  ]
}