{
  "transactionTimestamps": [
    1706098056633,
    1706098057851,
    1706098058634,
    1706098059528,
    1706098060396,
    1706098061186,
    1706098061906,
    1706098062658,
    1706098063735,
    1706098064847
  ],
  "blockTimestamps": [
    1706098062776,
    1706098065776,
    1706098068771
  ],
  "blockTimes": [
    1706098062,
    1706098065,
    1706098068
  ],
  "blockTransactions": [
    4,
    3,
    3
  ],
  "Delays": [
    6143,
    4925,
    4142,
    3248,
    5380,
    4590,
    3870,
    6113,
    5036,
    3924
  ],
  "Throughputs": [
    0.6511476477291226,
    0.7656130372962922,
    0.8238589553468446
  ],
  "AverageDelays": [
    4614.5,
    4614,
    4737.1
  ]
}