{
  "transactionTimestamps": [
    1706098041625,
    1706098041628,
    1706098042511,
    1706098042605,
    1706098043186,
    1706098043425,
    1706098043948,
    1706098044426,
    1706098044806,
    1706098045156,
    1706098045727,
    1706098046183
  ],
  "blockTimestamps": [
    1706098047785,
    1706098050769
  ],
  "blockTimes": [
    1706098047,
    1706098050
  ],
  "blockTransactions": [
    8,
    4
  ],
  "Delays": [
    6160,
    6157,
    5274,
    5180,
    4599,
    4360,
    3837,
    3359,
    5963,
    5613,
    5042,
    4586
  ],
  "Throughputs": [
    1.2987012987012987,
    1.3123359580052494
  ],
  "AverageDelays": [
    4865.75,
    5010.833333333333
  ]
}