{
  "transactionTimestamps": [
    1706098011612,
    1706098011612,
    1706098012482,
    1706098012722,
    1706098013197,
    1706098013389,
    1706098014178,
    1706098014193,
    1706098015131,
    1706098015259,
    1706098015946,
    1706098016326
  ],
  "blockTimestamps": [
    1706098017778,
    1706098020771
  ],
  "blockTimes": [
    1706098017,
    1706098020
  ],
  "blockTransactions": [
    8,
    4
  ],
  "Delays": [
    6166,
    6166,
    5296,
    5056,
    4581,
    4389,
    3600,
    3585,
    5640,
    5512,
    4825,
    4445
  ],
  "Throughputs": [
    1.2974375608173856,
    1.3101867016049786
  ],
  "AverageDelays": [
    4854.875,
    4938.416666666667
  ]
}