{
  "transactionTimestamps": [
    1706097916089,
    1706097916902,
    1706097921547,
    1706097921549,
    1706097922430,
    1706097922457,
    1706097923524,
    1706097923553,
    1706097924167,
    1706097924215,
    1706097925086,
    1706097925117,
    1706097925816,
    1706097926095
  ],
  "blockTimestamps": [
    1706097921770,
    1706097924774,
    1706097927789,
    1706097930773
  ],
  "blockTimes": [
    1706097921,
    1706097924,
    1706097927,
    1706097930
  ],
  "blockTransactions": [
    2,
    1,
    7,
    4
  ],
  "Delays": [
    5681,
    4868,
    3227,
    6240,
    5359,
    5332,
    4265,
    4236,
    3622,
    3574,
    5687,
    5656,
    4957,
    4678
  ],
  "Throughputs": [
    0.35205069530012323,
    0.3454231433506045,
    0.8547008547008548,
    0.9534186870062654
  ],
  "AverageDelays": [
    5274.5,
    4592,
    4640.4,
    4813
  ]
}