{
  "transactionTimestamps": [
    1706098065958,
    1706098066686,
    1706098071649,
    1706098071650,
    1706098072653,
    1706098072748,
    1706098073698,
    1706098073714,
    1706098074673,
    1706098074673,
    1706098075371,
    1706098075387,
    1706098076119,
    1706098076135
  ],
  "blockTimestamps": [
    1706098071784,
    1706098077776,
    1706098080776
  ],
  "blockTimes": [
    1706098071,
    1706098077,
    1706098080
  ],
  "blockTransactions": [
    2,
    6,
    6
  ],
  "Delays": [
    5826,
    5098,
    6127,
    6126,
    5123,
    5028,
    4078,
    4062,
    6103,
    6103,
    5405,
    5389,
    4657,
    4641
  ],
  "Throughputs": [
    0.34328870580157916,
    0.6769334912844813,
    0.9447968686732353
  ],
  "AverageDelays": [
    5462,
    5183.5,
    5269
  ]
}