{
  "transactionTimestamps": [
    1706097976023,
    1706097976890,
    1706097977902,
    1706097981597,
    1706097981597,
    1706097982452,
    1706097982656,
    1706097983406,
    1706097983779,
    1706097984483,
    1706097984545,
    1706097985461,
    1706097985491,
    1706097986173,
    1706097986219
  ],
  "blockTimestamps": [
    1706097981768,
    1706097987784,
    1706097990777
  ],
  "blockTimes": [
    1706097981,
    1706097987,
    1706097990
  ],
  "blockTransactions": [
    3,
    8,
    4
  ],
  "Delays": [
    5745,
    4878,
    3866,
    6187,
    6187,
    5332,
    5128,
    4378,
    4005,
    3301,
    3239,
    5316,
    5286,
    4604,
    4558
  ],
  "Throughputs": [
    0.5221932114882506,
    0.9352946178046085,
    1.01667344448963
  ],
  "AverageDelays": [
    4829.666666666667,
    4749.636363636364,
    4800.666666666667
  ]
}