{
  "transactionTimestamps": [
    1706098026611,
    1706098026612,
    1706098027548,
    1706098027596,
    1706098028362,
    1706098028537,
    1706098029002,
    1706098029319,
    1706098029987,
    1706098030144,
    1706098030761,
    1706098030823
  ],
  "blockTimestamps": [
    1706098033385,
    1706098035786
  ],
  "blockTimes": [
    1706098032,
    1706098035
  ],
  "blockTransactions": [
    8,
    4
  ],
  "Delays": [
    6774,
    6773,
    5837,
    5789,
    5023,
    4848,
    4383,
    4066,
    5799,
    5642,
    5025,
    4963
  ],
  "Throughputs": [
    1.1809861234130499,
    1.3079019073569482
  ],
  "AverageDelays": [
    5436.625,
    5410.166666666667
  ]
}