{
  "transactionTimestamps": [
    1706097870654,
    1706097876520,
    1706097876520,
    1706097877405,
    1706097877405,
    1706097878261,
    1706097878416,
    1706097879169,
    1706097879214,
    1706097880010,
    1706097880272,
    1706097881049,
    1706097881408
  ],
  "blockTimestamps": [
    1706097876771,
    1706097882772,
    1706097885772
  ],
  "blockTimes": [
    1706097876,
    1706097882,
    1706097885
  ],
  "blockTransactions": [
    1,
    8,
    4
  ],
  "Delays": [
    6117,
    6252,
    6252,
    5367,
    5367,
    4511,
    4356,
    3603,
    3558,
    5762,
    5500,
    4723,
    4364
  ],
  "Throughputs": [
    0.16347882949158085,
    0.7426968146558838,
    0.8599021034528377
  ],
  "AverageDelays": [
    6117,
    5042.555555555556,
    5056.307692307692
  ]
}