{
  "transactionTimestamps": [
    1706097855661,
    1706097855691,
    1706097856154,
    1706097856391,
    1706097856698,
    1706097857100,
    1706097857115,
    1706097856298,
    1706097857987,
    1706097858140,
    1706097858861,
    1706097858923,
    1706097859593,
    1706097859701,
    1706097860558,
    1706097861462,
    1706097861512,
    1706097861513,
    1706097862441,
    1706097862520,
    1706097862551,
    1706097863286,
    1706097863363,
    1706097863549,
    1706097864177,
    1706097864301,
    1706097864660,
    1706097864923,
    1706097865221,
    1706097865314,
    1706097865806,
    1706097866294,
    1706097866293,
    1706097866776,
    1706097867213,
    1706097867633,
    1706097868255,
    1706097868365,
    1706097869017,
    1706097869158,
    1706097870013,
    1706097870044
  ],
  "blockTimestamps": [
    1706097861784,
    1706097864774,
    1706097867773,
    1706097870773,
    1706097873772
  ],
  "blockTimes": [
    1706097861,
    1706097864,
    1706097867,
    1706097870,
    1706097873
  ],
  "blockTransactions": [
    10,
    7,
    9,
    9,
    7
  ],
  "Delays": [
    6123,
    6093,
    5630,
    5393,
    5086,
    4684,
    4669,
    5486,
    3797,
    3644,
    5913,
    5851,
    5181,
    5073,
    4216,
    3312,
    3262,
    6260,
    5332,
    5253,
    5222,
    4487,
    4410,
    4224,
    3596,
    3472,
    6113,
    5850,
    5552,
    5459,
    4967,
    4479,
    4480,
    3997,
    3560,
    6139,
    5517,
    5407,
    4755,
    4614,
    3759,
    3728
  ],
  "Throughputs": [
    1.6331863465621428,
    1.8654669153955887,
    2.14663143989432,
    2.3160402329274747,
    2.3190326321020374
  ],
  "AverageDelays": [
    5060.5,
    4906.64705882353,
    4833.423076923077,
    4860.742857142857,
    4858.214285714285
  ]
}