{
  "transactionTimestamps": [
    1706097936561,
    1706097936559,
    1706097936559,
    1706097937423,
    1706097937677,
    1706097937696,
    1706097936559,
    1706097938066,
    1706097938422,
    1706097938496,
    1706097938804,
    1706097939198,
    1706097939549,
    1706097939594,
    1706097940129,
    1706097940636,
    1706097940981,
    1706097939265,
    1706097941394,
    1706097941886,
    1706097940524,
    1706097940261,
    1706097942388,
    1706097942628,
    1706097943185,
    1706097943717,
    1706097943942,
    1706097943967,
    1706097944326,
    1706097944639,
    1706097944748,
    1706097943316,
    1706097944996,
    1706097943687,
    1706097945441,
    1706097945479
  ],
  "blockTimestamps": [
    1706097942780,
    1706097945777,
    1706097948776
  ],
  "blockTimes": [
    1706097942,
    1706097945,
    1706097948
  ],
  "blockTransactions": [
    12,
    11,
    13
  ],
  "Delays": [
    6219,
    6221,
    6221,
    5357,
    5103,
    5084,
    6221,
    4714,
    4358,
    4284,
    3976,
    3582,
    6228,
    6183,
    5648,
    5141,
    4796,
    6512,
    4383,
    3891,
    5253,
    5516,
    3389,
    6148,
    5591,
    5059,
    4834,
    4809,
    4450,
    4137,
    4028,
    5460,
    3780,
    5089,
    3335,
    3297
  ],
  "Throughputs": [
    1.929570670525808,
    2.4956597222222223,
    2.9471960704052393
  ],
  "AverageDelays": [
    5111.666666666667,
    5142.608695652174,
    4952.694444444444
  ]
}