{
  "transactionTimestamps": [
    1706097891524,
    1706097891523,
    1706097891524,
    1706097892225,
    1706097892287,
    1706097892365,
    1706097892957,
    1706097893160,
    1706097893332,
    1706097894051,
    1706097894223,
    1706097894255,
    1706097895004,
    1706097895192,
    1706097895379,
    1706097895923,
    1706097896142,
    1706097896439,
    1706097896937,
    1706097897281,
    1706097898011,
    1706097898072,
    1706097898927,
    1706097898958,
    1706097899706,
    1706097899860
  ],
  "blockTimestamps": [
    1706097897782,
    1706097900776,
    1706097903781
  ],
  "blockTimes": [
    1706097897,
    1706097900,
    1706097903
  ],
  "blockTransactions": [
    12,
    8,
    6
  ],
  "Delays": [
    6258,
    6259,
    6258,
    5557,
    5495,
    5417,
    4825,
    4622,
    4450,
    3731,
    3559,
    3527,
    5772,
    5584,
    5397,
    4853,
    4634,
    4337,
    3839,
    3495,
    5770,
    5709,
    4854,
    4823,
    4075,
    3921
  ],
  "Throughputs": [
    1.9175455417066156,
    2.1616947686986596,
    2.121236844252264
  ],
  "AverageDelays": [
    4996.5,
    4893.45,
    4885.423076923077
  ]
}