{"a": 0.4, "b": 0.6, "communities0": [[0, 65, 40, 105, 49, 113, 19, 20, 51, 25, 26, 95], [1, 106, 17], [2, 18], [66, 3, 37, 43, 86], [4, 30], [8, 5], [36, 101, 6, 41, 46, 16, 114, 93], [7, 11, 13, 14, 22, 31, 33, 42, 56, 59, 60, 63, 79, 80, 85, 89, 91, 110, 118, 119, 124], [99, 35, 67, 9, 45, 27], [112, 10], [81, 12], [100, 38, 107, 77, 15, 62, 90, 123, 28, 94], [70, 116, 21, 87, 29], [97, 23], [24, 61, 117], [32, 44], [120, 34, 53, 39], [74, 109, 47], [48, 115], [64, 69, 102, 50, 52, 57, 122, 92], [104, 54], [55, 71], [58, 103], [68, 78], [72, 73, 83, 96], [75, 76, 111], [82, 84], [88, 125], [121, 98], [108, 126]], "q0": 0.4587994449690595, "f0": 0.9490293031773676}