{"a": 0.7, "b": 0.3, "communities0": [[0, 10, 43, 46, 18, 28], [24, 1, 27, 21], [33, 2, 38, 6, 13, 15, 20, 22, 25, 26, 31], [3, 12, 39, 23], [35, 4], [16, 41, 42, 5], [11, 7, 47], [8, 32, 14], [40, 9], [17, 29], [34, 19, 37], [45, 30], [36, 44]], "q0": 0.4468754502187589, "f0": 0.8088993335911403}