{
  "transactionTimestamps": [
    1706075388750,
    1706075389870,
    1706075389887,
    1706075389901,
    1706075389932,
    1706075391158,
    1706075391204,
    1706075391204,
    1706075391389,
    1706075389745,
    1706075392536,
    1706075392598,
    1706075392630,
    1706075392706,
    1706075392784,
    1706075392829,
    1706075391645,
    1706075393819,
    1706075393880,
    1706075393895,
    1706075394081,
    1706075394345,
    1706075392784,
    1706075395033,
    1706075395046,
    1706075393990,
    1706075395606,
    1706075395853,
    1706075394711,
    1706075395030,
    1706075396439,
    1706075396439,
    1706075396609,
    1706075395169,
    1706075397076,
    1706075397417,
    1706075397449,
    1706075396240,
    1706075398017,
    1706075398111,
    1706075398587,
    1706075398618,
    1706075398772,
    1706075399220,
    1706075399342,
    1706075399728,
    1706075399913,
    1706075399991,
    1706075400594,
    1706075400609,
    1706075401335,
    1706075401720,
    1706075402013,
    1706075402494,
    1706075401535,
    1706075403271,
    1706075403485
  ],
  "blockTimestamps": [
    1706075394738,
    1706075397735,
    1706075400740,
    1706075403740,
    1706075406734
  ],
  "blockTimes": [
    1706075394,
    1706075397,
    1706075400,
    1706075403,
    1706075406
  ],
  "blockTransactions": [
    10,
    12,
    15,
    12,
    8
  ],
  "Delays": [
    5988,
    4868,
    4851,
    4837,
    4806,
    3580,
    3534,
    3534,
    3349,
    4993,
    5199,
    5137,
    5105,
    5029,
    4951,
    4906,
    6090,
    3916,
    3855,
    3840,
    3654,
    3390,
    7956,
    5707,
    5694,
    6750,
    5134,
    4887,
    6029,
    5710,
    4301,
    4301,
    4131,
    5571,
    3664,
    3323,
    3291,
    7500,
    5723,
    5629,
    5153,
    5122,
    4968,
    4520,
    4398,
    4012,
    3827,
    3749,
    3146,
    6125,
    5399,
    5014,
    4721,
    4240,
    5199,
    3463,
    3249
  ],
  "Throughputs": [
    1.67000668002672,
    2.448525319977741,
    3.085904920767306,
    3.268845897264843,
    3.1694839857651242
  ],
  "AverageDelays": [
    4434,
    4518.727272727273,
    4753,
    4767.510204081633,
    4754.701754385965
  ]
}