{
  "transactionTimestamps": [
    1706075404000,
    1706075404447,
    1706075403008,
    1706075405577,
    1706075405812,
    1706075404907,
    1706075407167,
    1706075407307,
    1706075407353,
    1706075406069,
    1706075407791,
    1706075407791,
    1706075408522,
    1706075408647,
    1706075408662,
    1706075409036,
    1706075409238,
    1706075409703,
    1706075409904,
    1706075410186,
    1706075410279,
    1706075410618,
    1706075411348,
    1706075411457,
    1706075411535,
    1706075411763,
    1706075411841,
    1706075412463,
    1706075412664,
    1706075412910,
    1706075413112,
    1706075413143,
    1706075413977,
    1706075414225,
    1706075414630,
    1706075415357,
    1706075416724,
    1706075418254
  ],
  "blockTimestamps": [
    1706075409738,
    1706075412743,
    1706075415728,
    1706075418734,
    1706075421739
  ],
  "blockTimes": [
    1706075409,
    1706075412,
    1706075415,
    1706075418,
    1706075421
  ],
  "blockTransactions": [
    6,
    11,
    11,
    8,
    2
  ],
  "Delays": [
    5738,
    5291,
    6730,
    4161,
    3926,
    4831,
    5576,
    5436,
    5390,
    6674,
    4952,
    4952,
    4221,
    4096,
    4081,
    3707,
    3505,
    6025,
    5824,
    5542,
    5449,
    5110,
    4380,
    4271,
    4193,
    3965,
    3887,
    3265,
    6070,
    5824,
    5622,
    5591,
    4757,
    4509,
    4104,
    3377,
    5015,
    3485
  ],
  "Throughputs": [
    1.0456605088881143,
    1.9444126729955393,
    2.387448840381992,
    2.443328356182978,
    2.1421726140143185
  ],
  "AverageDelays": [
    5112.833333333333,
    4898.058823529412,
    4827.785714285715,
    4862,
    4829.789473684211
  ]
}