{
  "transactionTimestamps": [
    1706075467810,
    1706075469289,
    1706075470610,
    1706075472015,
    1706075473572,
    1706075474720,
    1706075476275,
    1706075477549
  ],
  "blockTimestamps": [
    1706075472737,
    1706075475732,
    1706075478729,
    1706075481738
  ],
  "blockTimes": [
    1706075472,
    1706075475,
    1706075478,
    1706075481
  ],
  "blockTransactions": [
    2,
    2,
    2,
    2
  ],
  "Delays": [
    4927,
    3448,
    5122,
    3717,
    5157,
    4009,
    5463,
    4189
  ],
  "Throughputs": [
    0.405926527298559,
    0.5049229992426155,
    0.5495008700430443,
    0.5743825387708213
  ],
  "AverageDelays": [
    4187.5,
    4303.5,
    4396.666666666667,
    4504
  ]
}