{
  "transactionTimestamps": [
    1706075452800,
    1706075452800,
    1706075454120,
    1706075454213,
    1706075455609,
    1706075455609,
    1706075457077,
    1706075456904,
    1706075458416,
    1706075459545,
    1706075459624,
    1706075458178,
    1706075460760
  ],
  "blockTimestamps": [
    1706075457741,
    1706075460735,
    1706075463736,
    1706075466736
  ],
  "blockTimes": [
    1706075457,
    1706075460,
    1706075463,
    1706075466
  ],
  "blockTransactions": [
    4,
    3,
    5,
    1
  ],
  "Delays": [
    4941,
    4941,
    3621,
    3528,
    5126,
    5126,
    3658,
    6832,
    5320,
    4191,
    4112,
    5558,
    5976
  ],
  "Throughputs": [
    0.8095527221210281,
    0.8821676118462508,
    1.097293343087052,
    0.9328358208955224
  ],
  "AverageDelays": [
    4257.75,
    4420.142857142857,
    4746.166666666667,
    4840.7692307692305
  ]
}