{
  "transactionTimestamps": [
    1706075363511,
    1706075363556,
    1706075363588,
    1706075363590,
    1706075365027,
    1706075365042,
    1706075365165,
    1706075364717,
    1706075366313,
    1706075366471,
    1706075366173,
    1706075365895,
    1706075367815,
    1706075367830,
    1706075369138,
    1706075369138,
    1706075369168,
    1706075369184,
    1706075367849,
    1706075367786,
    1706075370255,
    1706075370364,
    1706075370610,
    1706075370640,
    1706075371649,
    1706075371955,
    1706075371972,
    1706075372002,
    1706075372821,
    1706075373257,
    1706075373367,
    1706075373555
  ],
  "blockTimestamps": [
    1706075367733,
    1706075370735,
    1706075373737,
    1706075376737
  ],
  "blockTimes": [
    1706075367,
    1706075370,
    1706075373,
    1706075376
  ],
  "blockTransactions": [
    4,
    6,
    12,
    10
  ],
  "Delays": [
    4222,
    4177,
    4145,
    4143,
    5708,
    5693,
    5570,
    6018,
    4422,
    4264,
    7564,
    7842,
    5922,
    5907,
    4599,
    4599,
    4569,
    4553,
    5888,
    5951,
    3482,
    3373,
    6127,
    6097,
    5088,
    4782,
    4765,
    4735,
    3916,
    3480,
    3370,
    3182
  ],
  "Throughputs": [
    0.9474182851729037,
    1.3842746400885935,
    2.151378838255427,
    2.419476788144564
  ],
  "AverageDelays": [
    4171.75,
    4836.2,
    5118.681818181818,
    4942.28125
  ]
}