{
  "transactionTimestamps": [
    1706075419544,
    1706075420759,
    1706075422795,
    1706075422794,
    1706075422795,
    1706075424217,
    1706075424371,
    1706075424402,
    1706075425352,
    1706075425523,
    1706075425554,
    1706075426499,
    1706075426795,
    1706075427133,
    1706075427707,
    1706075428201,
    1706075428342,
    1706075428917,
    1706075429460,
    1706075429710
  ],
  "blockTimestamps": [
    1706075424726,
    1706075427734,
    1706075430739,
    1706075433740
  ],
  "blockTimes": [
    1706075424,
    1706075427,
    1706075430,
    1706075433
  ],
  "blockTransactions": [
    2,
    6,
    6,
    6
  ],
  "Delays": [
    5182,
    3967,
    4939,
    4940,
    4939,
    3517,
    3363,
    3332,
    5387,
    5216,
    5185,
    4240,
    3944,
    3606,
    6033,
    5539,
    5398,
    4823,
    4280,
    4030
  ],
  "Throughputs": [
    0.3859513701273639,
    0.9768009768009769,
    1.2505582849486379,
    1.4088475626937165
  ],
  "AverageDelays": [
    4574.5,
    4272.375,
    4411.214285714285,
    4593
  ]
}