{
  "transactionTimestamps": [
    1706075437799,
    1706075437799,
    1706075439150,
    1706075439182,
    1706075440641,
    1706075440424,
    1706075442744,
    1706075441684,
    1706075442197,
    1706075443949,
    1706075445118,
    1706075443612,
    1706075445349,
    1706075446234
  ],
  "blockTimestamps": [
    1706075442735,
    1706075445731,
    1706075448735,
    1706075451730
  ],
  "blockTimes": [
    1706075442,
    1706075445,
    1706075448,
    1706075451
  ],
  "blockTransactions": [
    4,
    2,
    7,
    1
  ],
  "Delays": [
    4936,
    4936,
    3585,
    3553,
    5090,
    5307,
    5991,
    7051,
    6538,
    4786,
    3617,
    5123,
    3386,
    5496
  ],
  "Throughputs": [
    0.8103727714748784,
    0.75642965204236,
    1.1887344550109729,
    1.0049529825568875
  ],
  "AverageDelays": [
    4252.5,
    4567.833333333333,
    4915.307692307692,
    4956.785714285715
  ]
}