{"a": 0.3, "b": 0.7, "communities0": [[0, 61], [1, 129, 97, 58, 79, 143, 21, 23, 122, 92, 30], [2, 5, 134, 7, 8, 137, 10, 12, 16, 144, 146, 147, 149, 22, 25, 154, 161, 36, 38, 39, 44, 48, 49, 51, 55, 59, 63, 67, 68, 69, 82, 83, 89, 94, 99, 104, 105, 119], [3, 133, 71, 47, 118, 121], [4, 77], [125, 6], [65, 9, 41, 109, 46, 15, 78, 111, 113, 145, 54, 24, 127], [135, 11, 80, 50, 114, 152, 159], [98, 130, 101, 72, 138, 13, 110, 52, 150, 120, 153, 31, 95, 57], [74, 14], [112, 17], [88, 18, 106], [73, 19], [75, 20], [32, 26, 123], [27, 28], [66, 76, 53, 124, 29], [40, 33], [34, 155, 151], [35, 85], [84, 37], [42, 91], [43, 141], [45, 158], [136, 139, 86, 56, 93], [81, 60], [131, 116, 62], [64, 115], [117, 70], [96, 87], [90, 140], [160, 100], [148, 102], [132, 103], [107, 157], [128, 108], [126, 156, 142]], "q0": 0.46387614817441514, "f0": 0.9213042297425023}