{"a": 0.5, "b": 0.5, "communities0": [[0, 102], [1, 6, 9, 12, 23, 32, 49, 56, 72, 76, 78, 82, 86, 91, 94, 95, 106, 111, 121, 126], [2, 7, 8, 13, 24, 28, 30, 33, 48, 51, 53, 58, 60, 63, 67, 70, 74, 77, 80, 81, 88, 92, 101, 112, 113, 120, 122, 125], [3, 108], [129, 65, 130, 4, 73, 46, 19, 93, 119, 61], [57, 5], [128, 10], [11, 87], [36, 14], [35, 15], [16, 105, 18], [34, 38, 41, 43, 17, 116, 117, 55, 31], [20, 68], [21, 85], [22, 71], [25, 127], [26, 118], [114, 27], [40, 29], [123, 37], [44, 39], [42, 50], [64, 45], [104, 47], [107, 52], [109, 54], [66, 59], [98, 62], [84, 69], [75, 131], [124, 79], [83, 115], [89, 90], [96, 97], [99, 110], [100, 103]], "q0": 0.4505636869855426, "f0": 0.8670344851063138}