{"a": 0.3, "b": 0.7, "communities0": [[0, 9], [1, 25], [2, 3, 6, 7, 8, 11, 15, 28, 41, 42, 43, 48, 51, 52, 54, 55, 58, 59, 63, 66, 72, 74, 75, 76, 80, 82, 84, 85], [64, 33, 4, 38, 73, 45, 78, 47, 83, 20, 86, 24, 26, 30], [36, 5], [16, 65, 10], [12], [17, 13], [44, 14], [18, 31], [81, 19], [40, 21], [29, 22], [57, 23], [27, 60], [32, 56, 71], [34, 39], [35, 61], [37, 70], [68, 46], [49, 69], [50, 77], [53, 79], [67, 62]], "communities1": [[0, 9], [1, 25], [2, 3, 6, 7, 8, 11, 12, 15, 28, 41, 42, 43, 48, 51, 52, 54, 55, 58, 59, 63, 66, 72, 74, 75, 76, 80, 82, 84, 85], [33, 4, 45, 83, 24, 26], [36, 5], [16, 65, 10], [17, 13], [44, 14], [18, 31], [81, 19], [64, 38, 73, 78, 47, 20, 86, 30], [40, 21], [29, 22], [57, 23], [27, 60], [32, 56, 71], [34, 39], [35, 61], [37, 70], [68, 46], [49, 69], [50, 77], [53, 79], [67, 62]], "communities2": [[0, 9], [1, 25], [2, 3, 6, 7, 8, 11, 12, 15, 28, 41, 42, 43, 48, 51, 52, 54, 55, 58, 59, 63, 66, 72, 74, 75, 76, 80, 82, 84, 85], [33, 4, 45, 83, 24, 26], [36, 5], [16, 65, 10], [17, 13], [44, 14], [18, 31], [81, 19], [78, 20, 38], [40, 21], [29, 22], [57, 23], [27, 60], [86, 30], [32, 56, 71], [34, 39], [35, 61], [37, 70], [68, 46], [64, 73, 47], [49, 69], [50, 77], [53, 79], [67, 62]], "communities3": [[24, 9, 37, 71], [0, 65, 36, 47], [38, 32, 34, 70], [56, 60, 45, 23], [75, 85, 53, 46], [40, 58, 13, 30], [81, 1, 50, 27], [16, 61, 29, 78], [64, 82, 35, 5], [26, 11, 84, 79], [48, 33, 76, 21], [19, 52, 14, 39], [2, 4, 28, 68], [49, 83, 62, 6], [72, 18, 67, 86], [80, 51, 22], [25, 63, 15], [57, 77, 55], [17, 66, 44], [3, 69, 7], [42, 54, 31], [8, 73, 12], [41, 10, 59], [74, 43, 20]], "q0": 0.46314419442295174, "f0": 0.6752365942977812, "q1": 0.4673884406260892, "f1": 0.6702443793643456}