{"a": 0.6, "b": 0.4, "communities0": [[0, 69, 8, 59, 11, 14, 82, 88, 89, 56, 91, 28], [16, 1], [72, 2, 50, 31], [3, 4, 70, 71, 40, 9, 18, 84, 60, 61], [38, 5, 86], [67, 6, 51, 55, 29], [83, 7], [33, 35, 36, 68, 26, 10, 44, 76, 79, 49, 19, 20, 21, 54, 57, 58], [12, 15], [13, 53], [80, 17, 52], [66, 22, 39], [75, 23], [24, 43], [25, 45, 87], [42, 27], [41, 30], [32, 47], [81, 34], [74, 37, 78], [92, 46], [48, 65], [90, 62], [93, 63], [64, 85], [73, 77]], "q0": 0.4461201941931383, "f0": 0.9494541407763158}