{"a": 0.6, "b": 0.4, "communities0": [[0, 10, 11], [1, 12], [2, 18, 22, 15], [3, 7], [16, 17, 4, 5], [20, 6], [8, 9], [21, 13], [19, 14]], "q0": 0.4394683799445705, "f0": 0.7620917676075528}