{"a": 0.3, "b": 0.7, "communities0": [[0, 2, 5, 6, 9, 11, 13], [1, 14], [3, 15, 7], [4, 12], [8, 10], [16, 17]], "q0": 0.3712244897959184, "f0": 0.6946203891106617}