{"a": 0.7, "b": 0.3, "communities0": [[0, 1, 3, 6, 7, 9, 11, 12, 14, 16, 18, 19, 22, 23, 26, 29, 30, 31, 36, 37, 38, 41, 42, 43, 47, 48, 50, 52, 53, 55, 56, 57, 59, 60, 63, 65, 66, 69, 73, 74, 75, 76, 77, 78, 79, 83, 86, 87, 88, 94], [40, 2], [81, 4], [72, 5, 39], [8, 45], [10, 92], [97, 71, 44, 13, 21, 61, 95], [64, 34, 35, 15, 49, 90, 27, 28], [17, 54], [80, 20], [70, 24, 89, 58, 93], [25, 67], [32, 85], [33, 84], [82, 46], [51, 68], [96, 62], [98, 91]], "q0": 0.3561814979469279, "f0": 0.9263921384134611}