{"a": 0.5, "b": 0.5, "communities0": [[0, 18], [32, 1], [2, 12], [10, 3, 4], [5, 20, 25, 26, 27], [9, 6], [13, 7], [8, 31], [24, 11], [28, 14], [17, 15], [16, 19], [21, 22], [30, 23], [29]], "q0": 0.4360879904875149, "f0": 0.8125969620904779}