{"a": 0.4, "b": 0.6, "communities0": [[0, 60], [1, 2, 4, 6, 7, 8, 9, 10, 14, 15, 16, 18, 22, 23, 29, 30, 32, 33, 34, 37, 38, 40, 42, 49, 55, 58, 59, 62, 66, 77, 79], [3, 70, 72, 17, 52, 24], [20, 5, 68], [11, 21, 47], [65, 12, 76], [64, 69, 75, 13, 48, 53, 61], [41, 67, 19, 46], [73, 43, 51, 25, 26, 27, 28, 63], [44, 31], [35, 39, 74, 45, 80], [36, 54], [57, 50, 71], [56, 78]], "q0": 0.4205955367684264, "f0": 0.9228405928172065}