{"a": 0.3, "b": 0.7, "communities0": [[0, 8, 26, 22], [1, 34, 27, 33], [2, 30], [24, 3], [4, 36, 43, 14, 47, 20, 23, 59], [5, 53], [38, 6, 15], [32, 35, 7, 40, 9, 11, 46, 17, 18, 50, 21, 54, 55, 25, 28, 29], [10, 63], [12, 44], [64, 13], [16, 31], [19, 37], [56, 58, 39], [41, 49], [48, 42, 52, 62], [57, 51, 45], [60, 61]], "q0": 0.4218810281635803, "f0": 0.9113069441254348}