{
  "transactionTimestamps": [
    1706177760214,
    1706177760242,
    1706177761737,
    1706177763110,
    1706177761737,
    1706177764575,
    1706177765873,
    1706177767071,
    1706177768249,
    1706177768281,
    1706177769506,
    1706177769536,
    1706177768853,
    1706177771032
  ],
  "blockTimestamps": [
    1706177765819,
    1706177768215,
    1706177771210,
    1706177774212,
    1706177777221
  ],
  "blockTimes": [
    1706177765,
    1706177768,
    1706177771,
    1706177774,
    1706177777
  ],
  "blockTransactions": [
    3,
    3,
    2,
    5,
    1
  ],
  "Delays": [
    5605,
    5577,
    4082,
    5105,
    6478,
    3640,
    5337,
    4139,
    5963,
    5931,
    4706,
    4676,
    5359,
    6189
  ],
  "Throughputs": [
    0.535236396074933,
    0.7499062617172854,
    0.7275372862859221,
    0.928704100585798,
    0.8231904509907685
  ],
  "AverageDelays": [
    5088,
    5081.166666666667,
    4995.375,
    5122.923076923077,
    5199.071428571428
  ]
}