{
  "transactionTimestamps": [
    1706177835310,
    1706177836931,
    1706177838280,
    1706177839468,
    1706177839469,
    1706177839468,
    1706177839730,
    1706177840850,
    1706177841050,
    1706177839469,
    1706177841054,
    1706177841144,
    1706177842030,
    1706177842548,
    1706177842672,
    1706177842720,
    1706177843201,
    1706177843871,
    1706177844136,
    1706177844338,
    1706177845211,
    1706177845278,
    1706177845725,
    1706177845756,
    1706177844712,
    1706177846455,
    1706177846795,
    1706177847325,
    1706177847901,
    1706177848305,
    1706177846564,
    1706177848553,
    1706177847356,
    1706177849256,
    1706177849661,
    1706177850237,
    1706177850846,
    1706177851458,
    1706177851035,
    1706177852249,
    1706177852827,
    1706177851661,
    1706177853462,
    1706177853977,
    1706177854367
  ],
  "blockTimestamps": [
    1706177840225,
    1706177843232,
    1706177846227,
    1706177849216,
    1706177852227,
    1706177855217,
    1706177858217
  ],
  "blockTimes": [
    1706177840,
    1706177843,
    1706177846,
    1706177849,
    1706177852,
    1706177855,
    1706177858
  ],
  "blockTransactions": [
    2,
    5,
    9,
    8,
    8,
    6,
    7
  ],
  "Delays": [
    4915,
    3294,
    4952,
    3764,
    3763,
    3764,
    3502,
    5377,
    5177,
    6758,
    5173,
    5083,
    4197,
    3679,
    3555,
    3507,
    6015,
    5345,
    5080,
    4878,
    4005,
    3938,
    3491,
    3460,
    7515,
    5772,
    5432,
    4902,
    4326,
    3922,
    5663,
    3674,
    7861,
    5961,
    5556,
    4980,
    4371,
    3759,
    7182,
    5968,
    5390,
    6556,
    4755,
    4240,
    3850
  ],
  "Throughputs": [
    0.4069175991861648,
    0.8836152486745772,
    1.4656041036914904,
    1.7258737235725585,
    1.8915883430868357,
    1.9088762746772492,
    1.9644650106954207
  ],
  "AverageDelays": [
    4104.5,
    3993.4285714285716,
    4403.75,
    4444.666666666667,
    4621.1875,
    4746.473684210527,
    4851.266666666666
  ]
}