{
  "transactionTimestamps": [
    1706177975684,
    1706177976121,
    1706177977022,
    1706177977380,
    1706177975405,
    1706177978322,
    1706177978556,
    1706177979550,
    1706177979553,
    1706177979721,
    1706177980837,
    1706177980821,
    1706177982005,
    1706177982238,
    1706177983379,
    1706177983707,
    1706177984861,
    1706177985220,
    1706177986001,
    1706177986500,
    1706177987295,
    1706177988496,
    1706177987919,
    1706177994004
  ],
  "blockTimestamps": [
    1706177981213,
    1706177984215,
    1706177987219,
    1706177990217,
    1706177993210,
    1706177999214
  ],
  "blockTimes": [
    1706177981,
    1706177984,
    1706177987,
    1706177990,
    1706177993,
    1706177999
  ],
  "blockTransactions": [
    5,
    7,
    4,
    4,
    3,
    1
  ],
  "Delays": [
    5529,
    5092,
    4191,
    3833,
    5808,
    5893,
    5659,
    4665,
    4662,
    4494,
    3378,
    3394,
    5214,
    4981,
    3840,
    3512,
    5356,
    4997,
    4216,
    3717,
    5915,
    4714,
    5291,
    5210
  ],
  "Throughputs": [
    0.9043226623259178,
    1.4066346266557261,
    1.387082791504118,
    1.376178352714512,
    1.3123359580052494,
    1.019974500637484
  ],
  "AverageDelays": [
    4890.6,
    4716.5,
    4634.0625,
    4621.55,
    4710.913043478261,
    4731.708333333333
  ]
}