{
  "transactionTimestamps": [
    1706177876620,
    1706177879489,
    1706177879490,
    1706177877913,
    1706177880857,
    1706177880888,
    1706177882053,
    1706177882408,
    1706177883668,
    1706177883918,
    1706177884680,
    1706177885241,
    1706177885287,
    1706177886282,
    1706177885241,
    1706177886749,
    1706177886765,
    1706177887854,
    1706177887963,
    1706177887950,
    1706177889321,
    1706177889479,
    1706177889521,
    1706177890863,
    1706177892033,
    1706177893623
  ],
  "blockTimestamps": [
    1706177882224,
    1706177885209,
    1706177888226,
    1706177891224,
    1706177894225,
    1706177897211
  ],
  "blockTimes": [
    1706177882,
    1706177885,
    1706177888,
    1706177891,
    1706177894,
    1706177897
  ],
  "blockTransactions": [
    1,
    5,
    5,
    8,
    5,
    2
  ],
  "Delays": [
    5604,
    5720,
    5719,
    7296,
    4352,
    4321,
    6173,
    5818,
    4558,
    4308,
    3546,
    5983,
    5937,
    4942,
    5983,
    4475,
    4459,
    3370,
    3261,
    6275,
    4904,
    4746,
    4704,
    3362,
    5178,
    3588
  ],
  "Throughputs": [
    0.17844396859386152,
    0.6985679357317499,
    0.9477856281233845,
    1.3010134209805533,
    1.3632490769667707,
    1.2626875819532806
  ],
  "AverageDelays": [
    5604,
    5502,
    5219.545454545455,
    5043.421052631579,
    4992.333333333333,
    4945.461538461538
  ]
}