{
  "transactionTimestamps": [
    1706177777384,
    1706177778914,
    1706177778148,
    1706177780406,
    1706177779426,
    1706177779432,
    1706177785467,
    1706177785531,
    1706177786696,
    1706177787145,
    1706177786035,
    1706177786528,
    1706177788001,
    1706177788329,
    1706177789857,
    1706177789606,
    1706177791290,
    1706177792568,
    1706177794097
  ],
  "blockTimestamps": [
    1706177783233,
    1706177786231,
    1706177789215,
    1706177792218,
    1706177795215,
    1706177798216
  ],
  "blockTimes": [
    1706177783,
    1706177786,
    1706177789,
    1706177792,
    1706177795,
    1706177798
  ],
  "blockTransactions": [
    3,
    3,
    2,
    6,
    3,
    2
  ],
  "Delays": [
    5849,
    4319,
    5085,
    5825,
    6805,
    6799,
    3748,
    3684,
    5522,
    5073,
    6183,
    5690,
    4217,
    3889,
    5358,
    5609,
    3925,
    5648,
    4119
  ],
  "Throughputs": [
    0.5129081894340913,
    0.678195998643608,
    0.6761896712027724,
    0.943777807738978,
    0.9533957714093433,
    0.9120583717357911
  ],
  "AverageDelays": [
    5084.333333333333,
    5780.333333333333,
    5264.25,
    5192,
    5151.764705882353,
    5123.526315789473
  ]
}