{
  "transactionTimestamps": [
    1706177994616,
    1706177999562,
    1706177999562,
    1706178001075,
    1706178001245,
    1706178002382,
    1706178002412,
    1706178003952,
    1706178003768,
    1706178005277,
    1706178006634,
    1706178008277,
    1706178009660,
    1706178009831,
    1706178011070,
    1706178010366,
    1706178012287
  ],
  "blockTimestamps": [
    1706178002216,
    1706178005221,
    1706178008218,
    1706178011214,
    1706178014221,
    1706178017213
  ],
  "blockTimes": [
    1706178002,
    1706178005,
    1706178008,
    1706178011,
    1706178014,
    1706178017
  ],
  "blockTransactions": [
    1,
    4,
    3,
    3,
    3,
    3
  ],
  "Delays": [
    7600,
    5659,
    5659,
    4146,
    3976,
    5836,
    5806,
    4266,
    7446,
    5937,
    4580,
    5944,
    4561,
    4390,
    6143,
    6847,
    4926
  ],
  "Throughputs": [
    0.13157894736842105,
    0.47147571900047147,
    0.5881488016468166,
    0.6627304494517412,
    0.7141035450140271,
    0.7523122538390051
  ],
  "AverageDelays": [
    7600,
    5408,
    5368.5,
    5537.363636363636,
    5414.714285714285,
    5513.058823529412
  ]
}