{
  "transactionTimestamps": [
    1706178035391,
    1706178037014,
    1706178038558,
    1706178039792,
    1706178041362,
    1706178039571,
    1706178042598,
    1706178044140,
    1706178045468,
    1706178046171,
    1706178047108,
    1706178047557,
    1706178054491,
    1706178055649
  ],
  "blockTimestamps": [
    1706178041213,
    1706178044216,
    1706178047220,
    1706178050219,
    1706178053204,
    1706178059223
  ],
  "blockTimes": [
    1706178041,
    1706178044,
    1706178047,
    1706178050,
    1706178053,
    1706178059
  ],
  "blockTransactions": [
    2,
    2,
    3,
    3,
    2,
    2
  ],
  "Delays": [
    5822,
    4199,
    5658,
    4424,
    5858,
    7649,
    4622,
    6079,
    4751,
    4048,
    6096,
    5647,
    4732,
    3574
  ],
  "Throughputs": [
    0.3435245620061834,
    0.453257790368272,
    0.591765998816468,
    0.6743997841920691,
    0.6736653006231405,
    0.5874454514937898
  ],
  "AverageDelays": [
    5010.5,
    5025.75,
    5461.714285714285,
    5311,
    5404.416666666667,
    5225.642857142857
  ]
}