{
  "transactionTimestamps": [
    1706178055007,
    1706178057127,
    1706178058625,
    1706178059579,
    1706178060048,
    1706178060783,
    1706178059582,
    1706178061618,
    1706178062458,
    1706178062927,
    1706178063614,
    1706178065969,
    1706178067167,
    1706178066515,
    1706178068352,
    1706178068525,
    1706178069729,
    1706178069775,
    1706178069960,
    1706178069341,
    1706178071221,
    1706178071390,
    1706178070677,
    1706178072622,
    1706178072695,
    1706178071066,
    1706178074011
  ],
  "blockTimestamps": [
    1706178062215,
    1706178065218,
    1706178068225,
    1706178071222,
    1706178074225,
    1706178077216
  ],
  "blockTimes": [
    1706178062,
    1706178065,
    1706178068,
    1706178071,
    1706178074,
    1706178077
  ],
  "blockTransactions": [
    3,
    5,
    2,
    3,
    7,
    7
  ],
  "Delays": [
    7208,
    5088,
    3590,
    5639,
    5170,
    4435,
    5636,
    3600,
    5767,
    5298,
    7608,
    5253,
    4055,
    7710,
    5873,
    5700,
    4496,
    4450,
    4265,
    4884,
    5995,
    5826,
    6539,
    4594,
    4521,
    6150,
    3205
  ],
  "Throughputs": [
    0.416204217536071,
    0.7834688081480756,
    0.7565441065214102,
    0.8017267961763799,
    1.0406910188365075,
    1.2157233553964608
  ],
  "AverageDelays": [
    5295.333333333333,
    5045.75,
    5143.1,
    5257.461538461538,
    5286.25,
    5279.814814814815
  ]
}