{
  "transactionTimestamps": [
    1706178018770,
    1706178019564,
    1706178019424,
    1706178021124,
    1706178022419,
    1706178023619,
    1706178025037,
    1706178030969,
    1706178032514,
    1706178031622,
    1706178034175
  ],
  "blockTimestamps": [
    1706178023209,
    1706178026215,
    1706178029209,
    1706178032212,
    1706178035214,
    1706178038228
  ],
  "blockTimes": [
    1706178023,
    1706178026,
    1706178029,
    1706178032,
    1706178035,
    1706178038
  ],
  "blockTransactions": [
    2,
    3,
    1,
    1,
    1,
    3
  ],
  "Delays": [
    4439,
    3645,
    6791,
    5091,
    3796,
    5590,
    7175,
    4245,
    5714,
    6606,
    4053
  ],
  "Throughputs": [
    0.45055192610948414,
    0.6715916722632639,
    0.5747676980553693,
    0.520755839904776,
    0.48649963512527367,
    0.5653201767910372
  ],
  "AverageDelays": [
    4042,
    4752.4,
    4892,
    5218.142857142857,
    5096.5,
    5195
  ]
}