{
  "transactionTimestamps": [
    1706177894813,
    1706177896400,
    1706177897675,
    1706177899497,
    1706177899497,
    1706177900712,
    1706177901087,
    1706177902191,
    1706177902363,
    1706177903517,
    1706177903580,
    1706177905139,
    1706177905249,
    1706177906446,
    1706177906598,
    1706177908001,
    1706177909470,
    1706177907750,
    1706177914168
  ],
  "blockTimestamps": [
    1706177900216,
    1706177903220,
    1706177906222,
    1706177909217,
    1706177912215,
    1706177915220,
    1706177918222
  ],
  "blockTimes": [
    1706177900,
    1706177903,
    1706177906,
    1706177909,
    1706177912,
    1706177915,
    1706177918
  ],
  "blockTransactions": [
    2,
    3,
    4,
    4,
    3,
    2,
    1
  ],
  "Delays": [
    5403,
    3816,
    5545,
    3723,
    3723,
    5510,
    5135,
    4031,
    3859,
    5700,
    5637,
    4078,
    3968,
    5769,
    5617,
    4214,
    5750,
    7470,
    4054
  ],
  "Throughputs": [
    0.37016472330186934,
    0.5947424765076722,
    0.7888509071785432,
    0.9025270758122744,
    0.9194345477531317,
    0.8820502768657813,
    0.8116536374898544
  ],
  "AverageDelays": [
    4609.5,
    4442,
    4527.222222222223,
    4625.2307692307695,
    4733,
    4941.555555555556,
    4894.8421052631575
  ]
}