{
  "transactionTimestamps": [
    1706177795500,
    1706177797080,
    1706177796489,
    1706177799432,
    1706177799438,
    1706177798669,
    1706177800727,
    1706177801211,
    1706177802189,
    1706177802392,
    1706177803485,
    1706177803873,
    1706177804977,
    1706177805446,
    1706177806117,
    1706177806838,
    1706177805507,
    1706177807595,
    1706177808393,
    1706177808920,
    1706177809685,
    1706177810352,
    1706177811894,
    1706177813295,
    1706177814634,
    1706177815835
  ],
  "blockTimestamps": [
    1706177801223,
    1706177804216,
    1706177807222,
    1706177810222,
    1706177813213,
    1706177816213,
    1706177819217
  ],
  "blockTimes": [
    1706177801,
    1706177804,
    1706177807,
    1706177810,
    1706177813,
    1706177816,
    1706177819
  ],
  "blockTransactions": [
    2,
    5,
    5,
    5,
    4,
    2,
    3
  ],
  "Delays": [
    5723,
    4143,
    7727,
    4784,
    4778,
    5547,
    3489,
    6011,
    5033,
    4830,
    3737,
    3349,
    5245,
    4776,
    4105,
    3384,
    4715,
    5618,
    4820,
    4293,
    3528,
    5861,
    4319,
    5922,
    4583,
    3382
  ],
  "Throughputs": [
    0.34946706272933775,
    0.8031206975676917,
    1.0237160894045385,
    1.1547344110854503,
    1.1855699203974481,
    1.1104137498189541,
    1.096260066618881
  ],
  "AverageDelays": [
    4933,
    5170.142857142857,
    4929.25,
    4786.823529411765,
    4744.523809523809,
    4774.565217391304,
    4757.7692307692305
  ]
}