{
  "transactionTimestamps": [
    1706177855454,
    1706177854569,
    1706177856653,
    1706177856810,
    1706177858027,
    1706177858120,
    1706177857479,
    1706177859476,
    1706177859475,
    1706177859475,
    1706177859566,
    1706177859505,
    1706177860957,
    1706177861112,
    1706177861128,
    1706177860940,
    1706177862408,
    1706177862502,
    1706177862594,
    1706177863777,
    1706177864026,
    1706177864136,
    1706177865144,
    1706177865327,
    1706177865400,
    1706177865406,
    1706177866685,
    1706177866839,
    1706177866865,
    1706177866869,
    1706177865814,
    1706177868101,
    1706177868224,
    1706177868426,
    1706177867543,
    1706177869503,
    1706177869681,
    1706177869970,
    1706177870905,
    1706177871216,
    1706177872259,
    1706177872602,
    1706177873771,
    1706177873987,
    1706177875044
  ],
  "blockTimestamps": [
    1706177861212,
    1706177864243,
    1706177867224,
    1706177870225,
    1706177873221,
    1706177876218,
    1706177879214
  ],
  "blockTimes": [
    1706177861,
    1706177864,
    1706177867,
    1706177870,
    1706177873,
    1706177876,
    1706177879
  ],
  "blockTransactions": [
    4,
    9,
    7,
    10,
    8,
    4,
    3
  ],
  "Delays": [
    5758,
    6643,
    4559,
    4402,
    6216,
    6123,
    6764,
    4767,
    4768,
    4768,
    4677,
    4738,
    3286,
    6112,
    6096,
    6284,
    4816,
    4722,
    4630,
    3447,
    6199,
    6089,
    5081,
    4898,
    4825,
    4819,
    3540,
    3386,
    3360,
    3356,
    7407,
    5120,
    4997,
    4795,
    5678,
    3718,
    3540,
    3251,
    5313,
    5002,
    3959,
    3616,
    5443,
    5227,
    4170
  ],
  "Throughputs": [
    0.6946856547412296,
    1.479121629309364,
    1.6992353440951573,
    2.0310067023221174,
    2.138796645466314,
    2.0227316509343094,
    1.8939393939393938
  ],
  "AverageDelays": [
    5340.5,
    5189.923076923077,
    5178.8,
    4970.966666666666,
    4937.763157894737,
    4893.452380952381,
    4897
  ]
}