{
  "transactionTimestamps": [
    1706177936786,
    1706177938260,
    1706177937285,
    1706177939523,
    1706177939522,
    1706177939726,
    1706177940829,
    1706177941126,
    1706177941250,
    1706177941969,
    1706177943336,
    1706177942684,
    1706177944522,
    1706177946107,
    1706177947266,
    1706177948749,
    1706177949279,
    1706177949871,
    1706177950927
  ],
  "blockTimestamps": [
    1706177942218,
    1706177945220,
    1706177948213,
    1706177951249,
    1706177954214,
    1706177957216
  ],
  "blockTimes": [
    1706177942,
    1706177945,
    1706177948,
    1706177951,
    1706177954,
    1706177957
  ],
  "blockTransactions": [
    2,
    8,
    3,
    2,
    2,
    2
  ],
  "Delays": [
    5432,
    3958,
    7935,
    5697,
    5698,
    5494,
    4391,
    4094,
    3970,
    3251,
    4877,
    5529,
    3691,
    5142,
    3983,
    5465,
    4935,
    7345,
    6289
  ],
  "Throughputs": [
    0.3681885125184094,
    1.185677021579322,
    1.1376564277588168,
    1.0371292263015972,
    0.9754418177645168,
    0.9300048947626041
  ],
  "AverageDelays": [
    4695,
    4992,
    4924.384615384615,
    4876.133333333333,
    4914.235294117647,
    5114.526315789473
  ]
}