{
  "transactionTimestamps": [
    1706177817315,
    1706177818775,
    1706177819448,
    1706177820051,
    1706177820814,
    1706177821955,
    1706177823327,
    1706177824712,
    1706177831091,
    1706177832665,
    1706177832017,
    1706177833942
  ],
  "blockTimestamps": [
    1706177822215,
    1706177825218,
    1706177828210,
    1706177831219,
    1706177837212
  ],
  "blockTimes": [
    1706177822,
    1706177825,
    1706177828,
    1706177831,
    1706177837
  ],
  "blockTransactions": [
    2,
    4,
    1,
    1,
    4
  ],
  "Delays": [
    4900,
    3440,
    5770,
    5167,
    4404,
    3263,
    4883,
    6507,
    6121,
    4547,
    5195,
    3270
  ],
  "Throughputs": [
    0.4081632653061224,
    0.7592053650512464,
    0.6424965580541533,
    0.5753739930955121,
    0.6031059958787758
  ],
  "AverageDelays": [
    4170,
    4490.666666666667,
    4546.714285714285,
    4791.75,
    4788.916666666667
  ]
}