{
  "transactionTimestamps": [
    1706177957108,
    1706177958774,
    1706177959536,
    1706177957890,
    1706177959988,
    1706177960795,
    1706177959537,
    1706177962092,
    1706177961204,
    1706177963712,
    1706177964960,
    1706177965583,
    1706177966162,
    1706177967595,
    1706177967705,
    1706177966229,
    1706177966737,
    1706177969282,
    1706177968299,
    1706177968766,
    1706177973140,
    1706177974309,
    1706177974591,
    1706177973860
  ],
  "blockTimestamps": [
    1706177963225,
    1706177966215,
    1706177969222,
    1706177972221,
    1706177975211,
    1706177978217
  ],
  "blockTimes": [
    1706177963,
    1706177966,
    1706177969,
    1706177972,
    1706177975,
    1706177978
  ],
  "blockTransactions": [
    4,
    5,
    3,
    5,
    3,
    4
  ],
  "Delays": [
    6117,
    4451,
    3689,
    5335,
    6227,
    5420,
    6678,
    4123,
    5011,
    5510,
    4262,
    3639,
    6059,
    4626,
    4516,
    5992,
    5484,
    5929,
    6912,
    6445,
    5077,
    3908,
    3626,
    4357
  ],
  "Throughputs": [
    0.6539153179663234,
    0.9882507960909191,
    0.9905894006934125,
    1.124859392575928,
    1.1047892614483785,
    1.136955800843242
  ],
  "AverageDelays": [
    4898,
    5227.888888888889,
    5038.5,
    5125.823529411765,
    5321.25,
    5141.375
  ]
}