{
  "transactionTimestamps": [
    1706177915154,
    1706177919508,
    1706177919507,
    1706177920922,
    1706177921017,
    1706177922279,
    1706177922325,
    1706177923744,
    1706177923946,
    1706177925204,
    1706177925220,
    1706177926680,
    1706177926837,
    1706177928191,
    1706177928317,
    1706177929671,
    1706177930920,
    1706177929811,
    1706177932366,
    1706177933841,
    1706177935350
  ],
  "blockTimestamps": [
    1706177921205,
    1706177924215,
    1706177927217,
    1706177930220,
    1706177933216,
    1706177936213,
    1706177939216
  ],
  "blockTimes": [
    1706177921,
    1706177924,
    1706177927,
    1706177930,
    1706177933,
    1706177936,
    1706177939
  ],
  "blockTransactions": [
    1,
    4,
    4,
    4,
    3,
    3,
    2
  ],
  "Delays": [
    6051,
    4707,
    4708,
    3293,
    3198,
    4938,
    4892,
    3473,
    3271,
    5016,
    5000,
    3540,
    3383,
    5025,
    4899,
    3545,
    5293,
    6402,
    3847,
    5375,
    3866
  ],
  "Throughputs": [
    0.16526194017517765,
    0.5518154729058603,
    0.7460830639144491,
    0.8628700384972786,
    0.8858376702469272,
    0.9022270763094163,
    0.8727454076967832
  ],
  "AverageDelays": [
    6051,
    4391.4,
    4281.222222222223,
    4266.923076923077,
    4308.6875,
    4446.368421052632,
    4462.952380952381
  ]
}