{"a": 0.8, "b": 0.2, "communities0": [[0, 1, 3, 131, 8, 14, 143, 18, 20, 148, 152, 26, 33, 34, 36, 37, 42, 44, 50, 59, 71, 82, 89, 92, 93, 102, 114, 118, 121], [16, 81, 2], [98, 4, 73, 108, 78, 48, 31], [32, 161, 5, 135, 104, 9, 74, 138, 144, 29, 147, 116, 117, 149, 157, 30], [35, 6, 7, 10, 45, 19, 22, 120, 126], [105, 11, 103], [66, 106, 75, 12, 110, 80, 146, 53, 21, 24], [13, 125, 23], [155, 84, 15], [17, 43, 132, 109], [25, 129, 28], [100, 51, 55, 154, 27], [38, 46], [162, 39], [40, 142, 47, 113, 83, 122, 124, 61, 159], [41, 76], [128, 49], [90, 91, 52], [99, 54], [56, 70], [57, 150], [101, 111, 87, 151, 58], [60, 69], [141, 62], [97, 63, 95], [64, 139], [65, 79], [67, 77], [112, 68], [72, 153], [107, 85], [137, 115, 86, 119, 123, 156, 158], [88, 160], [94], [96, 140], [133, 127], [145, 130], [136, 134]], "q0": 0.4510529083042215, "f0": 0.9379367836198257}