{"a": 0.2, "b": 0.8, "communities0": [[0, 19, 96], [1, 66], [57, 2], [8, 3], [4, 61], [16, 5], [67, 6], [25, 7], [9, 44], [10, 60], [11, 62], [18, 12], [13, 39], [93, 14], [90, 15], [17, 31], [20, 45], [75, 21], [22, 87], [36, 23], [24, 69], [26, 83], [33, 27], [28, 71], [72, 29], [41, 30], [32, 85], [34, 59], [88, 35], [37, 78], [48, 38], [40, 53], [42, 54, 79], [43, 63], [81, 46], [80, 47], [73, 49], [50, 52], [74, 51], [94, 55], [56, 58], [64, 82], [65, 95], [68, 76], [91, 70], [89, 77], [84, 92], [97, 86]], "q0": 0.49440000000000006, "f0": 0.8588006350536719}