{"a": 0.5, "b": 0.5, "communities0": [[0, 37, 22], [1, 73, 77, 46, 30, 95], [2, 3, 6, 12, 13, 15, 18, 23, 24, 25, 27, 33, 34, 36, 41, 42, 49, 51, 54, 57, 64, 70, 72, 74, 80, 91, 98, 103], [4, 38, 84, 86, 62], [32, 67, 5, 7, 8, 9, 71, 45, 14, 16, 50, 82, 52, 53, 89], [97, 66, 35, 39, 10, 83, 88, 59], [65, 11, 63], [101, 79, 81, 17, 85, 90], [19, 43], [100, 68, 102, 28, 47, 20, 60, 93], [26, 21], [29, 61], [58, 75, 31, 87], [96, 99, 40, 44, 78], [48, 76], [92, 55], [56, 69, 94]], "q0": 0.4494741721992547, "f0": 0.8655333664359829}