{"a": 0.4, "b": 0.6, "communities0": [[0, 104], [1, 3, 6, 7, 134, 10, 11, 139, 144, 26, 29, 157, 158, 34, 162, 36, 164, 38, 42, 170, 174, 48, 49, 55, 56, 183, 184, 187, 189, 190, 63, 191, 194, 195, 196, 199, 200, 77, 78, 79, 95, 107, 114, 116, 123, 126], [64, 2, 130, 163, 69, 165, 103, 74, 109, 15, 50, 148, 85, 86, 149, 152, 61], [129, 4, 5, 133, 8, 16, 145, 18, 147, 150, 153, 154, 27, 28, 155, 45, 179, 185, 186, 59, 60, 192, 193, 66, 68, 198, 70, 82, 108, 117, 121, 124], [9, 62], [135, 12, 21, 23, 40, 176, 177, 52, 53, 181, 58, 197, 72, 80, 83, 88, 96, 100, 101, 118, 120, 122, 127], [13, 87], [14, 119], [17, 166], [128, 37, 173, 81, 19, 51, 180], [73, 20], [89, 22], [24, 115], [159, 98, 39, 167, 43, 75, 76, 46, 141, 175, 143, 178, 171, 25, 125, 94, 31], [140, 30], [32, 41], [33, 156], [168, 35], [106, 44], [146, 47], [136, 54], [65, 169, 57], [90, 67], [137, 71], [138, 84], [105, 91], [92, 102], [188, 93], [97], [99, 182], [112, 110], [142, 111], [160, 113, 151], [131, 172], [161, 132]], "q0": 0.4327874477943573, "f0": 0.8803174421126667}