{"a": 0.3, "b": 0.7, "communities0": [[0, 24], [1, 12], [2, 34], [3, 11, 22], [51, 4], [49, 5], [35, 38, 6, 40, 42, 13, 47, 16, 19, 20, 54, 23, 56, 26, 31], [36, 7], [8, 17], [9, 53], [10, 39], [14, 15], [32, 43, 44, 46, 60, 18, 50, 57, 28, 29, 30], [25, 21], [27, 55], [33, 52], [41, 37], [59, 45], [48, 58]], "communities1": [[0, 24], [1, 12], [2, 34], [3, 11, 22], [51, 4], [49, 5], [35, 38, 6, 40, 42, 13, 47, 19, 20, 54, 23, 56, 26, 31], [36, 7], [8, 17], [9, 53], [16, 10, 39], [14, 15], [32, 43, 44, 46, 60, 18, 50, 57, 28, 29, 30], [25, 21], [27, 55], [33, 52], [41, 37], [59, 45], [48, 58]], "communities2": [[0, 24], [1, 12], [2, 34], [11, 3, 22], [51, 4], [49, 5], [38, 20, 6], [36, 7], [8, 17], [9, 53], [16, 10, 39], [35, 40, 42, 13, 47, 19, 54, 23, 56, 26, 31], [14, 15], [18, 29], [25, 21], [27, 55], [57, 28], [46, 30], [32, 60], [33, 52], [41, 37], [50, 43, 44], [59, 45], [48, 58]], "communities3": [[24, 12, 29, 7], [16, 33, 4, 22], [11, 51, 44, 30], [0, 10, 13, 31], [48, 43, 38], [41, 26, 6], [9, 2, 39], [32, 57, 46], [56, 34, 27], [25, 5, 55], [49, 35, 52], [58, 19, 53], [8, 3, 47], [59, 28, 14], [40, 1, 18], [36, 21, 54], [20, 37, 23], [60, 45, 15], [17, 42, 50]], "q0": 0.40841599999999995, "f0": 0.838985149720598, "q1": 0.411056, "f1": 0.8391403728227137}