{"a": 0.3, "b": 0.7, "communities0": [[0, 6, 7, 8, 12, 15, 17, 21, 23, 31, 32, 34, 38, 41, 42, 45, 49, 50, 52, 54, 57, 58, 59, 60, 63, 65, 67, 70, 71, 76, 77, 78, 79, 92, 94, 95, 97, 98, 101, 106, 113, 114, 115, 118, 120], [1, 10], [128, 2, 3, 5, 13, 24, 25, 28, 29, 36, 37, 40, 43, 51, 53, 55, 61, 62, 64, 69, 81, 83, 85, 90, 91, 99, 105, 107, 108, 109, 110, 112, 116, 117, 122, 124], [4, 20, 22], [96, 9], [11, 14, 26, 30, 33, 35, 44, 47, 48, 66, 68, 72, 74, 82, 84, 87, 103, 119, 123], [16, 129, 27], [18, 102], [19], [125, 39], [86, 126, 46], [56, 121, 111], [80, 73], [89, 75], [88, 100], [93], [104, 127]], "communities1": [[0, 6, 7, 8, 12, 15, 17, 19, 21, 23, 31, 32, 34, 38, 41, 42, 45, 49, 50, 52, 54, 57, 58, 59, 60, 63, 65, 67, 70, 71, 76, 77, 78, 79, 92, 93, 94, 95, 97, 98, 101, 106, 113, 114, 115, 118, 120], [1, 10], [128, 2, 3, 5, 13, 24, 25, 28, 29, 36, 37, 40, 43, 51, 53, 55, 61, 62, 64, 69, 81, 83, 85, 90, 91, 99, 105, 107, 108, 109, 110, 112, 116, 117, 122, 124], [4, 20, 22], [96, 9], [66, 74, 11, 46, 47, 111, 82, 84, 86, 56, 121, 26, 126], [35, 68, 103, 14, 119, 30], [16, 129, 27], [18, 102], [33, 72, 44, 48, 87, 123], [125, 39], [80, 73], [89, 75], [88, 100], [104, 127]], "communities2": [[0, 6, 7, 8, 12, 15, 17, 19, 21, 23, 31, 32, 34, 38, 41, 42, 45, 49, 50, 52, 54, 57, 58, 59, 60, 63, 65, 67, 70, 71, 76, 77, 78, 79, 92, 93, 94, 95, 97, 98, 101, 106, 113, 114, 115, 118, 120], [1, 10], [128, 2, 3, 5, 13, 24, 25, 28, 29, 36, 37, 40, 43, 51, 53, 55, 61, 62, 64, 69, 81, 83, 85, 90, 91, 99, 105, 107, 108, 109, 110, 112, 116, 117, 122, 124], [4, 20, 22], [96, 9], [82, 11, 47], [35, 68, 103, 14, 119, 30], [16, 129, 27], [18, 102], [26, 74, 84, 66], [33, 72, 44, 48, 87, 123], [125, 39], [86, 126, 46], [56, 121, 111], [80, 73], [89, 75], [88, 100], [104, 127]], "communities3": [[34, 69, 42, 44, 13, 116, 20, 24, 27], [128, 129, 2, 3, 36, 91, 108, 120, 88], [4, 7, 106, 77, 46, 111, 55, 121, 28], [35, 38, 6, 14, 80, 54, 56, 93, 127], [64, 66, 70, 103, 104, 45, 49, 92, 61], [65, 1, 8, 107, 79, 22, 119, 125, 95], [97, 102, 72, 59, 73, 17, 18, 58, 123], [96, 5, 37, 39, 71, 122, 12, 26, 60], [67, 10, 47, 48, 112, 115, 117, 86, 23], [98, 74, 11, 109, 52, 21, 84, 25, 126], [100, 41, 105, 51, 83, 118, 124, 30], [0, 33, 40, 9, 78, 114, 87, 31], [32, 68, 101, 76, 110, 113, 50, 89], [75, 43, 15, 16, 81, 19, 90, 29], [99, 82, 53, 85, 94, 57, 62, 63]], "q0": 0.43189894877634144, "f0": 0.5415752337860672, "q1": 0.4468551123592984, "f1": 0.5377849787637494}