{"a": 0.4, "b": 0.6, "communities0": [[0, 32], [1, 13], [2, 12], [3, 7], [4, 5], [6, 39, 15, 16, 18, 20, 25], [8, 28], [9, 36], [10, 11], [14, 23], [17, 38], [19, 31], [26, 21], [37, 22], [24, 27], [40, 29], [33, 30], [34, 35]], "q0": 0.4778961259308135, "f0": 0.7597898190070072}