{"a": 0.8, "b": 0.2, "communities0": [[0, 2, 5, 12, 25, 27, 32, 44, 45, 46, 50, 56, 60, 61, 64, 69, 70, 71, 72, 76], [1, 11], [26, 3], [4, 48, 20, 21, 31], [59, 6], [19, 7], [35, 8, 9, 42, 51], [10, 34], [81, 13, 54, 79], [14, 22], [65, 15], [16, 43], [17, 58], [18, 52], [66, 73, 41, 80, 23], [24, 57], [28, 47], [74, 29], [49, 53, 30], [33, 37], [36, 39], [38, 62], [40, 55], [82, 67, 63], [68, 78], [75, 77]], "q0": 0.46832925886591525, "f0": 0.8144982536768801}