{"a": 0.3, "b": 0.7, "communities0": [[0, 66, 70], [1, 45, 17, 49], [2, 52], [34, 67, 3, 5, 7, 9, 13, 14, 81, 53, 22, 54, 59, 63], [4, 6], [8, 46], [65, 33, 38, 10, 75, 12, 76, 28], [74, 11, 44, 47, 80, 57], [64, 78, 15, 24, 26, 61], [16, 41, 56, 72], [40, 18, 36, 55], [48, 19, 20, 60], [21, 69], [35, 37, 23, 58, 27], [25, 39], [29, 77], [73, 42, 43, 30, 62], [51, 31], [32, 68, 71], [50, 79]], "q0": 0.4551485273481874, "f0": 0.934576346253535}