{"a": 0.8, "b": 0.2, "communities0": [[0, 1, 2, 3, 6, 8, 10, 14, 16, 18, 19, 20, 22, 24, 25, 26, 27, 31, 32, 33, 34, 35, 37, 39, 42, 43, 45, 49, 52, 53, 54, 55, 60, 63, 64, 67, 68, 70, 75, 77, 82, 83, 89, 92, 95, 96], [48, 4, 78, 15], [81, 5], [7, 40, 9, 72, 44, 79, 51, 87, 56, 58, 59], [11, 21], [66, 12], [91, 13], [46, 17, 86, 88, 57, 29], [23, 30, 71], [28, 69, 62], [74, 36], [38, 47], [80, 41], [50, 93], [84, 61], [65, 73], [90, 76], [85, 94]], "q0": 0.3684131611828405, "f0": 0.9120235406520408}