{
  "transactionTimestamps": [
    1705924735199,
    1705924736337,
    1705924737336,
    1705924738180,
    1705924738942,
    1705924739675,
    1705924740280,
    1705924741356,
    1705924742398,
    1705924743459,
    1705924744140,
    1705924744888
  ],
  "blockTimestamps": [
    1705924736753,
    1705924736764,
    1705924739020,
    1705924740127,
    1705924740867,
    1705924741313,
    1705924743231,
    1705924746849
  ],
  "blockTimes": [
    1705924736,
    1705924737,
    1705924739,
    1705924741,
    1705924742,
    1705924743,
    1705924745,
    1705924746
  ],
  "blockTransactions": [
    1,
    1,
    2,
    1,
    1,
    1,
    1,
    4
  ],
  "Delays": [
    1554,
    427,
    1684,
    840,
    1185,
    1192,
    1033,
    1875,
    4451,
    3390,
    2709,
    1961
  ],
  "Throughputs": [
    0.6435006435006435,
    1.2779552715654952,
    1.0468463752944255,
    1.0146103896103895,
    1.058574453069866,
    1.144913313706248,
    0.9960159362549801,
    1.0300429184549356
  ],
  "AverageDelays": [
    1554,
    990.5,
    1126.25,
    1138,
    1147,
    1130.7142857142858,
    1223.75,
    1858.4166666666667
  ]
}