{
  "transactionTimestamps": [
    1705924719399,
    1705924719399,
    1705924720492,
    1705924721025,
    1705924721307,
    1705924721667,
    1705924722273,
    1705924722761,
    1705924723354,
    1705924723416,
    1705924724053,
    1705924724286
  ],
  "blockTimestamps": [
    1705924721622,
    1705924724500,
    1705924724578,
    1705924725550
  ],
  "blockTimes": [
    1705924720,
    1705924721,
    1705924723,
    1705924724
  ],
  "blockTransactions": [
    4,
    1,
    6,
    1
  ],
  "Delays": [
    2223,
    2223,
    1130,
    597,
    3193,
    2911,
    2305,
    1817,
    1224,
    1162,
    525,
    1264
  ],
  "Throughputs": [
    1.799370220422852,
    0.9801999607920016,
    2.12396215485615,
    1.9509022923101935
  ],
  "AverageDelays": [
    1543.25,
    1873.2,
    1755.4545454545455,
    1714.5
  ]
}