{
  "transactionTimestamps": [
    1705924602946,
    1705924602946,
    1705924604080,
    1705924604968,
    1705924605110,
    1705924605936,
    1705924606015,
    1705924606544,
    1705924607151,
    1705924607887,
    1705924607011,
    1705924609375,
    1705924608534
  ],
  "blockTimestamps": [
    1705924642117
  ],
  "blockTimes": [
    1705924593
  ],
  "blockTransactions": [
    13
  ],
  "Delays": [
    39171,
    39171,
    38037,
    37149,
    37007,
    36181,
    36102,
    35573,
    34966,
    34230,
    35106,
    32742,
    33583
  ],
  "Throughputs": [
    0.3318781751806183
  ],
  "AverageDelays": [
    36078.307692307695
  ]
}