{
  "transactionTimestamps": [
    1705924644264,
    1705924644264,
    1705924644264,
    1705924645188,
    1705924645377,
    1705924645609,
    1705924646109,
    1705924646186,
    1705924646933,
    1705924646917,
    1705924646717,
    1705924647552,
    1705924647799,
    1705924647847,
    1705924648425,
    1705924648519,
    1705924648565,
    1705924649080
  ],
  "blockTimestamps": [
    1705924673921
  ],
  "blockTimes": [
    1705924640
  ],
  "blockTransactions": [
    18
  ],
  "Delays": [
    29657,
    29657,
    29657,
    28733,
    28544,
    28312,
    27812,
    27735,
    26988,
    27004,
    27204,
    26369,
    26122,
    26074,
    25496,
    25402,
    25356,
    24841
  ],
  "Throughputs": [
    0.6069393397848737
  ],
  "AverageDelays": [
    27275.722222222223
  ]
}