{
  "transactionTimestamps": [
    1705924676734,
    1705924676735,
    1705924677375,
    1705924677783,
    1705924678314,
    1705924678406,
    1705924679046,
    1705924679466,
    1705924680107,
    1705924680155,
    1705924681076,
    1705924680842
  ],
  "blockTimestamps": [
    1705924679544,
    1705924679900,
    1705924682229,
    1705924683291
  ],
  "blockTimes": [
    1705924677,
    1705924679,
    1705924680,
    1705924681
  ],
  "blockTransactions": [
    4,
    3,
    1,
    4
  ],
  "Delays": [
    2810,
    2809,
    2169,
    1761,
    1586,
    1494,
    854,
    2763,
    3184,
    3136,
    2215,
    2449
  ],
  "Throughputs": [
    1.4234875444839858,
    2.2109917877447884,
    1.4558689717925386,
    1.8301052310507853
  ],
  "AverageDelays": [
    2387.25,
    1926.142857142857,
    2030.75,
    2269.1666666666665
  ]
}