{
  "transactionTimestamps": [
    1705924563784,
    1705924563784,
    1705924564669,
    1705924564825,
    1705924565274,
    1705924565445,
    1705924565988,
    1705924566266,
    1705924567046,
    1705924567295,
    1705924568090,
    1705924568122
  ],
  "blockTimestamps": [
    1705924595110
  ],
  "blockTimes": [
    1705924557
  ],
  "blockTransactions": [
    12
  ],
  "Delays": [
    31326,
    31326,
    30441,
    30285,
    29836,
    29665,
    29122,
    28844,
    28064,
    27815,
    27020,
    26988
  ],
  "Throughputs": [
    0.3830683777054204
  ],
  "AverageDelays": [
    29227.666666666668
  ]
}