{"a": 0.3, "b": 0.7, "communities0": [[0, 65, 67, 39, 42, 45, 46, 16, 50, 51, 52, 29, 30], [1, 35], [56, 2, 78], [3, 8, 12, 20, 88, 26], [4, 15], [18, 66, 5], [32, 6, 79, 55, 90, 28, 63], [7], [9, 84], [34, 71, 10, 47, 80, 17, 22, 92], [81, 11], [58, 13, 38], [70, 14], [36, 69, 37, 40, 72, 74, 27, 44, 77, 49, 19, 61, 21, 24, 59, 93, 31], [60, 68, 23], [25, 76], [33, 91], [41, 83, 53, 57], [89, 43, 54], [48, 62], [64, 73, 87], [75, 86], [82, 85]], "communities1": [[0, 65, 67, 39, 7, 42, 45, 46, 16, 50, 51, 52, 29, 30], [1, 35], [56, 2, 78], [3, 8, 12, 20, 88, 26], [4, 15], [18, 66, 5], [32, 6, 79, 55, 90, 28, 63], [9, 84], [34, 71, 10, 47, 80, 17, 22, 92], [81, 11], [58, 13, 38], [70, 14], [36, 37, 69, 40, 72, 74, 59, 44, 77, 49, 19, 93, 21, 24, 27, 61, 31], [60, 68, 23], [25, 76], [33, 91], [41, 83, 53, 57], [89, 43, 54], [48, 62], [64, 73, 87], [75, 86], [82, 85]], "communities2": [[0, 45, 7], [1, 35], [56, 2, 78], [88, 26, 3, 12], [4, 15], [18, 66, 5], [32, 79, 6, 63], [8, 20], [9, 84], [10, 92], [81, 11], [58, 13, 38], [70, 14], [65, 67, 39, 42, 46, 16, 50, 51, 52, 29, 30], [80, 17], [36, 37, 69, 40, 59, 72, 74, 44, 77, 49, 19, 93, 21, 24, 27, 61, 31], [34, 71, 22, 47], [60, 68, 23], [25, 76], [90, 28, 55], [33, 91], [41, 83, 53, 57], [89, 43, 54], [48, 62], [64, 73, 87], [75, 86], [82, 85]], "communities3": [[37, 42, 48, 24, 28], [46, 82, 86, 56, 61], [2, 71, 10, 79, 55], [72, 88, 59, 92, 30], [65, 7, 83, 84, 51], [33, 13, 49, 18, 62], [66, 67, 12, 39], [80, 17, 29, 0], [58, 27, 4, 45], [25, 69, 38, 6], [16, 20, 87, 47], [8, 9, 78, 54], [34, 52, 53, 68], [81, 93, 60, 21], [3, 44, 5, 14], [19, 74, 43, 15], [35, 90, 75, 63], [73, 91, 76, 77], [40, 89, 50, 22], [32, 1, 11, 70], [41, 57, 23, 31], [64, 26, 36, 85]], "q0": 0.43668087779532894, "f0": 0.9111731487101157, "q1": 0.4381753655920514, "f1": 0.9075642705222547}