{
  "transactionTimestamps": [
    1706078334375,
    1706078334486,
    1706078334127,
    1706078335070,
    1706078335861,
    1706078335833,
    1706078335981,
    1706078336346,
    1706078337026,
    1706078336949,
    1706078337654,
    1706078337625,
    1706078337744,
    1706078339114,
    1706078338633,
    1706078339018,
    1706078339954,
    1706078339953,
    1706078339953,
    1706078339520,
    1706078339613,
    1706078340186,
    1706078340266,
    1706078340605,
    1706078341228,
    1706078341055,
    1706078341397,
    1706078341476,
    1706078342256,
    1706078342394,
    1706078342360,
    1706078342582,
    1706078343416,
    1706078343323,
    1706078343637,
    1706078342858,
    1706078344094,
    1706078343677,
    1706078343709,
    1706078343743,
    1706078344822,
    1706078344790,
    1706078345402,
    1706078345754,
    1706078345492,
    1706078346095,
    1706078346811,
    1706078346219,
    1706078346854,
    1706078347103,
    1706078347692,
    1706078347134,
    1706078347459,
    1706078347847,
    1706078348127,
    1706078348587
  ],
  "blockTimestamps": [
    1706078341738,
    1706078344735,
    1706078347748,
    1706078350754,
    1706078353742
  ],
  "blockTimes": [
    1706078341,
    1706078344,
    1706078347,
    1706078350,
    1706078353
  ],
  "blockTransactions": [
    10,
    11,
    13,
    12,
    10
  ],
  "Delays": [
    7363,
    7252,
    7611,
    6668,
    5877,
    5905,
    5757,
    5392,
    4712,
    4789,
    7081,
    7110,
    6991,
    5621,
    6102,
    5717,
    4781,
    4782,
    4782,
    5215,
    5122,
    7562,
    7482,
    7143,
    6520,
    6693,
    6351,
    6272,
    5492,
    5354,
    5388,
    5166,
    4332,
    4425,
    7117,
    7896,
    6660,
    7077,
    7045,
    7011,
    5932,
    5964,
    5352,
    5000,
    5262,
    4659,
    6931,
    7523,
    6888,
    6639,
    6050,
    6608,
    6283,
    5895,
    5615,
    5155
  ],
  "Throughputs": [
    1.3581420616596496,
    2.027027027027027,
    2.5424362521498542,
    2.8084742658281945,
    2.8915164971343006
  ],
  "AverageDelays": [
    6132.6,
    5934.761904761905,
    5965,
    6038.804347826087,
    6095.928571428572
  ]
}