{
  "transactionTimestamps": [
    1706078185506,
    1706078185600,
    1706078185446,
    1706078187660,
    1706078186154,
    1706078186120,
    1706078186248,
    1706078187085,
    1706078186868,
    1706078186788,
    1706078187443,
    1706078189258,
    1706078190313,
    1706078190588,
    1706078189835,
    1706078189166,
    1706078189835,
    1706078189913,
    1706078189927,
    1706078189805,
    1706078190370,
    1706078189835,
    1706078191022,
    1706078191487,
    1706078190975,
    1706078191007,
    1706078191628,
    1706078192010,
    1706078192605,
    1706078193314,
    1706078193236,
    1706078193926,
    1706078194453,
    1706078194093,
    1706078194314,
    1706078194095,
    1706078194451,
    1706078194466,
    1706078195473,
    1706078195770,
    1706078195536,
    1706078195894,
    1706078195846,
    1706078197015,
    1706078196909,
    1706078197791,
    1706078198173,
    1706078198433,
    1706078198524,
    1706078198661,
    1706078198895
  ],
  "blockTimestamps": [
    1706078191747,
    1706078194750,
    1706078197754,
    1706078200748,
    1706078203747
  ],
  "blockTimes": [
    1706078191,
    1706078194,
    1706078197,
    1706078200,
    1706078203
  ],
  "blockTransactions": [
    9,
    10,
    10,
    14,
    8
  ],
  "Delays": [
    6241,
    6147,
    6301,
    4087,
    5593,
    5627,
    5499,
    4662,
    4879,
    7962,
    7307,
    5492,
    4437,
    4162,
    4915,
    5584,
    4915,
    4837,
    4823,
    7949,
    7384,
    7919,
    6732,
    6267,
    6779,
    6747,
    6126,
    5744,
    5149,
    7434,
    7512,
    6822,
    6295,
    6655,
    6434,
    6653,
    6297,
    6282,
    5275,
    4978,
    5212,
    4854,
    4902,
    6732,
    6838,
    5956,
    5574,
    5314,
    5223,
    5086,
    4852
  ],
  "Throughputs": [
    1.4420765902900177,
    2.0553872782345306,
    2.3677335075114305,
    2.8211520797795564,
    2.7958993476234855
  ],
  "AverageDelays": [
    5448.444444444444,
    5445.789473684211,
    5871.241379310345,
    5950.488372093023,
    5910.705882352941
  ]
}