{
  "transactionTimestamps": [
    1706078303845,
    1706078304977,
    1706078306191,
    1706078305476,
    1706078305508,
    1706078306528,
    1706078306737,
    1706078306549,
    1706078307424,
    1706078306959,
    1706078307784,
    1706078308136,
    1706078308031,
    1706078308933,
    1706078309923,
    1706078309708,
    1706078310111,
    1706078309320,
    1706078309693,
    1706078310421,
    1706078309924,
    1706078309923,
    1706078310985,
    1706078311478,
    1706078311202,
    1706078311296,
    1706078312732,
    1706078312763,
    1706078313105,
    1706078312793,
    1706078312810,
    1706078313476,
    1706078313897,
    1706078313520,
    1706078314160,
    1706078313848,
    1706078314098,
    1706078314347,
    1706078314814,
    1706078314954,
    1706078315139,
    1706078315863,
    1706078317310,
    1706078317342,
    1706078316891,
    1706078317050,
    1706078317200,
    1706078317391,
    1706078318194,
    1706078318242,
    1706078318413,
    1706078318413,
    1706078318476,
    1706078319541
  ],
  "blockTimestamps": [
    1706078311740,
    1706078314745,
    1706078317757,
    1706078320748,
    1706078323749
  ],
  "blockTimes": [
    1706078311,
    1706078314,
    1706078317,
    1706078320,
    1706078323
  ],
  "blockTransactions": [
    9,
    9,
    12,
    11,
    13
  ],
  "Delays": [
    7895,
    6763,
    5549,
    6264,
    6232,
    5212,
    5003,
    5191,
    4316,
    7786,
    6961,
    6609,
    6714,
    5812,
    4822,
    5037,
    4634,
    5425,
    8064,
    7336,
    7833,
    7834,
    6772,
    6279,
    6555,
    6461,
    5025,
    4994,
    4652,
    4964,
    7938,
    7272,
    6851,
    7228,
    6588,
    6900,
    6650,
    6401,
    5934,
    5794,
    5609,
    7886,
    6439,
    6407,
    6858,
    6699,
    6549,
    6358,
    5555,
    5507,
    5336,
    5336,
    5273,
    4208
  ],
  "Throughputs": [
    1.1399620012666245,
    1.6513761467889907,
    2.156411730879816,
    2.4256049222031595,
    2.713022508038585
  ],
  "AverageDelays": [
    5825,
    5901.388888888889,
    6099.8,
    6247.780487804878,
    6195.740740740741
  ]
}