{
  "transactionTimestamps": [
    1706078350578,
    1706078350128,
    1706078350483,
    1706078350301,
    1706078351271,
    1706078351441,
    1706078351703,
    1706078351766,
    1706078352277,
    1706078353925,
    1706078354361,
    1706078354130,
    1706078354956,
    1706078354955,
    1706078354968,
    1706078355593,
    1706078355454,
    1706078355809,
    1706078356806,
    1706078357496,
    1706078358003,
    1706078357956,
    1706078358221,
    1706078358951,
    1706078359387,
    1706078359280,
    1706078359251,
    1706078360039,
    1706078360427,
    1706078361177,
    1706078361595,
    1706078362313,
    1706078362294,
    1706078362912,
    1706078362961,
    1706078364111,
    1706078363533
  ],
  "blockTimestamps": [
    1706078356740,
    1706078359738,
    1706078362754,
    1706078365742,
    1706078368737
  ],
  "blockTimes": [
    1706078356,
    1706078359,
    1706078362,
    1706078365,
    1706078368
  ],
  "blockTransactions": [
    8,
    6,
    8,
    7,
    8
  ],
  "Delays": [
    6162,
    6612,
    6257,
    6439,
    5469,
    5299,
    5037,
    4974,
    7461,
    5813,
    5377,
    5608,
    4782,
    4783,
    7786,
    7161,
    7300,
    6945,
    5948,
    5258,
    4751,
    4798,
    7521,
    6791,
    6355,
    6462,
    6491,
    5703,
    5315,
    7560,
    7142,
    6424,
    6443,
    5825,
    5776,
    4626,
    5204
  ],
  "Throughputs": [
    1.2982797792924374,
    1.5283842794759825,
    1.8068331143232588,
    1.9124241624901082,
    2.0375571342034253
  ],
  "AverageDelays": [
    5781.125,
    5719.5,
    5910,
    6022.689655172414,
    6044.810810810811
  ]
}