{
  "transactionTimestamps": [
    1706078364596,
    1706078366360,
    1706078366418,
    1706078366790,
    1706078367586,
    1706078367493,
    1706078368131,
    1706078369969,
    1706078369967,
    1706078369969,
    1706078370046,
    1706078370547,
    1706078371324,
    1706078371788,
    1706078371202,
    1706078372350,
    1706078372429,
    1706078372664,
    1706078372351,
    1706078373469,
    1706078373905,
    1706078373673,
    1706078374604,
    1706078374560,
    1706078374059,
    1706078375116,
    1706078375675,
    1706078375799,
    1706078376934,
    1706078377011,
    1706078377274,
    1706078378076,
    1706078378154,
    1706078378513,
    1706078378231,
    1706078378341,
    1706078379382
  ],
  "blockTimestamps": [
    1706078371739,
    1706078374738,
    1706078377739,
    1706078380741,
    1706078383749
  ],
  "blockTimes": [
    1706078371,
    1706078374,
    1706078377,
    1706078380,
    1706078383
  ],
  "blockTransactions": [
    4,
    6,
    9,
    9,
    9
  ],
  "Delays": [
    7143,
    5379,
    5321,
    4949,
    7152,
    7245,
    6607,
    4769,
    4771,
    4769,
    7693,
    7192,
    6415,
    5951,
    6537,
    5389,
    5310,
    5075,
    5388,
    7272,
    6836,
    7068,
    6137,
    6181,
    6682,
    5625,
    5066,
    4942,
    6815,
    6738,
    6475,
    5673,
    5595,
    5236,
    5518,
    5408,
    4367
  ],
  "Throughputs": [
    0.5599888002239956,
    0.9859988168014199,
    1.4456364604732557,
    1.734283059770827,
    1.93181224873388
  ],
  "AverageDelays": [
    5698,
    5810.5,
    5950.263157894737,
    6030.857142857143,
    5964.5675675675675
  ]
}