{
  "transactionTimestamps": [
    1706078170804,
    1706078169858,
    1706078169502,
    1706078169732,
    1706078171055,
    1706078172256,
    1706078172144,
    1706078173422,
    1706078173688,
    1706078174827,
    1706078174833,
    1706078174825,
    1706078174917,
    1706078174827,
    1706078176767,
    1706078175633,
    1706078176227,
    1706078177100,
    1706078177686,
    1706078178769,
    1706078177375,
    1706078177352,
    1706078177686,
    1706078178179,
    1706078177934,
    1706078178160,
    1706078178784,
    1706078178753,
    1706078179151,
    1706078179974,
    1706078180279,
    1706078182099,
    1706078180718,
    1706078181295,
    1706078181354,
    1706078181432,
    1706078181838,
    1706078181448,
    1706078182316,
    1706078182751,
    1706078182455,
    1706078184568,
    1706078182910,
    1706078183541,
    1706078183251,
    1706078184431
  ],
  "blockTimestamps": [
    1706078176746,
    1706078179745,
    1706078183338,
    1706078185740,
    1706078188741
  ],
  "blockTimes": [
    1706078176,
    1706078179,
    1706078182,
    1706078185,
    1706078188
  ],
  "blockTransactions": [
    6,
    8,
    10,
    9,
    13
  ],
  "Delays": [
    5942,
    6888,
    7244,
    7014,
    5691,
    4490,
    7601,
    6323,
    6057,
    4918,
    4912,
    4920,
    4828,
    4918,
    6571,
    7705,
    7111,
    6238,
    5652,
    4569,
    5963,
    5986,
    5652,
    5159,
    7806,
    7580,
    6956,
    6987,
    6589,
    5766,
    5461,
    3641,
    5022,
    7446,
    7387,
    7309,
    6903,
    7293,
    6425,
    5990,
    6286,
    4173,
    5831,
    5200,
    5490,
    4310
  ],
  "Throughputs": [
    1.0097610232245036,
    1.565820378033777,
    1.9147917663954044,
    2.209426888055704,
    2.56453141550984
  ],
  "AverageDelays": [
    6211.5,
    5839,
    5931.333333333333,
    6004.848484848485,
    6047.891304347826
  ]
}