{
  "transactionTimestamps": [
    1706078274611,
    1706078274848,
    1706078274101,
    1706078274817,
    1706078275422,
    1706078275960,
    1706078275825,
    1706078275918,
    1706078277034,
    1706078276570,
    1706078277459,
    1706078278548,
    1706078278503,
    1706078279281,
    1706078279715,
    1706078279855,
    1706078279907,
    1706078279902,
    1706078279901,
    1706078279952,
    1706078280973,
    1706078281020,
    1706078281396,
    1706078282090,
    1706078282389,
    1706078283026,
    1706078282777,
    1706078283088,
    1706078283879,
    1706078284001,
    1706078283753,
    1706078284422,
    1706078284549,
    1706078285059,
    1706078285152,
    1706078285785,
    1706078286897,
    1706078287165,
    1706078286944,
    1706078287971,
    1706078287567,
    1706078287969,
    1706078288187,
    1706078288376
  ],
  "blockTimestamps": [
    1706078281747,
    1706078284743,
    1706078287751,
    1706078290750,
    1706078293739
  ],
  "blockTimes": [
    1706078281,
    1706078284,
    1706078287,
    1706078290,
    1706078293
  ],
  "blockTransactions": [
    10,
    8,
    9,
    9,
    8
  ],
  "Delays": [
    7136,
    6899,
    7646,
    6930,
    6325,
    5787,
    5922,
    5829,
    4713,
    5177,
    7284,
    6195,
    6240,
    5462,
    5028,
    4888,
    4836,
    4841,
    7850,
    7799,
    6778,
    6731,
    6355,
    5661,
    5362,
    4725,
    4974,
    7662,
    6871,
    6749,
    6997,
    6328,
    6201,
    5691,
    5598,
    4965,
    6842,
    6574,
    6795,
    5768,
    6172,
    5770,
    5552,
    5363
  ],
  "Throughputs": [
    1.4013452914798206,
    1.776549545992894,
    2.054794520547945,
    2.230621475927877,
    2.3002927645336677
  ],
  "AverageDelays": [
    6236.4,
    5952.111111111111,
    6050.851851851852,
    6123.194444444444,
    6119.795454545455
  ]
}