{
  "transactionTimestamps": [
    1706078228858,
    1706078229121,
    1706078229664,
    1706078230026,
    1706078230630,
    1706078230913,
    1706078231329,
    1706078231884,
    1706078230913,
    1706078232085,
    1706078231977,
    1706078232147,
    1706078233277,
    1706078232735,
    1706078233930,
    1706078233789,
    1706078234863,
    1706078234863,
    1706078235482,
    1706078235205,
    1706078234862,
    1706078235701,
    1706078235216,
    1706078235127,
    1706078236175,
    1706078236563,
    1706078236627,
    1706078237150,
    1706078236858,
    1706078237720,
    1706078237508,
    1706078238423,
    1706078238805,
    1706078238058,
    1706078238232,
    1706078238371,
    1706078238666,
    1706078239069,
    1706078239498,
    1706078239608,
    1706078239515,
    1706078239654,
    1706078240958,
    1706078241019,
    1706078241272,
    1706078241736,
    1706078241410,
    1706078242494,
    1706078241953,
    1706078242909,
    1706078242554,
    1706078243187,
    1706078242527,
    1706078243548,
    1706078243665,
    1706078243651,
    1706078244822
  ],
  "blockTimestamps": [
    1706078236750,
    1706078239748,
    1706078242746,
    1706078245744,
    1706078248743
  ],
  "blockTimes": [
    1706078236,
    1706078239,
    1706078242,
    1706078245,
    1706078248
  ],
  "blockTransactions": [
    9,
    10,
    12,
    14,
    12
  ],
  "Delays": [
    7892,
    7629,
    7086,
    6724,
    6120,
    5837,
    5421,
    4866,
    5837,
    7663,
    7771,
    7601,
    6471,
    7013,
    5818,
    5959,
    4885,
    4885,
    4266,
    7541,
    7884,
    7045,
    7530,
    7619,
    6571,
    6183,
    6119,
    5596,
    5888,
    5026,
    5238,
    7321,
    6939,
    7686,
    7512,
    7373,
    7078,
    6675,
    6246,
    6136,
    6229,
    6090,
    4786,
    4725,
    4472,
    7007,
    7333,
    6249,
    6790,
    5834,
    6189,
    5556,
    6216,
    5195,
    5078,
    5092,
    3921
  ],
  "Throughputs": [
    1.1403953370501774,
    1.7447199265381084,
    2.232142857142857,
    2.664929527419164,
    2.866482273070153
  ],
  "AverageDelays": [
    6379.111111111111,
    6302.315789473684,
    6386.580645161291,
    6383.377777777778,
    6275.649122807017
  ]
}