{
  "transactionTimestamps": [
    1706078160753,
    1706078160807,
    1706078160813,
    1706078162435,
    1706078165396,
    1706078164048,
    1706078164261,
    1706078164681,
    1706078166111,
    1706078165642,
    1706078167012,
    1706078167356,
    1706078168831
  ],
  "blockTimestamps": [
    1706078164742,
    1706078167734,
    1706078170744,
    1706078173742
  ],
  "blockTimes": [
    1706078164,
    1706078167,
    1706078170,
    1706078173
  ],
  "blockTransactions": [
    1,
    3,
    6,
    3
  ],
  "Delays": [
    3989,
    6927,
    6921,
    5299,
    5348,
    6696,
    6483,
    6063,
    4633,
    5102,
    6730,
    6386,
    4911
  ],
  "Throughputs": [
    0.25068939583855604,
    0.5729838132072769,
    1.0009008107296566,
    1.0008468704288243
  ],
  "AverageDelays": [
    3989,
    5784,
    5746.1,
    5806.7692307692305
  ]
}