{
  "transactionTimestamps": [
    1706078198927,
    1706078199548,
    1706078200247,
    1706078201116,
    1706078201392,
    1706078201564,
    1706078202359,
    1706078202393,
    1706078202734,
    1706078203420,
    1706078204852,
    1706078204858,
    1706078204387,
    1706078204848,
    1706078205474,
    1706078204849,
    1706078205894,
    1706078205471,
    1706078206184,
    1706078206924,
    1706078206678,
    1706078207514,
    1706078207843,
    1706078208059,
    1706078208510,
    1706078209317,
    1706078208617,
    1706078209180,
    1706078209597,
    1706078209333,
    1706078209953,
    1706078209844,
    1706078210628,
    1706078210961,
    1706078211444,
    1706078211819,
    1706078212052,
    1706078212484,
    1706078213318,
    1706078213057,
    1706078212994,
    1706078213802,
    1706078214112
  ],
  "blockTimestamps": [
    1706078206741,
    1706078209744,
    1706078213339,
    1706078215755,
    1706078218743
  ],
  "blockTimes": [
    1706078206,
    1706078209,
    1706078212,
    1706078215,
    1706078218
  ],
  "blockTransactions": [
    6,
    9,
    8,
    10,
    10
  ],
  "Delays": [
    7814,
    7193,
    6494,
    5625,
    5349,
    5177,
    7385,
    7351,
    7010,
    6324,
    4892,
    4886,
    5357,
    4896,
    4270,
    8490,
    7445,
    7868,
    7155,
    6415,
    6661,
    5825,
    5496,
    7696,
    7245,
    6438,
    7138,
    6575,
    6158,
    6422,
    5802,
    5911,
    5127,
    7782,
    7299,
    6924,
    6691,
    6259,
    5425,
    5686,
    5749,
    4941,
    4631
  ],
  "Throughputs": [
    0.7678525723061173,
    1.3867061107515948,
    1.5958923119622537,
    1.961017352032327,
    2.169963665724667
  ],
  "AverageDelays": [
    6275.333333333333,
    6001.533333333334,
    6320.782608695652,
    6360.30303030303,
    6308.767441860465
  ]
}