{
  "transactionTimestamps": [
    1706078214006,
    1706078214331,
    1706078215022,
    1706078215537,
    1706078215597,
    1706078215985,
    1706078216652,
    1706078216032,
    1706078217330,
    1706078217404,
    1706078217175,
    1706078218029,
    1706078217796,
    1706078218432,
    1706078218868,
    1706078219097,
    1706078220024,
    1706078219851,
    1706078220234,
    1706078219852,
    1706078220439,
    1706078219852,
    1706078220870,
    1706078221116,
    1706078221531,
    1706078221975,
    1706078221360,
    1706078222039,
    1706078222285,
    1706078222902,
    1706078222900,
    1706078223192,
    1706078223253,
    1706078224018,
    1706078224349,
    1706078224214,
    1706078224025,
    1706078224690,
    1706078224834,
    1706078224723,
    1706078225144,
    1706078225687,
    1706078225748,
    1706078226388,
    1706078226232,
    1706078226714,
    1706078227118,
    1706078226587,
    1706078227349,
    1706078227780,
    1706078228408,
    1706078228097,
    1706078228347,
    1706078228516
  ],
  "blockTimestamps": [
    1706078221740,
    1706078224742,
    1706078227748,
    1706078230747,
    1706078233752
  ],
  "blockTimes": [
    1706078221,
    1706078224,
    1706078227,
    1706078230,
    1706078233
  ],
  "blockTransactions": [
    9,
    10,
    12,
    11,
    12
  ],
  "Delays": [
    7734,
    7409,
    6718,
    6203,
    6143,
    5755,
    5088,
    5708,
    4410,
    7338,
    7567,
    6713,
    6946,
    6310,
    5874,
    5645,
    4718,
    4891,
    4508,
    7896,
    7309,
    7896,
    6878,
    6632,
    6217,
    5773,
    6388,
    5709,
    5463,
    4846,
    4848,
    7555,
    7494,
    6729,
    6398,
    6533,
    6722,
    6057,
    5913,
    6024,
    5603,
    5060,
    8004,
    7364,
    7520,
    7038,
    6634,
    7165,
    6403,
    5972,
    5344,
    5655,
    5405,
    5236
  ],
  "Throughputs": [
    1.1636927851047323,
    1.769746646795827,
    2.255857953718527,
    2.508810704259005,
    2.734731084776664
  ],
  "AverageDelays": [
    6129.777777777777,
    6088.315789473684,
    6178.4838709677415,
    6229.071428571428,
    6284.462962962963
  ]
}