{
  "transactionTimestamps": [
    1706078260031,
    1706078259950,
    1706078260295,
    1706078260280,
    1706078260528,
    1706078261349,
    1706078261640,
    1706078261349,
    1706078261581,
    1706078261596,
    1706078261302,
    1706078262745,
    1706078262926,
    1706078263032,
    1706078264091,
    1706078264141,
    1706078264124,
    1706078263998,
    1706078264887,
    1706078264889,
    1706078265195,
    1706078265303,
    1706078264794,
    1706078266331,
    1706078266439,
    1706078265861,
    1706078266517,
    1706078267618,
    1706078267606,
    1706078267651,
    1706078267634,
    1706078267469,
    1706078267436,
    1706078267882,
    1706078269015,
    1706078268595,
    1706078268704,
    1706078269107,
    1706078269758,
    1706078270255,
    1706078270473,
    1706078270985,
    1706078271245,
    1706078271699,
    1706078272288,
    1706078271789,
    1706078272413,
    1706078271805,
    1706078272851,
    1706078273561,
    1706078273155
  ],
  "blockTimestamps": [
    1706078266741,
    1706078269747,
    1706078272743,
    1706078275743,
    1706078278745
  ],
  "blockTimes": [
    1706078266,
    1706078269,
    1706078272,
    1706078275,
    1706078278
  ],
  "blockTransactions": [
    11,
    12,
    11,
    7,
    10
  ],
  "Delays": [
    6710,
    6791,
    6446,
    6461,
    6213,
    5392,
    5101,
    5392,
    5160,
    5145,
    5439,
    7002,
    6821,
    6715,
    5656,
    5606,
    5623,
    5749,
    4860,
    4858,
    4552,
    4444,
    4953,
    6412,
    6304,
    6882,
    6226,
    5125,
    5137,
    5092,
    5109,
    5274,
    5307,
    4861,
    6728,
    7148,
    7039,
    6636,
    5985,
    5488,
    5270,
    7760,
    7500,
    7046,
    6457,
    6956,
    6332,
    6940,
    5894,
    5184,
    5590
  ],
  "Throughputs": [
    1.639344262295082,
    2.3672293124742696,
    2.6746381371932033,
    2.609470468431772,
    2.72523244629689
  ],
  "AverageDelays": [
    5840.909090909091,
    5699.521739130435,
    5671.117647058823,
    5783.219512195122,
    5936.686274509804
  ]
}