{
  "transactionTimestamps": [
    1706078245038,
    1706078245366,
    1706078245676,
    1706078245458,
    1706078245859,
    1706078246432,
    1706078246402,
    1706078246912,
    1706078246866,
    1706078247518,
    1706078247841,
    1706078248388,
    1706078248944,
    1706078248711,
    1706078249875,
    1706078249876,
    1706078249797,
    1706078249874,
    1706078249842,
    1706078249952,
    1706078250172,
    1706078250901,
    1706078250450,
    1706078251487,
    1706078251833,
    1706078252236,
    1706078252362,
    1706078253124,
    1706078252192,
    1706078252597,
    1706078252610,
    1706078253567,
    1706078253597,
    1706078254097,
    1706078253353,
    1706078254095,
    1706078253596,
    1706078254419,
    1706078253923,
    1706078254716,
    1706078254518,
    1706078255475,
    1706078255677,
    1706078256473,
    1706078256486,
    1706078256347,
    1706078256982,
    1706078256826,
    1706078257597,
    1706078256887,
    1706078257398,
    1706078257520,
    1706078258295,
    1706078257552,
    1706078258094,
    1706078258141,
    1706078258110,
    1706078258796
  ],
  "blockTimestamps": [
    1706078251742,
    1706078254747,
    1706078257752,
    1706078260742,
    1706078263745
  ],
  "blockTimes": [
    1706078251,
    1706078254,
    1706078257,
    1706078260,
    1706078263
  ],
  "blockTransactions": [
    7,
    12,
    11,
    13,
    15
  ],
  "Delays": [
    6704,
    6376,
    6066,
    6284,
    5883,
    5310,
    5340,
    7835,
    7881,
    7229,
    6906,
    6359,
    5803,
    6036,
    4872,
    4871,
    4950,
    4873,
    4905,
    7800,
    7580,
    6851,
    7302,
    6265,
    5919,
    5516,
    5390,
    4628,
    5560,
    5155,
    8132,
    7175,
    7145,
    6645,
    7389,
    6647,
    7146,
    6323,
    6819,
    6026,
    6224,
    5267,
    5065,
    7272,
    7259,
    7398,
    6763,
    6919,
    6148,
    6858,
    6347,
    6225,
    5450,
    6193,
    5651,
    5604,
    5635,
    4949
  ],
  "Throughputs": [
    1.0441527446300716,
    1.9569471624266146,
    2.3596035865974514,
    2.738155883851248,
    3.1004436841823915
  ],
  "AverageDelays": [
    5994.714285714285,
    6025.421052631579,
    6081.633333333333,
    6243.069767441861,
    6260.741379310345
  ]
}