{
  "transactionTimestamps": [
    1706181702925,
    1706181702925,
    1706181702925,
    1706181703599,
    1706181703820,
    1706181703850,
    1706181704288,
    1706181704536,
    1706181704566,
    1706181705316,
    1706181705597,
    1706181705689,
    1706181706188,
    1706181706530,
    1706181706685,
    1706181707357,
    1706181707528,
    1706181707622,
    1706181708200,
    1706181708262,
    1706181708417,
    1706181708901,
    1706181709152,
    1706181709420,
    1706181710184,
    1706181710355,
    1706181711029,
    1706181711166,
    1706181712042,
    1706181712136,
    1706181713026,
    1706181713120,
    1706181713758,
    1706181714083,
    1706181714617,
    1706181714820,
    1706181715569,
    1706181715803,
    1706181716378,
    1706181716485,
    1706181717158,
    1706181717562
  ],
  "blockTimestamps": [
    1706181706215,
    1706181709226,
    1706181712214,
    1706181715211,
    1706181718215,
    1706181721207
  ],
  "blockTimes": [
    1706181706,
    1706181709,
    1706181712,
    1706181715,
    1706181718,
    1706181721
  ],
  "blockTransactions": [
    3,
    9,
    10,
    6,
    8,
    6
  ],
  "Delays": [
    3290,
    3290,
    3290,
    5627,
    5406,
    5376,
    4938,
    4690,
    4660,
    3910,
    3629,
    3537,
    6026,
    5684,
    5529,
    4857,
    4686,
    4592,
    4014,
    3952,
    3797,
    3313,
    6059,
    5791,
    5027,
    4856,
    4182,
    4045,
    6173,
    6079,
    5189,
    5095,
    4457,
    4132,
    3598,
    3395,
    5638,
    5404,
    4829,
    4722,
    4049,
    3645
  ],
  "Throughputs": [
    0.9118541033434651,
    1.90445960958578,
    2.3683927225750887,
    2.279016767051929,
    2.354480052321779,
    2.297341647522153
  ],
  "AverageDelays": [
    3290,
    4303.583333333333,
    4458.772727272727,
    4573.321428571428,
    4615.861111111111,
    4629.952380952381
  ]
}