{
  "transactionTimestamps": [
    1706181943023,
    1706181943023,
    1706181943023,
    1706181943741,
    1706181943818,
    1706181944144,
    1706181944425,
    1706181944535,
    1706181944800,
    1706181945516,
    1706181945516,
    1706181945654,
    1706181946233,
    1706181946404,
    1706181946625,
    1706181947107,
    1706181947201,
    1706181947639,
    1706181948198,
    1706181948292,
    1706181948588,
    1706181948940,
    1706181949401,
    1706181949492
  ],
  "blockTimestamps": [
    1706181949211,
    1706181952210,
    1706181955212
  ],
  "blockTimes": [
    1706181949,
    1706181952,
    1706181955
  ],
  "blockTransactions": [
    11,
    11,
    2
  ],
  "Delays": [
    6188,
    6188,
    6188,
    5470,
    5393,
    5067,
    4786,
    4676,
    4411,
    3695,
    3695,
    6556,
    5977,
    5806,
    5585,
    5103,
    5009,
    4571,
    4012,
    3918,
    3622,
    3270,
    5811,
    5720
  ],
  "Throughputs": [
    1.7776341305753072,
    2.394688146293676,
    1.968988432192961
  ],
  "AverageDelays": [
    5068.818181818182,
    4963,
    5029.875
  ]
}