{
  "transactionTimestamps": [
    1706181983031,
    1706181984091,
    1706181984871,
    1706181985698,
    1706181986497,
    1706181987509,
    1706181988307,
    1706181989273,
    1706181990149,
    1706181991204,
    1706181991857,
    1706181992541,
    1706181993276,
    1706181994323,
    1706181995163,
    1706181995958
  ],
  "blockTimestamps": [
    1706181988215,
    1706181991221,
    1706181994221,
    1706181997210,
    1706182000211
  ],
  "blockTimes": [
    1706181988,
    1706181991,
    1706181994,
    1706181997,
    1706182000
  ],
  "blockTransactions": [
    3,
    3,
    3,
    4,
    3
  ],
  "Delays": [
    5184,
    4124,
    3344,
    5523,
    4724,
    3712,
    5914,
    4948,
    4072,
    6006,
    5353,
    4669,
    3934,
    5888,
    5048,
    4253
  ],
  "Throughputs": [
    0.5787037037037037,
    0.7326007326007327,
    0.8042895442359249,
    0.9168488609916073,
    0.9313154831199069
  ],
  "AverageDelays": [
    4217.333333333333,
    4435.166666666667,
    4616.111111111111,
    4731.307692307692,
    4793.5
  ]
}