{
  "transactionTimestamps": [
    1706181718061,
    1706181718341,
    1706181718996,
    1706181719057,
    1706181719746,
    1706181719903,
    1706181720558,
    1706181720682,
    1706181721323,
    1706181721696,
    1706181722400,
    1706181722448,
    1706181722932,
    1706181722932,
    1706181723368,
    1706181723510,
    1706181723744,
    1706181724492,
    1706181725164,
    1706181724120,
    1706181725882,
    1706181724572,
    1706181726597,
    1706181727250,
    1706181728327,
    1706181730051,
    1706181729268,
    1706181730740,
    1706181730847,
    1706181731770,
    1706181731939,
    1706181732858,
    1706181733046,
    1706181731286,
    1706181731755,
    1706181733827,
    1706181734062,
    1706181734201,
    1706181734510,
    1706181734949,
    1706181735290,
    1706181735713,
    1706181736321,
    1706181736806,
    1706181737134,
    1706181735702,
    1706181737758,
    1706181738207,
    1706181738599,
    1706181738910
  ],
  "blockTimestamps": [
    1706181724215,
    1706181727216,
    1706181730222,
    1706181733221,
    1706181736205,
    1706181739214,
    1706181742219
  ],
  "blockTimes": [
    1706181724,
    1706181727,
    1706181730,
    1706181733,
    1706181736,
    1706181739,
    1706181742
  ],
  "blockTransactions": [
    8,
    9,
    6,
    2,
    7,
    10,
    8
  ],
  "Delays": [
    6154,
    5874,
    5219,
    5158,
    4469,
    4312,
    3657,
    3533,
    5893,
    5520,
    4816,
    4768,
    4284,
    4284,
    3848,
    3706,
    3472,
    5730,
    5058,
    6102,
    4340,
    5650,
    3625,
    5971,
    4894,
    6154,
    6937,
    5465,
    5358,
    4435,
    4266,
    3347,
    6168,
    7928,
    7459,
    5387,
    5152,
    5013,
    4704,
    4265,
    3924,
    3501,
    5898,
    5413,
    5085,
    6517,
    4461,
    4012,
    3620,
    3309
  ],
  "Throughputs": [
    1.2999675008124798,
    1.8569087930092847,
    1.8912918345530796,
    1.6490765171503958,
    1.7636684303350971,
    1.9855339668132181,
    2.0697077572646743
  ],
  "AverageDelays": [
    4797,
    4645.117647058823,
    4759.652173913043,
    4813.48,
    4884.34375,
    4995.238095238095,
    4962.3
  ]
}