{
  "transactionTimestamps": [
    1706181923019,
    1706181923019,
    1706181924114,
    1706181924192,
    1706181924848,
    1706181924973,
    1706181925633,
    1706181925930,
    1706181926635,
    1706181926790,
    1706181927507,
    1706181927912,
    1706181928146,
    1706181928927,
    1706181929209,
    1706181929803
  ],
  "blockTimestamps": [
    1706181928219,
    1706181931212,
    1706181934220
  ],
  "blockTimes": [
    1706181928,
    1706181931,
    1706181934
  ],
  "blockTransactions": [
    6,
    6,
    4
  ],
  "Delays": [
    5200,
    5200,
    4105,
    4027,
    3371,
    3246,
    5579,
    5282,
    4577,
    4422,
    3705,
    3300,
    6074,
    5293,
    5011,
    4417
  ],
  "Throughputs": [
    1.1538461538461537,
    1.4646649578908826,
    1.4284438889384876
  ],
  "AverageDelays": [
    4191.5,
    4334.5,
    4550.5625
  ]
}