{
  "transactionTimestamps": [
    1706181963027,
    1706181964075,
    1706181963027,
    1706181965135,
    1706181966227,
    1706181967352,
    1706181968100,
    1706181969021,
    1706181969193,
    1706181969925,
    1706181969971,
    1706181970968,
    1706181971905,
    1706181970536,
    1706181972780,
    1706181973698,
    1706181974755
  ],
  "blockTimestamps": [
    1706181967209,
    1706181970225,
    1706181973214,
    1706181976817,
    1706181979211
  ],
  "blockTimes": [
    1706181967,
    1706181970,
    1706181973,
    1706181976,
    1706181979
  ],
  "blockTransactions": [
    1,
    4,
    6,
    4,
    2
  ],
  "Delays": [
    4182,
    6150,
    7198,
    5090,
    3998,
    5862,
    5114,
    4193,
    4021,
    3289,
    3243,
    5849,
    4912,
    6281,
    4037,
    5513,
    4456
  ],
  "Throughputs": [
    0.2391200382592061,
    0.6946373992775771,
    1.0798075979189163,
    1.0877447425670776,
    1.0504201680672267
  ],
  "AverageDelays": [
    4182,
    5323.6,
    4758.181818181818,
    4894.6,
    4905.176470588235
  ]
}