{
  "transactionTimestamps": [
    1706181523623,
    1706181523594,
    1706181524568,
    1706181524568,
    1706181525332,
    1706181525580,
    1706181526315,
    1706181526501,
    1706181527277,
    1706181527339,
    1706181528121,
    1706181528293,
    1706181529117,
    1706181529225,
    1706181529804,
    1706181530175
  ],
  "blockTimestamps": [
    1706181526945,
    1706181532815,
    1706181535221
  ],
  "blockTimes": [
    1706181526,
    1706181532,
    1706181535
  ],
  "blockTransactions": [
    6,
    6,
    4
  ],
  "Delays": [
    3322,
    3351,
    2377,
    2377,
    1613,
    1365,
    6500,
    6314,
    5538,
    5476,
    4694,
    4522,
    6104,
    5996,
    5417,
    5046
  ],
  "Throughputs": [
    1.8061408789885611,
    1.3054830287206267,
    1.3795481979651663
  ],
  "AverageDelays": [
    2400.8333333333335,
    3954.0833333333335,
    4375.75
  ]
}