{
  "transactionTimestamps": [
    1706181542863,
    1706181543997,
    1706181544964,
    1706181545758,
    1706181546663,
    1706181547458,
    1706181548318,
    1706181549410,
    1706181550315,
    1706181551130,
    1706181552063,
    1706181553186,
    1706181554044,
    1706181554808,
    1706181555669,
    1706181556776
  ],
  "blockTimestamps": [
    1706181547208,
    1706181550209,
    1706181553225,
    1706181556213,
    1706181559208,
    1706181562212
  ],
  "blockTimes": [
    1706181547,
    1706181550,
    1706181553,
    1706181556,
    1706181559,
    1706181562
  ],
  "blockTransactions": [
    2,
    3,
    3,
    3,
    4,
    1
  ],
  "Delays": [
    4345,
    3211,
    5245,
    4451,
    3546,
    5767,
    4907,
    3815,
    5898,
    5083,
    4150,
    6022,
    5164,
    4400,
    3539,
    5436
  ],
  "Throughputs": [
    0.4602991944764097,
    0.6806425265450585,
    0.7720517274657402,
    0.8239700374531835,
    0.9177118384827165,
    0.8269161196961083
  ],
  "AverageDelays": [
    3778,
    4159.6,
    4410.875,
    4583.454545454545,
    4636.2,
    4686.1875
  ]
}