{
  "transactionTimestamps": [
    1706181576870,
    1706181582789,
    1706181582868,
    1706181582876,
    1706181583554,
    1706181583633,
    1706181583990,
    1706181584193,
    1706181584380,
    1706181585066,
    1706181585208,
    1706181586003,
    1706181584006,
    1706181586111,
    1706181585286,
    1706181586818,
    1706181586988,
    1706181587569,
    1706181588008,
    1706181588554,
    1706181589116,
    1706181590268,
    1706181591893
  ],
  "blockTimestamps": [
    1706181583215,
    1706181586212,
    1706181589231,
    1706181592220,
    1706181595229,
    1706181598213
  ],
  "blockTimes": [
    1706181583,
    1706181586,
    1706181589,
    1706181592,
    1706181595,
    1706181598
  ],
  "blockTransactions": [
    1,
    3,
    8,
    8,
    2,
    1
  ],
  "Delays": [
    6345,
    3423,
    3344,
    3336,
    5677,
    5598,
    5241,
    5038,
    4851,
    4165,
    4023,
    3228,
    8214,
    6109,
    6934,
    5402,
    5232,
    4651,
    4212,
    3666,
    6113,
    4961,
    6320
  ],
  "Throughputs": [
    0.15760441292356187,
    0.4281738385784628,
    0.9707952431033088,
    1.3029315960912053,
    1.1983223487118033,
    1.077636695872183
  ],
  "AverageDelays": [
    6345,
    4112,
    4522.416666666667,
    4934.45,
    4989.227272727273,
    5047.086956521739
  ]
}