{
  "transactionTimestamps": [
    1706182043057,
    1706182043855,
    1706182044665,
    1706182045477,
    1706182046572,
    1706182047649,
    1706182048462,
    1706182049146,
    1706182049824,
    1706182050587,
    1706182051649,
    1706182052555,
    1706182053462,
    1706182054552,
    1706182055647,
    1706182056710
  ],
  "blockTimestamps": [
    1706182048213,
    1706182051213,
    1706182054214,
    1706182057207,
    1706182060211
  ],
  "blockTimes": [
    1706182048,
    1706182051,
    1706182054,
    1706182057,
    1706182060
  ],
  "blockTransactions": [
    3,
    3,
    4,
    3,
    3
  ],
  "Delays": [
    5156,
    4358,
    3548,
    5736,
    4641,
    3564,
    5752,
    5068,
    4390,
    3627,
    5558,
    4652,
    3745,
    5659,
    4564,
    3501
  ],
  "Throughputs": [
    0.5818463925523663,
    0.7356547327121137,
    0.8962982880702698,
    0.9187279151943463,
    0.9327270607438498
  ],
  "AverageDelays": [
    4354,
    4500.5,
    4584,
    4599.615384615385,
    4594.9375
  ]
}