{
  "transactionTimestamps": [
    1706181778491,
    1706181778848,
    1706181779176,
    1706181779893,
    1706181780189,
    1706181781172,
    1706181782183,
    1706181780986,
    1706181782949,
    1706181782949,
    1706181783105,
    1706181783836,
    1706181783976,
    1706181783992,
    1706181784634,
    1706181784725,
    1706181784743,
    1706181785333,
    1706181785396,
    1706181785460,
    1706181786119,
    1706181786133,
    1706181786447,
    1706181786605,
    1706181786900,
    1706181787058,
    1706181787417,
    1706181787667,
    1706181787884,
    1706181787977,
    1706181788087,
    1706181788493,
    1706181788601,
    1706181788773,
    1706181789164,
    1706181789414,
    1706181787932,
    1706181790165,
    1706181790258,
    1706181790804,
    1706181790881,
    1706181791537,
    1706181791848,
    1706181792439,
    1706181792815,
    1706181793298,
    1706181793830,
    1706181794000,
    1706181794827,
    1706181794954,
    1706181795561,
    1706181795624,
    1706181796236,
    1706181796298,
    1706181797089,
    1706181797391,
    1706181798032,
    1706181798814
  ],
  "blockTimestamps": [
    1706181784220,
    1706181787215,
    1706181790212,
    1706181793232,
    1706181796245,
    1706181799219,
    1706181802217
  ],
  "blockTimes": [
    1706181784,
    1706181787,
    1706181790,
    1706181793,
    1706181796,
    1706181799,
    1706181802
  ],
  "blockTransactions": [
    5,
    9,
    11,
    12,
    8,
    7,
    6
  ],
  "Delays": [
    5729,
    5372,
    5044,
    4327,
    4031,
    6043,
    5032,
    6229,
    4266,
    4266,
    4110,
    3379,
    3239,
    3223,
    5578,
    5487,
    5469,
    4879,
    4816,
    4752,
    4093,
    4079,
    3765,
    3607,
    3312,
    6174,
    5815,
    5565,
    5348,
    5255,
    5145,
    4739,
    4631,
    4459,
    4068,
    3818,
    5300,
    6080,
    5987,
    5441,
    5364,
    4708,
    4397,
    3806,
    3430,
    5921,
    5389,
    5219,
    4392,
    4265,
    3658,
    3595,
    5981,
    5919,
    5128,
    4826,
    4185,
    3403
  ],
  "Throughputs": [
    0.8727526618956187,
    1.6047684548372305,
    2.1329238119614367,
    2.5100061054202567,
    2.5346400811084826,
    2.5086839058278656,
    2.4445755711034307
  ],
  "AverageDelays": [
    4900.6,
    4592.142857142857,
    4565.08,
    4714.7027027027025,
    4747.933333333333,
    4732.615384615385,
    4750.6551724137935
  ]
}