{
  "transactionTimestamps": [
    1706181799548,
    1706181800404,
    1706181801169,
    1706181802965,
    1706181802966,
    1706181803773,
    1706181803868,
    1706181804714,
    1706181804823,
    1706181805448,
    1706181805495,
    1706181806199,
    1706181806589,
    1706181807138,
    1706181807680,
    1706181808024,
    1706181808312,
    1706181808975,
    1706181809366
  ],
  "blockTimestamps": [
    1706181805207,
    1706181808218,
    1706181811219,
    1706181814212
  ],
  "blockTimes": [
    1706181805,
    1706181808,
    1706181811,
    1706181814
  ],
  "blockTransactions": [
    3,
    6,
    6,
    4
  ],
  "Delays": [
    5659,
    4803,
    4038,
    5253,
    5252,
    4445,
    4350,
    3504,
    3395,
    5771,
    5724,
    5020,
    4630,
    4081,
    3539,
    6188,
    5900,
    5237,
    4846
  ],
  "Throughputs": [
    0.5301289980561937,
    1.0380622837370241,
    1.2852369120041127,
    1.2956901254773596
  ],
  "AverageDelays": [
    4833.333333333333,
    4522.111111111111,
    4630.933333333333,
    4822.894736842105
  ]
}