{
  "transactionTimestamps": [
    1706181762940,
    1706181762939,
    1706181762940,
    1706181762938,
    1706181763889,
    1706181763919,
    1706181763981,
    1706181764060,
    1706181764559,
    1706181764635,
    1706181764869,
    1706181765025,
    1706181765410,
    1706181765440,
    1706181765735,
    1706181765969,
    1706181766158,
    1706181766328,
    1706181766672,
    1706181767015,
    1706181767077,
    1706181767235,
    1706181767501,
    1706181767750,
    1706181768109,
    1706181768187,
    1706181768516,
    1706181768748,
    1706181769308,
    1706181769308,
    1706181769557,
    1706181770258,
    1706181770290,
    1706181770929,
    1706181769015,
    1706181771022,
    1706181771818,
    1706181771771,
    1706181772490,
    1706181772693,
    1706181773611,
    1706181773799,
    1706181774641,
    1706181774672,
    1706181775436,
    1706181775546,
    1706181776200,
    1706181776384,
    1706181776897,
    1706181777197,
    1706181777711,
    1706181777835,
    1706181776469
  ],
  "blockTimestamps": [
    1706181766205,
    1706181769216,
    1706181772221,
    1706181775217,
    1706181778222,
    1706181781233
  ],
  "blockTimes": [
    1706181766,
    1706181769,
    1706181772,
    1706181775,
    1706181778,
    1706181781
  ],
  "blockTransactions": [
    4,
    12,
    12,
    10,
    6,
    9
  ],
  "Delays": [
    3265,
    3266,
    3265,
    3267,
    5327,
    5297,
    5235,
    5156,
    4657,
    4581,
    4347,
    4191,
    3806,
    3776,
    3481,
    3247,
    6063,
    5893,
    5549,
    5206,
    5144,
    4986,
    4720,
    4471,
    4112,
    4034,
    3705,
    3473,
    5909,
    5909,
    5660,
    4959,
    4927,
    4288,
    6202,
    4195,
    3399,
    3446,
    5732,
    5529,
    4611,
    4423,
    3581,
    3550,
    5797,
    5687,
    5033,
    4849,
    4336,
    4036,
    3522,
    3398,
    4764
  ],
  "Throughputs": [
    1.225114854517611,
    2.5493945188017846,
    3.0169162805732137,
    3.095218701637208,
    2.8792042926318544,
    2.8972831137593618
  ],
  "AverageDelays": [
    3265.75,
    4135.25,
    4411.428571428572,
    4537.210526315789,
    4541.818181818182,
    4552.11320754717
  ]
}