{
  "transactionTimestamps": [
    1706182003046,
    1706182003746,
    1706182004728,
    1706182005383,
    1706182006490,
    1706182007439,
    1706182008123,
    1706182009185,
    1706182010304,
    1706182011005,
    1706182011805,
    1706182012680,
    1706182013475,
    1706182014112,
    1706182015204,
    1706182015846
  ],
  "blockTimestamps": [
    1706182009222,
    1706182012223,
    1706182015216,
    1706182018212,
    1706182021810
  ],
  "blockTimes": [
    1706182009,
    1706182012,
    1706182015,
    1706182018,
    1706182021
  ],
  "blockTransactions": [
    4,
    3,
    4,
    3,
    2
  ],
  "Delays": [
    6176,
    5476,
    4494,
    3839,
    5733,
    4784,
    4100,
    6031,
    4912,
    4211,
    3411,
    5532,
    4737,
    4100,
    6606,
    5964
  ],
  "Throughputs": [
    0.6476683937823834,
    0.7627765064836003,
    0.903861955628595,
    0.9231174996703152,
    0.8526966531656364
  ],
  "AverageDelays": [
    4996.25,
    4943.142857142857,
    4833.363636363636,
    4824,
    5006.625
  ]
}