{
  "transactionTimestamps": [
    1706181619031,
    1706181619544,
    1706181619936,
    1706181620216,
    1706181620698,
    1706181621010,
    1706181621604,
    1706181622073,
    1706181622621,
    1706181622713,
    1706181622886,
    1706181622887,
    1706181623462,
    1706181623571,
    1706181623666,
    1706181623679,
    1706181624352,
    1706181624539,
    1706181624587,
    1706181625130,
    1706181625554,
    1706181625664,
    1706181626147,
    1706181626707,
    1706181626723,
    1706181627208,
    1706181627393,
    1706181627660,
    1706181628157,
    1706181628189,
    1706181628532,
    1706181628940,
    1706181629250,
    1706181629563,
    1706181630373
  ],
  "blockTimestamps": [
    1706181625250,
    1706181628224,
    1706181631826,
    1706181634222
  ],
  "blockTimes": [
    1706181625,
    1706181628,
    1706181631,
    1706181634
  ],
  "blockTransactions": [
    7,
    12,
    9,
    7
  ],
  "Delays": [
    6219,
    5706,
    5314,
    5034,
    4552,
    4240,
    3646,
    6151,
    5603,
    5511,
    5338,
    5337,
    4762,
    4653,
    4558,
    4545,
    3872,
    3685,
    3637,
    6696,
    6272,
    6162,
    5679,
    5119,
    5103,
    4618,
    4433,
    4166,
    6065,
    6033,
    5690,
    5282,
    4972,
    4659,
    3849
  ],
  "Throughputs": [
    1.1255828911400547,
    2.0667899488741432,
    2.188354826103947,
    2.303995786979132
  ],
  "AverageDelays": [
    4958.714285714285,
    4861.210526315789,
    5021.821428571428,
    5061.742857142857
  ]
}