{
  "transactionTimestamps": [
    1706181903017,
    1706181903016,
    1706181903734,
    1706181904076,
    1706181904513,
    1706181904965,
    1706181905214,
    1706181905997,
    1706181906249,
    1706181906843,
    1706181907093,
    1706181907889,
    1706181908076,
    1706181908760,
    1706181908813,
    1706181909875
  ],
  "blockTimestamps": [
    1706181907213,
    1706181910210,
    1706181913215
  ],
  "blockTimes": [
    1706181907,
    1706181910,
    1706181913
  ],
  "blockTransactions": [
    3,
    7,
    6
  ],
  "Delays": [
    4196,
    4197,
    3479,
    6134,
    5697,
    5245,
    4996,
    4213,
    3961,
    3367,
    6122,
    5326,
    5139,
    4455,
    4402,
    3340
  ],
  "Throughputs": [
    0.7149666348903718,
    1.3902405116085084,
    1.5689350853108452
  ],
  "AverageDelays": [
    3957.3333333333335,
    4548.5,
    4641.8125
  ]
}