{
  "transactionTimestamps": [
    1706181883001,
    1706181883000,
    1706181883983,
    1706181884107,
    1706181884623,
    1706181885044,
    1706181885620,
    1706181885885,
    1706181886558,
    1706181886606,
    1706181887540,
    1706181887651,
    1706181888554,
    1706181888694,
    1706181889585,
    1706181889632
  ],
  "blockTimestamps": [
    1706181886214,
    1706181889251,
    1706181892210,
    1706181895206
  ],
  "blockTimes": [
    1706181886,
    1706181889,
    1706181892,
    1706181895
  ],
  "blockTransactions": [
    1,
    7,
    6,
    2
  ],
  "Delays": [
    3213,
    6251,
    5268,
    5144,
    4628,
    4207,
    3631,
    3366,
    5652,
    5604,
    4670,
    4559,
    3656,
    3516,
    5621,
    5574
  ],
  "Throughputs": [
    0.3112356053532524,
    1.28,
    1.5202519274622652,
    1.3109381401065137
  ],
  "AverageDelays": [
    3213,
    4463.5,
    4526.071428571428,
    4660
  ]
}