{
  "transactionTimestamps": [
    1706181739663,
    1706181739787,
    1706181740532,
    1706181740640,
    1706181741187,
    1706181741687,
    1706181741844,
    1706181742933,
    1706181742933,
    1706181743575,
    1706181743715,
    1706181744554,
    1706181744616,
    1706181745520,
    1706181745694,
    1706181746426,
    1706181746459,
    1706181747081,
    1706181747567,
    1706181747988,
    1706181748629,
    1706181748888,
    1706181749344
  ],
  "blockTimestamps": [
    1706181745213,
    1706181748219,
    1706181751223,
    1706181754206
  ],
  "blockTimes": [
    1706181745,
    1706181748,
    1706181751,
    1706181754
  ],
  "blockTransactions": [
    7,
    6,
    7,
    3
  ],
  "Delays": [
    5550,
    5426,
    4681,
    4573,
    4026,
    3526,
    3369,
    5286,
    5286,
    4644,
    4504,
    3665,
    3603,
    5703,
    5529,
    4797,
    4764,
    4142,
    3656,
    3235,
    5577,
    5318,
    4862
  ],
  "Throughputs": [
    1.2612612612612613,
    1.5194015895278168,
    1.7301038062283736,
    1.5815168809736644
  ],
  "AverageDelays": [
    4450.142857142857,
    4472.2307692307695,
    4498.25,
    4596.608695652174
  ]
}