{
  "transactionTimestamps": [
    1706181602882,
    1706181602882,
    1706181602881,
    1706181602882,
    1706181603597,
    1706181603644,
    1706181603721,
    1706181603955,
    1706181604311,
    1706181604561,
    1706181604778,
    1706181604996,
    1706181605370,
    1706181605589,
    1706181605635,
    1706181605856,
    1706181606308,
    1706181606354,
    1706181606385,
    1706181606869,
    1706181607182,
    1706181607320,
    1706181607599,
    1706181607443,
    1706181608004,
    1706181608146,
    1706181608178,
    1706181608493,
    1706181608757,
    1706181608834,
    1706181609132,
    1706181609288,
    1706181609642,
    1706181610048,
    1706181610533,
    1706181610719,
    1706181611187,
    1706181611766,
    1706181612293,
    1706181612837,
    1706181613010,
    1706181613789,
    1706181613914,
    1706181614836,
    1706181615022,
    1706181615723,
    1706181615880,
    1706181616489,
    1706181616971,
    1706181617378,
    1706181618093,
    1706181618156,
    1706181618828
  ],
  "blockTimestamps": [
    1706181607215,
    1706181610226,
    1706181613817,
    1706181616216,
    1706181619211,
    1706181622217
  ],
  "blockTimes": [
    1706181607,
    1706181610,
    1706181613,
    1706181616,
    1706181619,
    1706181622
  ],
  "blockTransactions": [
    8,
    12,
    13,
    8,
    6,
    6
  ],
  "Delays": [
    4333,
    4333,
    4334,
    4333,
    3618,
    3571,
    3494,
    3260,
    5915,
    5665,
    5448,
    5230,
    4856,
    4637,
    4591,
    4370,
    3918,
    3872,
    3841,
    3357,
    6635,
    6497,
    6218,
    6374,
    5813,
    5671,
    5639,
    5324,
    5060,
    4983,
    4685,
    4529,
    4175,
    6168,
    5683,
    5497,
    5029,
    4450,
    3923,
    3379,
    3206,
    5422,
    5297,
    4375,
    4189,
    3488,
    3331,
    5728,
    5246,
    4839,
    4124,
    4061,
    3389
  ],
  "Throughputs": [
    1.8462958689129931,
    2.7233115468409586,
    3.017832647462277,
    3.0748462576871156,
    2.878314654908445,
    2.7411430049133694
  ],
  "AverageDelays": [
    3909.5,
    4348.8,
    4805.424242424242,
    4778.390243902439,
    4723.744680851064,
    4705.7169811320755
  ]
}