{
  "transactionTimestamps": [
    1706181862991,
    1706181863770,
    1706181864844,
    1706181865607,
    1706181866730,
    1706181867438,
    1706181868455,
    1706181869547,
    1706181870355,
    1706181871245,
    1706181872041,
    1706181873124,
    1706181873901,
    1706181875026,
    1706181876025,
    1706181876694
  ],
  "blockTimestamps": [
    1706181868209,
    1706181871212,
    1706181874215,
    1706181877206,
    1706181880207
  ],
  "blockTimes": [
    1706181868,
    1706181871,
    1706181874,
    1706181877,
    1706181880
  ],
  "blockTransactions": [
    3,
    3,
    3,
    4,
    3
  ],
  "Delays": [
    5218,
    4439,
    3365,
    5605,
    4482,
    3774,
    5760,
    4668,
    3860,
    5961,
    5165,
    4082,
    3305,
    5181,
    4182,
    3513
  ],
  "Throughputs": [
    0.5749329244921426,
    0.7298382191947451,
    0.8018531717747683,
    0.914526908195568,
    0.929368029739777
  ],
  "AverageDelays": [
    4340.666666666667,
    4480.5,
    4574.555555555556,
    4591.076923076923,
    4535
  ]
}