{
  "transactionTimestamps": [
    1706181562864,
    1706181562867,
    1706181562869,
    1706181563849,
    1706181563864,
    1706181564007,
    1706181564583,
    1706181564661,
    1706181565251,
    1706181565628,
    1706181566201,
    1706181564815,
    1706181566607,
    1706181567127,
    1706181570365,
    1706181571307,
    1706181571795,
    1706181572122,
    1706181572670,
    1706181572856,
    1706181571532,
    1706181572951,
    1706181573480,
    1706181573636,
    1706181573949,
    1706181574466,
    1706181573216,
    1706181575246,
    1706181574137,
    1706181576120
  ],
  "blockTimestamps": [
    1706181568207,
    1706181571211,
    1706181574216,
    1706181577217,
    1706181580213
  ],
  "blockTimes": [
    1706181568,
    1706181571,
    1706181574,
    1706181577,
    1706181580
  ],
  "blockTransactions": [
    8,
    5,
    2,
    10,
    5
  ],
  "Delays": [
    5343,
    5340,
    5338,
    4358,
    4343,
    4200,
    3624,
    3546,
    5960,
    5583,
    5010,
    6396,
    4604,
    7089,
    3851,
    5910,
    5422,
    5095,
    4547,
    4361,
    5685,
    4266,
    3737,
    3581,
    3268,
    5747,
    6997,
    4967,
    6076,
    4093
  ],
  "Throughputs": [
    1.4972861688190156,
    1.557445788906194,
    1.321353065539112,
    1.7417961401797535,
    1.7292062943109112
  ],
  "AverageDelays": [
    4511.5,
    4895.7692307692305,
    4972.333333333333,
    4818.28,
    4944.566666666667
  ]
}