{
  "transactionTimestamps": [
    1706181679181,
    1706181679495,
    1706181678419,
    1706181679945,
    1706181680507,
    1706181681041,
    1706181681244,
    1706181681957,
    1706181682112,
    1706181682910,
    1706181682971,
    1706181683564,
    1706181684034,
    1706181682831,
    1706181684486,
    1706181685062,
    1706181685403,
    1706181686093,
    1706181686014,
    1706181687071,
    1706181687118,
    1706181688114,
    1706181688311,
    1706181689048,
    1706181689766,
    1706181690797,
    1706181689797,
    1706181691935,
    1706181692588,
    1706181693356,
    1706181694091,
    1706181695057,
    1706181696089
  ],
  "blockTimestamps": [
    1706181685237,
    1706181688225,
    1706181691238,
    1706181694218,
    1706181697807,
    1706181700210
  ],
  "blockTimes": [
    1706181685,
    1706181688,
    1706181691,
    1706181694,
    1706181697,
    1706181700
  ],
  "blockTransactions": [
    8,
    7,
    6,
    6,
    3,
    3
  ],
  "Delays": [
    6056,
    5742,
    6818,
    5292,
    4730,
    4196,
    3993,
    3280,
    6113,
    5315,
    5254,
    4661,
    4191,
    5394,
    3739,
    6176,
    5835,
    5145,
    5224,
    4167,
    4120,
    6104,
    5907,
    5170,
    4452,
    3421,
    4421,
    5872,
    5219,
    4451,
    6119,
    5153,
    4121
  ],
  "Throughputs": [
    1.321003963011889,
    1.6585581601061476,
    1.7417267977108732,
    1.7955709250515395,
    1.610651777085794,
    1.569261496029293
  ],
  "AverageDelays": [
    5013.375,
    4984.933333333333,
    5021,
    4996.888888888889,
    5015.266666666666,
    5025.787878787879
  ]
}