{
  "transactionTimestamps": [
    1706181642899,
    1706181642899,
    1706181642898,
    1706181643940,
    1706181643958,
    1706181642898,
    1706181644064,
    1706181644595,
    1706181644688,
    1706181645000,
    1706181645611,
    1706181645626,
    1706181646141,
    1706181646406,
    1706181646624,
    1706181646857,
    1706181647496,
    1706181647619,
    1706181647695,
    1706181647835,
    1706181648161,
    1706181648380,
    1706181648396,
    1706181648675,
    1706181649030,
    1706181649373,
    1706181649467,
    1706181649544,
    1706181650184,
    1706181650231,
    1706181650499,
    1706181650855,
    1706181651088,
    1706181649263,
    1706181651354,
    1706181651757,
    1706181652131,
    1706181652366,
    1706181652865,
    1706181653084,
    1706181653192,
    1706181653756,
    1706181654004,
    1706181654112,
    1706181654644,
    1706181654801,
    1706181654800,
    1706181655518,
    1706181655689,
    1706181655799,
    1706181656352,
    1706181656517,
    1706181656784,
    1706181657208,
    1706181657335,
    1706181657726
  ],
  "blockTimestamps": [
    1706181646229,
    1706181649216,
    1706181652830,
    1706181655238,
    1706181658209,
    1706181661215
  ],
  "blockTimes": [
    1706181646,
    1706181649,
    1706181652,
    1706181655,
    1706181658,
    1706181661
  ],
  "blockTransactions": [
    3,
    9,
    12,
    12,
    11,
    9
  ],
  "Delays": [
    3330,
    3330,
    3331,
    5276,
    5258,
    6318,
    5152,
    4621,
    4528,
    4216,
    3605,
    3590,
    6689,
    6424,
    6206,
    5973,
    5334,
    5211,
    5135,
    4995,
    4669,
    4450,
    4434,
    4155,
    6208,
    5865,
    5771,
    5694,
    5054,
    5007,
    4739,
    4383,
    4150,
    5975,
    3884,
    3481,
    6078,
    5843,
    5344,
    5125,
    5017,
    4453,
    4205,
    4097,
    3565,
    3408,
    3409,
    5697,
    5526,
    5416,
    4863,
    4698,
    4431,
    4007,
    3880,
    3489
  ],
  "Throughputs": [
    0.9009009009009009,
    1.8996359031185688,
    2.4166750578995067,
    2.9175784099197664,
    3.069888961463096,
    3.057436121423892
  ],
  "AverageDelays": [
    3330.3333333333335,
    4379.583333333333,
    4842.916666666667,
    4901.138888888889,
    4829.468085106383,
    4803.428571428572
  ]
}