{
  "transactionTimestamps": [
    1706148037298,
    1706148038300,
    1706148038349,
    1706148038284,
    1706148039191,
    1706148038857,
    1706148039319,
    1706148039498,
    1706148038854,
    1706148039737,
    1706148039081,
    1706148039822,
    1706148039817,
    1706148039208,
    1706148039862,
    1706148039816,
    1706148043003,
    1706148043747,
    1706148043924,
    1706148044846,
    1706148044749,
    1706148044638,
    1706148044718,
    1706148044847,
    1706148045654,
    1706148045781,
    1706148045780,
    1706148045180,
    1706148046053,
    1706148045687,
    1706148046455,
    1706148046381,
    1706148046983,
    1706148046712,
    1706148049777,
    1706148050352,
    1706148050336,
    1706148050905,
    1706148050921,
    1706148051554,
    1706148050699,
    1706148051176,
    1706148051540,
    1706148051468,
    1706148052080,
    1706148051351,
    1706148051873,
    1706148052320
  ],
  "blockTimestamps": [
    1706148042151,
    1706148045152,
    1706148048149,
    1706148051153,
    1706148054753,
    1706148057155
  ],
  "blockTimes": [
    1706148042,
    1706148045,
    1706148048,
    1706148051,
    1706148054,
    1706148057
  ],
  "blockTransactions": [
    1,
    15,
    1,
    14,
    3,
    14
  ],
  "Delays": [
    4853,
    6852,
    6803,
    6868,
    5961,
    6295,
    5833,
    5654,
    6298,
    5415,
    6071,
    5330,
    5335,
    5944,
    5290,
    5336,
    5146,
    7406,
    7229,
    6307,
    6404,
    6515,
    6435,
    6306,
    5499,
    5372,
    5373,
    5973,
    5100,
    5466,
    4698,
    8372,
    7770,
    8041,
    7378,
    6803,
    6819,
    6250,
    6234,
    5601,
    6456,
    5979,
    5615,
    5687,
    5075,
    5804,
    5282,
    4835
  ],
  "Throughputs": [
    0.20605810838656502,
    2.0371785077667433,
    1.5666758824071514,
    2.2374594009382895,
    1.9478659409911203,
    2.417283577579695
  ],
  "AverageDelays": [
    4853,
    5883.625,
    5840.235294117647,
    5915.064516129032,
    6104.411764705882,
    6070.166666666667
  ]
}