{
  "transactionTimestamps": [
    1706148013710,
    1706148014339,
    1706148014516,
    1706148014913,
    1706148014899,
    1706148015885,
    1706148015629,
    1706148019808,
    1706148019467,
    1706148019809,
    1706148020398,
    1706148020399,
    1706148019808,
    1706148020867,
    1706148021085,
    1706148021408,
    1706148021704,
    1706148021944,
    1706148025475,
    1706148025665,
    1706148025905,
    1706148025890,
    1706148026253,
    1706148025729,
    1706148026841,
    1706148026859,
    1706148026256,
    1706148026892,
    1706148026634,
    1706148027638,
    1706148027592,
    1706148028355,
    1706148030950,
    1706148031873,
    1706148032210,
    1706148031603,
    1706148031889,
    1706148032926,
    1706148032735,
    1706148032545,
    1706148032387,
    1706148032512,
    1706148033023,
    1706148033086,
    1706148033323,
    1706148034095
  ],
  "blockTimestamps": [
    1706148021151,
    1706148024152,
    1706148027152,
    1706148030750,
    1706148033151,
    1706148036145,
    1706148039761
  ],
  "blockTimes": [
    1706148021,
    1706148024,
    1706148027,
    1706148030,
    1706148033,
    1706148036,
    1706148039
  ],
  "blockTransactions": [
    7,
    2,
    9,
    2,
    11,
    2,
    13
  ],
  "Delays": [
    7441,
    6812,
    6635,
    6238,
    6252,
    5266,
    5522,
    4344,
    4685,
    7343,
    6754,
    6753,
    7344,
    6285,
    6067,
    5744,
    5448,
    5208,
    5275,
    5085,
    7246,
    7261,
    6898,
    7422,
    6310,
    6292,
    6895,
    6259,
    6517,
    5513,
    5559,
    7790,
    5195,
    7888,
    7551,
    8158,
    7872,
    6835,
    7026,
    7216,
    7374,
    7249,
    6738,
    6675,
    6438,
    5666
  ],
  "Throughputs": [
    0.9407337723424272,
    0.8619038498371959,
    1.3390864454694242,
    1.1737089201877935,
    1.5945681806491436,
    1.4709159794963227,
    1.7657671490537792
  ],
  "AverageDelays": [
    6309.428571428572,
    5910.555555555556,
    6118.944444444444,
    6025.05,
    6215.258064516129,
    6232.060606060606,
    6485.739130434783
  ]
}