{
  "transactionTimestamps": [
    1706148001983,
    1706148001835,
    1706148001692,
    1706148001827,
    1706148007370,
    1706148008095,
    1706148008309,
    1706148008794,
    1706148008213,
    1706148008986,
    1706148008619,
    1706148009159,
    1706148013501
  ],
  "blockTimestamps": [
    1706148003862,
    1706148006149,
    1706148009146,
    1706148012143,
    1706148015154,
    1706148018146
  ],
  "blockTimes": [
    1706148003,
    1706148006,
    1706148009,
    1706148012,
    1706148015,
    1706148018
  ],
  "blockTransactions": [
    1,
    2,
    1,
    1,
    7,
    1
  ],
  "Delays": [
    1879,
    4314,
    4457,
    7319,
    4773,
    7059,
    6845,
    6360,
    6941,
    6168,
    6535,
    5995,
    4645
  ],
  "Throughputs": [
    0.532197977647685,
    0.7201152184349495,
    0.5584252408208851,
    0.4921259842519685,
    0.9110925518183889,
    0.8043061312875085
  ],
  "AverageDelays": [
    1879,
    3550,
    4492.25,
    4548.4,
    5720.416666666667,
    5637.692307692308
  ]
}