{
  "transactionTimestamps": [
    1706011015837,
    1706011015837,
    1706011016911,
    1706011017238,
    1706011017674,
    1706011017906,
    1706011018538,
    1706011018616,
    1706011019177,
    1706011019597,
    1706011020245,
    1706011020635
  ],
  "blockTimestamps": [
    1706011017717,
    1706011029503
  ],
  "blockTimes": [
    1706011013,
    1706011017
  ],
  "blockTransactions": [
    2,
    10
  ],
  "Delays": [
    1880,
    1880,
    12592,
    12265,
    11829,
    11597,
    10965,
    10887,
    10326,
    9906,
    9258,
    8868
  ],
  "Throughputs": [
    1.0638297872340425,
    0.8780916142250841
  ],
  "AverageDelays": [
    1880,
    9354.416666666666
  ]
}