{
  "transactionTimestamps": [
    1706010790402,
    1706010790402,
    1706010791187,
    1706010791698,
    1706010792072,
    1706010792537,
    1706010793263,
    1706010794134,
    1706010792985,
    1706010795021,
    1706010795254,
    1706010795656
  ],
  "blockTimestamps": [
    1706010792615,
    1706010795467,
    1706010798119,
    1706010799945
  ],
  "blockTimes": [
    1706010778,
    1706010792,
    1706010794,
    1706010797
  ],
  "blockTransactions": [
    3,
    3,
    4,
    2
  ],
  "Delays": [
    2213,
    2213,
    1428,
    3769,
    3395,
    2930,
    4856,
    3985,
    5134,
    3098,
    4691,
    4289
  ],
  "Throughputs": [
    1.3556258472661544,
    1.1846001974333662,
    1.295840352468576,
    1.2574662055957246
  ],
  "AverageDelays": [
    1951.3333333333333,
    2658,
    3302.1,
    3500.0833333333335
  ]
}