{
  "transactionTimestamps": [
    1706011073400,
    1706011074957
  ],
  "blockTimestamps": [
    1706011078763,
    1706011078961
  ],
  "blockTimes": [
    1706011069,
    1706011078
  ],
  "blockTransactions": [
    1,
    1
  ],
  "Delays": [
    5363,
    4004
  ],
  "Throughputs": [
    0.18646280067126605,
    0.3596475454055026
  ],
  "AverageDelays": [
    5363,
    4683.5
  ]
}