{
  "transactionTimestamps": [
    1706010679536,
    1706010680654,
    1706010680700,
    1706010681726,
    1706010682669,
    1706010683599,
    1706010684314,
    1706010685184,
    1706010686133,
    1706010686954,
    1706010687884,
    1706010688613,
    1706010690378
  ],
  "blockTimestamps": [
    1706010685263,
    1706010692817,
    1706010700179
  ],
  "blockTimes": [
    1706010672,
    1706010683,
    1706010692
  ],
  "blockTransactions": [
    3,
    9,
    1
  ],
  "Delays": [
    5727,
    4609,
    4563,
    11091,
    10148,
    9218,
    8503,
    7633,
    6684,
    5863,
    4933,
    4204,
    9801
  ],
  "Throughputs": [
    0.5238344683080146,
    0.9035464196973119,
    0.6297534273119217
  ],
  "AverageDelays": [
    4966.333333333333,
    6931.333333333333,
    7152.076923076923
  ]
}