{
  "transactionTimestamps": [
    1706011266781,
    1706011266780,
    1706011267939,
    1706011268877,
    1706011267908,
    1706011269715,
    1706011270551,
    1706011271735,
    1706011270612,
    1706011269670,
    1706011272966,
    1706011273978,
    1706011274878
  ],
  "blockTimestamps": [
    1706011272822,
    1706011272823,
    1706011281206
  ],
  "blockTimes": [
    1706011260,
    1706011271,
    1706011272
  ],
  "blockTransactions": [
    6,
    1,
    6
  ],
  "Delays": [
    6041,
    6042,
    4883,
    3945,
    4914,
    3107,
    2272,
    9471,
    10594,
    11536,
    8240,
    7228,
    6328
  ],
  "Throughputs": [
    0.9932130441979804,
    1.158556769281695,
    0.901213171577123
  ],
  "AverageDelays": [
    4822,
    4457.714285714285,
    6507.7692307692305
  ]
}