{
  "transactionTimestamps": [
    1706010834227,
    1706010834229,
    1706010835095,
    1706010835856,
    1706010836138,
    1706010834227,
    1706010836632,
    1706010836835,
    1706010837365,
    1706010837488,
    1706010837505,
    1706010838139,
    1706010838388,
    1706010839298,
    1706010839501,
    1706010840244,
    1706010840523,
    1706010839188,
    1706010841313,
    1706010841485,
    1706010841888,
    1706010842308,
    1706010842836,
    1706010842199,
    1706010843701,
    1706010844334,
    1706010844474,
    1706010843101,
    1706010845155,
    1706010843634,
    1706010845638,
    1706010845015,
    1706010844913,
    1706010845839,
    1706010846545,
    1706010847921,
    1706010847090,
    1706010848667,
    1706010849336,
    1706010850206,
    1706010851238,
    1706010852201,
    1706010854987,
    1706010856042,
    1706010854218
  ],
  "blockTimestamps": [
    1706010838386,
    1706010838456,
    1706010844301,
    1706010848734,
    1706010857309,
    1706010857399
  ],
  "blockTimes": [
    1706010835,
    1706010837,
    1706010840,
    1706010843,
    1706010848,
    1706010855
  ],
  "blockTransactions": [
    3,
    9,
    11,
    11,
    8,
    3
  ],
  "Delays": [
    4159,
    4157,
    3291,
    2600,
    2318,
    4229,
    1824,
    1621,
    1091,
    968,
    951,
    317,
    5913,
    5003,
    4800,
    4057,
    3778,
    5113,
    2988,
    2816,
    2413,
    1993,
    1465,
    6535,
    5033,
    4400,
    4260,
    5633,
    3579,
    5100,
    3096,
    3719,
    3821,
    2895,
    10764,
    9388,
    10219,
    8642,
    7973,
    7103,
    6071,
    5108,
    2412,
    1357,
    3181
  ],
  "Throughputs": [
    0.721327242125511,
    2.8375502482856465,
    2.2831050228310503,
    2.343696146687806,
    1.819599688068625,
    1.941998964267219
  ],
  "AverageDelays": [
    3869,
    2293.8333333333335,
    2950.6521739130435,
    3409.8823529411766,
    4314.380952380952,
    4181.2
  ]
}