{
  "transactionTimestamps": [
    1706011235392,
    1706011236500,
    1706011235392,
    1706011237501,
    1706011237470,
    1706011235392,
    1706011238483,
    1706011236729,
    1706011238589,
    1706011238019,
    1706011239447,
    1706011239682,
    1706011240430,
    1706011238714,
    1706011240570,
    1706011241500,
    1706011241547,
    1706011240587,
    1706011242670,
    1706011244804,
    1706011243812,
    1706011245656
  ],
  "blockTimestamps": [
    1706011238877,
    1706011242582,
    1706011244203,
    1706011245023,
    1706011249869
  ],
  "blockTimes": [
    1706011229,
    1706011238,
    1706011241,
    1706011243,
    1706011244
  ],
  "blockTransactions": [
    1,
    16,
    1,
    1,
    3
  ],
  "Delays": [
    3485,
    6082,
    7190,
    5081,
    5112,
    7190,
    4099,
    5853,
    3993,
    4563,
    3135,
    2900,
    2152,
    3868,
    2012,
    1082,
    1035,
    3616,
    2353,
    5065,
    6057,
    4213
  ],
  "Throughputs": [
    0.28694404591104733,
    2.364394993045897,
    2.0429009193054135,
    1.9727961790052952,
    1.5196518615735304
  ],
  "AverageDelays": [
    3485,
    4048.9411764705883,
    4024.8888888888887,
    3936.8947368421054,
    4097.090909090909
  ]
}