{
  "transactionTimestamps": [
    1706011123920,
    1706011123921,
    1706011124844,
    1706011124954,
    1706011125795,
    1706011126480,
    1706011127382,
    1706011125655,
    1706011128172,
    1706011127529,
    1706011128389,
    1706011129301,
    1706011130375
  ],
  "blockTimestamps": [
    1706011129337,
    1706011143510
  ],
  "blockTimes": [
    1706011123,
    1706011128
  ],
  "blockTransactions": [
    8,
    5
  ],
  "Delays": [
    5417,
    5416,
    4493,
    4383,
    3542,
    2857,
    1955,
    3682,
    15338,
    15981,
    15121,
    14209,
    13135
  ],
  "Throughputs": [
    1.4768321949418497,
    0.6636038795303727
  ],
  "AverageDelays": [
    3968.125,
    8117.615384615385
  ]
}