{
  "transactionTimestamps": [
    1706010871030,
    1706010871030,
    1706010872253,
    1706010872082,
    1706010873074,
    1706010874024,
    1706010874366,
    1706010874784,
    1706010875077,
    1706010875741,
    1706010875757,
    1706010876851
  ],
  "blockTimestamps": [
    1706010874695,
    1706010876165,
    1706010876652,
    1706010882066
  ],
  "blockTimes": [
    1706010872,
    1706010874,
    1706010875,
    1706010877
  ],
  "blockTransactions": [
    3,
    4,
    4,
    1
  ],
  "Delays": [
    3665,
    3665,
    2442,
    4083,
    3091,
    2141,
    1799,
    1868,
    1575,
    911,
    895,
    5215
  ],
  "Throughputs": [
    0.8185538881309686,
    1.3631937682570594,
    1.9565990750622555,
    1.0873504893077202
  ],
  "AverageDelays": [
    3257.3333333333335,
    2983.714285714286,
    2375.909090909091,
    2612.5
  ]
}