{
  "transactionTimestamps": [
    1706011035618,
    1706011035618,
    1706011036924,
    1706011036908,
    1706011037813,
    1706011038624,
    1706011037564,
    1706011039607,
    1706011039778,
    1706011040683,
    1706011040699,
    1706011039184,
    1706011041737
  ],
  "blockTimestamps": [
    1706011070801
  ],
  "blockTimes": [
    1706011028
  ],
  "blockTransactions": [
    13
  ],
  "Delays": [
    35183,
    35183,
    33877,
    33893,
    32988,
    32177,
    33237,
    31194,
    31023,
    30118,
    30102,
    31617,
    29064
  ],
  "Throughputs": [
    0.36949663189608617
  ],
  "AverageDelays": [
    32281.23076923077
  ]
}