{
  "transactionTimestamps": [
    1706010970362,
    1706010971694,
    1706010970362,
    1706010972513,
    1706010973444,
    1706010974473,
    1706010973508,
    1706010972548,
    1706010975559,
    1706010974869,
    1706010976214,
    1706010975528,
    1706010977161,
    1706010977938,
    1706010977126,
    1706010978884,
    1706010979831,
    1706010977955,
    1706010980785,
    1706010979982,
    1706010980537,
    1706010982720,
    1706010981848
  ],
  "blockTimestamps": [
    1706010974483,
    1706010983361,
    1706010986018,
    1706010986335
  ],
  "blockTimes": [
    1706010969,
    1706010973,
    1706010982,
    1706010985
  ],
  "blockTransactions": [
    4,
    14,
    4,
    1
  ],
  "Delays": [
    4121,
    2789,
    4121,
    1970,
    9917,
    8888,
    9853,
    10813,
    7802,
    8492,
    7147,
    7833,
    6200,
    5423,
    6235,
    4477,
    3530,
    5406,
    5233,
    6036,
    5481,
    3298,
    4487
  ],
  "Throughputs": [
    0.9706381946129579,
    1.384721901684745,
    1.4052120592743995,
    1.439929881675327
  ],
  "AverageDelays": [
    3250.25,
    6389.833333333333,
    6139.318181818182,
    6067.478260869565
  ]
}