{
  "transactionTimestamps": [
    1706010732678,
    1706010732681,
    1706010733995,
    1706010734755,
    1706010735750,
    1706010734213,
    1706010736745,
    1706010736932,
    1706010737601,
    1706010737601,
    1706010738565,
    1706010739276
  ],
  "blockTimestamps": [
    1706010735142,
    1706010738957,
    1706010739685,
    1706010745618
  ],
  "blockTimes": [
    1706010733,
    1706010734,
    1706010738,
    1706010739
  ],
  "blockTransactions": [
    3,
    7,
    1,
    1
  ],
  "Delays": [
    2464,
    2461,
    1147,
    4202,
    3207,
    4744,
    2212,
    2025,
    1356,
    1356,
    1120,
    6342
  ],
  "Throughputs": [
    1.2175324675324675,
    1.5926102882624622,
    1.5698587127158556,
    0.9273570324574961
  ],
  "AverageDelays": [
    2024,
    2517.4,
    2390.3636363636365,
    2719.6666666666665
  ]
}