{
  "transactionTimestamps": [
    1706010923366,
    1706010924073,
    1706010924213,
    1706010925067,
    1706010925691,
    1706010926810,
    1706010927905
  ],
  "blockTimestamps": [
    1706010942805
  ],
  "blockTimes": [
    1706010920
  ],
  "blockTransactions": [
    7
  ],
  "Delays": [
    19439,
    18732,
    18592,
    17738,
    17114,
    15995,
    14900
  ],
  "Throughputs": [
    0.3601008282319049
  ],
  "AverageDelays": [
    17501.428571428572
  ]
}