{
  "transactionTimestamps": [
    1706011171105,
    1706011171105,
    1706011172075,
    1706011172231,
    1706011172746,
    1706011172977,
    1706011173460,
    1706011173862,
    1706011174112,
    1706011174594,
    1706011174766,
    1706011175480
  ],
  "blockTimestamps": [
    1706011174503,
    1706011175031,
    1706011175195,
    1706011179565
  ],
  "blockTimes": [
    1706011172,
    1706011173,
    1706011174,
    1706011177
  ],
  "blockTransactions": [
    6,
    3,
    2,
    1
  ],
  "Delays": [
    3398,
    3398,
    2428,
    2272,
    1757,
    1526,
    1571,
    1169,
    919,
    601,
    429,
    4085
  ],
  "Throughputs": [
    1.7657445556209534,
    2.292409577177789,
    2.6894865525672373,
    1.4184397163120566
  ],
  "AverageDelays": [
    2463.1666666666665,
    2048.6666666666665,
    1769.8181818181818,
    1962.75
  ]
}