{
  "transactionTimestamps": [
    1706011202093,
    1706011202932,
    1706011203788,
    1706011204690,
    1706011207483,
    1706011208228,
    1706011206630,
    1706011208959,
    1706011209895,
    1706011210952,
    1706011212024,
    1706011212800,
    1706011213920
  ],
  "blockTimestamps": [
    1706011205172,
    1706011211572,
    1706011211811,
    1706011218763
  ],
  "blockTimes": [
    1706011202,
    1706011204,
    1706011210,
    1706011214
  ],
  "blockTransactions": [
    1,
    8,
    1,
    3
  ],
  "Delays": [
    3079,
    8640,
    7784,
    6882,
    4089,
    3344,
    4942,
    2613,
    1677,
    859,
    6739,
    5963,
    4843
  ],
  "Throughputs": [
    0.32478077297823965,
    0.9494672433801035,
    1.0290183165260343,
    0.7798440311937612
  ],
  "AverageDelays": [
    3079,
    4783.333333333333,
    4390.9,
    4727.2307692307695
  ]
}