{
  "transactionTimestamps": [
    1706011345357,
    1706011345357,
    1706011346436,
    1706011346654,
    1706011347526,
    1706011347820,
    1706011348381,
    1706011348552,
    1706011349037,
    1706011349503,
    1706011349751,
    1706011350359
  ],
  "blockTimestamps": [
    1706011347503,
    1706011347733,
    1706011349236,
    1706011349699,
    1706011350338,
    1706011352950,
    1706011353305
  ],
  "blockTimes": [
    1706011343,
    1706011346,
    1706011348,
    1706011349,
    1706011350,
    1706011351,
    1706011352
  ],
  "blockTransactions": [
    3,
    1,
    3,
    1,
    1,
    2,
    1
  ],
  "Delays": [
    2146,
    2146,
    1067,
    1079,
    1710,
    1416,
    855,
    1147,
    1301,
    3447,
    3199,
    2946
  ],
  "Throughputs": [
    1.3979496738117427,
    1.6835016835016836,
    1.8045888115493685,
    1.842468908337172,
    1.806866091146356,
    1.4487027525352298,
    1.5098137896326118
  ],
  "AverageDelays": [
    1786.3333333333333,
    1609.5,
    1488.4285714285713,
    1445.75,
    1429.6666666666667,
    1773.909090909091,
    1871.5833333333333
  ]
}