{
  "transactionTimestamps": [
    1706011323196,
    1706011325062
  ],
  "blockTimestamps": [
    1706011328650,
    1706011335990
  ],
  "blockTimes": [
    1706011325,
    1706011327
  ],
  "blockTransactions": [
    1,
    1
  ],
  "Delays": [
    5454,
    10928
  ],
  "Throughputs": [
    0.18335166850018336,
    0.1563232765358762
  ],
  "AverageDelays": [
    5454,
    8191
  ]
}