{
  "transactionTimestamps": [
    1706010811501,
    1706010811501,
    1706010812971,
    1706010813159,
    1706010813734,
    1706010814280,
    1706010814481,
    1706010815263,
    1706010815433,
    1706010816167,
    1706010816554,
    1706010816973
  ],
  "blockTimestamps": [
    1706010814446,
    1706010816294,
    1706010820952
  ],
  "blockTimes": [
    1706010809,
    1706010813,
    1706010815
  ],
  "blockTransactions": [
    2,
    3,
    7
  ],
  "Delays": [
    2945,
    2945,
    3323,
    3135,
    2560,
    6672,
    6471,
    5689,
    5519,
    4785,
    4398,
    3979
  ],
  "Throughputs": [
    0.6791171477079797,
    1.0431879824744419,
    1.2697069093217648
  ],
  "AverageDelays": [
    2945,
    2981.6,
    4368.416666666667
  ]
}