{
  "transactionTimestamps": [
    1706010996731,
    1706010996731,
    1706010996731,
    1706010997821,
    1706010998012,
    1706010997556,
    1706010998289,
    1706010998664,
    1706010998850,
    1706010999547,
    1706010999764,
    1706011000261,
    1706010998958,
    1706011000848,
    1706011001206,
    1706011001315,
    1706011001592,
    1706011002011
  ],
  "blockTimestamps": [
    1706011002518,
    1706011002740,
    1706011003761
  ],
  "blockTimes": [
    1706010995,
    1706011001,
    1706011002
  ],
  "blockTransactions": [
    8,
    9,
    1
  ],
  "Delays": [
    5787,
    5787,
    5787,
    4697,
    4506,
    4962,
    4229,
    3854,
    3890,
    3193,
    2976,
    2479,
    3782,
    1892,
    1534,
    1425,
    1148,
    1750
  ],
  "Throughputs": [
    1.3824088474166234,
    2.8290896987851553,
    2.5604551920341394
  ],
  "AverageDelays": [
    4951.125,
    3642.823529411765,
    3537.6666666666665
  ]
}