{
  "transactionTimestamps": [
    1706011519661,
    1706011521370,
    1706011524674,
    1706011525747,
    1706011526552,
    1706011528364,
    1706011529299,
    1706011530329
  ],
  "blockTimestamps": [
    1706011523106,
    1706011527863,
    1706011529807,
    1706011531009,
    1706011537187
  ],
  "blockTimes": [
    1706011515,
    1706011521,
    1706011527,
    1706011529,
    1706011530
  ],
  "blockTransactions": [
    1,
    2,
    2,
    2,
    1
  ],
  "Delays": [
    3445,
    6493,
    3189,
    4060,
    3255,
    2645,
    1710,
    6858
  ],
  "Throughputs": [
    0.29027576197387517,
    0.365764447695684,
    0.49280504632367433,
    0.6168487839266831,
    0.45646468104530413
  ],
  "AverageDelays": [
    3445,
    4375.666666666667,
    4088.4,
    3542.4285714285716,
    3956.875
  ]
}