{"a": 0.3, "b": 0.7, "communities0": [[0, 74, 22, 91, 60], [1, 36, 71, 45, 19, 83, 54, 23, 56, 26, 59, 31], [2, 3, 7, 17, 20, 37, 40, 44, 49, 55, 63, 65, 66, 68, 69, 82, 86, 88, 90, 93], [4, 9, 46, 89, 58], [42, 5, 39], [76, 6], [8, 73, 12, 27, 92], [10, 11], [51, 13], [34, 67, 78, 14, 16, 50, 84, 61], [64, 35, 43, 47, 15, 79, 80, 81, 21, 85, 87, 62, 30], [57, 18], [24, 53], [72, 25], [28, 70], [48, 29], [32, 75], [33, 41], [38, 94], [52, 77]], "communities1": [[0, 74, 22, 91, 60], [1, 36, 71, 45, 19, 83, 54, 23, 56, 26, 59, 31], [2, 7, 14, 16, 34, 37, 44, 50, 61, 65, 66, 67, 69, 78, 82, 84, 86, 88, 90], [3, 68, 40, 17, 49, 20, 55, 93, 63], [4, 9, 46, 89, 58], [42, 5, 39], [76, 6], [8, 73, 12, 27, 92], [10, 11], [51, 13], [64, 35, 43, 79, 80, 81, 15, 47, 21, 85, 87, 62, 30], [57, 18], [24, 53], [72, 25], [28, 70], [48, 29], [32, 75], [33, 41], [38, 94], [52, 77]], "communities2": [[0, 74, 22, 91, 60], [1, 36, 71, 45, 19, 83, 54, 23, 56, 26, 59, 31], [65, 2, 34, 66, 37, 69, 7, 50, 82, 86, 90], [17, 3, 68], [89, 58, 4], [42, 5, 39], [76, 6], [8, 73, 12, 27, 92], [9, 46], [10, 11], [51, 13], [61, 14], [30, 15], [16, 67, 84, 78], [57, 18], [49, 20, 93, 44], [79, 80, 81, 21, 62], [24, 53], [72, 25], [28, 70], [48, 29], [32, 75], [33, 41], [64, 35, 43, 47, 85, 87], [94, 38], [40, 88, 63, 55], [52, 77]], "communities3": [[43, 78, 86, 88, 57], [33, 2, 81, 53, 27], [64, 5, 11, 47, 15], [65, 35, 36, 73, 20], [70, 12, 84, 23, 25], [69, 8, 48, 19, 52], [1, 7, 76, 90, 28], [4, 40, 72, 50, 82], [3, 45, 13, 49, 21], [30, 24, 91, 29, 94], [37, 42, 16, 54, 87], [68, 75, 22, 55, 59], [66, 34, 38, 6, 92], [71, 44, 77, 79, 85], [32, 18, 83, 26, 31], [17, 74, 61, 62], [80, 9, 51, 60], [0, 89, 39, 63], [41, 58, 93, 14], [56, 10, 67, 46]], "q0": 0.44093458623069065, "f0": 0.8835462059359043, "q1": 0.44397315385312885, "f1": 0.8791473882916643}