{"a": 0.7, "b": 0.3, "communities0": [[0, 1, 3, 6, 8, 11], [2, 15], [4, 14], [12, 5], [9, 10, 7], [16, 13]], "q0": 0.4034859521331947, "f0": 0.6985006081821621}