{
  "transactionTimestamps": [
    1705996998755,
    1705996998755,
    1705996998755,
    1705996999814,
    1705996999472,
    1705996999769,
    1705997000471,
    1705997000487,
    1705997000688,
    1705997001127,
    1705997001127,
    1705997001704,
    1705997001888,
    1705997002529,
    1705997002920,
    1705997002076,
    1705997003481,
    1705997004199,
    1705997003596
  ],
  "blockTimestamps": [
    1705997000362,
    1705997003007,
    1705997003607,
    1705997005877,
    1705997007341
  ],
  "blockTimes": [
    1705996999,
    1705997000,
    1705997002,
    1705997003,
    1705997005
  ],
  "blockTransactions": [
    2,
    3,
    9,
    1,
    4
  ],
  "Delays": [
    1607,
    1607,
    4252,
    3193,
    3535,
    3838,
    3136,
    3120,
    2919,
    2480,
    2480,
    1903,
    1719,
    1078,
    2957,
    5265,
    3860,
    3142,
    3745
  ],
  "Throughputs": [
    1.2445550715619167,
    1.175917215428034,
    2.8854080791426213,
    2.1061499578770007,
    2.212904728627999
  ],
  "AverageDelays": [
    1607,
    2838.8,
    2633.3571428571427,
    2654.9333333333334,
    2938.7368421052633
  ]
}