{
  "transactionTimestamps": [
    1705996980178,
    1705996981237,
    1705996980178,
    1705996982080,
    1705996982190,
    1705996982721,
    1705996983018,
    1705996983709,
    1705996984116,
    1705996984522,
    1705996984867,
    1705996985927
  ],
  "blockTimestamps": [
    1705996985146,
    1705996985822,
    1705996987168
  ],
  "blockTimes": [
    1705996982,
    1705996984,
    1705996986
  ],
  "blockTransactions": [
    7,
    4,
    1
  ],
  "Delays": [
    4968,
    3909,
    4968,
    3066,
    2956,
    2425,
    2128,
    2113,
    1706,
    1300,
    955,
    1241
  ],
  "Throughputs": [
    1.4090177133655395,
    1.9489723600283486,
    1.7167381974248928
  ],
  "AverageDelays": [
    3488.5714285714284,
    2772.181818181818,
    2644.5833333333335
  ]
}