{
  "transactionTimestamps": [
    1705997038552,
    1705997038552,
    1705997039543,
    1705997040120,
    1705997040461,
    1705997041212,
    1705997041244,
    1705997042101,
    1705997042289,
    1705997042910,
    1705997043096,
    1705997043972
  ],
  "blockTimestamps": [
    1705997041472,
    1705997042307,
    1705997043136,
    1705997044177,
    1705997047285
  ],
  "blockTimes": [
    1705997039,
    1705997040,
    1705997041,
    1705997042,
    1705997043
  ],
  "blockTransactions": [
    3,
    2,
    3,
    2,
    2
  ],
  "Delays": [
    2920,
    2920,
    1929,
    2187,
    1846,
    1924,
    1892,
    1035,
    1888,
    1267,
    4189,
    3313
  ],
  "Throughputs": [
    1.0273972602739727,
    1.3315579227696406,
    1.7452006980802794,
    1.7777777777777777,
    1.3740982480247337
  ],
  "AverageDelays": [
    2589.6666666666665,
    2360.4,
    2081.625,
    1980.8,
    2275.8333333333335
  ]
}