{
  "transactionTimestamps": [
    1705996786220,
    1705996786219,
    1705996787189,
    1705996787656,
    1705996788155,
    1705996788685,
    1705996789353,
    1705996790048,
    1705996789090,
    1705996790951,
    1705996791168,
    1705996790350,
    1705996792103,
    1705996793193,
    1705996794284,
    1705996795312,
    1705996796388,
    1705996797073,
    1705996798116
  ],
  "blockTimestamps": [
    1705996856238
  ],
  "blockTimes": [
    1705996786
  ],
  "blockTransactions": [
    19
  ],
  "Delays": [
    70018,
    70019,
    69049,
    68582,
    68083,
    67553,
    66885,
    66190,
    67148,
    65287,
    65070,
    65888,
    64135,
    63045,
    61954,
    60926,
    59850,
    59165,
    58122
  ],
  "Throughputs": [
    0.27135879345311203
  ],
  "AverageDelays": [
    65103.63157894737
  ]
}