{
  "transactionTimestamps": [
    1705996957810,
    1705996957810,
    1705996958526,
    1705996958824,
    1705996959229,
    1705996960288,
    1705996961135,
    1705996959447,
    1705996961838,
    1705996962932,
    1705996961264,
    1705996963650,
    1705996962199,
    1705996963768
  ],
  "blockTimestamps": [
    1705996959360,
    1705996959633,
    1705996961056,
    1705996962375,
    1705996962487,
    1705996976430
  ],
  "blockTimes": [
    1705996958,
    1705996959,
    1705996960,
    1705996962,
    1705996963,
    1705996965
  ],
  "blockTransactions": [
    1,
    3,
    1,
    3,
    1,
    5
  ],
  "Delays": [
    1550,
    1823,
    1107,
    809,
    1827,
    2087,
    1240,
    2928,
    649,
    13498,
    15166,
    12780,
    14231,
    12662
  ],
  "Throughputs": [
    0.6451612903225806,
    2.1941854086670323,
    1.5403573629081948,
    1.7524644030668126,
    1.9243104554201413,
    0.7518796992481203
  ],
  "AverageDelays": [
    1550,
    1322.25,
    1423.2,
    1671.375,
    1557.7777777777778,
    5882.642857142857
  ]
}