{"a": 0.8, "b": 0.2, "communities0": [[0, 27], [1, 47], [2, 42], [89, 49, 3, 12], [16, 4], [84, 5], [86, 6], [53, 7], [8, 23], [9, 13], [97, 10], [11, 79], [76, 14], [33, 15], [17, 71], [73, 18], [43, 19], [51, 20], [59, 21], [82, 22], [24, 40], [25, 66], [26, 61], [28, 69], [58, 29], [70, 30], [32, 77, 63, 31], [81, 34], [41, 35], [48, 36], [37, 55], [92, 38], [80, 90, 39], [64, 44], [74, 52, 45, 62], [68, 46], [65, 50], [67, 54], [56, 95], [57, 75], [60, 94], [72, 88], [98, 78], [96, 83], [93, 85], [91, 87]], "q0": 0.49310937919914005, "f0": 0.8492370985632763}