{
  "transactionTimestamps": [
    1706183669678,
    1706183672183,
    1706183673063,
    1706183674101,
    1706183673885,
    1706183674449,
    1706183673944,
    1706183674037,
    1706183674891,
    1706183675144,
    1706183674512,
    1706183674622,
    1706183674766,
    1706183675349,
    1706183675032,
    1706183675144,
    1706183675144,
    1706183675080,
    1706183679456,
    1706183678890,
    1706183679989,
    1706183679926,
    1706183680445,
    1706183680680,
    1706183680649,
    1706183680288,
    1706183680836,
    1706183681260,
    1706183680696,
    1706183681339,
    1706183681636,
    1706183681573,
    1706183681448,
    1706183681746,
    1706183682385,
    1706183682151,
    1706183685804,
    1706183686038,
    1706183686149,
    1706183686778,
    1706183686401,
    1706183686698,
    1706183686795,
    1706183686604,
    1706183686999,
    1706183687062
  ],
  "blockTimestamps": [
    1706183677178,
    1706183680189,
    1706183683186,
    1706183686194,
    1706183689200,
    1706183692185
  ],
  "blockTimes": [
    1706183677,
    1706183680,
    1706183683,
    1706183686,
    1706183689,
    1706183692
  ],
  "blockTransactions": [
    2,
    14,
    2,
    11,
    7,
    10
  ],
  "Delays": [
    7500,
    4995,
    7126,
    6088,
    6304,
    5740,
    6245,
    6152,
    5298,
    5045,
    5677,
    5567,
    5423,
    4840,
    5157,
    5045,
    8042,
    8106,
    6738,
    7304,
    6205,
    6268,
    5749,
    5514,
    5545,
    5906,
    5358,
    4934,
    5498,
    7861,
    7564,
    7627,
    7752,
    7454,
    6815,
    7049,
    6381,
    6147,
    6036,
    5407,
    5784,
    5487,
    5390,
    5581,
    5186,
    5123
  ],
  "Throughputs": [
    0.26666666666666666,
    1.5222148225668348,
    1.3325436778205508,
    1.7558730927585373,
    1.8440733531400473,
    2.0438085928822143
  ],
  "AverageDelays": [
    6247.5,
    5762.625,
    6019.444444444444,
    5978.241379310345,
    6263.638888888889,
    6130.717391304348
  ]
}