{
  "transactionTimestamps": [
    1706183871424,
    1706183872422,
    1706183871565,
    1706183872422,
    1706183872313,
    1706183873263,
    1706183874335,
    1706183873560,
    1706183874319,
    1706183875257,
    1706183874617,
    1706183875256,
    1706183875240,
    1706183875381,
    1706183875458,
    1706183876006,
    1706183875257,
    1706183877518,
    1706183878052,
    1706183878287,
    1706183878866,
    1706183878397,
    1706183879067,
    1706183879675,
    1706183879847,
    1706183881357,
    1706183880673,
    1706183880750,
    1706183881219,
    1706183881030,
    1706183881357,
    1706183881888,
    1706183881856,
    1706183881606,
    1706183881983,
    1706183882014,
    1706183882576,
    1706183884211,
    1706183885199,
    1706183885624,
    1706183885796,
    1706183886676,
    1706183885921,
    1706183886911,
    1706183887414,
    1706183887070,
    1706183887367,
    1706183887430,
    1706183888010,
    1706183888072,
    1706183888325,
    1706183888072,
    1706183888089,
    1706183888655
  ],
  "blockTimestamps": [
    1706183878190,
    1706183881191,
    1706183884185,
    1706183887205,
    1706183890192,
    1706183893187
  ],
  "blockTimes": [
    1706183878,
    1706183881,
    1706183884,
    1706183887,
    1706183890,
    1706183893
  ],
  "blockTransactions": [
    6,
    11,
    6,
    14,
    3,
    14
  ],
  "Delays": [
    6766,
    5768,
    6625,
    5768,
    5877,
    4927,
    6856,
    7631,
    6872,
    5934,
    6574,
    5935,
    5951,
    5810,
    5733,
    5185,
    5934,
    6667,
    6133,
    5898,
    5319,
    5788,
    5118,
    7530,
    7358,
    5848,
    6532,
    6455,
    5986,
    6175,
    5848,
    5317,
    5349,
    5599,
    5222,
    5191,
    4629,
    5981,
    4993,
    4568,
    7391,
    6511,
    7266,
    6276,
    5773,
    6117,
    5820,
    5757,
    5177,
    5115,
    4862,
    5115,
    5098,
    4532
  ],
  "Throughputs": [
    0.8867868755542418,
    1.740554929865875,
    1.8023665856907767,
    2.3445915974906533,
    2.131287297527707,
    2.481275559435739
  ],
  "AverageDelays": [
    5955.166666666667,
    6126.235294117647,
    6046.478260869565,
    6002.918918918919,
    5941.25,
    5897.407407407408
  ]
}