{
  "transactionTimestamps": [
    1706183508108,
    1706183508140,
    1706183507951,
    1706183511684,
    1706183511577,
    1706183512364,
    1706183512096,
    1706183512395,
    1706183512696,
    1706183512929,
    1706183513211,
    1706183513417,
    1706183513134,
    1706183513715,
    1706183514174,
    1706183515091,
    1706183515088,
    1706183515089,
    1706183517731,
    1706183517763,
    1706183517731,
    1706183518676,
    1706183518408,
    1706183518802,
    1706183518550,
    1706183518502,
    1706183519101,
    1706183519796,
    1706183519369,
    1706183520359,
    1706183521312,
    1706183521798,
    1706183521250,
    1706183521331,
    1706183522049,
    1706183522238,
    1706183523323,
    1706183523731,
    1706183524359,
    1706183524314,
    1706183524535,
    1706183525195,
    1706183524754,
    1706183525398,
    1706183525446,
    1706183525808,
    1706183525855,
    1706183526579,
    1706183528020,
    1706183527742,
    1706183527990,
    1706183528335
  ],
  "blockTimestamps": [
    1706183515190,
    1706183518199,
    1706183521184,
    1706183524191,
    1706183527182,
    1706183530186,
    1706183533193
  ],
  "blockTimes": [
    1706183515,
    1706183518,
    1706183521,
    1706183524,
    1706183527,
    1706183530,
    1706183533
  ],
  "blockTransactions": [
    3,
    11,
    4,
    9,
    9,
    8,
    8
  ],
  "Delays": [
    7082,
    7050,
    7239,
    6515,
    6622,
    5835,
    6103,
    5804,
    5503,
    5270,
    4988,
    4782,
    5065,
    4484,
    7010,
    6093,
    6096,
    6095,
    6460,
    6428,
    6460,
    5515,
    5783,
    5389,
    5641,
    5689,
    5090,
    7386,
    7813,
    6823,
    5870,
    5384,
    5932,
    5851,
    5133,
    4944,
    6863,
    6455,
    5827,
    5872,
    5651,
    4991,
    5432,
    4788,
    7747,
    7385,
    7338,
    6614,
    5173,
    5451,
    5203,
    4858
  ],
  "Throughputs": [
    0.4236091499576391,
    1.387374888514518,
    1.3765677577240747,
    1.6787912702853947,
    1.887385970430953,
    1.9929341425853793,
    2.072951963324696
  ],
  "AverageDelays": [
    7123.666666666667,
    5881.571428571428,
    5979.777777777777,
    5929.2962962962965,
    5978.527777777777,
    5934.227272727273,
    5978.365384615385
  ]
}