{
  "transactionTimestamps": [
    1706183829412,
    1706183828830,
    1706183830780,
    1706183831733,
    1706183831249,
    1706183831672,
    1706183831827,
    1706183832203,
    1706183832362,
    1706183832346,
    1706183832852,
    1706183834177,
    1706183833608,
    1706183833624,
    1706183834381,
    1706183835234,
    1706183835235,
    1706183835235,
    1706183835202,
    1706183835029,
    1706183837014,
    1706183837783,
    1706183837501,
    1706183837752,
    1706183838160,
    1706183838034,
    1706183838396,
    1706183838775,
    1706183838949,
    1706183839438,
    1706183840225,
    1706183841008,
    1706183840774,
    1706183841056,
    1706183841558,
    1706183841181,
    1706183841636,
    1706183841668,
    1706183841872,
    1706183842235,
    1706183844391,
    1706183843746,
    1706183844690,
    1706183844893,
    1706183844970,
    1706183845567,
    1706183845473,
    1706183846240,
    1706183846957,
    1706183846832,
    1706183846677,
    1706183847334,
    1706183847114,
    1706183847459,
    1706183847756,
    1706183847802,
    1706183848428
  ],
  "blockTimestamps": [
    1706183836208,
    1706183839211,
    1706183842184,
    1706183845203,
    1706183848189,
    1706183851192,
    1706183854195
  ],
  "blockTimes": [
    1706183836,
    1706183839,
    1706183842,
    1706183845,
    1706183848,
    1706183851,
    1706183854
  ],
  "blockTransactions": [
    5,
    9,
    7,
    10,
    9,
    8,
    9
  ],
  "Delays": [
    6796,
    7378,
    5428,
    4475,
    4959,
    7539,
    7384,
    7008,
    6849,
    6865,
    6359,
    5034,
    5603,
    5587,
    7803,
    6950,
    6949,
    6949,
    6982,
    7155,
    5170,
    7420,
    7702,
    7451,
    7043,
    7169,
    6807,
    6428,
    6254,
    5765,
    4978,
    7181,
    7415,
    7133,
    6631,
    7008,
    6553,
    6521,
    6317,
    5954,
    6801,
    7446,
    6502,
    6299,
    6222,
    5625,
    5719,
    4952,
    7238,
    7363,
    7518,
    6861,
    7081,
    6736,
    6439,
    6393,
    5767
  ],
  "Throughputs": [
    0.7357268981753973,
    1.4287172160424533,
    1.6442217350454118,
    1.9631435627889304,
    2.1302657506523937,
    2.203856749311295,
    2.299963684783924
  ],
  "AverageDelays": [
    5807.2,
    6233.142857142857,
    6439.142857142857,
    6523.8387096774195,
    6573.8,
    6510.791666666667,
    6559.894736842105
  ]
}