{
  "transactionTimestamps": [
    1706183747376,
    1706183748209,
    1706183748728,
    1706183750118,
    1706183751628,
    1706183750403,
    1706183751001,
    1706183751002,
    1706183750986,
    1706183751970,
    1706183751644,
    1706183752049,
    1706183753198,
    1706183752364,
    1706183751768,
    1706183752820,
    1706183753009,
    1706183754406,
    1706183753009,
    1706183753953,
    1706183754391,
    1706183755827,
    1706183755306,
    1706183755182,
    1706183755181,
    1706183755181,
    1706183757385,
    1706183755591,
    1706183756473,
    1706183756252,
    1706183756519,
    1706183757242,
    1706183758780,
    1706183757869,
    1706183757132,
    1706183757917,
    1706183758559,
    1706183760301,
    1706183758654,
    1706183758824,
    1706183759614,
    1706183760254,
    1706183760832,
    1706183761758,
    1706183761542,
    1706183762310,
    1706183761947,
    1706183762689,
    1706183762578,
    1706183762184,
    1706183762168,
    1706183762955,
    1706183762815,
    1706183763253,
    1706183763411,
    1706183764430,
    1706183765020,
    1706183765164,
    1706183765801,
    1706183766191,
    1706183767063,
    1706183767528,
    1706183767856,
    1706183767778,
    1706183768638,
    1706183768498,
    1706183768374
  ],
  "blockTimestamps": [
    1706183755197,
    1706183758191,
    1706183761188,
    1706183764183,
    1706183767189,
    1706183770198,
    1706183773190
  ],
  "blockTimes": [
    1706183755,
    1706183758,
    1706183761,
    1706183764,
    1706183767,
    1706183770,
    1706183773
  ],
  "blockTransactions": [
    6,
    13,
    12,
    9,
    10,
    8,
    9
  ],
  "Delays": [
    7821,
    6988,
    6469,
    5079,
    3569,
    4794,
    7190,
    7189,
    7205,
    6221,
    6547,
    6142,
    4993,
    5827,
    6423,
    5371,
    5182,
    3785,
    5182,
    7235,
    6797,
    5361,
    5882,
    6006,
    6007,
    6007,
    3803,
    5597,
    4715,
    4936,
    4669,
    6941,
    5403,
    6314,
    7051,
    6266,
    5624,
    3882,
    5529,
    5359,
    7575,
    6935,
    6357,
    5431,
    5647,
    4879,
    5242,
    4500,
    4611,
    5005,
    8030,
    7243,
    7383,
    6945,
    6787,
    5768,
    5178,
    5034,
    7389,
    6999,
    6127,
    5662,
    5334,
    5412,
    4552,
    4692,
    4816
  ],
  "Throughputs": [
    0.7671653241273495,
    1.756819232547388,
    2.244425137561541,
    2.3799607306479444,
    2.5235956190380056,
    2.54140741389887,
    2.5954908189354615
  ],
  "AverageDelays": [
    5786.666666666667,
    5893.526315789473,
    5773.935483870968,
    5784.025,
    5750.86,
    5860.5344827586205,
    5834.238805970149
  ]
}