{
  "transactionTimestamps": [
    1706183687344,
    1706183687939,
    1706183687595,
    1706183687657,
    1706183688018,
    1706183688743,
    1706183688727,
    1706183691153,
    1706183692130,
    1706183691735,
    1706183692397,
    1706183692728,
    1706183692822,
    1706183693372,
    1706183693719,
    1706183693908,
    1706183693547,
    1706183693799,
    1706183694236,
    1706183695146,
    1706183694456,
    1706183694582,
    1706183695036,
    1706183695147,
    1706183697567,
    1706183697976,
    1706183698528,
    1706183698622,
    1706183699031,
    1706183698449,
    1706183699532,
    1706183699470,
    1706183699580,
    1706183700824,
    1706183700525,
    1706183700951,
    1706183700446,
    1706183700840,
    1706183701424,
    1706183701913,
    1706183701770,
    1706183702559,
    1706183703532,
    1706183704225,
    1706183705061,
    1706183705156,
    1706183704494,
    1706183705528,
    1706183705905,
    1706183706534,
    1706183706471,
    1706183707322,
    1706183706597,
    1706183707165,
    1706183707826,
    1706183707524,
    1706183708455,
    1706183708079
  ],
  "blockTimestamps": [
    1706183695187,
    1706183698190,
    1706183701200,
    1706183704180,
    1706183707188,
    1706183710187,
    1706183713197
  ],
  "blockTimes": [
    1706183695,
    1706183698,
    1706183701,
    1706183704,
    1706183707,
    1706183710,
    1706183713
  ],
  "blockTransactions": [
    7,
    7,
    10,
    7,
    11,
    5,
    11
  ],
  "Delays": [
    7843,
    7248,
    7592,
    7530,
    7169,
    6444,
    6460,
    7037,
    6060,
    6455,
    5793,
    5462,
    5368,
    4818,
    7481,
    7292,
    7653,
    7401,
    6964,
    6054,
    6744,
    6618,
    6164,
    6053,
    6613,
    6204,
    5652,
    5558,
    5149,
    5731,
    4648,
    7718,
    7608,
    6364,
    6663,
    6237,
    6742,
    6348,
    5764,
    5275,
    5418,
    4629,
    6655,
    5962,
    5126,
    5031,
    5693,
    7669,
    7292,
    6663,
    6726,
    5875,
    6600,
    6032,
    5371,
    5673,
    4742,
    5118
  ],
  "Throughputs": [
    0.8925156190233329,
    1.2907984510418586,
    1.7321016166281755,
    1.8412924685198386,
    2.116508768393469,
    2.057523092413431,
    2.243453370982091
  ],
  "AverageDelays": [
    7183.714285714285,
    6519.928571428572,
    6654.291666666667,
    6427.677419354839,
    6381.523809523809,
    6308.31914893617,
    6280.206896551724
  ]
}