{
  "transactionTimestamps": [
    1706183588409,
    1706183588393,
    1706183588915,
    1706183589230,
    1706183591168,
    1706183591549,
    1706183591940,
    1706183591737,
    1706183592114,
    1706183592696,
    1706183592666,
    1706183593320,
    1706183593572,
    1706183593743,
    1706183593899,
    1706183594273,
    1706183594476,
    1706183595118,
    1706183594555,
    1706183595117,
    1706183595117,
    1706183595132,
    1706183595117,
    1706183597609,
    1706183597670,
    1706183597717,
    1706183598254,
    1706183598786,
    1706183598644,
    1706183598567,
    1706183599302,
    1706183599333,
    1706183600006,
    1706183600273,
    1706183600841,
    1706183600605,
    1706183601308,
    1706183601400,
    1706183600668,
    1706183600809,
    1706183600825,
    1706183601730,
    1706183601416,
    1706183602074,
    1706183601495,
    1706183604558,
    1706183604044,
    1706183604730,
    1706183604059,
    1706183604885,
    1706183605183,
    1706183605465,
    1706183605948,
    1706183605916,
    1706183606949,
    1706183606761,
    1706183606730,
    1706183606902,
    1706183607650,
    1706183607323,
    1706183607291,
    1706183607603,
    1706183607681,
    1706183607914,
    1706183608056
  ],
  "blockTimestamps": [
    1706183596184,
    1706183599195,
    1706183602190,
    1706183605192,
    1706183608191,
    1706183611194,
    1706183614782
  ],
  "blockTimes": [
    1706183596,
    1706183599,
    1706183602,
    1706183605,
    1706183608,
    1706183611,
    1706183614
  ],
  "blockTransactions": [
    6,
    10,
    8,
    9,
    12,
    9,
    11
  ],
  "Delays": [
    7775,
    7791,
    7269,
    6954,
    5016,
    4635,
    7255,
    7458,
    7081,
    6499,
    6529,
    5875,
    5623,
    5452,
    5296,
    4922,
    7714,
    7072,
    7635,
    7073,
    7073,
    7058,
    7073,
    4581,
    7522,
    7475,
    6938,
    6406,
    6548,
    6625,
    5890,
    5859,
    5186,
    7918,
    7350,
    7586,
    6883,
    6791,
    7523,
    7382,
    7366,
    6461,
    6775,
    6117,
    6696,
    6636,
    7150,
    6464,
    7135,
    6309,
    6011,
    5729,
    5246,
    5278,
    7833,
    8021,
    8052,
    7880,
    7132,
    7459,
    7491,
    7179,
    7101,
    6868,
    6726
  ],
  "Throughputs": [
    0.7717041800643086,
    1.4834044131281292,
    1.7415281909875915,
    1.9662753977238872,
    2.2747952684258417,
    2.369980250164582,
    2.464641868577712
  ],
  "AverageDelays": [
    6573.333333333333,
    6339.375,
    6529.541666666667,
    6519.939393939394,
    6666.8,
    6591.925925925926,
    6733.9384615384615
  ]
}