{
  "transactionTimestamps": [
    1706183931587,
    1706183932521,
    1706183932366,
    1706183933315,
    1706183932878,
    1706183934310,
    1706183934295,
    1706183934733,
    1706183935279,
    1706183934528,
    1706183935168,
    1706183935402,
    1706183935449,
    1706183935279,
    1706183937449,
    1706183938402,
    1706183938355,
    1706183939689,
    1706183939015,
    1706183939296,
    1706183940379,
    1706183941158,
    1706183941345,
    1706183941314,
    1706183941220,
    1706183941921,
    1706183942015,
    1706183941953,
    1706183942405,
    1706183941781,
    1706183944068,
    1706183945002,
    1706183944658,
    1706183945392,
    1706183946361,
    1706183946345,
    1706183947280,
    1706183947076,
    1706183946826,
    1706183947502,
    1706183946982,
    1706183947905,
    1706183947890,
    1706183948062
  ],
  "blockTimestamps": [
    1706183938191,
    1706183941195,
    1706183944199,
    1706183947201,
    1706183950199,
    1706183953195
  ],
  "blockTimes": [
    1706183938,
    1706183941,
    1706183944,
    1706183947,
    1706183950,
    1706183953
  ],
  "blockTransactions": [
    5,
    9,
    5,
    11,
    3,
    11
  ],
  "Delays": [
    6604,
    5670,
    5825,
    4876,
    5313,
    6885,
    6900,
    6462,
    5916,
    6667,
    6027,
    5793,
    5746,
    5916,
    6750,
    5797,
    5844,
    4510,
    5184,
    7905,
    6822,
    6043,
    5856,
    5887,
    5981,
    5280,
    5186,
    5248,
    4796,
    5420,
    6131,
    5197,
    5541,
    7803,
    6834,
    6850,
    5915,
    6119,
    6369,
    5693,
    6213,
    5290,
    5305,
    5133
  ],
  "Throughputs": [
    0.7571168988491823,
    1.4571190674437968,
    1.506501744370441,
    1.921352632253106,
    1.773049645390071,
    2.0362828582006665
  ],
  "AverageDelays": [
    5657.6,
    6042.857142857143,
    5930.789473684211,
    5903.633333333333,
    5878.121212121212,
    5943.227272727273
  ]
}