{
  "transactionTimestamps": [
    1706183468576,
    1706183469078,
    1706183468498,
    1706183473190,
    1706183473443,
    1706183473458,
    1706183473803,
    1706183474449,
    1706183473945,
    1706183474024,
    1706183473442,
    1706183474917,
    1706183475075,
    1706183475075,
    1706183475785,
    1706183479294,
    1706183479088,
    1706183479452,
    1706183479890,
    1706183479734,
    1706183480361,
    1706183480579,
    1706183480674,
    1706183480016,
    1706183481162,
    1706183481617,
    1706183481507,
    1706183482181,
    1706183481697,
    1706183485469,
    1706183485706,
    1706183485737,
    1706183486352,
    1706183486477,
    1706183486383,
    1706183486668,
    1706183486810,
    1706183487140,
    1706183487250,
    1706183487973,
    1706183487596,
    1706183488318
  ],
  "blockTimestamps": [
    1706183476185,
    1706183479213,
    1706183482193,
    1706183485187,
    1706183488188,
    1706183491193,
    1706183494189
  ],
  "blockTimes": [
    1706183476,
    1706183479,
    1706183482,
    1706183485,
    1706183488,
    1706183491,
    1706183494
  ],
  "blockTransactions": [
    3,
    8,
    4,
    9,
    5,
    6,
    7
  ],
  "Delays": [
    7609,
    7107,
    7687,
    6023,
    5770,
    5755,
    5410,
    4764,
    5268,
    5189,
    5771,
    7276,
    7118,
    7118,
    6408,
    5893,
    6099,
    5735,
    5297,
    5453,
    4826,
    4608,
    4513,
    5171,
    7026,
    6571,
    6681,
    6007,
    6491,
    5724,
    5487,
    5456,
    4841,
    4716,
    4810,
    7521,
    7379,
    7049,
    6939,
    6216,
    6593,
    5871
  ],
  "Throughputs": [
    0.3942699434879748,
    1.0341261633919339,
    1.1015642211940955,
    1.4448257178977786,
    1.478686518458087,
    1.547508511296812,
    1.639792292976223
  ],
  "AverageDelays": [
    7467.666666666667,
    6032.090909090909,
    6284.866666666667,
    5911.166666666667,
    6022.206896551724,
    5876.5142857142855,
    6029.666666666667
  ]
}