{
  "transactionTimestamps": [
    1706183811099,
    1706183811681,
    1706183811791,
    1706183812389,
    1706183813052,
    1706183812547,
    1706183813335,
    1706183813743,
    1706183813664,
    1706183813838,
    1706183813979,
    1706183814465,
    1706183815219,
    1706183815423,
    1706183815219,
    1706183816283,
    1706183816629,
    1706183817510,
    1706183817212,
    1706183818454,
    1706183818218,
    1706183818908,
    1706183818597,
    1706183819522,
    1706183819411,
    1706183819854,
    1706183820279,
    1706183820467,
    1706183820999,
    1706183821592,
    1706183821765,
    1706183821546,
    1706183822143,
    1706183822300,
    1706183822679,
    1706183823529,
    1706183824094,
    1706183824833,
    1706183825398,
    1706183825115,
    1706183825162,
    1706183825288,
    1706183825966,
    1706183826154,
    1706183826263,
    1706183827020,
    1706183827161,
    1706183828138,
    1706183828012,
    1706183828500,
    1706183828264
  ],
  "blockTimestamps": [
    1706183818196,
    1706183821188,
    1706183824185,
    1706183827197,
    1706183830189,
    1706183833188
  ],
  "blockTimes": [
    1706183818,
    1706183821,
    1706183824,
    1706183827,
    1706183830,
    1706183833
  ],
  "blockTransactions": [
    7,
    9,
    10,
    8,
    7,
    10
  ],
  "Delays": [
    7097,
    6515,
    6405,
    5807,
    5144,
    5649,
    4861,
    7445,
    7524,
    7350,
    7209,
    6723,
    5969,
    5765,
    5969,
    4905,
    7556,
    6675,
    6973,
    5731,
    5967,
    5277,
    5588,
    4663,
    4774,
    4331,
    6918,
    6730,
    6198,
    5605,
    5432,
    5651,
    5054,
    4897,
    7510,
    6660,
    6095,
    5356,
    4791,
    5074,
    5027,
    7900,
    7222,
    7034,
    6925,
    6168,
    6027,
    5050,
    5176,
    4688,
    4924
  ],
  "Throughputs": [
    0.9863322530646752,
    1.5858856179998018,
    1.9868561821794284,
    2.1120636103863837,
    2.14772132006286,
    2.3088415048214044
  ],
  "AverageDelays": [
    5925.428571428572,
    6271.0625,
    6072,
    6010.5,
    5972.4390243902435,
    5999.686274509804
  ]
}