{
  "transactionTimestamps": [
    1706183610236,
    1706183610647,
    1706183611183,
    1706183611247,
    1706183611056,
    1706183611640,
    1706183612265,
    1706183612691,
    1706183612959,
    1706183613475,
    1706183613288,
    1706183613069,
    1706183613537,
    1706183613569,
    1706183614464,
    1706183614323,
    1706183614026,
    1706183615127,
    1706183615126,
    1706183615126,
    1706183615126,
    1706183616022,
    1706183616747,
    1706183616070,
    1706183617014,
    1706183617819,
    1706183617962,
    1706183618105,
    1706183618403,
    1706183619033,
    1706183618923,
    1706183618986,
    1706183619586,
    1706183619365,
    1706183620386,
    1706183620513,
    1706183619963,
    1706183620167,
    1706183621049,
    1706183620750,
    1706183621789,
    1706183621239,
    1706183621381,
    1706183622355,
    1706183621743,
    1706183622197,
    1706183622873,
    1706183623077,
    1706183624065,
    1706183624661,
    1706183625036,
    1706183625084,
    1706183625005,
    1706183625598,
    1706183625255,
    1706183625832,
    1706183626051,
    1706183625832,
    1706183626538,
    1706183626192,
    1706183626726,
    1706183626976,
    1706183627616,
    1706183627632
  ],
  "blockTimestamps": [
    1706183617182,
    1706183620189,
    1706183623217,
    1706183626791,
    1706183629181,
    1706183632187
  ],
  "blockTimes": [
    1706183617,
    1706183620,
    1706183623,
    1706183626,
    1706183629,
    1706183632
  ],
  "blockTransactions": [
    8,
    13,
    8,
    12,
    9,
    14
  ],
  "Delays": [
    6946,
    6535,
    5999,
    5935,
    6126,
    5542,
    4917,
    4491,
    7230,
    6714,
    6901,
    7120,
    6652,
    6620,
    5725,
    5866,
    6163,
    5062,
    5063,
    5063,
    5063,
    7195,
    6470,
    7147,
    6203,
    5398,
    5255,
    5112,
    4814,
    7758,
    7868,
    7805,
    7205,
    7426,
    6405,
    6278,
    6828,
    6624,
    5742,
    6041,
    5002,
    7942,
    7800,
    6826,
    7438,
    6984,
    6308,
    6104,
    5116,
    4520,
    7151,
    7103,
    7182,
    6589,
    6932,
    6355,
    6136,
    6355,
    5649,
    5995,
    5461,
    5211,
    4571,
    4555
  ],
  "Throughputs": [
    1.1517420097898072,
    2.109916608057872,
    2.2340343579077113,
    2.476593174267593,
    2.6392187912377936,
    2.9155847114026696
  ],
  "AverageDelays": [
    5811.375,
    5987.285714285715,
    5976.793103448276,
    6202.658536585366,
    6266.94,
    6228
  ]
}