{
  "transactionTimestamps": [
    1706183892591,
    1706183892041,
    1706183892954,
    1706183892844,
    1706183892955,
    1706183893427,
    1706183893758,
    1706183893302,
    1706183893884,
    1706183893380,
    1706183894292,
    1706183894119,
    1706183894826,
    1706183895503,
    1706183895268,
    1706183895268,
    1706183897939,
    1706183898486,
    1706183898911,
    1706183898864,
    1706183899287,
    1706183899036,
    1706183899303,
    1706183899539,
    1706183899917,
    1706183899885,
    1706183899792,
    1706183900231,
    1706183900586,
    1706183901457,
    1706183901897,
    1706183901535,
    1706183902417,
    1706183902449,
    1706183904749,
    1706183904264,
    1706183905142,
    1706183905095,
    1706183905895,
    1706183905265,
    1706183905627,
    1706183905407,
    1706183906005,
    1706183906083,
    1706183906792,
    1706183906620,
    1706183907570,
    1706183907770,
    1706183908173,
    1706183908502,
    1706183908862
  ],
  "blockTimestamps": [
    1706183899220,
    1706183902241,
    1706183905188,
    1706183908187,
    1706183911190,
    1706183914193
  ],
  "blockTimes": [
    1706183899,
    1706183902,
    1706183905,
    1706183908,
    1706183911,
    1706183914
  ],
  "blockTransactions": [
    12,
    4,
    12,
    6,
    10,
    7
  ],
  "Delays": [
    6629,
    7179,
    6266,
    6376,
    6265,
    5793,
    5462,
    5918,
    5336,
    5840,
    4928,
    5101,
    7415,
    6738,
    6973,
    6973,
    7249,
    6702,
    6277,
    6324,
    5901,
    6152,
    5885,
    5649,
    5271,
    5303,
    5396,
    4957,
    7601,
    6730,
    6290,
    6652,
    5770,
    5738,
    6441,
    6926,
    6048,
    6095,
    5295,
    5925,
    5563,
    5783,
    5185,
    5107,
    7401,
    7573,
    6623,
    6423,
    6020,
    5691,
    5331
  ],
  "Throughputs": [
    1.8102277869965304,
    1.6580310880829014,
    2.222751448757641,
    2.1800461656835086,
    2.3657185870208077,
    2.360892509952782
  ],
  "AverageDelays": [
    5924.416666666667,
    6199.5,
    6080.642857142857,
    6148.205882352941,
    6077.431818181818,
    6126.843137254902
  ]
}