{
  "transactionTimestamps": [
    1706183435761,
    1706183435845,
    1706183441768,
    1706183442383,
    1706183442004,
    1706183442760
  ],
  "blockTimestamps": [
    1706183440201,
    1706183443184,
    1706183446795,
    1706183449202
  ],
  "blockTimes": [
    1706183440,
    1706183443,
    1706183446,
    1706183449
  ],
  "blockTransactions": [
    1,
    1,
    1,
    3
  ],
  "Delays": [
    4440,
    7339,
    5027,
    6819,
    7198,
    6442
  ],
  "Throughputs": [
    0.2252252252252252,
    0.269432843863667,
    0.2718868950516585,
    0.4463953574882821
  ],
  "AverageDelays": [
    4440,
    5889.5,
    5602,
    6210.833333333333
  ]
}