{
  "transactionTimestamps": [
    1706183550471,
    1706183550141,
    1706183551056,
    1706183551056,
    1706183551403,
    1706183551244,
    1706183551841,
    1706183552171,
    1706183552788,
    1706183552187,
    1706183552583,
    1706183553498,
    1706183553151,
    1706183554032,
    1706183554158,
    1706183553641,
    1706183555104,
    1706183554932,
    1706183555104,
    1706183555104,
    1706183555404,
    1706183556158,
    1706183556537,
    1706183557276,
    1706183556648,
    1706183557199,
    1706183557733,
    1706183557826,
    1706183558001,
    1706183558286,
    1706183558569,
    1706183559311,
    1706183558647,
    1706183559452,
    1706183559767,
    1706183559862,
    1706183560004,
    1706183560603,
    1706183561122,
    1706183561467,
    1706183561248,
    1706183561972,
    1706183561941,
    1706183561910,
    1706183562635,
    1706183563093,
    1706183562193,
    1706183563046,
    1706183563689,
    1706183564036,
    1706183564462,
    1706183563991,
    1706183565360,
    1706183565140,
    1706183564714,
    1706183565282,
    1706183565045,
    1706183565926,
    1706183566352,
    1706183566383,
    1706183566695,
    1706183567197,
    1706183566993
  ],
  "blockTimestamps": [
    1706183557194,
    1706183560194,
    1706183563201,
    1706183566191,
    1706183569184,
    1706183572194
  ],
  "blockTimes": [
    1706183557,
    1706183560,
    1706183563,
    1706183566,
    1706183569,
    1706183572
  ],
  "blockTransactions": [
    7,
    13,
    11,
    10,
    11,
    11
  ],
  "Delays": [
    6723,
    7053,
    6138,
    6138,
    5791,
    5950,
    5353,
    8023,
    7406,
    8007,
    7611,
    6696,
    7043,
    6162,
    6036,
    6553,
    5090,
    5262,
    5090,
    5090,
    7797,
    7043,
    6664,
    5925,
    6553,
    6002,
    5468,
    5375,
    5200,
    4915,
    4632,
    6880,
    7544,
    6739,
    6424,
    6329,
    6187,
    5588,
    5069,
    4724,
    4943,
    7212,
    7243,
    7274,
    6549,
    6091,
    6991,
    6138,
    5495,
    5148,
    4722,
    5193,
    6834,
    7054,
    7480,
    6912,
    7149,
    6268,
    5842,
    5811,
    5499,
    4997,
    5201
  ],
  "Throughputs": [
    1.0412018444146958,
    2.0569782988789465,
    2.4351924587588374,
    2.6081424936386766,
    2.7788168652808207,
    2.9001519127192377
  ],
  "AverageDelays": [
    6163.714285714285,
    6360.75,
    6219,
    6176,
    6178.307692307692,
    6195.539682539683
  ]
}