{
  "transactionTimestamps": [
    1706183768763,
    1706183768621,
    1706183769339,
    1706183769417,
    1706183770227,
    1706183769513,
    1706183770807,
    1706183771745,
    1706183772586,
    1706183773333,
    1706183773552,
    1706183774598,
    1706183774161,
    1706183774724,
    1706183775193,
    1706183774957,
    1706183775194,
    1706183775348,
    1706183775255,
    1706183775814,
    1706183775410,
    1706183776017,
    1706183776812,
    1706183776734,
    1706183777419,
    1706183779143,
    1706183779300,
    1706183779738,
    1706183780031,
    1706183780267,
    1706183781156,
    1706183780546,
    1706183781031,
    1706183781266,
    1706183781298,
    1706183782194,
    1706183781754,
    1706183781770,
    1706183782539,
    1706183782399,
    1706183782021,
    1706183783328,
    1706183782762,
    1706183785136,
    1706183785420,
    1706183785812,
    1706183786253,
    1706183786001,
    1706183786898,
    1706183787257,
    1706183787652,
    1706183788061,
    1706183787934,
    1706183788029,
    1706183788295,
    1706183788075,
    1706183788627,
    1706183788832,
    1706183788437,
    1706183788753,
    1706183789226
  ],
  "blockTimestamps": [
    1706183776192,
    1706183779199,
    1706183782191,
    1706183785184,
    1706183788188,
    1706183791794,
    1706183794191
  ],
  "blockTimes": [
    1706183776,
    1706183779,
    1706183782,
    1706183785,
    1706183788,
    1706183791,
    1706183794
  ],
  "blockTransactions": [
    7,
    7,
    11,
    4,
    14,
    5,
    13
  ],
  "Delays": [
    7429,
    7571,
    6853,
    6775,
    5965,
    6679,
    5385,
    7454,
    6613,
    5866,
    5647,
    4601,
    5038,
    4475,
    6998,
    7234,
    6997,
    6843,
    6936,
    6377,
    6781,
    6174,
    5379,
    5457,
    4772,
    6041,
    5884,
    5446,
    5153,
    7921,
    7032,
    7642,
    7157,
    6922,
    6890,
    5994,
    6434,
    6418,
    5649,
    5789,
    6167,
    4860,
    5426,
    6658,
    6374,
    5982,
    5541,
    5793,
    7293,
    6934,
    6539,
    6130,
    6257,
    6162,
    5896,
    6116,
    5564,
    5359,
    5754,
    5438,
    4965
  ],
  "Throughputs": [
    0.942253331538565,
    1.3415101571483328,
    1.8617813523979743,
    1.7660313013823763,
    2.2136422136422134,
    2.0841474534323305,
    2.3989303130407422
  ],
  "AverageDelays": [
    6665.285714285715,
    6167.928571428572,
    6251.96,
    6166.310344827586,
    6258.697674418605,
    6239,
    6194.737704918033
  ]
}