{
  "transactionTimestamps": [
    1706183849883,
    1706183850750,
    1706183850135,
    1706183850859,
    1706183852627,
    1706183853158,
    1706183853297,
    1706183853530,
    1706183853966,
    1706183854309,
    1706183853920,
    1706183854340,
    1706183854793,
    1706183855247,
    1706183855248,
    1706183856368,
    1706183856646,
    1706183857288,
    1706183857179,
    1706183858561,
    1706183859372,
    1706183859543,
    1706183860292,
    1706183860198,
    1706183860307,
    1706183861059,
    1706183860870,
    1706183861061,
    1706183862027,
    1706183862011,
    1706183862726,
    1706183862555,
    1706183862493,
    1706183863330,
    1706183863006,
    1706183865280,
    1706183865652,
    1706183866122,
    1706183866543,
    1706183866481,
    1706183867262,
    1706183867090,
    1706183867656,
    1706183868432,
    1706183868012,
    1706183868711,
    1706183868617,
    1706183869053,
    1706183869696,
    1706183869303
  ],
  "blockTimestamps": [
    1706183857203,
    1706183860195,
    1706183863187,
    1706183866196,
    1706183869205,
    1706183872194,
    1706183875189
  ],
  "blockTimes": [
    1706183857,
    1706183860,
    1706183863,
    1706183866,
    1706183869,
    1706183872,
    1706183875
  ],
  "blockTransactions": [
    5,
    10,
    5,
    8,
    7,
    6,
    9
  ],
  "Delays": [
    7320,
    6453,
    7068,
    6344,
    4576,
    7037,
    6898,
    6665,
    6229,
    5886,
    6275,
    5855,
    5402,
    4948,
    4947,
    6819,
    6541,
    5899,
    6008,
    4626,
    6824,
    6653,
    5904,
    5998,
    5889,
    5137,
    5326,
    5135,
    7178,
    7194,
    6479,
    6650,
    6712,
    5875,
    6199,
    6914,
    6542,
    6072,
    5651,
    5713,
    4932,
    8099,
    7533,
    6757,
    7177,
    6478,
    6572,
    6136,
    5493,
    5886
  ],
  "Throughputs": [
    0.6830601092896175,
    1.4546159813809156,
    1.503307276007216,
    1.7164224851345553,
    1.8114066866783978,
    1.8376585540764645,
    1.9758160120129613
  ],
  "AverageDelays": [
    6352.2,
    6126.866666666667,
    6089.8,
    6023.642857142857,
    6141.4,
    6116.414634146341,
    6218.08
  ]
}