{
  "transactionTimestamps": [
    1706183948779,
    1706183949763,
    1706183950714,
    1706183951685,
    1706183951904,
    1706183952280,
    1706183952918,
    1706183953136,
    1706183953685,
    1706183953560,
    1706183953855,
    1706183954418,
    1706183954090,
    1706183955153,
    1706183955278,
    1706183954995,
    1706183955279,
    1706183956126,
    1706183957557,
    1706183958132,
    1706183958148,
    1706183958697,
    1706183959535,
    1706183960269,
    1706183959941,
    1706183960598,
    1706183960472,
    1706183960878,
    1706183961829,
    1706183961703,
    1706183961486,
    1706183962233,
    1706183962452,
    1706183962374,
    1706183964619,
    1706183964588,
    1706183966058,
    1706183965809,
    1706183966652,
    1706183966808,
    1706183967321,
    1706183967756,
    1706183967726,
    1706183968054,
    1706183968678,
    1706183968555,
    1706183968725
  ],
  "blockTimestamps": [
    1706183956187,
    1706183959224,
    1706183962202,
    1706183965193,
    1706183968198,
    1706183971191,
    1706183974192
  ],
  "blockTimes": [
    1706183956,
    1706183959,
    1706183962,
    1706183965,
    1706183968,
    1706183971,
    1706183974
  ],
  "blockTransactions": [
    4,
    9,
    5,
    8,
    8,
    4,
    9
  ],
  "Delays": [
    7408,
    6424,
    5473,
    4502,
    7320,
    6944,
    6306,
    6088,
    5539,
    5664,
    5369,
    4806,
    5134,
    7049,
    6924,
    7207,
    6923,
    6076,
    7636,
    7061,
    7045,
    6496,
    5658,
    4924,
    5252,
    4595,
    7726,
    7320,
    6369,
    6495,
    6712,
    5965,
    5746,
    5824,
    6572,
    6603,
    5133,
    5382,
    7540,
    7384,
    6871,
    6436,
    6466,
    6138,
    5514,
    5637,
    5467
  ],
  "Throughputs": [
    0.5399568034557235,
    1.2446146481570128,
    1.340981896744394,
    1.5840136468868038,
    1.7508625572892527,
    1.695520257005176,
    1.8494471333569433
  ],
  "AverageDelays": [
    5951.75,
    5921.307692307692,
    6175.333333333333,
    6147.038461538462,
    6234.705882352941,
    6201.8421052631575,
    6236.659574468085
  ]
}