{
  "transactionTimestamps": [
    1706183709806,
    1706183710514,
    1706183710120,
    1706183710875,
    1706183712260,
    1706183712118,
    1706183712858,
    1706183712638,
    1706183713236,
    1706183713283,
    1706183713363,
    1706183713743,
    1706183714357,
    1706183714088,
    1706183715161,
    1706183715160,
    1706183715160,
    1706183715303,
    1706183716283,
    1706183716753,
    1706183717304,
    1706183718233,
    1706183719205,
    1706183718686,
    1706183719190,
    1706183719442,
    1706183719991,
    1706183719521,
    1706183719803,
    1706183720418,
    1706183720338,
    1706183721142,
    1706183720891,
    1706183721126,
    1706183720985,
    1706183722011,
    1706183721710,
    1706183721725,
    1706183721963,
    1706183723709,
    1706183724196,
    1706183724793,
    1706183725972,
    1706183725862,
    1706183726051,
    1706183725862,
    1706183726727,
    1706183726508,
    1706183726586,
    1706183727528,
    1706183727702,
    1706183727307,
    1706183728506,
    1706183727623,
    1706183727986,
    1706183728144
  ],
  "blockTimestamps": [
    1706183716191,
    1706183719197,
    1706183722185,
    1706183725189,
    1706183728191,
    1706183731188,
    1706183734205
  ],
  "blockTimes": [
    1706183716,
    1706183719,
    1706183722,
    1706183725,
    1706183728,
    1706183731,
    1706183734
  ],
  "blockTransactions": [
    4,
    10,
    6,
    11,
    9,
    7,
    9
  ],
  "Delays": [
    6385,
    5677,
    6071,
    5316,
    6937,
    7079,
    6339,
    6559,
    5961,
    5914,
    5834,
    5454,
    4840,
    5109,
    7024,
    7025,
    7025,
    6882,
    5902,
    5432,
    7885,
    6956,
    5984,
    6503,
    5999,
    5747,
    5198,
    5668,
    5386,
    4771,
    4851,
    7049,
    7300,
    7065,
    7206,
    6180,
    6481,
    6466,
    6228,
    4482,
    6992,
    6395,
    5216,
    5326,
    5137,
    5326,
    4461,
    7697,
    7619,
    6677,
    6503,
    6898,
    5699,
    6582,
    6219,
    6061
  ],
  "Throughputs": [
    0.6264682850430697,
    1.4907890533489512,
    1.615639389288311,
    2.015211597217708,
    2.175686701115039,
    2.198110560284351,
    2.295176031804582
  ],
  "AverageDelays": [
    5862.25,
    5962.5,
    6138.25,
    6055.258064516129,
    6154.25,
    6064.31914893617,
    6160.321428571428
  ]
}