{
  "transactionTimestamps": [
    1706183491490,
    1706183492290,
    1706183491743,
    1706183491992,
    1706183492055,
    1706183493358,
    1706183492794,
    1706183492810,
    1706183495081,
    1706183493281,
    1706183493862,
    1706183494268,
    1706183494801,
    1706183495081,
    1706183496573,
    1706183495081,
    1706183497722,
    1706183499127,
    1706183498004,
    1706183498860,
    1706183498863,
    1706183498238,
    1706183498926,
    1706183500318,
    1706183498769,
    1706183499641,
    1706183499862,
    1706183500555,
    1706183501705,
    1706183499814,
    1706183500761,
    1706183501296,
    1706183501092,
    1706183501690,
    1706183501740,
    1706183503259,
    1706183501910,
    1706183504528,
    1706183504372,
    1706183504578,
    1706183504876,
    1706183505411,
    1706183505333,
    1706183505474,
    1706183506009,
    1706183506970,
    1706183507160,
    1706183506955,
    1706183507476
  ],
  "blockTimestamps": [
    1706183497192,
    1706183500192,
    1706183503193,
    1706183506199,
    1706183509210,
    1706183512191
  ],
  "blockTimes": [
    1706183497,
    1706183500,
    1706183503,
    1706183506,
    1706183509,
    1706183512
  ],
  "blockTransactions": [
    4,
    11,
    6,
    13,
    4,
    11
  ],
  "Delays": [
    5702,
    4902,
    5449,
    5200,
    8137,
    6834,
    7398,
    7382,
    5111,
    6911,
    6330,
    5924,
    5391,
    5111,
    3619,
    8112,
    5471,
    4066,
    5189,
    4333,
    4330,
    7961,
    7273,
    5881,
    7430,
    6558,
    6337,
    5644,
    4494,
    6385,
    5438,
    4903,
    5107,
    4509,
    7470,
    5951,
    7300,
    4682,
    7819,
    7613,
    7315,
    6780,
    6858,
    6717,
    6182,
    5221,
    5031,
    5236,
    4715
  ],
  "Throughputs": [
    0.701508242721852,
    1.7237416685819351,
    1.7944116893104334,
    2.311509959888504,
    2.144469525959368,
    2.3670354089174435
  ],
  "AverageDelays": [
    5313.25,
    5960.066666666667,
    5757.238095238095,
    5847.705882352941,
    5900.6578947368425,
    5994.122448979592
  ]
}