{
  "transactionTimestamps": [
    1706183730566,
    1706183732091,
    1706183731556,
    1706183732231,
    1706183733034,
    1706183732940,
    1706183733049,
    1706183733459,
    1706183735174,
    1706183734075,
    1706183733964,
    1706183733601,
    1706183734217,
    1706183734564,
    1706183736314,
    1706183735095,
    1706183735174,
    1706183737874,
    1706183737937,
    1706183737151,
    1706183739244,
    1706183738001,
    1706183738818,
    1706183739370,
    1706183739433,
    1706183740490,
    1706183738549,
    1706183739986,
    1706183740143,
    1706183741794,
    1706183740396,
    1706183740065,
    1706183740963,
    1706183740647,
    1706183742926,
    1706183741073,
    1706183741466,
    1706183744233,
    1706183742298,
    1706183743745,
    1706183744312,
    1706183743965,
    1706183744597,
    1706183745399,
    1706183745084,
    1706183745367,
    1706183745786,
    1706183745942,
    1706183746475,
    1706183746100,
    1706183746887,
    1706183746460,
    1706183747172
  ],
  "blockTimestamps": [
    1706183737180,
    1706183740193,
    1706183743194,
    1706183746191,
    1706183749186,
    1706183752183
  ],
  "blockTimes": [
    1706183737,
    1706183740,
    1706183743,
    1706183746,
    1706183749,
    1706183752
  ],
  "blockTransactions": [
    4,
    13,
    5,
    14,
    7,
    10
  ],
  "Delays": [
    6614,
    5089,
    5624,
    4949,
    7159,
    7253,
    7144,
    6734,
    5019,
    6118,
    6229,
    6592,
    5976,
    5629,
    3879,
    5098,
    5019,
    5320,
    5257,
    6043,
    3950,
    5193,
    7373,
    6821,
    6758,
    5701,
    7642,
    6205,
    6048,
    4397,
    5795,
    6126,
    5228,
    5544,
    3265,
    5118,
    7720,
    4953,
    6888,
    5441,
    4874,
    5221,
    4589,
    6784,
    7099,
    6816,
    6397,
    6241,
    5708,
    6083,
    5296,
    5723,
    5011
  ],
  "Throughputs": [
    0.6047777441790142,
    1.765866832865898,
    1.7421602787456445,
    2.304,
    2.3093447905477977,
    2.4517740667067587
  ],
  "AverageDelays": [
    5569,
    5889.705882352941,
    5722.181818181818,
    5775.25,
    5758.023255813953,
    5825.528301886792
  ]
}