{
  "transactionTimestamps": [
    1706183791470,
    1706183791786,
    1706183792480,
    1706183792654,
    1706183792638,
    1706183793112,
    1706183793635,
    1706183793398,
    1706183793901,
    1706183794047,
    1706183794767,
    1706183794546,
    1706183795205,
    1706183794578,
    1706183794562,
    1706183795206,
    1706183795301,
    1706183795206,
    1706183795427,
    1706183797144,
    1706183797270,
    1706183797848,
    1706183798541,
    1706183798006,
    1706183799136,
    1706183799436,
    1706183799689,
    1706183800446,
    1706183799941,
    1706183800477,
    1706183801421,
    1706183801011,
    1706183801547,
    1706183801311,
    1706183801485,
    1706183801908,
    1706183802083,
    1706183802239,
    1706183802396,
    1706183803368,
    1706183803647,
    1706183804544,
    1706183804228,
    1706183805586,
    1706183805224,
    1706183806039,
    1706183805602,
    1706183806329,
    1706183806977,
    1706183806946,
    1706183806930,
    1706183807151,
    1706183807856,
    1706183807559,
    1706183807904,
    1706183807936,
    1706183808391,
    1706183809605,
    1706183810218,
    1706183810548
  ],
  "blockTimestamps": [
    1706183797184,
    1706183800197,
    1706183803193,
    1706183806190,
    1706183809192,
    1706183812189,
    1706183815197
  ],
  "blockTimes": [
    1706183797,
    1706183800,
    1706183803,
    1706183806,
    1706183809,
    1706183812,
    1706183815
  ],
  "blockTransactions": [
    5,
    14,
    5,
    11,
    8,
    9,
    8
  ],
  "Delays": [
    5714,
    5398,
    4704,
    4530,
    4546,
    7085,
    6562,
    6799,
    6296,
    6150,
    5430,
    5651,
    4992,
    5619,
    5635,
    4991,
    4896,
    4991,
    4770,
    6049,
    5923,
    5345,
    4652,
    5187,
    7054,
    6754,
    6501,
    5744,
    6249,
    5713,
    4769,
    5179,
    4643,
    4879,
    4705,
    7284,
    7109,
    6953,
    6796,
    5824,
    5545,
    4648,
    4964,
    6603,
    6965,
    6150,
    6587,
    5860,
    5212,
    5243,
    5259,
    5038,
    7341,
    7638,
    7293,
    7261,
    6806,
    5592,
    4979,
    4649
  ],
  "Throughputs": [
    0.8750437521876093,
    2.1771513693136244,
    2.047257527936535,
    2.3777173913043477,
    2.4263627130120753,
    2.5097736377238284,
    2.5287646984448098
  ],
  "AverageDelays": [
    4978.4,
    5513.631578947368,
    5496.458333333333,
    5545.857142857143,
    5656.46511627907,
    5695.096153846154,
    5795.066666666667
  ]
}