{
  "transactionTimestamps": [
    1706097310695,
    1706097310430,
    1706097310759,
    1706097311286,
    1706097311330,
    1706097311641,
    1706097311923,
    1706097311766,
    1706097312511,
    1706097312807,
    1706097314457,
    1706097314503,
    1706097314421,
    1706097314503,
    1706097314502,
    1706097315189,
    1706097315860,
    1706097315847,
    1706097316098,
    1706097316357,
    1706097315891,
    1706097317100,
    1706097318684,
    1706097317343,
    1706097317444,
    1706097317712,
    1706097317462,
    1706097318349,
    1706097318978,
    1706097319457,
    1706097318946,
    1706097318979,
    1706097320094,
    1706097319548,
    1706097320188,
    1706097320797,
    1706097320080,
    1706097320613,
    1706097321858,
    1706097321437,
    1706097322166,
    1706097322117,
    1706097322852,
    1706097323267,
    1706097322943,
    1706097322743,
    1706097323007,
    1706097323190,
    1706097324047,
    1706097324203
  ],
  "blockTimestamps": [
    1706097316784,
    1706097319767,
    1706097322782,
    1706097325769,
    1706097328760
  ],
  "blockTimes": [
    1706097316,
    1706097319,
    1706097322,
    1706097325,
    1706097328
  ],
  "blockTransactions": [
    7,
    8,
    12,
    11,
    12
  ],
  "Delays": [
    6089,
    6354,
    6025,
    5498,
    5454,
    5143,
    4861,
    8001,
    7256,
    6960,
    5310,
    5264,
    5346,
    5264,
    5265,
    7593,
    6922,
    6935,
    6684,
    6425,
    6891,
    5682,
    4098,
    5439,
    5338,
    5070,
    5320,
    7420,
    6791,
    6312,
    6823,
    6790,
    5675,
    6221,
    5581,
    4972,
    5689,
    5156,
    6902,
    7323,
    6594,
    6643,
    5908,
    5493,
    5817,
    6017,
    5753,
    5570,
    4713,
    4557
  ],
  "Throughputs": [
    1.149614058137625,
    1.6534391534391535,
    2.2338049143708116,
    2.5208969085843176,
    2.767783005812344
  ],
  "AverageDelays": [
    5632,
    5872.666666666667,
    5943.962962962963,
    5997.815789473684,
    5984.14
  ]
}