{
  "transactionTimestamps": [
    1706097369108,
    1706097369932,
    1706097370806,
    1706097370041,
    1706097370806,
    1706097371132,
    1706097371366,
    1706097371991,
    1706097372285,
    1706097372724,
    1706097373303,
    1706097373710,
    1706097374612,
    1706097374535,
    1706097374535,
    1706097375205,
    1706097375332,
    1706097375049,
    1706097374536,
    1706097375458,
    1706097376758,
    1706097376513,
    1706097376851,
    1706097377055,
    1706097377227,
    1706097377553,
    1706097379030,
    1706097377242,
    1706097378177,
    1706097378022,
    1706097378549,
    1706097378488,
    1706097380255,
    1706097379434,
    1706097379698,
    1706097379789,
    1706097381788,
    1706097380906,
    1706097381139,
    1706097381015,
    1706097380983,
    1706097380829,
    1706097381465,
    1706097382271,
    1706097382349,
    1706097382520,
    1706097383268,
    1706097383362,
    1706097383549,
    1706097383346
  ],
  "blockTimestamps": [
    1706097376764,
    1706097379767,
    1706097382771,
    1706097385766,
    1706097388770
  ],
  "blockTimes": [
    1706097376,
    1706097379,
    1706097382,
    1706097385,
    1706097388
  ],
  "blockTransactions": [
    7,
    11,
    10,
    14,
    8
  ],
  "Delays": [
    7656,
    6832,
    5958,
    6723,
    5958,
    5632,
    5398,
    7776,
    7482,
    7043,
    6464,
    6057,
    5155,
    5232,
    5232,
    4562,
    4435,
    4718,
    8235,
    7313,
    6013,
    6258,
    5920,
    5716,
    5544,
    5218,
    3741,
    5529,
    7589,
    7744,
    7217,
    7278,
    5511,
    6332,
    6068,
    5977,
    3978,
    4860,
    4627,
    4751,
    4783,
    4937,
    7305,
    6499,
    6421,
    6250,
    5502,
    5408,
    5221,
    5424
  ],
  "Throughputs": [
    0.9143155694879833,
    1.6887137630171685,
    2.04933030813145,
    2.521311081762516,
    2.5429762994608893
  ],
  "AverageDelays": [
    6308.142857142857,
    6017.388888888889,
    5992.857142857143,
    5939.333333333333,
    5949.64
  ]
}