{
  "transactionTimestamps": [
    1706097353813,
    1706097354890,
    1706097355165,
    1706097355638,
    1706097355959,
    1706097356301,
    1706097357175,
    1706097357073,
    1706097358419,
    1706097359525,
    1706097358981,
    1706097359839,
    1706097359525,
    1706097359528,
    1706097360474,
    1706097360244,
    1706097361156,
    1706097361527,
    1706097361278,
    1706097362132,
    1706097362399,
    1706097362241,
    1706097362897,
    1706097363424,
    1706097362882,
    1706097363424,
    1706097364128,
    1706097364641,
    1706097364067,
    1706097364340,
    1706097365603,
    1706097365586,
    1706097365976,
    1706097366180,
    1706097366227,
    1706097367316,
    1706097366818,
    1706097367022,
    1706097367441,
    1706097367516,
    1706097368610,
    1706097368280
  ],
  "blockTimestamps": [
    1706097361770,
    1706097365368,
    1706097367767,
    1706097370771,
    1706097373771
  ],
  "blockTimes": [
    1706097361,
    1706097364,
    1706097367,
    1706097370,
    1706097373
  ],
  "blockTransactions": [
    7,
    7,
    9,
    10,
    9
  ],
  "Delays": [
    7957,
    6880,
    6605,
    6132,
    5811,
    5469,
    4595,
    8295,
    6949,
    5843,
    6387,
    5529,
    5843,
    5840,
    7293,
    7523,
    6611,
    6240,
    6489,
    5635,
    5368,
    5526,
    4870,
    7347,
    7889,
    7347,
    6643,
    6130,
    6704,
    6431,
    5168,
    5185,
    4795,
    7591,
    7544,
    6455,
    6953,
    6749,
    6330,
    6255,
    5161,
    5491
  ],
  "Throughputs": [
    0.8797285409073772,
    1.211596711380355,
    1.6482728966604556,
    1.9459841962495579,
    2.104419280489027
  ],
  "AverageDelays": [
    6207,
    6295.357142857143,
    6247.391304347826,
    6282.69696969697,
    6329.952380952381
  ]
}