{
  "transactionTimestamps": [
    1706097324394,
    1706097325777,
    1706097325312,
    1706097325588,
    1706097326555,
    1706097326847,
    1706097327173,
    1706097327081,
    1706097326754,
    1706097328044,
    1706097328296,
    1706097328341,
    1706097329505,
    1706097329505,
    1706097329010,
    1706097329657,
    1706097329506,
    1706097330179,
    1706097329991,
    1706097330863,
    1706097331189,
    1706097330898,
    1706097332685,
    1706097331300,
    1706097331381,
    1706097332062,
    1706097332110,
    1706097332766,
    1706097332611,
    1706097334102,
    1706097332655,
    1706097332313,
    1706097333604,
    1706097333121,
    1706097333962,
    1706097333636,
    1706097333421,
    1706097335363,
    1706097333569,
    1706097334881,
    1706097334645,
    1706097335287,
    1706097336112,
    1706097335894,
    1706097336652,
    1706097336343,
    1706097336467,
    1706097337056,
    1706097336961,
    1706097336917,
    1706097337289,
    1706097337755,
    1706097337497,
    1706097338034
  ],
  "blockTimestamps": [
    1706097331763,
    1706097334769,
    1706097337771,
    1706097340776,
    1706097343774
  ],
  "blockTimes": [
    1706097331,
    1706097334,
    1706097337,
    1706097340,
    1706097343
  ],
  "blockTransactions": [
    7,
    11,
    14,
    11,
    11
  ],
  "Delays": [
    7369,
    5986,
    6451,
    6175,
    5208,
    4916,
    4590,
    7688,
    8015,
    6725,
    6473,
    6428,
    5264,
    5264,
    5759,
    5112,
    5263,
    4590,
    7780,
    6908,
    6582,
    6873,
    5086,
    6471,
    6390,
    5709,
    5661,
    5005,
    5160,
    3669,
    5116,
    5458,
    7172,
    7655,
    6814,
    7140,
    7355,
    5413,
    7207,
    5895,
    6131,
    5489,
    4664,
    7880,
    7122,
    7431,
    7307,
    6718,
    6813,
    6857,
    6485,
    6019,
    6277,
    5740
  ],
  "Throughputs": [
    0.9499253630071923,
    1.7349397590361446,
    2.39216565747178,
    2.6248321328287143,
    2.7863777089783284
  ],
  "AverageDelays": [
    5813.571428571428,
    5959.777777777777,
    5910.75,
    6048.3488372093025,
    6198.666666666667
  ]
}