{
  "transactionTimestamps": [
    1706097339190,
    1706097339762,
    1706097341333,
    1706097339841,
    1706097339420,
    1706097339998,
    1706097340494,
    1706097341070,
    1706097340682,
    1706097341379,
    1706097341114,
    1706097342511,
    1706097341998,
    1706097342526,
    1706097344020,
    1706097343599,
    1706097344488,
    1706097345902,
    1706097344518,
    1706097344517,
    1706097344814,
    1706097345046,
    1706097344517,
    1706097345545,
    1706097345169,
    1706097345392,
    1706097345373,
    1706097346691,
    1706097347252,
    1706097347515,
    1706097347530,
    1706097347756,
    1706097348419,
    1706097348309,
    1706097348869,
    1706097348247,
    1706097349619,
    1706097349725,
    1706097349071,
    1706097349579,
    1706097351158,
    1706097351159,
    1706097351016,
    1706097352383,
    1706097352245,
    1706097352615,
    1706097352788,
    1706097352493,
    1706097353299,
    1706097354280
  ],
  "blockTimestamps": [
    1706097346769,
    1706097349766,
    1706097352768,
    1706097355774,
    1706097358762
  ],
  "blockTimes": [
    1706097346,
    1706097349,
    1706097352,
    1706097355,
    1706097358
  ],
  "blockTransactions": [
    12,
    11,
    10,
    8,
    9
  ],
  "Delays": [
    7579,
    7007,
    5436,
    6928,
    7349,
    6771,
    6275,
    5699,
    6087,
    5390,
    5655,
    4258,
    7768,
    7240,
    5746,
    6167,
    5278,
    3864,
    5248,
    5249,
    4952,
    4720,
    5249,
    7223,
    7599,
    7376,
    7395,
    6077,
    5516,
    5253,
    5238,
    5012,
    4349,
    7465,
    6905,
    7527,
    6155,
    6049,
    6703,
    6195,
    4616,
    7603,
    7746,
    6379,
    6517,
    6147,
    5974,
    6269,
    5463,
    4482
  ],
  "Throughputs": [
    1.5833223380393193,
    2.174735249621785,
    2.430402121078215,
    2.4722624216111915,
    2.554669936644186
  ],
  "AverageDelays": [
    6202.833333333333,
    5909.347826086957,
    5968.272727272727,
    6062.634146341464,
    6102.96
  ]
}