{
  "transactionTimestamps": [
    1706097295089,
    1706097295508,
    1706097295971,
    1706097295972,
    1706097295792,
    1706097297043,
    1706097297153,
    1706097296872,
    1706097297074,
    1706097299387,
    1706097299494,
    1706097299887,
    1706097299495,
    1706097299495,
    1706097300071,
    1706097300862,
    1706097300349,
    1706097301426,
    1706097301409,
    1706097301377,
    1706097302308,
    1706097302672,
    1706097302427,
    1706097303493,
    1706097303507,
    1706097303742,
    1706097303601,
    1706097304322,
    1706097303852,
    1706097304772,
    1706097304875,
    1706097304543,
    1706097305783,
    1706097305844,
    1706097306281,
    1706097306731,
    1706097307229,
    1706097306701,
    1706097307214,
    1706097307850,
    1706097308051,
    1706097307693,
    1706097308486,
    1706097308611,
    1706097308424,
    1706097309001
  ],
  "blockTimestamps": [
    1706097301769,
    1706097304765,
    1706097307775,
    1706097310798,
    1706097313782
  ],
  "blockTimes": [
    1706097301,
    1706097304,
    1706097307,
    1706097310,
    1706097313
  ],
  "blockTransactions": [
    7,
    7,
    9,
    10,
    13
  ],
  "Delays": [
    6680,
    6261,
    5798,
    5797,
    5977,
    4726,
    4616,
    7893,
    7691,
    5378,
    5271,
    4878,
    5270,
    5270,
    7704,
    6913,
    7426,
    6349,
    6366,
    6398,
    5467,
    5103,
    5348,
    7305,
    7291,
    7056,
    7197,
    6476,
    6946,
    6026,
    5923,
    6255,
    5015,
    7938,
    7501,
    7051,
    6553,
    7081,
    6568,
    5932,
    5731,
    6089,
    5296,
    5171,
    5358,
    4781
  ],
  "Throughputs": [
    1.0479041916167666,
    1.4468788755684168,
    1.8130222292290714,
    2.1007066013113502,
    2.460814208527256
  ],
  "AverageDelays": [
    5693.571428571428,
    5821.857142857143,
    6025.217391304348,
    6183.939393939394,
    6198.260869565217
  ]
}