{
  "transactionTimestamps": [
    1706097399361,
    1706097400174,
    1706097400983,
    1706097400532,
    1706097401184,
    1706097402207,
    1706097401865,
    1706097402982,
    1706097403619,
    1706097404427,
    1706097404552,
    1706097404755,
    1706097404832,
    1706097404552,
    1706097404553,
    1706097405474,
    1706097405721,
    1706097406124,
    1706097407137,
    1706097407247,
    1706097407418,
    1706097407559,
    1706097407615,
    1706097408494,
    1706097408587,
    1706097408989,
    1706097408667,
    1706097409035,
    1706097409768,
    1706097409583,
    1706097410332,
    1706097410691,
    1706097411376,
    1706097411454,
    1706097412187,
    1706097412156,
    1706097412856,
    1706097412871,
    1706097412779,
    1706097413355,
    1706097413604,
    1706097413572
  ],
  "blockTimestamps": [
    1706097407365,
    1706097409762,
    1706097412757,
    1706097415765,
    1706097418776
  ],
  "blockTimes": [
    1706097406,
    1706097409,
    1706097412,
    1706097415,
    1706097418
  ],
  "blockTransactions": [
    6,
    9,
    7,
    10,
    10
  ],
  "Delays": [
    8004,
    7191,
    6382,
    6833,
    6181,
    5158,
    7897,
    6780,
    6143,
    5335,
    5210,
    5007,
    4930,
    5210,
    5209,
    7283,
    7036,
    6633,
    5620,
    5510,
    5339,
    5198,
    8150,
    7271,
    7178,
    6776,
    7098,
    6730,
    5997,
    6182,
    5433,
    5074,
    7400,
    7322,
    6589,
    6620,
    5920,
    5905,
    5997,
    5421,
    5172,
    5204
  ],
  "Throughputs": [
    0.7496251874062969,
    1.442169022209403,
    1.6422812779934308,
    1.9507437210436478,
    2.1632758176667526
  ],
  "AverageDelays": [
    6624.833333333333,
    6098,
    6094.954545454545,
    6249.3125,
    6226.857142857143
  ]
}