{
  "transactionTimestamps": [
    1706097384450,
    1706097385073,
    1706097387213,
    1706097385303,
    1706097385581,
    1706097385889,
    1706097386822,
    1706097386388,
    1706097386481,
    1706097388485,
    1706097387600,
    1706097389636,
    1706097388702,
    1706097389544,
    1706097389544,
    1706097389544,
    1706097389405,
    1706097389732,
    1706097389810,
    1706097390915,
    1706097390837,
    1706097390776,
    1706097390978,
    1706097391444,
    1706097392385,
    1706097392849,
    1706097392091,
    1706097393208,
    1706097392556,
    1706097393317,
    1706097394855,
    1706097393705,
    1706097393394,
    1706097393721,
    1706097393363,
    1706097393720,
    1706097394778,
    1706097394607,
    1706097395419,
    1706097396858,
    1706097396144,
    1706097396315,
    1706097396579,
    1706097397124,
    1706097397635,
    1706097397512,
    1706097397620,
    1706097397994,
    1706097398568,
    1706097399206,
    1706097400439
  ],
  "blockTimestamps": [
    1706097391770,
    1706097394764,
    1706097397761,
    1706097400765,
    1706097403770
  ],
  "blockTimes": [
    1706097391,
    1706097394,
    1706097397,
    1706097400,
    1706097403
  ],
  "blockTransactions": [
    10,
    9,
    10,
    10,
    12
  ],
  "Delays": [
    7320,
    6697,
    4557,
    6467,
    6189,
    5881,
    4948,
    5382,
    5289,
    3285,
    7164,
    5128,
    6062,
    5220,
    5220,
    5220,
    5359,
    5032,
    4954,
    6846,
    6924,
    6985,
    6783,
    6317,
    5376,
    4912,
    5670,
    4553,
    5205,
    7448,
    5910,
    7060,
    7371,
    7044,
    7402,
    7045,
    5987,
    6158,
    5346,
    6912,
    7626,
    7455,
    7191,
    6646,
    6135,
    6258,
    6150,
    5776,
    5202,
    4564,
    3331
  ],
  "Throughputs": [
    1.366120218579235,
    1.8421562924180725,
    2.178649237472767,
    2.390438247011952,
    2.639751552795031
  ],
  "AverageDelays": [
    5601.5,
    5546,
    5687.758620689655,
    5941.4358974358975,
    5979.64705882353
  ]
}