{"a": 0.8, "b": 0.2, "communities0": [[0, 13, 7], [1, 41, 53, 59, 29], [49, 2], [3, 12], [4, 71, 73, 74, 15, 82, 25, 60, 62, 31], [67, 5, 38, 6, 40, 17, 18, 23, 55, 56, 61], [65, 33, 66, 68, 8, 22], [9, 51, 28, 44], [72, 10, 32, 54], [48, 11, 75, 83], [19, 14], [16, 30], [81, 20], [27, 21], [24, 45], [26, 70], [34, 52], [80, 35, 69, 46], [43, 36], [64, 37], [58, 39], [42, 79], [77, 47], [57, 50, 76], [78, 63]], "q0": 0.4747953860930218, "f0": 0.8270363941023228}