{
  "transactionTimestamps": [
    1706151243268,
    1706151243299,
    1706151244906,
    1706151244047,
    1706151246406,
    1706151246406,
    1706151247719,
    1706151248046,
    1706151249029,
    1706151249495,
    1706151250281,
    1706151251607,
    1706151251090,
    1706151252840,
    1706151253992,
    1706151255319,
    1706151256901,
    1706151258456,
    1706151257617,
    1706151258176
  ],
  "blockTimestamps": [
    1706151249153,
    1706151252169,
    1706151255150,
    1706151258149,
    1706151261184,
    1706151264152
  ],
  "blockTimes": [
    1706151249,
    1706151252,
    1706151255,
    1706151258,
    1706151261,
    1706151264
  ],
  "blockTransactions": [
    4,
    4,
    4,
    3,
    2,
    3
  ],
  "Delays": [
    5885,
    5854,
    4247,
    5106,
    5763,
    5763,
    4450,
    4123,
    6121,
    5655,
    4869,
    3543,
    7059,
    5309,
    4157,
    5865,
    4283,
    5696,
    6535,
    5976
  ],
  "Throughputs": [
    0.6796941376380629,
    0.8987754184923042,
    1.00993098804915,
    1.0079967744103218,
    0.9488725161866488,
    0.957670944263551
  ],
  "AverageDelays": [
    5273,
    5148.875,
    5114.916666666667,
    5193.6,
    5179.529411764706,
    5312.95
  ]
}