{
  "transactionTimestamps": [
    1706151381250,
    1706151381373,
    1706151382604,
    1706151382667,
    1706151383808,
    1706151386473,
    1706151388014,
    1706151389249,
    1706151390637,
    1706151392045,
    1706151393375,
    1706151394700,
    1706151396088,
    1706151397352,
    1706151398507,
    1706151400090,
    1706151401464
  ],
  "blockTimestamps": [
    1706151387159,
    1706151390149,
    1706151393151,
    1706151396154,
    1706151399158,
    1706151402156,
    1706151405154
  ],
  "blockTimes": [
    1706151387,
    1706151390,
    1706151393,
    1706151396,
    1706151399,
    1706151402,
    1706151405
  ],
  "blockTransactions": [
    5,
    1,
    2,
    2,
    2,
    3,
    2
  ],
  "Delays": [
    5909,
    5786,
    4555,
    4492,
    3351,
    3676,
    5137,
    3902,
    5517,
    4109,
    5783,
    4458,
    6068,
    4804,
    3649,
    5064,
    3690
  ],
  "Throughputs": [
    0.8461668641056016,
    0.6742330598943702,
    0.6722124191244433,
    0.6709608158883521,
    0.6700915791824882,
    0.717497369176313,
    0.7111780455153949
  ],
  "AverageDelays": [
    4818.6,
    4628.166666666667,
    4601,
    4643.4,
    4722.916666666667,
    4746.4,
    4702.941176470588
  ]
}