{
  "transactionTimestamps": [
    1706151140454,
    1706151140718,
    1706151141881,
    1706151142055,
    1706151142101,
    1706151140300,
    1706151142648,
    1706151142773,
    1706151142881,
    1706151143081,
    1706151143267,
    1706151143309,
    1706151143900,
    1706151144128,
    1706151144405,
    1706151144483,
    1706151144619,
    1706151144896,
    1706151145023,
    1706151145643,
    1706151145720,
    1706151145921,
    1706151146327,
    1706151146341,
    1706151147115,
    1706151147131,
    1706151147376,
    1706151147548,
    1706151146358,
    1706151148450,
    1706151148607,
    1706151149038,
    1706151147797,
    1706151149960,
    1706151150383,
    1706151148822,
    1706151149739,
    1706151151148,
    1706151151881,
    1706151152659,
    1706151153300,
    1706151152178,
    1706151153798,
    1706151153923,
    1706151154485,
    1706151152878,
    1706151155306,
    1706151155384,
    1706151155400,
    1706151155600,
    1706151154547,
    1706151156501,
    1706151156720,
    1706151155430,
    1706151157155,
    1706151156177,
    1706151156504,
    1706151155959,
    1706151158088,
    1706151158305,
    1706151159195,
    1706151159660,
    1706151158073,
    1706151158865,
    1706151160701,
    1706151160811,
    1706151161917
  ],
  "blockTimestamps": [
    1706151147155,
    1706151150152,
    1706151153159,
    1706151156163,
    1706151159160,
    1706151162157,
    1706151165152
  ],
  "blockTimes": [
    1706151147,
    1706151150,
    1706151153,
    1706151156,
    1706151159,
    1706151162,
    1706151165
  ],
  "blockTransactions": [
    13,
    11,
    10,
    6,
    11,
    9,
    7
  ],
  "Delays": [
    6701,
    6437,
    5274,
    5100,
    5054,
    6855,
    4507,
    4382,
    4274,
    4074,
    3888,
    3846,
    3255,
    6024,
    5747,
    5669,
    5533,
    5256,
    5129,
    4509,
    4432,
    4231,
    3825,
    3811,
    6044,
    6028,
    5783,
    5611,
    6801,
    4709,
    4552,
    4121,
    5362,
    3199,
    5780,
    7341,
    6424,
    5015,
    4282,
    3504,
    5860,
    6982,
    5362,
    5237,
    4675,
    6282,
    3854,
    3776,
    3760,
    3560,
    4613,
    5656,
    5437,
    6727,
    5002,
    5980,
    5653,
    6198,
    4069,
    3852,
    5957,
    5492,
    7079,
    6287,
    4451,
    4341,
    3235
  ],
  "Throughputs": [
    1.9400089538874796,
    2.4747370591874613,
    2.676111767020858,
    2.5463110318925457,
    2.726397947182722,
    2.7645947564852786,
    2.712770264798769
  ],
  "AverageDelays": [
    4895.923076923077,
    4908.875,
    5000.676470588235,
    5059.225,
    5026.078431372549,
    5081.733333333334,
    5100.686567164179
  ]
}