{
  "transactionTimestamps": [
    1706151603616,
    1706151604753,
    1706151605902,
    1706151606556,
    1706151607036,
    1706151608362,
    1706151607912,
    1706151609823,
    1706151610963,
    1706151612190,
    1706151613449,
    1706151614521,
    1706151614564,
    1706151615763,
    1706151615826,
    1706151615222,
    1706151617074,
    1706151618289,
    1706151619747
  ],
  "blockTimestamps": [
    1706151609157,
    1706151612155,
    1706151615155,
    1706151618150,
    1706151621152,
    1706151624153
  ],
  "blockTimes": [
    1706151609,
    1706151612,
    1706151615,
    1706151618,
    1706151621,
    1706151624
  ],
  "blockTransactions": [
    3,
    3,
    3,
    4,
    4,
    2
  ],
  "Delays": [
    5541,
    4404,
    3255,
    5599,
    5119,
    3793,
    7243,
    5332,
    4192,
    5960,
    4701,
    3629,
    3586,
    5389,
    5326,
    5930,
    4078,
    5864,
    4406
  ],
  "Throughputs": [
    0.5414185165132647,
    0.7026583909122849,
    0.7799636016985875,
    0.8944543828264758,
    0.969434306569343,
    0.9251594682767688
  ],
  "AverageDelays": [
    4400,
    4618.5,
    4942,
    4796.461538461538,
    4886.882352941177,
    4913
  ]
}