{
  "transactionTimestamps": [
    1706151523371,
    1706151524884,
    1706151524075,
    1706151526216,
    1706151526529,
    1706151526530,
    1706151528056,
    1706151527385,
    1706151527915,
    1706151529412,
    1706151533145,
    1706151533785,
    1706151534452,
    1706151534762,
    1706151534916,
    1706151535695,
    1706151534512,
    1706151534034,
    1706151536132,
    1706151536302,
    1706151535634,
    1706151537190,
    1706151537716,
    1706151537778,
    1706151538586,
    1706151539179,
    1706151539316,
    1706151540001,
    1706151540654,
    1706151540749,
    1706151541523,
    1706151541866,
    1706151542161,
    1706151542859
  ],
  "blockTimestamps": [
    1706151528153,
    1706151531155,
    1706151534151,
    1706151537152,
    1706151540155,
    1706151543172,
    1706151546155
  ],
  "blockTimes": [
    1706151528,
    1706151531,
    1706151534,
    1706151537,
    1706151540,
    1706151543,
    1706151546
  ],
  "blockTransactions": [
    2,
    4,
    4,
    2,
    8,
    8,
    6
  ],
  "Delays": [
    4782,
    3269,
    7080,
    4939,
    4626,
    4625,
    6095,
    6766,
    6236,
    4739,
    4007,
    3367,
    5703,
    5393,
    5239,
    4460,
    5643,
    6121,
    4023,
    3853,
    7538,
    5982,
    5456,
    5394,
    4586,
    3993,
    3856,
    3171,
    5501,
    5406,
    4632,
    4289,
    3994,
    3296
  ],
  "Throughputs": [
    0.41823504809703055,
    0.7708119218910586,
    0.927643784786642,
    0.8707640954937957,
    1.1916110581506196,
    1.4140699964648251,
    1.4922752808988764
  ],
  "AverageDelays": [
    4025.5,
    4886.833333333333,
    5315.7,
    5044.25,
    5048.3,
    5033.642857142857,
    4942.941176470588
  ]
}