{
  "transactionTimestamps": [
    1706151441979,
    1706151442959,
    1706151444461,
    1706151443427,
    1706151445826,
    1706151446495,
    1706151446495,
    1706151446496,
    1706151445162,
    1706151447305,
    1706151447663,
    1706151448145,
    1706151447757,
    1706151448832,
    1706151448926,
    1706151448971,
    1706151449404,
    1706151449604,
    1706151450288,
    1706151450334,
    1706151450506,
    1706151450877,
    1706151451110,
    1706151451542,
    1706151451819,
    1706151451959,
    1706151450505,
    1706151452175,
    1706151452269,
    1706151453197,
    1706151453399,
    1706151453601,
    1706151453773,
    1706151452826,
    1706151454790,
    1706151455040,
    1706151454696,
    1706151456271,
    1706151458881,
    1706151460452,
    1706151459783,
    1706151461403,
    1706151460109,
    1706151461932
  ],
  "blockTimestamps": [
    1706151447151,
    1706151450150,
    1706151453159,
    1706151456153,
    1706151459153,
    1706151462155,
    1706151465158
  ],
  "blockTimes": [
    1706151447,
    1706151450,
    1706151453,
    1706151456,
    1706151459,
    1706151462,
    1706151465
  ],
  "blockTransactions": [
    1,
    7,
    10,
    11,
    6,
    4,
    5
  ],
  "Delays": [
    5172,
    7191,
    5689,
    6723,
    4324,
    3655,
    3655,
    3654,
    7997,
    5854,
    5496,
    5014,
    5402,
    4327,
    4233,
    4188,
    3755,
    3555,
    5865,
    5819,
    5647,
    5276,
    5043,
    4611,
    4334,
    4194,
    5648,
    3978,
    3884,
    5956,
    5754,
    5552,
    5380,
    6327,
    4363,
    7115,
    7459,
    5884,
    3274,
    4706,
    5375,
    3755,
    5049,
    3226
  ],
  "Throughputs": [
    0.19334880123743234,
    0.9790723289683027,
    1.6100178890876566,
    2.0459997177931424,
    2.0379643647373937,
    1.9329896907216497,
    1.8982699857629752
  ],
  "AverageDelays": [
    5172,
    5007.875,
    4993.555555555556,
    4971.827586206897,
    5071.857142857143,
    5160.179487179487,
    5076.318181818182
  ]
}