{
  "transactionTimestamps": [
    1706151364029,
    1706151365544,
    1706151366463,
    1706151366462,
    1706151364849,
    1706151367094,
    1706151367638,
    1706151367934,
    1706151369006,
    1706151369087,
    1706151370307,
    1706151375649,
    1706151376348,
    1706151377153,
    1706151377464,
    1706151376303,
    1706151378586,
    1706151376886,
    1706151378665,
    1706151379874,
    1706151380150
  ],
  "blockTimestamps": [
    1706151369159,
    1706151372159,
    1706151375151,
    1706151381156,
    1706151384160
  ],
  "blockTimes": [
    1706151369,
    1706151372,
    1706151375,
    1706151381,
    1706151384
  ],
  "blockTransactions": [
    2,
    6,
    3,
    5,
    5
  ],
  "Delays": [
    5130,
    3615,
    5696,
    5697,
    7310,
    5065,
    4521,
    4225,
    6145,
    6064,
    4844,
    5507,
    4808,
    4003,
    3692,
    4853,
    5574,
    7274,
    5495,
    4286,
    4010
  ],
  "Throughputs": [
    0.38986354775828463,
    0.9840098400984009,
    0.9890307498651322,
    0.9341974659893736,
    1.0431672544831354
  ],
  "AverageDelays": [
    4372.5,
    5157.375,
    5301.090909090909,
    5073.4375,
    5134
  ]
}