{
  "transactionTimestamps": [
    1706151263379,
    1706151264658,
    1706151263908,
    1706151266235,
    1706151266407,
    1706151266407,
    1706151267623,
    1706151267951,
    1706151268995,
    1706151267951,
    1706151269228,
    1706151270595,
    1706151272114,
    1706151273531,
    1706151273967,
    1706151275125,
    1706151275572,
    1706151276357,
    1706151274560,
    1706151276934,
    1706151277466,
    1706151278538,
    1706151278769,
    1706151279694,
    1706151281316
  ],
  "blockTimestamps": [
    1706151267153,
    1706151270150,
    1706151273156,
    1706151276162,
    1706151279156,
    1706151282166,
    1706151285159
  ],
  "blockTimes": [
    1706151267,
    1706151270,
    1706151273,
    1706151276,
    1706151279,
    1706151282,
    1706151285
  ],
  "blockTransactions": [
    1,
    5,
    5,
    2,
    4,
    6,
    2
  ],
  "Delays": [
    3774,
    5492,
    6242,
    3915,
    3743,
    3743,
    5533,
    5205,
    4161,
    5205,
    3928,
    5567,
    4048,
    5625,
    5189,
    4031,
    3584,
    5809,
    7606,
    5232,
    4700,
    3628,
    3397,
    5465,
    3843
  ],
  "Throughputs": [
    0.2649708532061473,
    0.8861320336730173,
    1.1250894957553443,
    1.0169756708127984,
    1.0775179058122584,
    1.2242508117315165,
    1.147842056932966
  ],
  "AverageDelays": [
    3774,
    4484.833333333333,
    4631,
    4658.153846153846,
    4646.176470588235,
    4754.652173913043,
    4746.6
  ]
}