{
  "transactionTimestamps": [
    1706151346327,
    1706151346454,
    1706151346455,
    1706151347717,
    1706151347780,
    1706151347873,
    1706151347093,
    1706151349026,
    1706151349136,
    1706151349431,
    1706151350148,
    1706151350332,
    1706151351875,
    1706151351359,
    1706151353244,
    1706151354714,
    1706151356001,
    1706151357015,
    1706151357557,
    1706151359097,
    1706151357982,
    1706151358290
  ],
  "blockTimestamps": [
    1706151351161,
    1706151354151,
    1706151357153,
    1706151360152,
    1706151363154
  ],
  "blockTimes": [
    1706151351,
    1706151354,
    1706151357,
    1706151360,
    1706151363
  ],
  "blockTransactions": [
    6,
    6,
    3,
    2,
    5
  ],
  "Delays": [
    4834,
    4707,
    4706,
    3444,
    3381,
    3288,
    7058,
    5125,
    5015,
    4720,
    4003,
    3819,
    5278,
    5794,
    3909,
    5438,
    4151,
    6139,
    5597,
    4057,
    5172,
    4864
  ],
  "Throughputs": [
    1.2412081092263136,
    1.5337423312883436,
    1.3855532976168483,
    1.2296564195298374,
    1.3074225946395672
  ],
  "AverageDelays": [
    4060,
    4508.333333333333,
    4605.4,
    4627.64705882353,
    4749.954545454545
  ]
}