{
  "transactionTimestamps": [
    1706150868126,
    1706150868183,
    1706150869651,
    1706150869868,
    1706150871109,
    1706150871187,
    1706150872386,
    1706150872633,
    1706150873927,
    1706150873898,
    1706150875524,
    1706150876738,
    1706150878184,
    1706150879476,
    1706150879613
  ],
  "blockTimestamps": [
    1706150874164,
    1706150877151,
    1706150880159,
    1706150883167
  ],
  "blockTimes": [
    1706150874,
    1706150877,
    1706150880,
    1706150883
  ],
  "blockTransactions": [
    4,
    5,
    3,
    3
  ],
  "Delays": [
    6038,
    5981,
    4513,
    4296,
    6042,
    5964,
    4765,
    4518,
    3224,
    6261,
    4635,
    3421,
    4983,
    3691,
    3554
  ],
  "Throughputs": [
    0.6624710168930109,
    0.9972299168975068,
    0.9972575417601596,
    0.997274117412406
  ],
  "AverageDelays": [
    5207,
    5037.888888888889,
    4971.5,
    4792.4
  ]
}