{
  "transactionTimestamps": [
    1706151426489,
    1706151426491,
    1706151426491,
    1706151427628,
    1706151427799,
    1706151428077,
    1706151429091,
    1706151429278,
    1706151430420,
    1706151429138,
    1706151430861,
    1706151431659,
    1706151432001,
    1706151432982,
    1706151433480,
    1706151434384,
    1706151434694,
    1706151435647,
    1706151436225,
    1706151436865,
    1706151435649,
    1706151436351,
    1706151438095,
    1706151437800
  ],
  "blockTimestamps": [
    1706151432160,
    1706151435155,
    1706151438155,
    1706151441156,
    1706151444154
  ],
  "blockTimes": [
    1706151432,
    1706151435,
    1706151438,
    1706151441,
    1706151444
  ],
  "blockTransactions": [
    6,
    7,
    4,
    4,
    3
  ],
  "Delays": [
    5671,
    5669,
    5669,
    4532,
    4361,
    4083,
    6064,
    5877,
    4735,
    6017,
    4294,
    3496,
    3154,
    5173,
    4675,
    3771,
    3461,
    5509,
    4931,
    4291,
    5507,
    7803,
    6059,
    6354
  ],
  "Throughputs": [
    1.0580144595309469,
    1.500115393491807,
    1.4572261272072689,
    1.4317856412354264,
    1.3586187376167564
  ],
  "AverageDelays": [
    4997.5,
    4894,
    4747.176470588235,
    4806.666666666667,
    5048.166666666667
  ]
}