{
  "transactionTimestamps": [
    1706151543171,
    1706151544259,
    1706151544399,
    1706151543619,
    1706151545608,
    1706151545873,
    1706151546542,
    1706151546541,
    1706151547040,
    1706151547717,
    1706151547770,
    1706151548514,
    1706151549148,
    1706151549693,
    1706151549924,
    1706151550708,
    1706151549303,
    1706151551198,
    1706151551530,
    1706151552088,
    1706151550441,
    1706151552321,
    1706151552832,
    1706151553190,
    1706151553673,
    1706151555149,
    1706151555195,
    1706151554089,
    1706151554290,
    1706151556529,
    1706151556592,
    1706151556124,
    1706151557758,
    1706151559278,
    1706151560087,
    1706151560540,
    1706151560680
  ],
  "blockTimestamps": [
    1706151549153,
    1706151552166,
    1706151555153,
    1706151558154,
    1706151561154,
    1706151564153
  ],
  "blockTimes": [
    1706151549,
    1706151552,
    1706151555,
    1706151558,
    1706151561,
    1706151564
  ],
  "blockTransactions": [
    6,
    6,
    7,
    6,
    8,
    4
  ],
  "Delays": [
    5982,
    4894,
    4754,
    5534,
    3545,
    3280,
    5624,
    5625,
    5126,
    4449,
    4396,
    3652,
    6005,
    5460,
    5229,
    4445,
    5850,
    3955,
    3623,
    6066,
    7713,
    5833,
    5322,
    4964,
    4481,
    6005,
    5959,
    7065,
    6864,
    4625,
    4562,
    5030,
    3396,
    4875,
    4066,
    3613,
    3473
  ],
  "Throughputs": [
    1.0030090270812437,
    1.3340744858254587,
    1.585711901185111,
    1.6685576987252217,
    1.8350664516487794,
    1.7634162615575255
  ],
  "AverageDelays": [
    4664.833333333333,
    4738.416666666667,
    4812,
    5032.28,
    5130.69696969697,
    5009.189189189189
  ]
}