{
  "transactionTimestamps": [
    1706151483036,
    1706151484367,
    1706151486514,
    1706151486515,
    1706151487819,
    1706151487775,
    1706151489401,
    1706151489432,
    1706151490688,
    1706151490859,
    1706151492024,
    1706151492195,
    1706151491296,
    1706151493438,
    1706151493438,
    1706151494772,
    1706151494897,
    1706151496198,
    1706151496230,
    1706151497385,
    1706151497495,
    1706151498926,
    1706151498973
  ],
  "blockTimestamps": [
    1706151489150,
    1706151492161,
    1706151495155,
    1706151498162,
    1706151501152,
    1706151504154
  ],
  "blockTimes": [
    1706151489,
    1706151492,
    1706151495,
    1706151498,
    1706151501,
    1706151504
  ],
  "blockTransactions": [
    2,
    4,
    4,
    7,
    4,
    2
  ],
  "Delays": [
    6114,
    4783,
    5647,
    5646,
    4342,
    4386,
    5754,
    5723,
    4467,
    4296,
    6138,
    5967,
    6866,
    4724,
    4724,
    3390,
    3265,
    4954,
    4922,
    3767,
    3657,
    5228,
    5181
  ],
  "Throughputs": [
    0.32711808963035655,
    0.6575342465753424,
    0.8251505899826719,
    1.123892635197673,
    1.1591962905718702,
    1.0891182877166399
  ],
  "AverageDelays": [
    5448.5,
    5153,
    5115.8,
    5072.470588235294,
    4930.0952380952385,
    4953.95652173913
  ]
}