{
  "transactionTimestamps": [
    1706151462041,
    1706151461341,
    1706151463239,
    1706151463423,
    1706151462179,
    1706151464565,
    1706151462865,
    1706151462741,
    1706151466107,
    1706151466199,
    1706151466505,
    1706151466505,
    1706151467706,
    1706151467708,
    1706151467934,
    1706151468029,
    1706151467196,
    1706151469272,
    1706151469424,
    1706151469440,
    1706151469608,
    1706151470420,
    1706151470913,
    1706151471052,
    1706151471652,
    1706151470077,
    1706151472161,
    1706151472564,
    1706151473254,
    1706151473903,
    1706151474675,
    1706151475304,
    1706151473484,
    1706151475902,
    1706151476885,
    1706151477292,
    1706151478212,
    1706151479395,
    1706151480106,
    1706151481493,
    1706151480629
  ],
  "blockTimestamps": [
    1706151468157,
    1706151471146,
    1706151474756,
    1706151477155,
    1706151480155,
    1706151483153,
    1706151486150
  ],
  "blockTimes": [
    1706151468,
    1706151471,
    1706151474,
    1706151477,
    1706151480,
    1706151483,
    1706151486
  ],
  "blockTransactions": [
    8,
    7,
    8,
    7,
    5,
    3,
    3
  ],
  "Delays": [
    6116,
    6816,
    4918,
    4734,
    5978,
    3592,
    5292,
    5416,
    5039,
    4947,
    4641,
    4641,
    3440,
    3438,
    3212,
    6727,
    7560,
    5484,
    5332,
    5316,
    5148,
    4336,
    3843,
    6103,
    5503,
    7078,
    4994,
    4591,
    3901,
    3252,
    5480,
    4851,
    6671,
    4253,
    3270,
    5861,
    4941,
    3758,
    6044,
    4657,
    5521
  ],
  "Throughputs": [
    1.3080444735120995,
    1.6474464579901154,
    1.8088871411718443,
    1.984914648670107,
    1.932207132604615,
    1.7999242137173173,
    1.700609730805923
  ],
  "AverageDelays": [
    5357.75,
    4814.666666666667,
    5042,
    5046.266666666666,
    5026.085714285714,
    5012.4473684210525,
    5041.341463414634
  ]
}