{
  "transactionTimestamps": [
    1706151506523,
    1706151508128,
    1706151509608,
    1706151515249,
    1706151516448,
    1706151516168,
    1706151517618
  ],
  "blockTimestamps": [
    1706151510156,
    1706151513163,
    1706151516153,
    1706151519152,
    1706151522159
  ],
  "blockTimes": [
    1706151510,
    1706151513,
    1706151516,
    1706151519,
    1706151522
  ],
  "blockTransactions": [
    1,
    1,
    1,
    1,
    3
  ],
  "Delays": [
    3633,
    5035,
    6545,
    3903,
    5711,
    5991,
    4541
  ],
  "Throughputs": [
    0.2752546105147261,
    0.30120481927710846,
    0.3115264797507788,
    0.31673133264708214,
    0.44768482987976466
  ],
  "AverageDelays": [
    3633,
    4334,
    5071,
    4779,
    5051.285714285715
  ]
}