{
  "transactionTimestamps": [
    1706151582740,
    1706151584000,
    1706151585511,
    1706151586543,
    1706151586899,
    1706151587663,
    1706151586511,
    1706151588441,
    1706151589180,
    1706151590776,
    1706151590888,
    1706151592167,
    1706151598795,
    1706151599962,
    1706151599325,
    1706151601110,
    1706151602465
  ],
  "blockTimestamps": [
    1706151588154,
    1706151591156,
    1706151594150,
    1706151597159,
    1706151600156,
    1706151603155,
    1706151606157
  ],
  "blockTimes": [
    1706151588,
    1706151591,
    1706151594,
    1706151597,
    1706151600,
    1706151603,
    1706151606
  ],
  "blockTransactions": [
    1,
    6,
    3,
    1,
    1,
    2,
    3
  ],
  "Delays": [
    5414,
    7156,
    5645,
    4613,
    4257,
    3493,
    4645,
    5709,
    4970,
    3374,
    6271,
    7989,
    4360,
    3193,
    6832,
    5047,
    3692
  ],
  "Throughputs": [
    0.1847063169560399,
    0.8317490494296578,
    0.8764241893076249,
    0.7628823080657465,
    0.6890215893431327,
    0.6857702669605682,
    0.7259683136183114
  ],
  "AverageDelays": [
    5414,
    5031.857142857143,
    4927.6,
    5049.727272727273,
    5294.666666666667,
    5077.785714285715,
    5097.64705882353
  ]
}