{
  "transactionTimestamps": [
    1706151301372,
    1706151306438,
    1706151306437,
    1706151307645,
    1706151307697,
    1706151307937,
    1706151309186,
    1706151309279,
    1706151308313,
    1706151310376,
    1706151309093,
    1706151310817,
    1706151311815,
    1706151312249,
    1706151313218,
    1706151313358,
    1706151314541,
    1706151314906,
    1706151315154,
    1706151316015,
    1706151316280,
    1706151317294,
    1706151317777,
    1706151316093,
    1706151316420,
    1706151318850,
    1706151318912,
    1706151320344
  ],
  "blockTimestamps": [
    1706151309154,
    1706151312170,
    1706151315154,
    1706151318151,
    1706151321153,
    1706151324165
  ],
  "blockTimes": [
    1706151309,
    1706151312,
    1706151315,
    1706151318,
    1706151321,
    1706151324
  ],
  "blockTransactions": [
    1,
    5,
    7,
    5,
    6,
    4
  ],
  "Delays": [
    7782,
    5732,
    5733,
    4525,
    4473,
    4233,
    5968,
    5875,
    6841,
    4778,
    6061,
    4337,
    3339,
    5902,
    4933,
    4793,
    3610,
    3245,
    5999,
    5138,
    4873,
    3859,
    3376,
    5060,
    7745,
    5315,
    5253,
    3821
  ],
  "Throughputs": [
    0.1285016705217168,
    0.5556584552694943,
    0.9432593237556233,
    1.072769533345253,
    1.2132854759617815,
    1.2284473303207126
  ],
  "AverageDelays": [
    7782,
    5413,
    5359.7692307692305,
    5120,
    5019.375,
    5092.821428571428
  ]
}