{
  "transactionTimestamps": [
    1706151321496,
    1706151322554,
    1706151323832,
    1706151323398,
    1706151325095,
    1706151326344,
    1706151326439,
    1706151326438,
    1706151327628,
    1706151327923,
    1706151327939,
    1706151329437,
    1706151329533,
    1706151330827,
    1706151330904,
    1706151332351,
    1706151333772,
    1706151332475,
    1706151335138,
    1706151336616,
    1706151338220,
    1706151338593,
    1706151336616,
    1706151338220,
    1706151338593,
    1706151339543,
    1706151339433,
    1706151340153,
    1706151339543,
    1706151339433,
    1706151340153
  ],
  "blockTimestamps": [
    1706151327150,
    1706151330171,
    1706151333150,
    1706151336161,
    1706151339151,
    1706151342179,
    1706151342184,
    1706151345147
  ],
  "blockTimes": [
    1706151327,
    1706151330,
    1706151333,
    1706151336,
    1706151339,
    1706151342,
    1706151342,
    1706151345
  ],
  "blockTransactions": [
    3,
    5,
    5,
    3,
    3,
    3,
    6,
    3
  ],
  "Delays": [
    5654,
    4596,
    3318,
    6773,
    5076,
    3827,
    3732,
    3733,
    5522,
    5227,
    5211,
    3713,
    3617,
    5334,
    5257,
    3810,
    5379,
    6676,
    4013,
    5563,
    3959,
    3586,
    5568,
    3964,
    3591,
    2641,
    2751,
    2031,
    5604,
    5714,
    4994
  ],
  "Throughputs": [
    0.5305978068623983,
    0.9221902017291066,
    1.1154968251244208,
    1.0910330719399932,
    1.0761823845935994,
    1.0636754822801335,
    1.3534416086620265,
    1.3107268191619805
  ],
  "AverageDelays": [
    4522.666666666667,
    4588.625,
    4615.307692307692,
    4650,
    4761.473684210527,
    4708,
    4432.928571428572,
    4530.129032258064
  ]
}