{
  "transactionTimestamps": [
    1706151402704,
    1706151404174,
    1706151405656,
    1706151406485,
    1706151406489,
    1706151406492,
    1706151407221,
    1706151407738,
    1706151407941,
    1706151407972,
    1706151408984,
    1706151409218,
    1706151410308,
    1706151409326,
    1706151410650,
    1706151408812,
    1706151411772,
    1706151412066,
    1706151413253,
    1706151413411,
    1706151414500,
    1706151414765,
    1706151414859,
    1706151415516,
    1706151415891,
    1706151415936,
    1706151416123,
    1706151417089,
    1706151417121,
    1706151415719,
    1706151417401,
    1706151416154,
    1706151417650,
    1706151418400,
    1706151418573,
    1706151418990,
    1706151419100,
    1706151420114,
    1706151421361,
    1706151422515
  ],
  "blockTimestamps": [
    1706151408152,
    1706151411154,
    1706151414156,
    1706151417151,
    1706151420161,
    1706151423155,
    1706151426153
  ],
  "blockTimes": [
    1706151408,
    1706151411,
    1706151414,
    1706151417,
    1706151420,
    1706151423,
    1706151426
  ],
  "blockTransactions": [
    2,
    8,
    6,
    4,
    7,
    10,
    3
  ],
  "Delays": [
    5448,
    3978,
    5498,
    4669,
    4665,
    4662,
    3933,
    3416,
    3213,
    3182,
    5172,
    4938,
    3848,
    4830,
    3506,
    5344,
    5379,
    5085,
    3898,
    3740,
    5661,
    5396,
    5302,
    4645,
    4270,
    4225,
    4038,
    6066,
    6034,
    7436,
    5754,
    7001,
    5505,
    4755,
    4582,
    4165,
    4055,
    6039,
    4792,
    3638
  ],
  "Throughputs": [
    0.36710719530102787,
    1.183431952662722,
    1.3971358714634998,
    1.3843704575344362,
    1.5466575012888812,
    1.8092024839861132,
    1.70582967290716
  ],
  "AverageDelays": [
    4713,
    4266.4,
    4393.875,
    4420.2,
    4516.333333333333,
    4791.72972972973,
    4794.075
  ]
}