{
  "transactionTimestamps": [
    1706150881037,
    1706150881226,
    1706150880221,
    1706150882639,
    1706150884094,
    1706150886220,
    1706150886221,
    1706150886225,
    1706150886225,
    1706150885321,
    1706150887396,
    1706150887445,
    1706150887658,
    1706150887674,
    1706150888593,
    1706150888748,
    1706150889108,
    1706150889168,
    1706150889803,
    1706150890160,
    1706150890301,
    1706150890551,
    1706150891213,
    1706150891587,
    1706150891991,
    1706150892630,
    1706150893013,
    1706150891492,
    1706150893464,
    1706150894288,
    1706150892314,
    1706150894922,
    1706150893913,
    1706150895779,
    1706150896381,
    1706150897297,
    1706150897856,
    1706150897886,
    1706150898570,
    1706150899210,
    1706150899225,
    1706150899256,
    1706150899906,
    1706150898789,
    1706150900327,
    1706150900622,
    1706150900854
  ],
  "blockTimestamps": [
    1706150886759,
    1706150889153,
    1706150892164,
    1706150895162,
    1706150898160,
    1706150901152,
    1706150904157
  ],
  "blockTimes": [
    1706150886,
    1706150889,
    1706150892,
    1706150895,
    1706150898,
    1706150901,
    1706150904
  ],
  "blockTransactions": [
    4,
    1,
    11,
    9,
    8,
    5,
    9
  ],
  "Delays": [
    5722,
    5533,
    6538,
    4120,
    5059,
    5944,
    5943,
    5939,
    5939,
    6843,
    4768,
    4719,
    4506,
    4490,
    3571,
    3416,
    6054,
    5994,
    5359,
    5002,
    4861,
    4611,
    3949,
    3575,
    3171,
    5530,
    5147,
    6668,
    4696,
    3872,
    5846,
    3238,
    4247,
    5373,
    4771,
    3855,
    3296,
    3266,
    5587,
    4947,
    4932,
    4901,
    4251,
    5368,
    3830,
    3535,
    3303
  ],
  "Throughputs": [
    0.6990562740300593,
    0.6160670280926565,
    1.4379437404511548,
    1.7699115044247788,
    1.927232377503942,
    1.8891374596072583,
    2.032871972318339
  ],
  "AverageDelays": [
    5478.25,
    5394.4,
    5190.625,
    5025.04,
    4996.060606060606,
    4879.763157894737,
    4810.31914893617
  ]
}