{
  "transactionTimestamps": [
    1706151561583,
    1706151561973,
    1706151562113,
    1706151560741,
    1706151561208,
    1706151563029,
    1706151563091,
    1706151563418,
    1706151564382,
    1706151565795,
    1706151566543,
    1706151566543,
    1706151567774,
    1706151567028,
    1706151567993,
    1706151569077,
    1706151574629,
    1706151574074,
    1706151575783,
    1706151576066,
    1706151575241,
    1706151577182,
    1706151577274,
    1706151576407,
    1706151578316,
    1706151578550,
    1706151579681,
    1706151581189,
    1706151580115
  ],
  "blockTimestamps": [
    1706151567158,
    1706151570156,
    1706151573162,
    1706151576151,
    1706151579146,
    1706151582170,
    1706151585158
  ],
  "blockTimes": [
    1706151567,
    1706151570,
    1706151573,
    1706151576,
    1706151579,
    1706151582,
    1706151585
  ],
  "blockTransactions": [
    8,
    4,
    3,
    1,
    3,
    7,
    3
  ],
  "Delays": [
    5575,
    5185,
    5045,
    6417,
    5950,
    4129,
    4067,
    3740,
    5774,
    4361,
    3613,
    3613,
    5388,
    6134,
    5169,
    7074,
    4517,
    5072,
    3363,
    6104,
    6929,
    4988,
    4896,
    5763,
    3854,
    3620,
    5477,
    3969,
    5043
  ],
  "Throughputs": [
    1.4349775784753362,
    1.3997433803802635,
    1.2954486570515589,
    1.098297638660077,
    1.0818197346694756,
    1.2629329188322729,
    1.230116648992577
  ],
  "AverageDelays": [
    5013.5,
    4789.083333333333,
    4944,
    5077.125,
    4957.1578947368425,
    5013.076923076923,
    4994.103448275862
  ]
}