{
  "transactionTimestamps": [
    1706151183139,
    1706151183294,
    1706151181986,
    1706151182173,
    1706151184277,
    1706151184309,
    1706151184340,
    1706151182686,
    1706151184570,
    1706151184044,
    1706151185658,
    1706151185705,
    1706151185705,
    1706151185845,
    1706151186377,
    1706151186870,
    1706151187042,
    1706151187214,
    1706151187245,
    1706151186376,
    1706151188254,
    1706151188348,
    1706151188517,
    1706151187618,
    1706151189450,
    1706151189649,
    1706151188068,
    1706151189757,
    1706151188856,
    1706151189742,
    1706151190957,
    1706151191220,
    1706151191282,
    1706151190362,
    1706151192450,
    1706151192511,
    1706151192620,
    1706151192776,
    1706151193789,
    1706151193805,
    1706151193958,
    1706151194034,
    1706151194173,
    1706151193307,
    1706151195013,
    1706151193868,
    1706151195107,
    1706151195278,
    1706151195354,
    1706151195434,
    1706151195606,
    1706151194560,
    1706151196466,
    1706151194826,
    1706151196666,
    1706151196684,
    1706151196849,
    1706151197003,
    1706151196294,
    1706151197816,
    1706151198268,
    1706151198347,
    1706151198487,
    1706151199060,
    1706151197690,
    1706151199603,
    1706151199603,
    1706151199744,
    1706151200178,
    1706151200878
  ],
  "blockTimestamps": [
    1706151189164,
    1706151192161,
    1706151195151,
    1706151198159,
    1706151201157,
    1706151204159
  ],
  "blockTimes": [
    1706151189,
    1706151192,
    1706151195,
    1706151198,
    1706151201,
    1706151204
  ],
  "blockTransactions": [
    14,
    9,
    10,
    11,
    16,
    10
  ],
  "Delays": [
    6025,
    5870,
    7178,
    6991,
    4887,
    4855,
    4824,
    6478,
    4594,
    5120,
    3506,
    3459,
    3459,
    3319,
    5784,
    5291,
    5119,
    4947,
    4916,
    5785,
    3907,
    3813,
    3644,
    7533,
    5701,
    5502,
    7083,
    5394,
    6295,
    5409,
    4194,
    3931,
    3869,
    7797,
    5709,
    5648,
    5539,
    5383,
    4370,
    4354,
    4201,
    4125,
    3986,
    4852,
    6144,
    7289,
    6050,
    5879,
    5803,
    5723,
    5551,
    6597,
    4691,
    6331,
    4491,
    4473,
    4308,
    4154,
    4863,
    3341,
    5891,
    5812,
    5672,
    5099,
    6469,
    4556,
    4556,
    4415,
    3981,
    3281
  ],
  "Throughputs": [
    2.3236514522821574,
    2.54932387497229,
    2.7472527472527473,
    2.929427430093209,
    3.33000333000333,
    3.3301617507136063
  ],
  "AverageDelays": [
    5040.357142857143,
    4946.565217391304,
    5111.575757575758,
    5105.590909090909,
    5172.233333333334,
    5143.8
  ]
}