{
  "transactionTimestamps": [
    1706151222510,
    1706151223054,
    1706151223674,
    1706151224968,
    1706151223782,
    1706151226391,
    1706151226392,
    1706151226516,
    1706151225264,
    1706151227809,
    1706151227856,
    1706151226075,
    1706151227623,
    1706151229131,
    1706151230631,
    1706151232110,
    1706151233562,
    1706151233687,
    1706151232529,
    1706151235074,
    1706151235105,
    1706151234606,
    1706151236262,
    1706151237652,
    1706151236510,
    1706151239043,
    1706151240325,
    1706151241925
  ],
  "blockTimestamps": [
    1706151228152,
    1706151231161,
    1706151234157,
    1706151237149,
    1706151240195,
    1706151243173,
    1706151246172
  ],
  "blockTimes": [
    1706151228,
    1706151231,
    1706151234,
    1706151237,
    1706151240,
    1706151243,
    1706151246
  ],
  "blockTransactions": [
    4,
    7,
    4,
    3,
    5,
    3,
    2
  ],
  "Delays": [
    5642,
    5098,
    4478,
    3184,
    7379,
    4770,
    4769,
    4645,
    5897,
    3352,
    3305,
    8082,
    6534,
    5026,
    3526,
    5039,
    3587,
    3462,
    7666,
    5121,
    5090,
    5589,
    3933,
    5521,
    6663,
    4130,
    5847,
    4247
  ],
  "Throughputs": [
    0.7089684509039347,
    1.2715293029707548,
    1.2878852923499613,
    1.229592185258556,
    1.300537178399774,
    1.2582877607317426,
    1.1833319246048517
  ],
  "AverageDelays": [
    4600.5,
    4774.454545454545,
    5045.8,
    4876.388888888889,
    5007.565217391304,
    5057.2307692307695,
    5056.5
  ]
}