{
  "transactionTimestamps": [
    1706151282835,
    1706151284248,
    1706151286419,
    1706151286419,
    1706151287708,
    1706151287786,
    1706151288909,
    1706151289001,
    1706151290409,
    1706151290488,
    1706151291578,
    1706151292073,
    1706151293631,
    1706151293197,
    1706151294770,
    1706151296324,
    1706151297807,
    1706151298742,
    1706151299366,
    1706151299986,
    1706151299659
  ],
  "blockTimestamps": [
    1706151288151,
    1706151291162,
    1706151294153,
    1706151297155,
    1706151300155,
    1706151303160,
    1706151306148
  ],
  "blockTimes": [
    1706151288,
    1706151291,
    1706151294,
    1706151297,
    1706151300,
    1706151303,
    1706151306
  ],
  "blockTransactions": [
    2,
    4,
    4,
    3,
    3,
    4,
    1
  ],
  "Delays": [
    5316,
    3903,
    4743,
    4743,
    3454,
    3376,
    5244,
    5152,
    3744,
    3665,
    5577,
    5082,
    3524,
    6958,
    5385,
    3831,
    5353,
    4418,
    3794,
    3174,
    6489
  ],
  "Throughputs": [
    0.3762227238525207,
    0.7205476161883031,
    0.8835483300936562,
    0.9078212290502793,
    0.9237875288683602,
    0.984009840098401,
    0.9007849697593617
  ],
  "AverageDelays": [
    4609.5,
    4255.833333333333,
    4334,
    4424.846153846154,
    4606.0625,
    4521.8,
    4615.476190476191
  ]
}