{"a": 0.3, "b": 0.7, "communities0": [[0, 32, 4, 5, 6, 7, 47, 18, 25, 62], [1, 29], [64, 2, 40, 41, 13, 17, 52, 63], [3, 21], [8, 22], [65, 34, 70, 38, 9, 46, 16, 49, 53, 24, 58], [10, 79], [80, 11, 12, 31], [14, 55], [26, 15], [73, 19], [20, 69], [60, 23], [27, 67], [66, 28], [33, 30], [35, 68], [42, 36], [59, 37], [51, 39], [43, 77, 54, 56, 57], [44, 71, 76], [48, 45], [50, 74], [72, 61], [75, 78]], "communities1": [[0, 32, 64, 2, 4, 5, 6, 7, 40, 41, 13, 47, 17, 18, 52, 25, 62, 63], [1, 29], [3, 21], [8, 22], [65, 34, 38, 70, 9, 46, 16, 49, 53, 24, 58], [10, 79], [80, 11, 12, 31], [14, 55], [26, 15], [73, 19], [20, 69], [60, 23], [27, 67], [66, 28], [33, 30], [35, 68], [42, 36], [59, 37], [51, 39], [43, 77, 54, 56, 57], [44, 71, 76], [48, 45], [50, 74], [72, 61], [75, 78]], "communities2": [[0, 32, 4, 5, 6, 7, 47, 18, 25, 62], [1, 29], [64, 2, 41, 13, 52], [3, 21], [8, 22], [9, 58, 53, 38], [10, 79], [80, 11, 12, 31], [14, 55], [26, 15], [16, 34], [40, 17, 63], [73, 19], [20, 69], [60, 23], [65, 70, 46, 49, 24], [67, 27], [66, 28], [33, 30], [35, 68], [42, 36], [59, 37], [51, 39], [43, 77, 54, 56, 57], [44, 76, 71], [48, 45], [50, 74], [72, 61], [75, 78]], "communities3": [[41, 12, 52, 77], [0, 10, 42, 46], [65, 73, 66, 43], [16, 3, 45, 23], [27, 76, 54, 31], [64, 57, 78, 71], [49, 35, 51], [72, 25, 39], [44, 47, 55], [8, 6, 14], [5, 38, 15], [34, 74, 37], [18, 26, 30], [56, 60, 21], [59, 68, 79], [80, 20, 63], [24, 50, 13], [67, 19, 62], [61, 36, 53], [48, 33, 75], [32, 17, 40], [1, 11, 29], [9, 58, 70], [2, 4, 22], [28, 69, 7]], "q0": 0.4634115439403902, "f0": 0.8634185587141672, "q1": 0.46425562952005267, "f1": 0.8719742279711672}