{"a": 0.8, "b": 0.2, "communities0": [[0, 53], [1, 116], [2, 35], [3, 84], [4, 55], [11, 5], [6, 31], [57, 7], [8, 123], [9, 79], [10, 47], [12, 77], [76, 13], [14, 103], [78, 15], [16, 27], [17, 124], [24, 18], [51, 19], [20, 21], [107, 22], [56, 23], [25, 75], [65, 26], [28, 102], [105, 29], [42, 30], [32, 50], [33, 122], [34, 83], [36, 94], [99, 37], [121, 38], [136, 39], [40, 73], [41, 106], [43, 134], [44, 127], [45, 62], [100, 46], [48, 49], [82, 52], [129, 54], [96, 58], [67, 59], [137, 115, 60], [61, 133], [93, 63], [64, 120], [66, 125], [68, 95], [109, 69], [70, 71], [72, 132], [89, 74], [80, 88], [81, 113], [108, 85], [128, 86], [118, 87], [90, 114], [98, 91], [104, 92], [97, 111], [101, 110], [112, 138], [117, 135], [126, 119], [130, 131]], "q0": 0.4962755102040816, "f0": 0.8930619676404836}