{"a": 0.5, "b": 0.5, "communities0": [[0, 3, 8, 13, 14, 15, 18, 20, 21, 22, 26, 28, 41, 42, 43, 44, 45, 47, 50, 53, 54, 55, 56, 57, 59, 60, 64, 65, 67, 68, 73, 74], [1, 19], [2, 37, 78, 29, 31], [51, 4], [5, 38], [36, 6, 39, 7, 72, 12, 77, 16, 23, 61], [34, 69, 9, 75, 52], [48, 10], [58, 11], [17, 63], [76, 46, 24, 27, 30], [25, 35], [32, 33], [40, 70], [49, 66, 62, 71]], "q0": 0.42941989209330245, "f0": 0.8542312873525842}