{"a": 0.3, "b": 0.7, "communities0": [[0, 10], [1, 36, 40, 28, 48, 80, 82, 24, 25, 60, 95], [33, 2, 59, 31], [18, 3, 108, 29], [4, 101, 37, 13, 87, 62], [5, 8, 72, 74, 47, 50, 53, 22, 26], [106, 6], [68, 7, 15, 85, 30], [64, 69, 38, 9, 105, 107, 12, 44, 14, 79, 43, 49, 19, 84, 88, 57, 61], [16, 91, 11], [73, 17], [96, 32, 76, 20, 54], [21, 94], [34, 23], [27, 63], [35, 70], [78, 66, 86, 39], [56, 41, 75], [98, 42, 51, 58, 92], [83, 45], [104, 46, 71], [52, 103], [67, 55], [65, 99, 102, 77, 90, 93], [89, 81], [97, 100]], "q0": 0.4613207187230681, "f0": 0.9391606211135868}