{"a": 0.2, "b": 0.8, "communities0": [[0, 11], [1, 4], [2, 43], [16, 3], [41, 5], [50, 6], [18, 7], [8, 9], [10, 28], [12, 71], [34, 13], [45, 14], [49, 42, 15], [69, 39, 72, 75, 47, 17, 61], [19, 36], [20, 63], [21, 29], [51, 22], [56, 23], [24, 35], [25, 59], [26, 31], [74, 27], [38, 30], [32, 64], [33, 67], [58, 37], [40, 78], [44, 68], [65, 46], [48, 79], [52, 53], [77, 54], [73, 55], [57, 62], [60, 76], [66, 70]], "q0": 0.4908211798393556, "f0": 0.8321214181313901}