{"a": 0.6, "b": 0.4, "communities0": [[0, 33, 32, 35, 42, 48, 81, 50, 84, 86, 23], [1, 66], [64, 2, 67, 69, 5, 8, 11, 80, 19, 53, 85, 55, 62], [3, 6, 7, 41, 47, 52, 56, 26, 27, 30, 63], [65, 4, 36, 10, 74, 75, 78, 18, 21, 22, 54, 24, 59, 28], [9, 45], [12, 76], [20, 13], [57, 14], [39, 44, 15, 79, 87, 61], [70, 72, 43, 16, 25, 60], [17, 37], [49, 29], [83, 31], [73, 34], [40, 38], [82, 90, 46], [51, 68], [89, 58], [88, 77, 71]], "q0": 0.44283634263973704, "f0": 0.7452140374561869}