{"a": 0.2, "b": 0.8, "communities0": [[0, 53], [1, 49], [2, 26], [3, 86], [4, 77], [5, 110], [52, 6], [82, 7], [8, 71], [9, 37], [10, 101], [11, 79], [12, 30], [36, 13], [96, 14], [83, 15], [16, 51], [17, 94], [48, 18], [19, 92], [20, 68], [32, 21], [58, 22], [102, 23], [24, 89], [25, 41], [57, 27], [42, 28], [115, 29], [31, 103], [33, 43], [34, 74], [106, 35], [66, 38], [50, 39], [40, 119], [44, 54], [105, 45], [80, 46], [107, 47], [69, 55], [56, 93], [59, 62], [60, 76], [90, 61], [112, 63], [64, 117], [65, 91], [67, 95], [118, 70], [72, 85], [73, 75], [88, 78], [81, 109], [108, 84], [104, 87], [97, 100], [98, 111], [114, 99], [113, 116]], "q0": 0.49583333333333324, "f0": 0.8775373642785369}