{
  "transactionTimestamps": [
    1706179317605,
    1706179317607,
    1706179318492,
    1706179318555,
    1706179319240,
    1706179319409,
    1706179320032,
    1706179320187,
    1706179320860,
    1706179321092,
    1706179321498,
    1706179321904,
    1706179322184,
    1706179322668,
    1706179323089,
    1706179323603
  ],
  "blockTimestamps": [
    1706179321198,
    1706179324206,
    1706179327199
  ],
  "blockTimes": [
    1706179321,
    1706179324,
    1706179327
  ],
  "blockTransactions": [
    2,
    7,
    7
  ],
  "Delays": [
    3593,
    3591,
    5714,
    5651,
    4966,
    4797,
    4174,
    4019,
    3346,
    6107,
    5701,
    5295,
    5015,
    4531,
    4110,
    3596
  ],
  "Throughputs": [
    0.5566379070414695,
    1.3634297833661566,
    1.6677089847821556
  ],
  "AverageDelays": [
    3592,
    4427.888888888889,
    4637.875
  ]
}