{
  "transactionTimestamps": [
    1706179477673,
    1706179477673,
    1706179478482,
    1706179478699,
    1706179479135,
    1706179479621,
    1706179480009,
    1706179480707,
    1706179480987,
    1706179481564,
    1706179481908,
    1706179482655,
    1706179483032,
    1706179483747,
    1706179483858,
    1706179484792
  ],
  "blockTimestamps": [
    1706179483217,
    1706179486199,
    1706179489209
  ],
  "blockTimes": [
    1706179483,
    1706179486,
    1706179489
  ],
  "blockTransactions": [
    6,
    6,
    4
  ],
  "Delays": [
    5544,
    5544,
    4735,
    4518,
    4082,
    3596,
    6190,
    5492,
    5212,
    4635,
    4291,
    3544,
    6177,
    5462,
    5351,
    4417
  ],
  "Throughputs": [
    1.0822510822510822,
    1.4074595355383532,
    1.3869625520110958
  ],
  "AverageDelays": [
    4669.833333333333,
    4781.916666666667,
    4924.375
  ]
}