{
  "transactionTimestamps": [
    1706179497688,
    1706179498661,
    1706179499724,
    1706179500361,
    1706179501387,
    1706179502398,
    1706179503255,
    1706179504247,
    1706179505132,
    1706179505912,
    1706179506815,
    1706179507549,
    1706179508590,
    1706179509637,
    1706179510416,
    1706179511070
  ],
  "blockTimestamps": [
    1706179501203,
    1706179504205,
    1706179507205,
    1706179510211,
    1706179513207,
    1706179516227
  ],
  "blockTimes": [
    1706179501,
    1706179504,
    1706179507,
    1706179510,
    1706179513,
    1706179516
  ],
  "blockTransactions": [
    1,
    3,
    3,
    4,
    3,
    2
  ],
  "Delays": [
    3515,
    5544,
    4481,
    3844,
    5818,
    4807,
    3950,
    5964,
    5079,
    4299,
    3396,
    5658,
    4617,
    3570,
    5811,
    5157
  ],
  "Throughputs": [
    0.28449502133712656,
    0.6137793463249961,
    0.7355259010192288,
    0.8783837738561048,
    0.9021199819576003,
    0.8630454717082906
  ],
  "AverageDelays": [
    3515,
    4346,
    4565.571428571428,
    4608.818181818182,
    4610.142857142857,
    4719.375
  ]
}