{
  "transactionTimestamps": [
    1706179294501,
    1706179295295,
    1706179296328,
    1706179296954,
    1706179297597,
    1706179297596,
    1706179298076,
    1706179298547,
    1706179298701,
    1706179299166,
    1706179299586,
    1706179299649,
    1706179300087,
    1706179300334,
    1706179300504,
    1706179300927,
    1706179301207,
    1706179301532,
    1706179302327,
    1706179302375,
    1706179303155,
    1706179301673,
    1706179303437,
    1706179304106,
    1706179304495,
    1706179308652
  ],
  "blockTimestamps": [
    1706179300218,
    1706179303206,
    1706179306204,
    1706179309212,
    1706179315204
  ],
  "blockTimes": [
    1706179300,
    1706179303,
    1706179306,
    1706179309,
    1706179315
  ],
  "blockTransactions": [
    4,
    8,
    8,
    5,
    1
  ],
  "Delays": [
    5717,
    4923,
    3890,
    3264,
    5609,
    5610,
    5130,
    4659,
    4505,
    4040,
    3620,
    3557,
    6117,
    5870,
    5700,
    5277,
    4997,
    4672,
    3877,
    3829,
    6057,
    7539,
    5775,
    5106,
    4717,
    6552
  ],
  "Throughputs": [
    0.6996676578625154,
    1.3785180930499712,
    1.708963513628984,
    1.6994086058051798,
    1.255856639134425
  ],
  "AverageDelays": [
    4448.5,
    4543.666666666667,
    4743.15,
    4962.28,
    5023.423076923077
  ]
}