{
  "transactionTimestamps": [
    1706179252191,
    1706179252267,
    1706179252487,
    1706179252753,
    1706179253096,
    1706179253221,
    1706179253235,
    1706179253751,
    1706179253767,
    1706179253890,
    1706179254155,
    1706179254453,
    1706179254686,
    1706179254743,
    1706179254997,
    1706179255136,
    1706179255649,
    1706179255712,
    1706179255712,
    1706179256349,
    1706179256662,
    1706179256816,
    1706179257436,
    1706179257515,
    1706179257578,
    1706179257578,
    1706179257842,
    1706179258166,
    1706179258354,
    1706179258527,
    1706179258540,
    1706179259277,
    1706179259386,
    1706179260259,
    1706179260460,
    1706179260913,
    1706179261507,
    1706179261834,
    1706179262474,
    1706179262505,
    1706179263193,
    1706179263615,
    1706179264035
  ],
  "blockTimestamps": [
    1706179258209,
    1706179261207,
    1706179264223,
    1706179267204,
    1706179270196
  ],
  "blockTimes": [
    1706179258,
    1706179261,
    1706179264,
    1706179267,
    1706179270
  ],
  "blockTransactions": [
    15,
    12,
    9,
    6,
    1
  ],
  "Delays": [
    6018,
    5942,
    5722,
    5456,
    5113,
    4988,
    4974,
    4458,
    4442,
    4319,
    4054,
    3756,
    3523,
    3466,
    3212,
    6071,
    5558,
    5495,
    5495,
    4858,
    4545,
    4391,
    3771,
    3692,
    3629,
    3629,
    3365,
    6057,
    5869,
    5696,
    5683,
    4946,
    4837,
    3964,
    3763,
    3310,
    5697,
    5370,
    4730,
    4699,
    4011,
    3589,
    6161
  ],
  "Throughputs": [
    2.4925224327018944,
    2.994676131322094,
    2.992021276595745,
    2.7975754346233264,
    2.3882254929186337
  ],
  "AverageDelays": [
    4629.533333333334,
    4590.444444444444,
    4668.527777777777,
    4670.547619047619,
    4705.209302325581
  ]
}