{
  "transactionTimestamps": [
    1706179277586,
    1706179277586,
    1706179278334,
    1706179278426,
    1706179279358,
    1706179279561,
    1706179280649,
    1706179280090,
    1706179281488,
    1706179282159,
    1706179283143,
    1706179284204,
    1706179285762,
    1706179286449,
    1706179287193,
    1706179286836,
    1706179288082,
    1706179288737,
    1706179289798,
    1706179290529,
    1706179291457,
    1706179292105,
    1706179292801,
    1706179293674
  ],
  "blockTimestamps": [
    1706179282199,
    1706179285201,
    1706179288201,
    1706179291216,
    1706179294200,
    1706179297202
  ],
  "blockTimes": [
    1706179282,
    1706179285,
    1706179288,
    1706179291,
    1706179294,
    1706179297
  ],
  "blockTransactions": [
    4,
    5,
    3,
    4,
    4,
    4
  ],
  "Delays": [
    4613,
    4613,
    3865,
    3773,
    5843,
    5640,
    4552,
    5111,
    3713,
    6042,
    5058,
    3997,
    5454,
    4767,
    4023,
    4380,
    6118,
    5463,
    4402,
    3671,
    5745,
    5097,
    4401,
    3528
  ],
  "Throughputs": [
    0.8671146759158898,
    1.1818778726198294,
    1.1304757418747056,
    1.173881144534116,
    1.203804020705429,
    1.2234910277324633
  ],
  "AverageDelays": [
    4216,
    4635.888888888889,
    4735,
    4715.25,
    4754.9,
    4744.541666666667
  ]
}