{
  "transactionTimestamps": [
    1706179437659,
    1706179437659,
    1706179438423,
    1706179438737,
    1706179439484,
    1706179439877,
    1706179440468,
    1706179440921,
    1706179441229,
    1706179442071,
    1706179442338,
    1706179442774,
    1706179442994,
    1706179443479,
    1706179443791,
    1706179444551
  ],
  "blockTimestamps": [
    1706179441198,
    1706179444209,
    1706179447205,
    1706179450210
  ],
  "blockTimes": [
    1706179441,
    1706179444,
    1706179447,
    1706179450
  ],
  "blockTransactions": [
    2,
    6,
    7,
    1
  ],
  "Delays": [
    3539,
    3539,
    5786,
    5472,
    4725,
    4332,
    3741,
    3288,
    5976,
    5134,
    4867,
    4431,
    4211,
    3726,
    3414,
    5659
  ],
  "Throughputs": [
    0.5651313930488838,
    1.2213740458015268,
    1.5713387806411063,
    1.2747988208110907
  ],
  "AverageDelays": [
    3539,
    4302.75,
    4412.066666666667,
    4490
  ]
}