{
  "transactionTimestamps": [
    1706179517694,
    1706179517694,
    1706179518649,
    1706179518695,
    1706179519489,
    1706179519520,
    1706179520190,
    1706179520642,
    1706179520830,
    1706179521641,
    1706179522375,
    1706179523027,
    1706179521611,
    1706179527616,
    1706179528805
  ],
  "blockTimestamps": [
    1706179522199,
    1706179525199,
    1706179528217,
    1706179534196
  ],
  "blockTimes": [
    1706179522,
    1706179525,
    1706179528,
    1706179534
  ],
  "blockTransactions": [
    4,
    6,
    3,
    2
  ],
  "Delays": [
    4505,
    4505,
    3550,
    3504,
    5710,
    5679,
    5009,
    4557,
    4369,
    3558,
    5842,
    5190,
    6606,
    6580,
    5391
  ],
  "Throughputs": [
    0.8879023307436182,
    1.3324450366422385,
    1.2353891475814882,
    0.9089807296085324
  ],
  "AverageDelays": [
    4016,
    4494.6,
    4814.153846153846,
    4970.333333333333
  ]
}