{
  "transactionTimestamps": [
    1706179377638,
    1706179377638,
    1706179378739,
    1706179378755,
    1706179379657,
    1706179379829,
    1706179380388,
    1706179380778,
    1706179381339,
    1706179381698,
    1706179382135,
    1706179382477,
    1706179382806,
    1706179383352,
    1706179383476,
    1706179384394
  ],
  "blockTimestamps": [
    1706179381202,
    1706179384199,
    1706179387201,
    1706179390202
  ],
  "blockTimes": [
    1706179381,
    1706179384,
    1706179387,
    1706179390
  ],
  "blockTransactions": [
    2,
    6,
    7,
    1
  ],
  "Delays": [
    3564,
    3564,
    5460,
    5444,
    4542,
    4370,
    3811,
    3421,
    5862,
    5503,
    5066,
    4724,
    4395,
    3849,
    3725,
    5808
  ],
  "Throughputs": [
    0.5611672278338945,
    1.2193263222069806,
    1.5685454355327826,
    1.2734797835084368
  ],
  "AverageDelays": [
    3564,
    4272,
    4486.666666666667,
    4569.25
  ]
}