{
  "transactionTimestamps": [
    1706179557717,
    1706179557718,
    1706179558508,
    1706179558913,
    1706179559522,
    1706179559801,
    1706179560159,
    1706179560704,
    1706179561014,
    1706179561431,
    1706179561773,
    1706179562443,
    1706179562768,
    1706179563281,
    1706179563420,
    1706179564225
  ],
  "blockTimestamps": [
    1706179561217,
    1706179564212,
    1706179567219,
    1706179570202
  ],
  "blockTimes": [
    1706179561,
    1706179564,
    1706179567,
    1706179570
  ],
  "blockTransactions": [
    2,
    6,
    7,
    1
  ],
  "Delays": [
    3500,
    3499,
    5704,
    5299,
    4690,
    4411,
    4053,
    3508,
    6205,
    5788,
    5446,
    4776,
    4451,
    3938,
    3799,
    5977
  ],
  "Throughputs": [
    0.5714285714285714,
    1.2317167051578137,
    1.5786150284150704,
    1.2815378454144974
  ],
  "AverageDelays": [
    3499.5,
    4333,
    4604.466666666666,
    4690.25
  ]
}