{
  "transactionTimestamps": [
    1706179198291,
    1706179198313,
    1706179198324,
    1706179199215,
    1706179199294,
    1706179199311,
    1706179198336,
    1706179200015,
    1706179200028,
    1706179200123,
    1706179200808,
    1706179201106,
    1706179201106,
    1706179201449,
    1706179201901,
    1706179202897,
    1706179202318,
    1706179203318,
    1706179202160,
    1706179204000,
    1706179204094,
    1706179204172,
    1706179204733,
    1706179204719,
    1706179204826,
    1706179205262,
    1706179205543,
    1706179205559,
    1706179205902,
    1706179205916,
    1706179206257,
    1706179206338,
    1706179206571,
    1706179206694,
    1706179204678,
    1706179207161,
    1706179207257,
    1706179207442,
    1706179207520,
    1706179207922,
    1706179207969,
    1706179208417,
    1706179208481,
    1706179208839,
    1706179209009,
    1706179209368,
    1706179209354,
    1706179209555,
    1706179210081,
    1706179210393,
    1706179210455,
    1706179211025,
    1706179211076,
    1706179211451,
    1706179211917,
    1706179211776,
    1706179210222,
    1706179212524,
    1706179212570,
    1706179212837,
    1706179213366,
    1706179213413,
    1706179213490,
    1706179214336,
    1706179214554,
    1706179215065,
    1706179215313,
    1706179215703,
    1706179215735
  ],
  "blockTimestamps": [
    1706179198776,
    1706179204464,
    1706179207205,
    1706179211365,
    1706179213201,
    1706179216637
  ],
  "blockTimes": [
    1706179198,
    1706179204,
    1706179207,
    1706179210,
    1706179213,
    1706179216
  ],
  "blockTransactions": [
    1,
    19,
    2,
    26,
    5,
    16
  ],
  "Delays": [
    485,
    6151,
    6140,
    5249,
    5170,
    5153,
    6128,
    4449,
    4436,
    4341,
    3656,
    3358,
    3358,
    3015,
    2563,
    1567,
    2146,
    1146,
    2304,
    464,
    3111,
    3033,
    6632,
    6646,
    6539,
    6103,
    5822,
    5806,
    5463,
    5449,
    5108,
    5027,
    4794,
    4671,
    6687,
    4204,
    4108,
    3923,
    3845,
    3443,
    3396,
    2948,
    2884,
    2526,
    2356,
    1997,
    2011,
    1810,
    3120,
    2808,
    2746,
    2176,
    2125,
    5186,
    4720,
    4861,
    6415,
    4113,
    4067,
    3800,
    3271,
    3224,
    3147,
    2301,
    2083,
    1572,
    1324,
    934,
    902
  ],
  "Throughputs": [
    2.061855670103093,
    3.239915762190183,
    2.468027821404532,
    3.6714089031665904,
    3.5546613011401744,
    3.7610378284094623
  ],
  "AverageDelays": [
    485,
    3563.95,
    3519.2272727272725,
    3992.1041666666665,
    3860.301886792453,
    3717.623188405797
  ]
}