{
  "transactionTimestamps": [
    1706179357625,
    1706179357625,
    1706179357625,
    1706179358392,
    1706179358423,
    1706179358734,
    1706179359059,
    1706179359465,
    1706179359980,
    1706179359574,
    1706179360403,
    1706179360543,
    1706179360713,
    1706179361372,
    1706179361588,
    1706179361619,
    1706179362337,
    1706179362383,
    1706179362554,
    1706179363067,
    1706179363363,
    1706179363659,
    1706179364032,
    1706179364780
  ],
  "blockTimestamps": [
    1706179363204,
    1706179366201,
    1706179369204
  ],
  "blockTimes": [
    1706179363,
    1706179366,
    1706179369
  ],
  "blockTransactions": [
    9,
    10,
    5
  ],
  "Delays": [
    5579,
    5579,
    5579,
    4812,
    4781,
    4470,
    4145,
    3739,
    3224,
    6627,
    5798,
    5658,
    5488,
    4829,
    4613,
    4582,
    3864,
    3818,
    3647,
    6137,
    5841,
    5545,
    5172,
    4424
  ],
  "Throughputs": [
    1.6131923283742606,
    2.2154850746268657,
    2.072717851282494
  ],
  "AverageDelays": [
    4656.444444444444,
    4780.631578947368,
    4914.625
  ]
}