{
  "transactionTimestamps": [
    1706179337615,
    1706179337615,
    1706179338388,
    1706179338744,
    1706179339102,
    1706179339410,
    1706179340078,
    1706179340156,
    1706179341102,
    1706179341179,
    1706179341741,
    1706179341913,
    1706179342690,
    1706179342753,
    1706179343366,
    1706179343857
  ],
  "blockTimestamps": [
    1706179342211,
    1706179345207,
    1706179348199
  ],
  "blockTimes": [
    1706179342,
    1706179345,
    1706179348
  ],
  "blockTransactions": [
    4,
    8,
    4
  ],
  "Delays": [
    4596,
    4596,
    3823,
    3467,
    6105,
    5797,
    5129,
    5051,
    4105,
    4028,
    3466,
    3294,
    5509,
    5446,
    4833,
    4342
  ],
  "Throughputs": [
    0.8703220191470844,
    1.5806111696522656,
    1.5117157974300832
  ],
  "AverageDelays": [
    4120.5,
    4454.75,
    4599.1875
  ]
}