{
  "transactionTimestamps": [
    1706179216454,
    1706179216499,
    1706179217122,
    1706179217558,
    1706179217558,
    1706179217558,
    1706179217622,
    1706179217993,
    1706179218210,
    1706179218272,
    1706179217202,
    1706179218475,
    1706179218523,
    1706179219145,
    1706179219192,
    1706179219208,
    1706179219365,
    1706179219864,
    1706179219988,
    1706179220111,
    1706179220127,
    1706179220920,
    1706179220920,
    1706179220982,
    1706179221045,
    1706179221840,
    1706179221917,
    1706179221964,
    1706179222119,
    1706179222587,
    1706179222587,
    1706179222927,
    1706179223114,
    1706179223613,
    1706179223704,
    1706179223704,
    1706179223872,
    1706179224717,
    1706179225825,
    1706179226478,
    1706179227507,
    1706179228533,
    1706179229592,
    1706179230491,
    1706179231178,
    1706179232006,
    1706179233099,
    1706179233972
  ],
  "blockTimestamps": [
    1706179223013,
    1706179225863,
    1706179228213,
    1706179231201,
    1706179234203,
    1706179237218
  ],
  "blockTimes": [
    1706179222,
    1706179225,
    1706179228,
    1706179231,
    1706179234,
    1706179237
  ],
  "blockTransactions": [
    28,
    3,
    7,
    3,
    3,
    4
  ],
  "Delays": [
    6559,
    6514,
    5891,
    5455,
    5455,
    5455,
    5391,
    5020,
    4803,
    4741,
    5811,
    4538,
    4490,
    3868,
    3821,
    3805,
    3648,
    3149,
    3025,
    2902,
    2886,
    2093,
    2093,
    2031,
    1968,
    1173,
    1096,
    1049,
    3744,
    3276,
    3276,
    5286,
    5099,
    4600,
    4509,
    4509,
    4341,
    3496,
    5376,
    4723,
    3694,
    5670,
    4611,
    3712,
    6040,
    5212,
    4119,
    3246
  ],
  "Throughputs": [
    4.268943436499466,
    3.294717823360612,
    3.2315673101454205,
    2.7802264867430666,
    2.4790129021353318,
    2.3116933153534966
  ],
  "AverageDelays": [
    3883.214285714286,
    3839.548387096774,
    3970.157894736842,
    4016.0731707317073,
    4060.2727272727275,
    4109.770833333333
  ]
}