{
  "transactionTimestamps": [
    1706179577726,
    1706179578722,
    1706179579711,
    1706179580473,
    1706179581441,
    1706179582250,
    1706179583013,
    1706179588596,
    1706179589361,
    1706179590158,
    1706179589710,
    1706179590859,
    1706179591659,
    1706179592343,
    1706179593329
  ],
  "blockTimestamps": [
    1706179582201,
    1706179585199,
    1706179588198,
    1706179594221,
    1706179597208
  ],
  "blockTimes": [
    1706179582,
    1706179585,
    1706179588,
    1706179594,
    1706179597
  ],
  "blockTransactions": [
    2,
    3,
    2,
    5,
    3
  ],
  "Delays": [
    4475,
    3479,
    5488,
    4726,
    3758,
    5948,
    5185,
    5625,
    4860,
    4063,
    4511,
    3362,
    5549,
    4865,
    3879
  ],
  "Throughputs": [
    0.446927374301676,
    0.6690753378830456,
    0.6684491978609626,
    0.7274931797514398,
    0.769941484447182
  ],
  "AverageDelays": [
    3977,
    4385.2,
    4722.714285714285,
    4623.333333333333,
    4651.533333333334
  ]
}