{
  "transactionTimestamps": [
    1706179417645,
    1706179417645,
    1706179417645,
    1706179418500,
    1706179418702,
    1706179418702,
    1706179419357,
    1706179419715,
    1706179419762,
    1706179420321,
    1706179420648,
    1706179420695,
    1706179420958,
    1706179421361,
    1706179421751,
    1706179422001,
    1706179422483,
    1706179422515,
    1706179422905,
    1706179423405,
    1706179423591,
    1706179423872,
    1706179424370,
    1706179424510
  ],
  "blockTimestamps": [
    1706179423209,
    1706179426207,
    1706179429206
  ],
  "blockTimes": [
    1706179423,
    1706179426,
    1706179429
  ],
  "blockTransactions": [
    9,
    10,
    5
  ],
  "Delays": [
    5564,
    5564,
    5564,
    4709,
    4507,
    4507,
    3852,
    3494,
    3447,
    5886,
    5559,
    5512,
    5249,
    4846,
    4456,
    4206,
    3724,
    3692,
    3302,
    5801,
    5615,
    5334,
    4836,
    4696
  ],
  "Throughputs": [
    1.6175413371675054,
    2.2191076851202993,
    2.075944987457832
  ],
  "AverageDelays": [
    4578.666666666667,
    4612.631578947368,
    4746.75
  ]
}