{
  "transactionTimestamps": [
    1706179533247,
    1706179534705,
    1706179537705,
    1706179537706,
    1706179538675,
    1706179538720,
    1706179539388,
    1706179539763,
    1706179540106,
    1706179540747,
    1706179540839,
    1706179541587,
    1706179541820,
    1706179539545,
    1706179540607,
    1706179542443,
    1706179542632,
    1706179543520,
    1706179543692,
    1706179544595,
    1706179546950
  ],
  "blockTimestamps": [
    1706179540204,
    1706179543196,
    1706179546214,
    1706179549206,
    1706179552196
  ],
  "blockTimes": [
    1706179540,
    1706179543,
    1706179546,
    1706179549,
    1706179552
  ],
  "blockTransactions": [
    2,
    6,
    9,
    3,
    1
  ],
  "Delays": [
    6957,
    5499,
    5491,
    5490,
    4521,
    4476,
    3808,
    3433,
    6108,
    5467,
    5375,
    4627,
    4394,
    6669,
    5607,
    3771,
    3582,
    5686,
    5514,
    4611,
    5246
  ],
  "Throughputs": [
    0.28748023573379333,
    0.8041009146647904,
    1.3110202822549548,
    1.2532113540948682,
    1.1082379017362394
  ],
  "AverageDelays": [
    6228,
    4959.375,
    5016.176470588235,
    5054.3,
    5063.428571428572
  ]
}