{"a": 0.5, "b": 0.5, "communities0": [[0, 66, 37, 38, 39, 40, 44, 52], [1, 9], [2, 5, 15, 19, 22, 55], [58, 3, 6], [65, 34, 4, 69, 36, 47, 20, 56, 25, 57], [26, 7], [8, 46], [10, 50, 23, 59, 30, 63], [11, 51, 60], [17, 12], [16, 48, 13, 29], [32, 68, 41, 14, 49, 21, 54], [18, 42], [24, 27], [64, 28], [53, 31], [33, 45, 62], [35, 67], [43, 61]], "q0": 0.45352598296989255, "f0": 0.844446734531416}