{"a": 0.4, "b": 0.6, "communities0": [[0, 45], [32, 1, 4, 5, 7, 8, 41], [48, 2, 15], [3, 12], [6, 55], [9, 17], [10, 27], [11, 43], [13, 51, 29], [38, 14], [16, 20], [49, 18], [58, 19], [42, 44, 21], [25, 22], [59, 23], [24, 30], [26, 28], [31, 39], [56, 33], [34, 36], [50, 35], [37, 46], [40, 52], [53, 47], [57, 54]], "q0": 0.4871810018903592, "f0": 0.7945157629210282}