{"a": 0.5, "b": 0.5, "communities0": [[0, 88, 103], [65, 1, 97, 72, 74, 42, 75, 91, 18, 52, 86, 23, 87, 25, 90, 59, 57], [2, 99], [58, 3], [4, 29], [5, 6], [36, 70, 7, 13, 50], [8, 60], [56, 9, 101, 46], [10, 55], [64, 11], [73, 12, 14, 84], [41, 15], [16, 61], [17, 21, 24, 26, 31, 32, 38, 39, 45, 51, 54, 63, 69, 78, 81, 83, 85, 92, 94, 95, 98], [19, 20], [102, 22], [80, 27], [66, 28], [34, 30], [40, 33], [35, 47], [89, 76, 37], [49, 43, 93], [44, 71], [48, 62], [53, 79], [96, 67], [68, 77], [82, 100]], "q0": 0.43991483048467644, "f0": 0.8359080868863865}