{"a": 0.2, "b": 0.8, "communities0": [[0, 25, 4, 7], [1, 31], [24, 2], [3, 35, 5, 6, 11, 13, 21, 22, 23, 26, 28], [8, 27, 20], [9, 19], [33, 10], [17, 12], [32, 14], [29, 15], [16, 34], [18, 30]], "q0": 0.42828125000000006, "f0": 0.8403472628327103}