{"a": 0.7, "b": 0.3, "communities0": [[0, 128, 132, 20, 22, 28, 36, 38, 56, 60, 61, 62, 65, 70, 71, 76, 81, 86, 90, 93, 120, 122, 124, 126], [1, 41, 47], [48, 49, 2, 87], [21, 42, 3, 101], [32, 97, 4, 40, 9, 79, 80, 17, 18, 19, 84, 118, 88, 57, 123], [5, 37], [34, 6, 104, 11, 15, 111, 16, 82, 54, 92, 125], [96, 33, 7, 105, 43, 45, 119, 89, 26, 30], [8, 113], [35, 10, 106, 12, 44, 112, 116, 53, 23, 91], [52, 13], [64, 66, 14], [24, 94], [25, 110], [69, 59, 46, 114, 121, 27], [29, 77], [74, 100, 31], [107, 39], [50, 131, 108, 103], [72, 51, 83, 95], [75, 55], [58, 102], [130, 63], [67, 127], [73, 68], [117, 78], [129, 85], [98, 109], [99, 115]], "q0": 0.4573852601328224, "f0": 0.9254317709867524}