{"a": 0.7, "b": 0.3, "communities0": [[0, 7], [1, 37, 57], [64, 2, 35, 4, 69, 71, 75, 47, 18, 50, 20, 53, 54, 55, 25, 61, 62, 31], [3, 70], [73, 58, 5, 46], [67, 6], [8, 42], [9, 12, 19, 52, 26], [34, 36, 41, 10, 11, 14, 21], [24, 13], [60, 15], [16, 59, 68], [17, 29], [74, 22], [27, 23], [28, 44], [32, 30], [40, 33, 48, 56], [65, 38, 49], [39, 63], [66, 43], [72, 45], [51, 76]], "q0": 0.44458039107564895, "f0": 0.8889941741778472}