{"a": 0.3, "b": 0.7, "communities0": [[0, 19], [1, 18], [32, 2, 13, 21, 24, 29, 30, 31], [11, 17, 26, 3], [33, 4], [5], [28, 6], [7], [8, 16], [9, 22], [10, 15], [12, 20], [25, 14], [27, 23]], "communities1": [[0, 19], [1, 18], [32, 2, 13, 21, 24, 29, 30, 31], [3, 17, 26, 11], [33, 4], [5, 7], [28, 6], [8, 16], [9, 22], [10, 15], [12, 20], [25, 14], [27, 23]], "communities2": [[0, 19], [1, 18], [32, 2, 13, 24, 30, 31], [11, 17, 26, 3], [33, 4], [5, 7], [28, 6], [8, 16], [9, 22], [10, 15], [12, 20], [25, 14], [29, 21], [27, 23]], "communities3": [[25, 19, 15], [13, 28, 12], [18, 11, 4], [16, 9, 29], [32, 1, 14], [31, 22, 23], [2, 27, 21], [33, 26, 3], [8, 30], [0, 20], [6, 7], [17, 5], [24, 10]], "q0": 0.4298473812001387, "f0": 0.8180067891279539, "q1": 0.44571626777662154, "f1": 0.805333687771622}