{"a": 0.7, "b": 0.3, "communities0": [[0, 38], [1, 90], [2, 82], [3, 39], [27, 4], [40, 5], [59, 6], [83, 7], [8, 25], [9, 111], [10, 94], [26, 11], [12, 95], [81, 13], [104, 14], [23, 15], [16, 100], [17, 93], [18, 66], [19, 119], [20, 110], [50, 21], [112, 22], [24, 114], [28, 52], [89, 29], [91, 30], [77, 31], [32, 68], [73, 33], [34, 63], [35, 53], [99, 36], [80, 37], [41, 60], [42, 51], [57, 43], [44, 70], [108, 45], [109, 46], [58, 47], [48, 117], [49, 78], [97, 54], [56, 55], [74, 61], [72, 62], [64, 71], [65, 92], [96, 67], [105, 69], [75, 84], [76, 87], [88, 79], [106, 85], [118, 86], [98, 107], [101, 102], [116, 103], [113, 115]], "q0": 0.4958333333333333, "f0": 0.8775373642785369}