{"a": 0.6, "b": 0.4, "communities0": [[0, 2, 39, 10, 12, 46, 22, 23, 56, 26, 29], [1, 20], [3, 59], [4, 8, 47, 17, 50, 53], [36, 5, 41, 14, 48, 49, 51, 25, 30], [6, 9, 44, 13, 16, 21, 24], [64, 7], [11, 54], [62, 15], [18, 60, 45, 63], [19, 61], [27, 43], [32, 35, 37, 57, 58, 28, 31], [33, 38], [40, 34], [42, 55], [65, 52]], "q0": 0.4616325433694037, "f0": 0.8941796451887576}