{"a": 0.3, "b": 0.7, "communities0": [[0, 41], [1, 39, 20, 85, 53, 56, 26], [2, 101, 43, 89, 62], [64, 67, 3, 68, 104, 73, 10, 42, 107, 14, 15, 79, 82, 23, 90, 28, 31], [4, 94, 71], [66, 5], [6, 22], [16, 12, 102, 7], [33, 69, 38, 70, 8, 106, 13, 80, 17, 21, 60, 29, 95], [35, 9, 78, 47, 86, 27, 92, 61], [98, 11], [105, 18], [58, 19], [24, 57], [103, 45, 50, 87, 25], [77, 30], [32, 97], [34, 99, 108], [49, 36], [91, 37], [40, 51], [75, 44, 76, 81, 54], [46, 55], [48, 93], [72, 52], [59, 100], [84, 63], [96, 65], [74], [88, 83]], "q0": 0.45187515851397075, "f0": 0.9117953402000128}