{
  "transactionTimestamps": [
    1706010167753,
    1706010167753,
    1706010168837,
    1706010169068,
    1706010169596,
    1706010169910,
    1706010170565,
    1706010170908,
    1706010171206,
    1706010171717,
    1706010172762,
    1706010172061,
    1706010173584
  ],
  "blockTimestamps": [
    1706010169430,
    1706010170437,
    1706010171749,
    1706010172764,
    1706010174114,
    1706010174293,
    1706010178197
  ],
  "blockTimes": [
    1706010169,
    1706010170,
    1706010171,
    1706010172,
    1706010173,
    1706010174,
    1706010176
  ],
  "blockTransactions": [
    2,
    2,
    2,
    3,
    1,
    2,
    1
  ],
  "Delays": [
    1677,
    1677,
    1600,
    1369,
    2153,
    1839,
    2199,
    1856,
    1558,
    2397,
    1531,
    2232,
    4613
  ],
  "Throughputs": [
    1.1926058437686344,
    1.4903129657228018,
    1.5015015015015014,
    1.7960486928756734,
    1.5720798616569722,
    1.8348623853211008,
    1.24473381846036
  ],
  "AverageDelays": [
    1677,
    1580.75,
    1719.1666666666667,
    1769.7777777777778,
    1832.5,
    1840.6666666666667,
    2053.923076923077
  ]
}