{
  "transactionTimestamps": [
    1706010375776,
    1706010375776,
    1706010376568,
    1706010376925,
    1706010377236,
    1706010377720,
    1706010378043,
    1706010378385,
    1706010378926,
    1706010379311,
    1706010379865,
    1706010380189
  ],
  "blockTimestamps": [
    1706010379621,
    1706010379636,
    1706010384265
  ],
  "blockTimes": [
    1706010371,
    1706010378,
    1706010379
  ],
  "blockTransactions": [
    6,
    3,
    3
  ],
  "Delays": [
    3845,
    3845,
    3053,
    2696,
    2385,
    1901,
    1593,
    1251,
    710,
    4954,
    4400,
    4076
  ],
  "Throughputs": [
    1.5604681404421326,
    2.3316062176165806,
    1.4135940629049357
  ],
  "AverageDelays": [
    2954.1666666666665,
    2364.3333333333335,
    2892.4166666666665
  ]
}