{
  "transactionTimestamps": [
    1706010392805,
    1706010393846,
    1706010394575,
    1706010395585,
    1706010396628,
    1706010397514,
    1706010398223,
    1706010399262,
    1706010400044,
    1706010400996,
    1706010401969,
    1706010402649
  ],
  "blockTimestamps": [
    1706010396085,
    1706010403995,
    1706010404829
  ],
  "blockTimes": [
    1706010393,
    1706010395,
    1706010402
  ],
  "blockTransactions": [
    2,
    8,
    2
  ],
  "Delays": [
    3280,
    2239,
    9420,
    8410,
    7367,
    6481,
    5772,
    4733,
    3951,
    2999,
    2860,
    2180
  ],
  "Throughputs": [
    0.6097560975609756,
    0.8936550491510278,
    0.9980039920159681
  ],
  "AverageDelays": [
    2759.5,
    5465.2,
    4974.333333333333
  ]
}