{
  "transactionTimestamps": [
    1706010150031,
    1706010150031,
    1706010151312,
    1706010151497,
    1706010151946,
    1706010152397,
    1706010153036,
    1706010153207,
    1706010154063,
    1706010154249,
    1706010154885,
    1706010155119
  ],
  "blockTimestamps": [
    1706010153839,
    1706010156752
  ],
  "blockTimes": [
    1706010150,
    1706010155
  ],
  "blockTransactions": [
    8,
    4
  ],
  "Delays": [
    3808,
    3808,
    2527,
    2342,
    1893,
    1442,
    803,
    632,
    2689,
    2503,
    1867,
    1633
  ],
  "Throughputs": [
    2.100840336134454,
    1.7854485939592322
  ],
  "AverageDelays": [
    2156.875,
    2162.25
  ]
}