{
  "transactionTimestamps": [
    1706010467110,
    1706010468130,
    1706010467110,
    1706010468971,
    1706010469608,
    1706010469781,
    1706010470478,
    1706010470509,
    1706010468872,
    1706010471127,
    1706010471575,
    1706010471851,
    1706010472499
  ],
  "blockTimestamps": [
    1706010472337,
    1706010474009,
    1706010475723
  ],
  "blockTimes": [
    1706010468,
    1706010471,
    1706010473
  ],
  "blockTransactions": [
    4,
    8,
    1
  ],
  "Delays": [
    5227,
    4207,
    5227,
    3366,
    4401,
    4228,
    3531,
    3500,
    5137,
    2882,
    2434,
    2158,
    3224
  ],
  "Throughputs": [
    0.7652573177731011,
    1.739382519205682,
    1.509346336932544
  ],
  "AverageDelays": [
    4506.75,
    3858.1666666666665,
    3809.3846153846152
  ]
}