{
  "transactionTimestamps": [
    1706010253240,
    1706010253240,
    1706010254136,
    1706010254274,
    1706010254973,
    1706010255205,
    1706010255610,
    1706010256169,
    1706010256368,
    1706010256977,
    1706010257008,
    1706010257959
  ],
  "blockTimestamps": [
    1706010256023,
    1706010256645,
    1706010257248,
    1706010257557,
    1706010260429
  ],
  "blockTimes": [
    1706010252,
    1706010255,
    1706010256,
    1706010257,
    1706010260
  ],
  "blockTransactions": [
    6,
    1,
    2,
    2,
    1
  ],
  "Delays": [
    2783,
    2783,
    1887,
    1749,
    1050,
    818,
    1035,
    1079,
    880,
    580,
    549,
    2470
  ],
  "Throughputs": [
    2.1559468199784404,
    2.0558002936857562,
    2.245508982035928,
    2.5480657864257585,
    1.6692168590902767
  ],
  "AverageDelays": [
    1845,
    1729.2857142857142,
    1562.6666666666667,
    1381.1818181818182,
    1471.9166666666667
  ]
}