{
  "transactionTimestamps": [
    1706010300373,
    1706010300373,
    1706010300373,
    1706010301203,
    1706010301250,
    1706010301452,
    1706010302070,
    1706010302210,
    1706010302288,
    1706010300373,
    1706010300373,
    1706010300373,
    1706010301203,
    1706010301250,
    1706010301452,
    1706010302070,
    1706010302210,
    1706010302288,
    1706010303392,
    1706010303189,
    1706010303873,
    1706010304229,
    1706010302909,
    1706010304764,
    1706010305174,
    1706010305281,
    1706010305809,
    1706010304651
  ],
  "blockTimestamps": [
    1706010304114,
    1706010304197,
    1706010304284,
    1706010305223,
    1706010307023,
    1706010307922
  ],
  "blockTimes": [
    1706010302,
    1706010302,
    1706010303,
    1706010305,
    1706010306,
    1706010307
  ],
  "blockTransactions": [
    9,
    9,
    3,
    2,
    1,
    4
  ],
  "Delays": [
    3741,
    3741,
    3741,
    2911,
    2864,
    2662,
    2044,
    1904,
    1826,
    3824,
    3824,
    3824,
    2994,
    2947,
    2745,
    2127,
    1987,
    1909,
    892,
    1095,
    411,
    994,
    2314,
    2259,
    2748,
    2641,
    2113,
    3271
  ],
  "Throughputs": [
    2.405773857257418,
    4.7071129707112975,
    5.369470723600102,
    4.742268041237113,
    3.6090225563909772,
    3.7091005431182937
  ],
  "AverageDelays": [
    2826,
    2867.5,
    2572.0476190476193,
    2492.217391304348,
    2482.5,
    2512.6071428571427
  ]
}