{
  "transactionTimestamps": [
    1706010363244,
    1706010363244,
    1706010364482,
    1706010365101,
    1706010365287,
    1706010365880,
    1706010366020,
    1706010364574,
    1706010367105,
    1706010366952,
    1706010367879,
    1706010368033,
    1706010369076
  ],
  "blockTimestamps": [
    1706010364221,
    1706010372084
  ],
  "blockTimes": [
    1706010363,
    1706010366
  ],
  "blockTransactions": [
    1,
    12
  ],
  "Delays": [
    977,
    8840,
    7602,
    6983,
    6797,
    6204,
    6064,
    7510,
    4979,
    5132,
    4205,
    4051,
    3008
  ],
  "Throughputs": [
    1.0235414534288638,
    1.4705882352941178
  ],
  "AverageDelays": [
    977,
    5565.538461538462
  ]
}