{
  "transactionTimestamps": [
    1706010202352,
    1706010202352,
    1706010203286,
    1706010203349,
    1706010204217,
    1706010205011,
    1706010206189,
    1706010204264,
    1706010207161,
    1706010207300,
    1706010206307,
    1706010208029,
    1706010209104
  ],
  "blockTimestamps": [
    1706010204996,
    1706010205747,
    1706010205902,
    1706010210529,
    1706010213842
  ],
  "blockTimes": [
    1706010202,
    1706010204,
    1706010205,
    1706010209,
    1706010210
  ],
  "blockTransactions": [
    2,
    3,
    1,
    4,
    3
  ],
  "Delays": [
    2644,
    2644,
    2461,
    2398,
    1530,
    891,
    4340,
    6265,
    3368,
    3229,
    7535,
    5813,
    4738
  ],
  "Throughputs": [
    0.75642965204236,
    1.4727540500736378,
    1.6901408450704227,
    1.2229423994129878,
    1.1314186248912097
  ],
  "AverageDelays": [
    2644,
    2335.4,
    2094.6666666666665,
    2977,
    3681.230769230769
  ]
}