{
  "transactionTimestamps": [
    1706010183918,
    1706010185047,
    1706010183918,
    1706010185953,
    1706010186466,
    1706010186574,
    1706010187163,
    1706010187332,
    1706010185646,
    1706010188203,
    1706010188218,
    1706010188825,
    1706010189866,
    1706010191436
  ],
  "blockTimestamps": [
    1706010186604,
    1706010186677,
    1706010189318,
    1706010192663,
    1706010196702
  ],
  "blockTimes": [
    1706010188,
    1706010189,
    1706010190,
    1706010191,
    1706010193
  ],
  "blockTransactions": [
    3,
    1,
    1,
    8,
    1
  ],
  "Delays": [
    2686,
    1557,
    2686,
    724,
    2852,
    6089,
    5500,
    5331,
    7017,
    4460,
    4445,
    3838,
    2797,
    5266
  ],
  "Throughputs": [
    1.1169024571854058,
    1.4498006524102935,
    0.9259259259259258,
    1.4865637507146943,
    1.095118898623279
  ],
  "AverageDelays": [
    2309.6666666666665,
    1913.25,
    2101,
    3844.769230769231,
    3946.285714285714
  ]
}