{
  "transactionTimestamps": [
    1706010270030,
    1706010270881,
    1706010272015,
    1706010272866,
    1706010271781,
    1706010273720,
    1706010274140,
    1706010274498,
    1706010274761,
    1706010273447,
    1706010275628
  ],
  "blockTimestamps": [
    1706010271740,
    1706010275475,
    1706010278428
  ],
  "blockTimes": [
    1706010268,
    1706010273,
    1706010276
  ],
  "blockTransactions": [
    2,
    7,
    2
  ],
  "Delays": [
    1710,
    859,
    3460,
    2609,
    3694,
    1755,
    1335,
    977,
    714,
    4981,
    2800
  ],
  "Throughputs": [
    1.1695906432748537,
    1.652892561983471,
    1.3098356751607525
  ],
  "AverageDelays": [
    1284.5,
    1901.4444444444443,
    2263.090909090909
  ]
}