{
  "transactionTimestamps": [
    1706010415601,
    1706010416486,
    1706010409385,
    1706010409385,
    1706010410353,
    1706010411143,
    1706010412124,
    1706010410584,
    1706010413063,
    1706010413622,
    1706010414007,
    1706010412626,
    1706010414700
  ],
  "blockTimestamps": [
    1706010417909,
    1706010417911
  ],
  "blockTimes": [
    1706010416,
    1706010407
  ],
  "blockTransactions": [
    2,
    11
  ],
  "Delays": [
    2308,
    1423,
    8526,
    8526,
    7558,
    6768,
    5787,
    7327,
    4848,
    4289,
    3904,
    5285,
    3211
  ],
  "Throughputs": [
    0.8665511265164645,
    5.627705627705628
  ],
  "AverageDelays": [
    1865.5,
    5366.153846153846
  ]
}