{
  "transactionTimestamps": [
    1706010611478,
    1706010612712,
    1706010614674,
    1706010615483,
    1706010616197,
    1706010617972,
    1706010618842,
    1706010619524,
    1706010620579,
    1706010621384
  ],
  "blockTimestamps": [
    1706010614216,
    1706010617385,
    1706010620849,
    1706010622887,
    1706010623205
  ],
  "blockTimes": [
    1706010611,
    1706010613,
    1706010618,
    1706010620,
    1706010622
  ],
  "blockTransactions": [
    1,
    4,
    2,
    2,
    1
  ],
  "Delays": [
    2738,
    4673,
    2711,
    1902,
    1188,
    2877,
    2007,
    3363,
    2308,
    1821
  ],
  "Throughputs": [
    0.36523009495982467,
    0.8464533604198409,
    0.746985380428983,
    0.7888509071785432,
    0.8527330092947898
  ],
  "AverageDelays": [
    2738,
    2642.4,
    2585.1428571428573,
    2640.777777777778,
    2558.8
  ]
}