{
  "transactionTimestamps": [
    1706010346675,
    1706010346675,
    1706010347454,
    1706010347595,
    1706010348074,
    1706010348647,
    1706010349609,
    1706010348848,
    1706010349749,
    1706010350629,
    1706010350815,
    1706010351375
  ],
  "blockTimestamps": [
    1706010348942,
    1706010349461,
    1706010352931
  ],
  "blockTimes": [
    1706010347,
    1706010348,
    1706010349
  ],
  "blockTransactions": [
    3,
    3,
    6
  ],
  "Delays": [
    2267,
    2267,
    1488,
    1866,
    1387,
    814,
    3322,
    4083,
    3182,
    2302,
    2116,
    1556
  ],
  "Throughputs": [
    1.3233348037053374,
    2.1536252692031588,
    1.918158567774936
  ],
  "AverageDelays": [
    2007.3333333333333,
    1681.5,
    2220.8333333333335
  ]
}