{"a": 0.2, "b": 0.8, "communities0": [[0, 85], [1, 18], [2, 5, 103, 73, 12, 109, 112, 48, 92, 93], [3, 87], [4, 68], [37, 6, 7, 107, 81, 119], [8, 15], [64, 35, 102, 40, 9, 41, 46, 79, 17, 50, 83, 116, 21, 22, 23, 54, 57], [10, 31], [25, 11], [65, 44, 13, 84, 122], [120, 14], [16, 115], [19, 91], [104, 113, 20, 94], [24, 67], [26, 86], [27, 75], [114, 99, 28], [89, 29], [108, 30], [32, 111], [33, 45], [72, 34], [43, 36], [60, 38], [42, 39], [121, 47], [49, 51], [59, 52], [117, 53], [63, 55], [56, 95], [58, 61], [82, 62], [66, 98], [96, 69], [76, 70], [118, 71], [74, 78], [80, 77], [88, 90], [97, 100], [101, 110], [105, 106]], "q0": 0.4721780209837939, "f0": 0.9027827834109805}