{"a": 0.2, "b": 0.8, "communities0": [[0, 1, 2, 3, 4, 5, 6, 7, 8, 9, 10, 11, 12, 13, 15, 16, 17, 18, 20, 21, 22, 23, 25, 26, 27, 28, 29, 32, 33, 34, 35, 39, 40, 41, 42, 43, 44, 45, 49, 50, 51, 52, 53, 54, 57, 61, 63, 64, 65, 66, 67, 68, 70, 71, 73, 75, 76, 78, 79, 80, 81, 82, 83, 84, 85, 86, 87, 88, 89, 90, 91, 92, 93, 94, 95, 96, 98, 100, 101, 102, 104, 105, 106, 107, 110, 111, 113, 114, 119, 120, 121, 125, 126, 127, 128, 129, 130, 131, 133, 134, 137, 139, 140, 142, 143, 144, 145, 146, 148, 150, 152, 155, 157, 158, 159, 160, 161, 162, 163, 164, 166, 167, 168, 169, 172, 174, 175, 176, 178, 180, 182, 183, 184, 188, 189, 191, 192, 193, 194, 195, 197, 198, 199, 200, 201, 202, 203, 204, 206, 208, 209, 211, 212, 213, 214, 215, 217, 218, 219, 221, 222, 223, 224, 225, 226, 229, 230, 231, 234, 235, 236, 237, 238, 240, 242, 243, 244, 245, 246, 248, 249, 250, 251, 252, 253, 254, 255, 256, 258, 259, 261, 263, 266, 267, 268, 269, 271, 272, 275, 278, 279, 280, 281, 282, 284, 285, 286, 287, 288, 293, 294, 295, 296, 297, 298, 299], [257, 36, 136, 74, 171, 109, 14, 177, 179, 276, 117, 216, 185, 186], [19, 135], [24, 132, 190, 270], [289, 69, 38, 173, 239, 48, 112, 210, 118, 156, 30], [99, 31, 227], [154, 37, 151], [196, 46], [300, 47], [72, 55], [56, 153], [232, 58, 141], [59, 147], [60, 260], [165, 233, 265, 273, 274, 149, 277, 123, 220, 62], [77, 205], [264, 97], [138, 290, 103], [108, 292], [170, 115], [116, 181], [122, 247], [241, 124], [291, 187], [262, 207], [283, 228]], "q0": 0.4659242670124782, "f0": 0.5232036317385483}