{"a": 0.8, "b": 0.2, "communities0": [[0, 81, 28], [1, 79], [2, 67, 4, 5, 70, 9, 44, 46, 83, 20, 53, 57], [33, 3], [54, 6], [7, 8, 74, 76, 47, 52, 63], [10, 42, 13, 19, 60], [49, 11], [12, 61], [66, 71, 14, 18, 24], [56, 31, 15], [41, 45, 16, 17, 80, 84, 22, 25, 27, 29], [64, 21], [32, 77, 38, 23], [35, 37, 75, 78, 26], [58, 30], [73, 34], [36, 68], [72, 39], [40, 82, 59, 55], [51, 43, 69], [48, 62], [65, 50]], "q0": 0.45889023638337023, "f0": 0.8849326236240559}