{
  "transactionTimestamps": [
    1706079777319,
    1706079778542,
    1706079777318,
    1706079779861,
    1706079781329,
    1706079781669,
    1706079780596,
    1706079782635,
    1706079783057,
    1706079784150,
    1706079784633,
    1706079786167,
    1706079787412
  ],
  "blockTimestamps": [
    1706079781740,
    1706079784740,
    1706079787740,
    1706079790743
  ],
  "blockTimes": [
    1706079781,
    1706079784,
    1706079787,
    1706079790
  ],
  "blockTransactions": [
    2,
    3,
    5,
    3
  ],
  "Delays": [
    4421,
    3198,
    7422,
    4879,
    3411,
    6071,
    7144,
    5105,
    4683,
    3590,
    6110,
    4576,
    3331
  ],
  "Throughputs": [
    0.4523863379325944,
    0.6737636437137852,
    0.9596008060646771,
    0.9684147794994041
  ],
  "AverageDelays": [
    3809.5,
    4666.2,
    4992.4,
    4918.538461538462
  ]
}