{
  "transactionTimestamps": [
    1706079921424,
    1706079924383,
    1706079927400,
    1706079927405,
    1706079928788,
    1706079930002,
    1706079931247,
    1706079930173,
    1706079932488,
    1706079931619,
    1706079933946,
    1706079936109,
    1706079934991,
    1706079937560
  ],
  "blockTimestamps": [
    1706079928748,
    1706079931764,
    1706079934744,
    1706079937741,
    1706079941345
  ],
  "blockTimes": [
    1706079928,
    1706079931,
    1706079934,
    1706079937,
    1706079940
  ],
  "blockTransactions": [
    2,
    2,
    3,
    4,
    3
  ],
  "Delays": [
    7324,
    4365,
    4364,
    4359,
    5956,
    4742,
    3497,
    7568,
    5253,
    6122,
    3795,
    5236,
    6354,
    3785
  ],
  "Throughputs": [
    0.2730748225013654,
    0.3868471953578337,
    0.5255255255255256,
    0.6741435312863884,
    0.7027759650619949
  ],
  "AverageDelays": [
    5844.5,
    5103,
    4943.857142857143,
    5213.181818181818,
    5194.285714285715
  ]
}