{
  "transactionTimestamps": [
    1706079637642,
    1706079642221,
    1706079642222,
    1706079643509,
    1706079643726,
    1706079644701,
    1706079644934,
    1706079646038,
    1706079646272,
    1706079647236,
    1706079647859,
    1706079648513,
    1706079649277,
    1706079650064,
    1706079651561
  ],
  "blockTimestamps": [
    1706079643737,
    1706079646739,
    1706079649750,
    1706079652740,
    1706079655739
  ],
  "blockTimes": [
    1706079643,
    1706079646,
    1706079649,
    1706079652,
    1706079655
  ],
  "blockTransactions": [
    1,
    3,
    5,
    4,
    2
  ],
  "Delays": [
    6095,
    4518,
    4517,
    3230,
    6024,
    5049,
    4816,
    3712,
    3478,
    5504,
    4881,
    4227,
    3463,
    5675,
    4178
  ],
  "Throughputs": [
    0.16406890894175555,
    0.4397053973837529,
    0.7433102081268582,
    0.8610411975096038,
    0.8288666629828148
  ],
  "AverageDelays": [
    6095,
    4590,
    4604.333333333333,
    4578,
    4624.466666666666
  ]
}