{
  "transactionTimestamps": [
    1706079807333,
    1706079807331,
    1706079807333,
    1706079807331,
    1706079808620,
    1706079808651,
    1706079809765,
    1706079809952,
    1706079811335,
    1706079811537,
    1706079812669,
    1706079812864,
    1706079814032,
    1706079814219
  ],
  "blockTimestamps": [
    1706079811739,
    1706079811744,
    1706079814744,
    1706079817740
  ],
  "blockTimes": [
    1706079811,
    1706079811,
    1706079814,
    1706079817
  ],
  "blockTransactions": [
    2,
    2,
    6,
    4
  ],
  "Delays": [
    4406,
    4408,
    4411,
    4413,
    6124,
    6093,
    4979,
    4792,
    3409,
    3207,
    5071,
    4876,
    3708,
    3521
  ],
  "Throughputs": [
    0.45392646391284613,
    0.906823849467241,
    1.3493455673998112,
    1.34524839050639
  ],
  "AverageDelays": [
    4407,
    4409.5,
    4624.2,
    4529.857142857143
  ]
}