{
  "transactionTimestamps": [
    1706079938943,
    1706079940485,
    1706079942406,
    1706079942407,
    1706079943699,
    1706079945211,
    1706079943684,
    1706079946707,
    1706079948279,
    1706079946864,
    1706079948187,
    1706079949863,
    1706079952264
  ],
  "blockTimestamps": [
    1706079943738,
    1706079946741,
    1706079949741,
    1706079952740,
    1706079955744
  ],
  "blockTimes": [
    1706079943,
    1706079946,
    1706079949,
    1706079952,
    1706079955
  ],
  "blockTransactions": [
    2,
    2,
    3,
    4,
    2
  ],
  "Delays": [
    4795,
    3253,
    4335,
    4334,
    6042,
    4530,
    6057,
    6033,
    4461,
    5876,
    4553,
    5881,
    3480
  ],
  "Throughputs": [
    0.4171011470281543,
    0.5129520389843549,
    0.64826819781441,
    0.7972747698775096,
    0.7737634664603298
  ],
  "AverageDelays": [
    4024,
    4179.25,
    4763.714285714285,
    4933.545454545455,
    4894.615384615385
  ]
}