{
  "transactionTimestamps": [
    1706079758811,
    1706079760191,
    1706079761720,
    1706079762300,
    1706079762304,
    1706079763612,
    1706079763907,
    1706079764858,
    1706079765295,
    1706079766276,
    1706079766571,
    1706079767844,
    1706079767861,
    1706079769187,
    1706079769280
  ],
  "blockTimestamps": [
    1706079763749,
    1706079766756,
    1706079769746,
    1706079772742
  ],
  "blockTimes": [
    1706079763,
    1706079766,
    1706079769,
    1706079772
  ],
  "blockTransactions": [
    1,
    4,
    5,
    5
  ],
  "Delays": [
    4938,
    6565,
    5036,
    4456,
    4452,
    6134,
    5839,
    4888,
    4451,
    3470,
    6171,
    4898,
    4881,
    3555,
    3462
  ],
  "Throughputs": [
    0.20251113811259622,
    0.6293266205160478,
    0.9144947416552355,
    1.076735338453808
  ],
  "AverageDelays": [
    4938,
    5089.4,
    5022.9,
    4879.733333333334
  ]
}