{
  "transactionTimestamps": [
    1706079582169,
    1706079582169,
    1706079582169,
    1706079582169,
    1706079583458,
    1706079583504,
    1706079583550,
    1706079583674,
    1706079584804,
    1706079584819,
    1706079584974,
    1706079585130,
    1706079586186,
    1706079586202,
    1706079587760,
    1706079586110,
    1706079586620,
    1706079587744,
    1706079589005,
    1706079590495,
    1706079589299,
    1706079590665,
    1706079589581,
    1706079590881,
    1706079591740,
    1706079592016,
    1706079590449,
    1706079592200,
    1706079592371
  ],
  "blockTimestamps": [
    1706079586743,
    1706079590348,
    1706079592738,
    1706079595740
  ],
  "blockTimes": [
    1706079586,
    1706079589,
    1706079592,
    1706079595
  ],
  "blockTransactions": [
    7,
    7,
    5,
    10
  ],
  "Delays": [
    4574,
    4574,
    4574,
    4574,
    3285,
    3239,
    3193,
    6674,
    5544,
    5529,
    5374,
    5218,
    4162,
    4146,
    4978,
    6628,
    6118,
    4994,
    3733,
    5245,
    6441,
    5075,
    6159,
    4859,
    4000,
    3724,
    5291,
    3540,
    3369
  ],
  "Throughputs": [
    1.530389156099694,
    1.7117006969067123,
    1.7977102847951556,
    2.136909586618525
  ],
  "AverageDelays": [
    4001.8571428571427,
    4618.571428571428,
    4795.315789473684,
    4786.689655172414
  ]
}