{
  "transactionTimestamps": [
    1706079897389,
    1706079897389,
    1706079898867,
    1706079899008,
    1706079900384,
    1706079900586,
    1706079901749,
    1706079903290,
    1706079901843,
    1706079904536,
    1706079906135,
    1706079904691,
    1706079907527
  ],
  "blockTimestamps": [
    1706079901734,
    1706079904745,
    1706079908338,
    1706079910741
  ],
  "blockTimes": [
    1706079901,
    1706079904,
    1706079907,
    1706079910
  ],
  "blockTransactions": [
    2,
    4,
    4,
    3
  ],
  "Delays": [
    4345,
    4345,
    5878,
    5737,
    4361,
    4159,
    6589,
    5048,
    6495,
    3802,
    4606,
    6050,
    3214
  ],
  "Throughputs": [
    0.4602991944764097,
    0.8156606851549756,
    0.9133254178463787,
    0.9736369083283403
  ],
  "AverageDelays": [
    4345,
    4804.166666666667,
    5075.9,
    4971.461538461538
  ]
}