{
  "transactionTimestamps": [
    1706079652775,
    1706079653928,
    1706079655140,
    1706079656443,
    1706079657223,
    1706079657223,
    1706079658484,
    1706079658591,
    1706079659769,
    1706079659831,
    1706079660998,
    1706079661139,
    1706079662324,
    1706079662261,
    1706079663740,
    1706079665950,
    1706079664628
  ],
  "blockTimestamps": [
    1706079658749,
    1706079661745,
    1706079664740,
    1706079667735,
    1706079670737
  ],
  "blockTimes": [
    1706079658,
    1706079661,
    1706079664,
    1706079667,
    1706079670
  ],
  "blockTransactions": [
    3,
    4,
    5,
    3,
    2
  ],
  "Delays": [
    5974,
    4821,
    3609,
    5302,
    4522,
    4522,
    3261,
    6149,
    4971,
    4909,
    3742,
    3601,
    5411,
    5474,
    3995,
    4787,
    6109
  ],
  "Throughputs": [
    0.5021760964178105,
    0.7803790412486065,
    1.0029251984956122,
    1.0026737967914439,
    0.9464424897004788
  ],
  "AverageDelays": [
    4801.333333333333,
    4573,
    4615.25,
    4684.2,
    4774.058823529412
  ]
}