{
  "transactionTimestamps": [
    1706079593206,
    1706079593344,
    1706079593745,
    1706079594539,
    1706079594740,
    1706079595064,
    1706079596151,
    1706079596245,
    1706079596540,
    1706079597177,
    1706079597178,
    1706079597425,
    1706079597921,
    1706079598499,
    1706079597487,
    1706079598607,
    1706079598746,
    1706079599921,
    1706079600092,
    1706079600155,
    1706079599504,
    1706079600994,
    1706079601289,
    1706079601320,
    1706079599957,
    1706079602249,
    1706079602639,
    1706079601227,
    1706079602716,
    1706079601862,
    1706079603087,
    1706079603399,
    1706079603863,
    1706079604871,
    1706079605212,
    1706079605303,
    1706079604285,
    1706079604099,
    1706079606387,
    1706079606466,
    1706079606666
  ],
  "blockTimestamps": [
    1706079598736,
    1706079601743,
    1706079604743,
    1706079607745,
    1706079610741
  ],
  "blockTimes": [
    1706079598,
    1706079601,
    1706079604,
    1706079607,
    1706079610
  ],
  "blockTransactions": [
    6,
    9,
    9,
    9,
    8
  ],
  "Delays": [
    5530,
    5392,
    4991,
    4197,
    3996,
    3672,
    5592,
    5498,
    5203,
    4566,
    4565,
    4318,
    3822,
    3244,
    4256,
    6136,
    5997,
    4822,
    4651,
    4588,
    5239,
    3749,
    3454,
    3423,
    7788,
    5496,
    5106,
    6518,
    5029,
    5883,
    4658,
    4346,
    3882,
    5870,
    5529,
    5438,
    6456,
    6642,
    4354,
    4275,
    4075
  ],
  "Throughputs": [
    1.0849909584086799,
    1.7570575143493028,
    2.0802635000433387,
    2.269757204759612,
    2.338180781294554
  ],
  "AverageDelays": [
    4629.666666666667,
    4589.466666666666,
    4620.875,
    4836.575757575758,
    4932.829268292683
  ]
}