{
  "transactionTimestamps": [
    1706079517905,
    1706079517984,
    1706079518156,
    1706079517815,
    1706079519264,
    1706079517799,
    1706079519559,
    1706079519652,
    1706079520800,
    1706079520893,
    1706079521129,
    1706079521951,
    1706079522143,
    1706079522141,
    1706079520788,
    1706079522188,
    1706079522322,
    1706079522369,
    1706079523285,
    1706079523268,
    1706079523378,
    1706079523858,
    1706079523920,
    1706079524760,
    1706079524821,
    1706079524869,
    1706079523420,
    1706079525445,
    1706079525460,
    1706079525988,
    1706079526234,
    1706079526373,
    1706079526902,
    1706079527551,
    1706079527861,
    1706079527988,
    1706079526682,
    1706079528312,
    1706079526809,
    1706079527196,
    1706079529106,
    1706079529147,
    1706079529354,
    1706079529615,
    1706079530299,
    1706079530299,
    1706079530548,
    1706079529448,
    1706079530888,
    1706079530919,
    1706079531619,
    1706079530306,
    1706079531879,
    1706079532033,
    1706079532124,
    1706079531727,
    1706079532374
  ],
  "blockTimestamps": [
    1706079523778,
    1706079526762,
    1706079529769,
    1706079532772,
    1706079535955
  ],
  "blockTimes": [
    1706079523,
    1706079526,
    1706079529,
    1706079532,
    1706079535
  ],
  "blockTransactions": [
    8,
    13,
    11,
    11,
    14
  ],
  "Delays": [
    5873,
    5794,
    5622,
    5963,
    4514,
    5979,
    4219,
    4126,
    5962,
    5869,
    5633,
    4811,
    4619,
    4621,
    5974,
    4574,
    4440,
    4393,
    3477,
    3494,
    3384,
    5911,
    5849,
    5009,
    4948,
    4900,
    6349,
    4324,
    4309,
    3781,
    3535,
    3396,
    5870,
    5221,
    4911,
    4784,
    6090,
    4460,
    5963,
    5576,
    3666,
    3625,
    3418,
    6340,
    5656,
    5656,
    5407,
    6507,
    5067,
    5036,
    4336,
    5649,
    4076,
    3922,
    3831,
    4228,
    3581
  ],
  "Throughputs": [
    1.3621658436914694,
    2.3710059839674837,
    2.6972353337828725,
    2.892311831573283,
    3.1578947368421053
  ],
  "AverageDelays": [
    5261.25,
    4921,
    4864.125,
    4865.953488372093,
    4886.456140350877
  ]
}