{
  "transactionTimestamps": [
    1706079672230,
    1706079672230,
    1706079673703,
    1706079673440,
    1706079674874,
    1706079676450,
    1706079677074,
    1706079675861,
    1706079677869,
    1706079679478,
    1706079678222
  ],
  "blockTimestamps": [
    1706079676735,
    1706079679742,
    1706079682746,
    1706079685738
  ],
  "blockTimes": [
    1706079676,
    1706079679,
    1706079682,
    1706079685
  ],
  "blockTransactions": [
    2,
    4,
    4,
    1
  ],
  "Delays": [
    4505,
    4505,
    6039,
    6302,
    4868,
    3292,
    5672,
    6885,
    4877,
    3268,
    7516
  ],
  "Throughputs": [
    0.4439511653718091,
    0.7987220447284346,
    0.9509319132750095,
    0.8143322475570033
  ],
  "AverageDelays": [
    4505,
    4918.5,
    5021.3,
    5248.090909090909
  ]
}