{
  "transactionTimestamps": [
    1706079912397,
    1706079912396,
    1706079913579,
    1706079913984,
    1706079914980,
    1706079915397,
    1706079916314,
    1706079917421,
    1706079916503,
    1706079918637,
    1706079920130,
    1706079918996
  ],
  "blockTimestamps": [
    1706079916755,
    1706079919742,
    1706079922742,
    1706079925736
  ],
  "blockTimes": [
    1706079916,
    1706079919,
    1706079922,
    1706079925
  ],
  "blockTransactions": [
    3,
    4,
    3,
    2
  ],
  "Delays": [
    4358,
    4359,
    3176,
    5758,
    4762,
    4345,
    3428,
    5321,
    6239,
    4105,
    5606,
    6740
  ],
  "Throughputs": [
    0.6883891693437357,
    0.9530292716133424,
    0.9666505558240696,
    0.8996176624934402
  ],
  "AverageDelays": [
    3964.3333333333335,
    4312.285714285715,
    4585.1,
    4849.75
  ]
}