{
  "transactionTimestamps": [
    1706079548110,
    1706079547037,
    1706079548737,
    1706079549700,
    1706079550307,
    1706079551105,
    1706079551192,
    1706079550000,
    1706079551811,
    1706079552154,
    1706079552496,
    1706079552155,
    1706079553029,
    1706079553381,
    1706079553397,
    1706079553753,
    1706079554499,
    1706079554547,
    1706079554560,
    1706079554903,
    1706079555682,
    1706079555742,
    1706079555917,
    1706079556150,
    1706079557046,
    1706079557116,
    1706079557510,
    1706079557666,
    1706079558644,
    1706079558707,
    1706079558949,
    1706079558952,
    1706079560146
  ],
  "blockTimestamps": [
    1706079553753,
    1706079556745,
    1706079559749,
    1706079562753,
    1706079565742
  ],
  "blockTimes": [
    1706079553,
    1706079556,
    1706079559,
    1706079562,
    1706079565
  ],
  "blockTransactions": [
    5,
    10,
    9,
    8,
    1
  ],
  "Delays": [
    5643,
    6716,
    5016,
    4053,
    3446,
    5640,
    5553,
    6745,
    4934,
    4591,
    4249,
    4590,
    3716,
    3364,
    3348,
    5996,
    5250,
    5202,
    5189,
    4846,
    4067,
    4007,
    3832,
    3599,
    5707,
    5637,
    5243,
    5087,
    4109,
    4046,
    3804,
    3801,
    5596
  ],
  "Throughputs": [
    0.886053517632465,
    1.7371163867979156,
    2.062032820689063,
    2.185344533224066,
    1.8715970961887476
  ],
  "AverageDelays": [
    4974.8,
    4773.6,
    4733,
    4719.5625,
    4746.121212121212
  ]
}