{
  "transactionTimestamps": [
    1706079867372,
    1706079868609,
    1706079867371,
    1706079870089,
    1706079871569,
    1706079870870,
    1706079872300,
    1706079873043,
    1706079873460,
    1706079874343,
    1706079874761,
    1706079876141,
    1706079877541
  ],
  "blockTimestamps": [
    1706079871744,
    1706079874742,
    1706079877739,
    1706079880739
  ],
  "blockTimes": [
    1706079871,
    1706079874,
    1706079877,
    1706079880
  ],
  "blockTransactions": [
    1,
    4,
    5,
    3
  ],
  "Delays": [
    4372,
    6133,
    7371,
    4653,
    3173,
    6869,
    5439,
    4696,
    4279,
    3396,
    5978,
    4598,
    3198
  ],
  "Throughputs": [
    0.22872827081427266,
    0.6784260515603799,
    0.9645992090286485,
    0.9725443255779157
  ],
  "AverageDelays": [
    4372,
    5140.4,
    5038.1,
    4935
  ]
}