{
  "transactionTimestamps": [
    1706079532807,
    1706079533582,
    1706079533800,
    1706079533939,
    1706079535064,
    1706079535002,
    1706079536741,
    1706079536818,
    1706079535111,
    1706079537147,
    1706079537146,
    1706079538727,
    1706079539428,
    1706079538047,
    1706079538355,
    1706079540205,
    1706079540920,
    1706079541370,
    1706079540186,
    1706079541618,
    1706079542506,
    1706079541465,
    1706079543050,
    1706079543391,
    1706079544016,
    1706079542475,
    1706079544888,
    1706079545385,
    1706079545463,
    1706079546946,
    1706079546120,
    1706079547422
  ],
  "blockTimestamps": [
    1706079538822,
    1706079542626,
    1706079544937,
    1706079547781,
    1706079550780
  ],
  "blockTimes": [
    1706079538,
    1706079541,
    1706079544,
    1706079547,
    1706079550
  ],
  "blockTransactions": [
    6,
    4,
    8,
    7,
    7
  ],
  "Delays": [
    6015,
    5240,
    5022,
    4883,
    3758,
    3820,
    5885,
    5808,
    7515,
    5479,
    7791,
    6210,
    5509,
    6890,
    6582,
    4732,
    4017,
    3567,
    7595,
    6163,
    5275,
    6316,
    4731,
    4390,
    3765,
    8305,
    5892,
    5395,
    5317,
    3834,
    4660,
    3358
  ],
  "Throughputs": [
    0.9975062344139651,
    1.0184336490477643,
    1.4839241549876339,
    1.6695605716575397,
    1.7804484504534581
  ],
  "AverageDelays": [
    4789.666666666667,
    5342.5,
    5484.611111111111,
    5478.32,
    5428.71875
  ]
}