{
  "transactionTimestamps": [
    1706079951110,
    1706079953708,
    1706079955294,
    1706079956450,
    1706079957415,
    1706079958831,
    1706079957662,
    1706079960172,
    1706079962110,
    1706079960700,
    1706079961341,
    1706079963474,
    1706079964815,
    1706079965204,
    1706079963896,
    1706079966072,
    1706079966334
  ],
  "blockTimestamps": [
    1706079958735,
    1706079961739,
    1706079964740,
    1706079967746,
    1706079970745
  ],
  "blockTimes": [
    1706079958,
    1706079961,
    1706079964,
    1706079967,
    1706079970
  ],
  "blockTransactions": [
    3,
    2,
    3,
    4,
    5
  ],
  "Delays": [
    7625,
    5027,
    3441,
    5289,
    4324,
    5909,
    7078,
    4568,
    5636,
    7046,
    6405,
    4272,
    5930,
    5541,
    6849,
    4673,
    4411
  ],
  "Throughputs": [
    0.39344262295081966,
    0.4704111393357795,
    0.586940572267058,
    0.721327242125511,
    0.8658008658008657
  ],
  "AverageDelays": [
    5364.333333333333,
    5141.2,
    5407.625,
    5551.666666666667,
    5530.823529411765
  ]
}