{
  "transactionTimestamps": [
    1706079717267,
    1706079717267,
    1706079718479,
    1706079718755,
    1706079719898,
    1706079719994,
    1706079721236,
    1706079721347,
    1706079722686,
    1706079722749,
    1706079723885,
    1706079724146
  ],
  "blockTimestamps": [
    1706079721738,
    1706079724742,
    1706079727754
  ],
  "blockTimes": [
    1706079721,
    1706079724,
    1706079727
  ],
  "blockTransactions": [
    3,
    5,
    4
  ],
  "Delays": [
    4471,
    4471,
    3259,
    5987,
    4844,
    4748,
    3506,
    3395,
    5068,
    5005,
    3869,
    3608
  ],
  "Throughputs": [
    0.6709908297919929,
    1.0702341137123745,
    1.1442738628778488
  ],
  "AverageDelays": [
    4067,
    4335.125,
    4352.583333333333
  ]
}