{
  "transactionTimestamps": [
    1706079493006,
    1706079493061,
    1706079493091,
    1706079493089,
    1706079494647,
    1706079494835,
    1706079494882,
    1706079496078,
    1706079496375,
    1706079496626,
    1706079497014,
    1706079497589,
    1706079495759,
    1706079497913,
    1706079498318,
    1706079499001,
    1706079498442,
    1706079499190,
    1706079500636,
    1706079499577,
    1706079502243
  ],
  "blockTimestamps": [
    1706079496847,
    1706079499863,
    1706079502801,
    1706079505773
  ],
  "blockTimes": [
    1706079496,
    1706079499,
    1706079502,
    1706079505
  ],
  "blockTransactions": [
    3,
    6,
    7,
    5
  ],
  "Delays": [
    3841,
    3786,
    3756,
    6774,
    5216,
    5028,
    4981,
    3785,
    3488,
    6175,
    5787,
    5212,
    7042,
    4888,
    4483,
    3800,
    7331,
    6583,
    5137,
    6196,
    3530
  ],
  "Throughputs": [
    0.7810466024472793,
    1.3125273443196732,
    1.6334864726901481,
    1.6448656693036736
  ],
  "AverageDelays": [
    3794.3333333333335,
    4517.222222222223,
    4877.625,
    5086.619047619048
  ]
}