{
  "transactionTimestamps": [
    1706079682792,
    1706079681658,
    1706079684159,
    1706079687246,
    1706079687248,
    1706079688564,
    1706079688764,
    1706079690210,
    1706079689715,
    1706079691610,
    1706079693188,
    1706079693577,
    1706079692456,
    1706079694414,
    1706079695050
  ],
  "blockTimestamps": [
    1706079688737,
    1706079691736,
    1706079694737,
    1706079697740,
    1706079700731
  ],
  "blockTimes": [
    1706079688,
    1706079691,
    1706079694,
    1706079697,
    1706079700
  ],
  "blockTransactions": [
    3,
    4,
    2,
    5,
    1
  ],
  "Delays": [
    5945,
    7079,
    4578,
    4490,
    4488,
    3172,
    2972,
    4527,
    5022,
    6130,
    4552,
    4163,
    5284,
    3326,
    5681
  ],
  "Throughputs": [
    0.5046257359125316,
    0.7826475849731663,
    0.7534533277521975,
    0.9365801445009365,
    0.8361670104242154
  ],
  "AverageDelays": [
    5867.333333333333,
    4674.857142857143,
    4697,
    4694.857142857143,
    4760.6
  ]
}