{
  "transactionTimestamps": [
    1706079732278,
    1706079733859,
    1706079735278,
    1706079736522,
    1706079738092,
    1706079739553,
    1706079740771,
    1706079742142
  ],
  "blockTimestamps": [
    1706079736737,
    1706079739742,
    1706079742736,
    1706079745734
  ],
  "blockTimes": [
    1706079736,
    1706079739,
    1706079742,
    1706079745
  ],
  "blockTransactions": [
    1,
    3,
    2,
    2
  ],
  "Delays": [
    4459,
    5883,
    4464,
    3220,
    4644,
    3183,
    4963,
    3592
  ],
  "Throughputs": [
    0.2242655303879794,
    0.5359056806002144,
    0.5737234652897304,
    0.5945303210463734
  ],
  "AverageDelays": [
    4459,
    4506.5,
    4308.833333333333,
    4301
  ]
}