{
  "transactionTimestamps": [
    1706079562638,
    1706079567162,
    1706079567161,
    1706079568431,
    1706079568757,
    1706079569805,
    1706079570306,
    1706079571186,
    1706079571885,
    1706079572615,
    1706079573491,
    1706079574109,
    1706079574970
  ],
  "blockTimestamps": [
    1706079569337,
    1706079571741,
    1706079574749,
    1706079577748,
    1706079580742
  ],
  "blockTimes": [
    1706079568,
    1706079571,
    1706079574,
    1706079577,
    1706079580
  ],
  "blockTransactions": [
    1,
    3,
    4,
    4,
    1
  ],
  "Delays": [
    6699,
    4579,
    4580,
    3310,
    5992,
    4944,
    4443,
    3563,
    5863,
    5133,
    4257,
    3639,
    5772
  ],
  "Throughputs": [
    0.14927601134497687,
    0.43941557728221464,
    0.6605565188671455,
    0.7941760423560557,
    0.7180733539549271
  ],
  "AverageDelays": [
    6699,
    4792,
    4763.75,
    4750.166666666667,
    4828.7692307692305
  ]
}