{
  "transactionTimestamps": [
    1706079696468,
    1706079699600,
    1706079702250,
    1706079702250,
    1706079703604,
    1706079704835,
    1706079703713,
    1706079706379,
    1706079707924,
    1706079708265,
    1706079707003,
    1706079709432,
    1706079709571,
    1706079710780,
    1706079712106
  ],
  "blockTimestamps": [
    1706079703740,
    1706079706738,
    1706079709736,
    1706079712743,
    1706079715738
  ],
  "blockTimes": [
    1706079703,
    1706079706,
    1706079709,
    1706079712,
    1706079715
  ],
  "blockTransactions": [
    1,
    3,
    4,
    5,
    2
  ],
  "Delays": [
    7272,
    7138,
    4488,
    4488,
    6132,
    4901,
    6023,
    3357,
    4819,
    4478,
    5740,
    3311,
    3172,
    4958,
    3632
  ],
  "Throughputs": [
    0.13751375137513752,
    0.3894839337877313,
    0.6029544769369912,
    0.7987711213517665,
    0.7784120394395434
  ],
  "AverageDelays": [
    7272,
    5846.5,
    5474.875,
    5024.538461538462,
    4927.266666666666
  ]
}