{
  "transactionTimestamps": [
    1706079743498,
    1706079744981,
    1706079746287,
    1706079747284,
    1706079747813,
    1706079748652,
    1706079749770,
    1706079751247,
    1706079752491,
    1706079753648,
    1706079754892,
    1706079756243,
    1706079757425
  ],
  "blockTimestamps": [
    1706079748738,
    1706079751760,
    1706079754742,
    1706079757750,
    1706079760743
  ],
  "blockTimes": [
    1706079748,
    1706079751,
    1706079754,
    1706079757,
    1706079760
  ],
  "blockTransactions": [
    2,
    3,
    3,
    2,
    3
  ],
  "Delays": [
    5240,
    3757,
    5473,
    4476,
    3947,
    6090,
    4972,
    3495,
    5259,
    4102,
    5851,
    4500,
    3318
  ],
  "Throughputs": [
    0.38167938931297707,
    0.6051803437424352,
    0.7114905727499111,
    0.7016559079427448,
    0.7538416932444186
  ],
  "AverageDelays": [
    4498.5,
    4578.6,
    4681.25,
    4681.1,
    4652.307692307692
  ]
}