{
  "transactionTimestamps": [
    1706079792330,
    1706079792329,
    1706079793729,
    1706079793884,
    1706079795128,
    1706079795160,
    1706079796552,
    1706079797982,
    1706079799193,
    1706079797735,
    1706079799503,
    1706079800390,
    1706079801811
  ],
  "blockTimestamps": [
    1706079796742,
    1706079799737,
    1706079802737,
    1706079805748
  ],
  "blockTimes": [
    1706079796,
    1706079799,
    1706079802,
    1706079805
  ],
  "blockTransactions": [
    2,
    5,
    4,
    2
  ],
  "Delays": [
    4412,
    4413,
    6008,
    5853,
    4609,
    4577,
    3185,
    4755,
    3544,
    5002,
    3234,
    5358,
    3937
  ],
  "Throughputs": [
    0.45330915684496825,
    0.9450519778587823,
    1.0569808782550207,
    0.9688478163660754
  ],
  "AverageDelays": [
    4412.5,
    4722.428571428572,
    4508.363636363636,
    4529.7692307692305
  ]
}