{
  "transactionTimestamps": [
    1706079502585,
    1706079501246,
    1706079503206,
    1706079501816,
    1706079503673,
    1706079504001,
    1706079502648,
    1706079504093,
    1706079504452,
    1706079504904,
    1706079505213,
    1706079505464,
    1706079505699,
    1706079506571,
    1706079506944,
    1706079506990,
    1706079507129,
    1706079506788,
    1706079508231,
    1706079508526,
    1706079508619,
    1706079507130,
    1706079508075,
    1706079509737,
    1706079509736,
    1706079511260,
    1706079511353,
    1706079511215,
    1706079509785,
    1706079511411,
    1706079510107,
    1706079510359,
    1706079512591,
    1706079512652,
    1706079511232,
    1706079513117,
    1706079513178,
    1706079513319,
    1706079514332,
    1706079514332,
    1706079514380,
    1706079514690,
    1706079513275,
    1706079515125,
    1706079516193,
    1706079516193,
    1706079516099,
    1706079514674,
    1706079516490
  ],
  "blockTimestamps": [
    1706079508760,
    1706079512012,
    1706079515011,
    1706079517974,
    1706079520755
  ],
  "blockTimes": [
    1706079508,
    1706079511,
    1706079514,
    1706079517,
    1706079520
  ],
  "blockTransactions": [
    12,
    8,
    8,
    13,
    8
  ],
  "Delays": [
    6175,
    7514,
    5554,
    6944,
    5087,
    4759,
    6112,
    4667,
    4308,
    3856,
    3547,
    3296,
    6313,
    5441,
    5068,
    5022,
    4883,
    5224,
    3781,
    3486,
    6392,
    7881,
    6936,
    5274,
    5275,
    3751,
    3658,
    3796,
    8189,
    6563,
    7867,
    7615,
    5383,
    5322,
    6742,
    4857,
    4796,
    4655,
    3642,
    3642,
    3594,
    6065,
    7480,
    5630,
    4562,
    4562,
    4656,
    6081,
    4265
  ],
  "Throughputs": [
    1.9433198380566803,
    2.1215657154980376,
    2.253339771446966,
    2.6642406914029504,
    2.6967528893780957
  ],
  "AverageDelays": [
    5151.583333333333,
    5051.85,
    5142.857142857143,
    5289.4390243902435,
    5309.551020408163
  ]
}