{
  "transactionTimestamps": [
    1706079848445,
    1706079847002,
    1706079849859,
    1706079852364,
    1706079852365,
    1706079853658,
    1706079854836,
    1706079853903,
    1706079856376,
    1706079856517,
    1706079857877,
    1706079857954,
    1706079859116,
    1706079859176,
    1706079860433,
    1706079861895
  ],
  "blockTimestamps": [
    1706079853742,
    1706079856740,
    1706079859749,
    1706079862752,
    1706079865737
  ],
  "blockTimes": [
    1706079853,
    1706079856,
    1706079859,
    1706079862,
    1706079865
  ],
  "blockTransactions": [
    3,
    2,
    4,
    5,
    2
  ],
  "Delays": [
    5297,
    6740,
    3883,
    4376,
    4375,
    6091,
    4913,
    5846,
    3373,
    6235,
    4875,
    4798,
    3636,
    3576,
    5304,
    3842
  ],
  "Throughputs": [
    0.5663583160279404,
    0.6027727546714888,
    0.7961783439490445,
    0.978541972461033,
    0.9252833680314595
  ],
  "AverageDelays": [
    5306.666666666667,
    4934.2,
    4988.222222222223,
    4858.142857142857,
    4822.5
  ]
}