{
  "transactionTimestamps": [
    1706079882376,
    1706079882377,
    1706079883665,
    1706079883851,
    1706079885247,
    1706079885437,
    1706079886751,
    1706079886392,
    1706079888347,
    1706079889779,
    1706079890789,
    1706079889736,
    1706079892172
  ],
  "blockTimestamps": [
    1706079886739,
    1706079889751,
    1706079892741,
    1706079895738
  ],
  "blockTimes": [
    1706079886,
    1706079889,
    1706079892,
    1706079895
  ],
  "blockTransactions": [
    2,
    4,
    3,
    4
  ],
  "Delays": [
    4363,
    4362,
    6086,
    5900,
    4504,
    4314,
    5990,
    6349,
    4394,
    5959,
    4949,
    6002,
    3566
  ],
  "Throughputs": [
    0.4584001833600733,
    0.8135593220338984,
    0.8683068017366136,
    0.972908247268373
  ],
  "AverageDelays": [
    4362.5,
    4921.5,
    5140.222222222223,
    5133.692307692308
  ]
}