{
  "transactionTimestamps": [
    1706079837357,
    1706079837358,
    1706079838989,
    1706079840217,
    1706079838818,
    1706079841710,
    1706079842911,
    1706079843218,
    1706079841761,
    1706079844745,
    1706079844433
  ],
  "blockTimestamps": [
    1706079841737,
    1706079844747,
    1706079847741,
    1706079850737
  ],
  "blockTimes": [
    1706079841,
    1706079844,
    1706079847,
    1706079850
  ],
  "blockTransactions": [
    2,
    3,
    4,
    2
  ],
  "Delays": [
    4380,
    4379,
    5758,
    4530,
    5929,
    6031,
    4830,
    4523,
    5980,
    5992,
    6304
  ],
  "Throughputs": [
    0.4566210045662101,
    0.6765899864682003,
    0.8667180277349769,
    0.8221225710014948
  ],
  "AverageDelays": [
    4379.5,
    4995.2,
    5148.888888888889,
    5330.545454545455
  ]
}