{
  "transactionTimestamps": [
    1706079623104,
    1706079623551,
    1706079624463,
    1706079624961,
    1706079625955,
    1706079626483,
    1706079627203,
    1706079627207,
    1706079627845,
    1706079628404,
    1706079628840,
    1706079629028,
    1706079627458,
    1706079629745,
    1706079630149,
    1706079630164,
    1706079631065,
    1706079631345,
    1706079631688,
    1706079632415,
    1706079630708,
    1706079632895,
    1706079633157,
    1706079633764,
    1706079634465
  ],
  "blockTimestamps": [
    1706079628738,
    1706079631739,
    1706079634737,
    1706079637735,
    1706079640750
  ],
  "blockTimes": [
    1706079628,
    1706079631,
    1706079634,
    1706079637,
    1706079640
  ],
  "blockTransactions": [
    4,
    6,
    8,
    6,
    1
  ],
  "Delays": [
    5634,
    5187,
    4275,
    3777,
    5784,
    5256,
    4536,
    4532,
    3894,
    3335,
    5897,
    5709,
    7279,
    4992,
    4588,
    4573,
    3672,
    3392,
    6047,
    5320,
    7027,
    4840,
    4578,
    3971,
    6285
  ],
  "Throughputs": [
    0.7099751508697195,
    1.1580775911986103,
    1.5473222728444942,
    1.6403526758253024,
    1.4167516717669726
  ],
  "AverageDelays": [
    4718.25,
    4621,
    4795.111111111111,
    4920.625,
    4975.2
  ]
}