{"a": 0.6, "b": 0.4, "communities0": [[0, 9, 16], [1, 6, 15], [2, 3], [11, 4], [17, 5], [10, 7], [8, 13], [12, 14]], "q0": 0.4600000000000001, "f0": 0.7114431914989197}