{"a": 0.6, "b": 0.4, "communities0": [[0, 1, 11, 14], [2, 5, 13], [3, 4, 6, 10, 15, 16], [8, 9, 12, 7]], "q0": 0.38057703747769184, "f0": 0.6760356555751756}