{"a": 0.3, "b": 0.7, "communities0": [[0, 32, 3, 35, 36, 8, 10, 42, 43, 13, 48, 49, 52, 55, 24, 58, 63], [1, 34, 67, 7, 21, 53, 23], [2, 6, 40, 11, 15, 50, 20, 56, 26, 28, 29, 30], [51, 4], [5, 14], [64, 66, 39, 9, 41, 45, 18, 57, 61, 31], [12, 47], [16, 17, 44], [19, 60], [46, 22], [25, 59], [33, 27, 37], [38, 54], [65, 62]], "communities1": [[0, 32, 35, 3, 36, 8, 10, 43, 13, 48, 49, 52, 24, 58, 63], [1, 34, 67, 7, 42, 23, 21, 53, 55], [2, 6, 40, 11, 15, 50, 20, 56, 26, 28, 29, 30], [51, 4], [5, 14], [64, 66, 39, 9, 41, 45, 18, 57, 61, 31], [12, 47], [16, 17, 44], [19, 60], [46, 22], [25, 59], [33, 27, 37], [38, 54], [65, 62]], "communities2": [[0, 1, 3, 7, 8, 10, 13, 21, 23, 24, 32, 34, 35, 36, 42, 43, 48, 49, 52, 53, 55, 58, 63, 67], [2, 6, 40, 15, 50, 56, 26, 28, 29, 30], [51, 4], [5, 14], [64, 66, 39, 9, 45, 18, 57, 31], [11, 20], [12, 47], [16, 17, 44], [19, 60], [46, 22], [25, 59], [33, 27, 37], [54, 38], [41, 61], [65, 62]], "communities3": [[66, 35, 5, 6, 9], [1, 43, 45, 18, 53], [40, 19, 24, 59, 63], [33, 39, 48, 51, 21], [34, 22, 57, 58, 25], [65, 2, 4, 16, 17], [37, 8, 50, 30, 62], [64, 10, 13, 15, 61], [0, 36, 14, 60, 29], [20, 52, 54, 55, 27], [67, 44, 47, 23, 26], [3, 7, 41, 49, 28], [46, 56, 12, 38], [32, 42, 11, 31]], "q0": 0.4503677984737553, "f0": 0.6534787878703997, "q1": 0.4555251351542785, "f1": 0.6168465414398427}