{"a": 0.3, "b": 0.7, "communities0": [[0, 46], [1, 9, 10, 17, 18, 20], [2, 45], [3, 52], [48, 49, 4, 12], [43, 5], [32, 37, 38, 6, 39, 41, 14, 26, 27], [30, 7], [8, 50, 47], [11, 19], [33, 34, 36, 44, 13, 15, 16, 21, 29, 31], [51, 22, 23], [24, 25, 42, 35], [40, 28]], "communities1": [[0, 46], [1, 4, 9, 10, 12, 48, 17, 18, 49, 20], [2, 45], [3, 52], [43, 5], [32, 37, 38, 6, 39, 41, 14, 26, 27], [30, 7], [8, 50, 47], [11, 19], [33, 34, 36, 44, 13, 15, 16, 21, 29, 31], [51, 22, 23], [24, 25, 42, 35], [40, 28]], "communities2": [[0, 46], [1, 4, 9, 10, 12, 48, 17, 18, 49, 20], [2, 45], [3, 52], [43, 5], [32, 37, 38, 6, 41], [30, 7], [8, 50, 47], [19, 11], [34, 13], [14, 39], [29, 15], [16, 44], [33, 36, 21, 31], [51, 22, 23], [24, 25, 42, 35], [26, 27], [40, 28]], "communities3": [[32, 37, 38, 8, 11], [46, 25, 48, 14], [10, 51, 5, 39], [40, 49, 24, 31], [50, 19, 52, 13], [33, 28, 22, 7], [0, 41, 18, 2], [26, 29, 4, 21], [16, 27, 20, 15], [9, 35, 45, 6], [17, 42, 44, 36], [1, 3, 12, 47], [34, 43, 30, 23]], "q0": 0.44105691056910573, "f0": 0.8442814222716627, "q1": 0.4418005155661313, "f1": 0.8418801173630145}