{"a": 0.6, "b": 0.4, "communities0": [[0, 96], [159, 1, 33, 130, 68, 8, 44, 45, 112, 51, 117, 54, 149, 154, 155, 30, 95], [2, 163], [3, 136, 73, 14, 113, 53, 119, 92, 93, 158], [4, 150], [64, 34, 5, 10, 75, 42, 140, 144], [120, 52, 6], [56, 7], [9, 19], [11, 67], [99, 41, 12, 21, 118], [13, 86], [66, 15], [16, 49], [17, 111], [18, 28], [20, 101], [22, 79], [26, 23], [24, 47], [152, 25], [27, 133], [91, 29], [59, 31], [32, 128], [161, 35], [36, 134], [37, 110], [148, 38], [160, 39], [40, 62], [43, 151], [46, 55], [48, 60], [50, 132], [72, 57], [58, 146], [61, 127], [94, 63], [65, 135], [137, 69], [123, 70], [83, 71], [74, 108], [76, 109], [81, 77], [80, 78], [82, 126], [84, 102], [131, 85], [156, 87], [88, 121], [89, 141], [90, 125], [97, 142], [98, 115], [104, 100], [164, 103], [105, 139], [106, 107], [114, 147], [122, 116], [138, 124], [129, 143], [145, 157], [153, 162]], "q0": 0.48689897474439636, "f0": 0.8984539209297442}