{"a": 0.3, "b": 0.7, "communities0": [[0, 74, 80, 28], [1, 11, 16, 18, 22, 25, 26, 27, 35, 37, 45, 51, 52, 56, 57, 58, 60, 62, 66, 68, 70, 73, 75, 76, 78, 82, 84, 86, 87, 88, 90, 91, 93, 96], [2, 71, 79, 83, 53, 95], [3, 7, 72, 77, 14, 30], [4, 36, 81, 85, 54], [5, 29], [8, 6], [9, 13, 69], [10, 44, 46, 47, 17, 24, 61, 31], [65, 12], [20, 15], [19, 23], [33, 67, 38, 39, 21, 55, 89, 92], [32, 41, 40, 48], [64, 34], [42, 94], [50, 43], [49, 59], [63]], "communities1": [[0, 74, 80, 28], [1, 16, 18, 22, 25, 26, 27, 35, 37, 45, 51, 52, 56, 57, 58, 60, 62, 66, 68, 70, 73, 75, 76, 78, 82, 84, 86, 87, 88, 90, 91, 93, 96], [2, 71, 79, 83, 53, 95], [3, 7, 72, 77, 14, 30], [4, 36, 81, 85, 54], [5, 29], [8, 6], [9, 13, 69], [10, 44, 46, 47, 17, 24, 61, 31], [64, 34, 11], [65, 12], [20, 15], [19, 23], [33, 67, 38, 39, 21, 55, 89, 92], [32, 41, 40, 48], [42, 94], [50, 43], [49, 59], [63]], "communities2": [[0, 74, 80], [1, 11, 16, 22, 25, 26, 27, 28, 35, 37, 44, 45, 46, 51, 52, 56, 57, 58, 60, 62, 66, 70, 73, 75, 76, 78, 82, 84, 86, 87, 88, 90, 91, 93, 96], [2, 71, 79, 83, 53, 95], [3, 7], [4, 85], [29, 5], [8, 6], [9, 69, 13], [10, 47, 17, 24, 61, 31], [65, 12], [77, 14], [20, 15], [18, 68], [19, 23], [33, 67, 38, 39, 21, 55, 89, 92], [72, 30], [32, 41, 40, 48], [64, 34], [81, 36, 54], [42, 94], [50, 43], [49, 59], [63]], "communities3": [[43, 50, 51, 19, 53, 28], [35, 7, 10, 80, 81, 94], [41, 47, 55, 91, 62], [33, 73, 74, 78, 82], [49, 83, 63, 95, 31], [96, 68, 71, 40, 26], [2, 69, 13, 14, 89], [67, 37, 84, 87, 92], [12, 76, 77, 46, 90], [64, 70, 79, 16, 15], [4, 42, 29, 22, 93], [0, 66, 20, 60, 30], [3, 36, 39, 86, 56], [38, 48, 52, 57, 59], [65, 34, 5, 75, 88], [32, 9, 11, 45, 54], [44, 17, 21, 25, 27], [1, 6, 85, 23, 61], [8, 72, 18, 24, 58]], "q0": 0.42484683571081916, "f0": 0.9158640448340367, "q1": 0.42731073788477736, "f1": 0.9137017659560052}