{
  "transactionTimestamps": [
    1706180882317,
    1706180882926,
    1706180882536,
    1706180883112,
    1706180883285,
    1706180883316,
    1706180883474,
    1706180884550,
    1706180885098,
    1706180885129,
    1706180885939,
    1706180887734,
    1706180888329,
    1706180888938,
    1706180889452,
    1706180889452,
    1706180889421,
    1706180889608,
    1706180890014,
    1706180890138,
    1706180889967,
    1706180890138,
    1706180891042,
    1706180890730,
    1706180891605,
    1706180891948,
    1706180893661,
    1706180894331,
    1706180894950,
    1706180895231,
    1706180895448,
    1706180895760,
    1706180895869,
    1706180896164,
    1706180896259,
    1706180896775,
    1706180897057,
    1706180896510,
    1706180896944,
    1706180897306,
    1706180897930,
    1706180897852,
    1706180899803,
    1706180900911,
    1706180900691,
    1706180900519,
    1706180901554,
    1706180901897,
    1706180901727,
    1706180902660,
    1706180902349,
    1706180902956,
    1706180903313
  ],
  "blockTimestamps": [
    1706180890182,
    1706180893179,
    1706180896220,
    1706180899217,
    1706180902213,
    1706180905214,
    1706180908213
  ],
  "blockTimes": [
    1706180890,
    1706180893,
    1706180896,
    1706180899,
    1706180902,
    1706180905,
    1706180908
  ],
  "blockTransactions": [
    10,
    3,
    12,
    3,
    11,
    5,
    9
  ],
  "Delays": [
    7865,
    7256,
    7646,
    7070,
    6897,
    6866,
    6708,
    5632,
    5084,
    5053,
    7240,
    5445,
    4850,
    7282,
    6768,
    6768,
    6799,
    6612,
    6206,
    6082,
    6253,
    6082,
    5178,
    5490,
    4615,
    7269,
    5556,
    4886,
    7263,
    6982,
    6765,
    6453,
    6344,
    6049,
    5954,
    5438,
    5156,
    5703,
    5269,
    7908,
    7284,
    7362,
    5411,
    4303,
    7522,
    7694,
    6659,
    6316,
    6486,
    5553,
    5864,
    5257,
    4900
  ],
  "Throughputs": [
    1.2714558169103622,
    1.1968329957650525,
    1.7981730561749263,
    1.656804733727811,
    1.9601930036188178,
    1.9216491243394331,
    2.0466481309854805
  ],
  "AverageDelays": [
    6607.7,
    6431.692307692308,
    6309.88,
    6266.357142857143,
    6226.51282051282,
    6252.318181818182,
    6251.943396226415
  ]
}