{
  "transactionTimestamps": [
    1706180702796,
    1706180703504,
    1706180703551,
    1706180703456,
    1706180704288,
    1706180705547,
    1706180706511,
    1706180707197,
    1706180708144,
    1706180708536,
    1706180709322,
    1706180710062,
    1706180710060,
    1706180710076,
    1706180709408,
    1706180709827,
    1706180710060,
    1706180710901,
    1706180712289,
    1706180713490,
    1706180712881,
    1706180714769,
    1706180714489,
    1706180715315,
    1706180715504,
    1706180715457,
    1706180715847,
    1706180716189,
    1706180715878,
    1706180716396,
    1706180716501,
    1706180716639,
    1706180716764,
    1706180717823,
    1706180717590,
    1706180718989,
    1706180718740,
    1706180719972,
    1706180720502,
    1706180721312,
    1706180721171,
    1706180721764,
    1706180722076,
    1706180721794,
    1706180722046,
    1706180722497,
    1706180722871,
    1706180722341,
    1706180722605,
    1706180723276
  ],
  "blockTimestamps": [
    1706180710183,
    1706180713190,
    1706180716187,
    1706180719192,
    1706180722188,
    1706180725798,
    1706180728187
  ],
  "blockTimes": [
    1706180710,
    1706180713,
    1706180716,
    1706180719,
    1706180722,
    1706180725,
    1706180728
  ],
  "blockTransactions": [
    5,
    5,
    8,
    4,
    12,
    5,
    11
  ],
  "Delays": [
    7387,
    6679,
    6632,
    6727,
    5895,
    7643,
    6679,
    5993,
    5046,
    4654,
    6865,
    6125,
    6127,
    6111,
    6779,
    6360,
    6127,
    5286,
    6903,
    5702,
    6311,
    4423,
    7699,
    6873,
    6684,
    6731,
    6341,
    5999,
    6310,
    5792,
    5687,
    5549,
    5424,
    4365,
    8208,
    6809,
    7058,
    5826,
    5296,
    6875,
    7016,
    6423,
    6111,
    6393,
    6141,
    5690,
    5316,
    5846,
    5582,
    4911
  ],
  "Throughputs": [
    0.6768647624204684,
    0.9620935154897056,
    1.3441863938466134,
    1.341790680653818,
    1.7533003300330035,
    1.6955047387183724,
    1.969201685636643
  ],
  "AverageDelays": [
    6664,
    6333.5,
    6284.166666666667,
    6202.454545454545,
    6173.764705882353,
    6233.461538461538,
    6188.18
  ]
}