{
  "transactionTimestamps": [
    1706181023460,
    1706181024134,
    1706181025938,
    1706181026483,
    1706181026436,
    1706181027467,
    1706181027297,
    1706181027530,
    1706181028215,
    1706181028588,
    1706181028496,
    1706181029277,
    1706181029462,
    1706181029243,
    1706181029431,
    1706181029834,
    1706181030176,
    1706181030161,
    1706181030176,
    1706181031999,
    1706181032686,
    1706181033280,
    1706181032781,
    1706181033827,
    1706181033591,
    1706181033997,
    1706181034497,
    1706181034370,
    1706181035164,
    1706181035493,
    1706181035508,
    1706181036461,
    1706181036431,
    1706181036557,
    1706181036400,
    1706181037180,
    1706181037307,
    1706181037901,
    1706181038859,
    1706181039779,
    1706181039951,
    1706181040401,
    1706181040573,
    1706181041455,
    1706181041721,
    1706181042487,
    1706181041846,
    1706181042189,
    1706181043076,
    1706181042409,
    1706181043015,
    1706181044046,
    1706181043762,
    1706181044702
  ],
  "blockTimestamps": [
    1706181031217,
    1706181034239,
    1706181037215,
    1706181040219,
    1706181043223,
    1706181046218,
    1706181049225
  ],
  "blockTimes": [
    1706181031,
    1706181034,
    1706181037,
    1706181040,
    1706181043,
    1706181046,
    1706181049
  ],
  "blockTransactions": [
    3,
    12,
    5,
    9,
    9,
    6,
    10
  ],
  "Delays": [
    7757,
    7083,
    5279,
    7756,
    7803,
    6772,
    6942,
    6709,
    6024,
    5651,
    5743,
    4962,
    4777,
    4996,
    4808,
    7381,
    7039,
    7054,
    7039,
    5216,
    7533,
    6939,
    7438,
    6392,
    6628,
    6222,
    5722,
    5849,
    5055,
    7730,
    7715,
    6762,
    6792,
    6666,
    6823,
    6043,
    5916,
    5322,
    7359,
    6439,
    6267,
    5817,
    5645,
    4763,
    7504,
    6738,
    7379,
    7036,
    6149,
    6816,
    6210,
    5179,
    5463,
    4523
  ],
  "Throughputs": [
    0.3867474539125951,
    1.3915947676036737,
    1.4540167211922936,
    1.7304135091592576,
    1.9227850022769821,
    1.9333860620441163,
    2.0958664855424023
  ],
  "AverageDelays": [
    6706.333333333333,
    6204.133333333333,
    6339.55,
    6364.448275862069,
    6429.9473684210525,
    6377.909090909091,
    6363.425925925926
  ]
}