{
  "transactionTimestamps": [
    1706180866353,
    1706180866182,
    1706180866946,
    1706180866946,
    1706180867308,
    1706180868148,
    1706180867712,
    1706180868882,
    1706180869661,
    1706180870189,
    1706180870127,
    1706180870127,
    1706180870126,
    1706180872285,
    1706180873007,
    1706180873117,
    1706180873007,
    1706180873521,
    1706180873989,
    1706180874314,
    1706180874906,
    1706180876042,
    1706180876603,
    1706180876088,
    1706180876354,
    1706180876526,
    1706180876868,
    1706180876649,
    1706180877133,
    1706180877883,
    1706180878802,
    1706180879498,
    1706180879437,
    1706180880434,
    1706180881494,
    1706180880918,
    1706180882472
  ],
  "blockTimestamps": [
    1706180872186,
    1706180875190,
    1706180878184,
    1706180881192,
    1706180884181,
    1706180887187
  ],
  "blockTimes": [
    1706180872,
    1706180875,
    1706180878,
    1706180881,
    1706180884,
    1706180887
  ],
  "blockTransactions": [
    5,
    8,
    3,
    11,
    5,
    5
  ],
  "Delays": [
    5833,
    6004,
    5240,
    5240,
    4878,
    7042,
    7478,
    6308,
    5529,
    5001,
    5063,
    5063,
    5064,
    5899,
    5177,
    5067,
    8185,
    7671,
    7203,
    6878,
    6286,
    5150,
    4589,
    5104,
    4838,
    4666,
    4324,
    7532,
    7048,
    6298,
    5379,
    4683,
    7750,
    6753,
    5693,
    6269,
    4715
  ],
  "Throughputs": [
    0.8571918395336876,
    1.4710874731243635,
    1.3523793424055448,
    1.81952961789878,
    1.7949293246578417,
    1.775943169818566
  ],
  "AverageDelays": [
    5439,
    5672.538461538462,
    5617.875,
    5732.592592592592,
    5803.75,
    5862.1621621621625
  ]
}