{
  "transactionTimestamps": [
    1706181002950,
    1706181002981,
    1706181002234,
    1706181002219,
    1706181003355,
    1706181003380,
    1706181004629,
    1706181005189,
    1706181007760,
    1706181008446,
    1706181008724,
    1706181008304,
    1706181008661,
    1706181009475,
    1706181009021,
    1706181008832,
    1706181009161,
    1706181009599,
    1706181009335,
    1706181010365,
    1706181010176,
    1706181010176,
    1706181010175,
    1706181011270,
    1706181013897,
    1706181014666,
    1706181014496,
    1706181014822,
    1706181014855,
    1706181015353,
    1706181015414,
    1706181015540,
    1706181015712,
    1706181016303,
    1706181016398,
    1706181016287,
    1706181016303,
    1706181016491,
    1706181017144,
    1706181017113,
    1706181017221,
    1706181017361,
    1706181019560,
    1706181020427,
    1706181020739,
    1706181021467,
    1706181021921,
    1706181021436,
    1706181021374,
    1706181022667,
    1706181022401,
    1706181022964,
    1706181022292,
    1706181023103,
    1706181023336,
    1706181023602,
    1706181023618
  ],
  "blockTimestamps": [
    1706181010222,
    1706181013218,
    1706181016222,
    1706181019216,
    1706181022224,
    1706181025212,
    1706181028216
  ],
  "blockTimes": [
    1706181010,
    1706181013,
    1706181016,
    1706181019,
    1706181022,
    1706181025,
    1706181028
  ],
  "blockTransactions": [
    8,
    2,
    14,
    2,
    15,
    3,
    13
  ],
  "Delays": [
    7272,
    7241,
    7988,
    8003,
    6867,
    6842,
    5593,
    5033,
    5458,
    4772,
    7498,
    7918,
    7561,
    6747,
    7201,
    7390,
    7061,
    6623,
    6887,
    5857,
    6046,
    6046,
    6047,
    4952,
    5319,
    4550,
    7728,
    7402,
    7369,
    6871,
    6810,
    6684,
    6512,
    5921,
    5826,
    5937,
    5921,
    5733,
    5080,
    5111,
    5003,
    7851,
    5652,
    4785,
    7477,
    6749,
    6295,
    6780,
    6842,
    5549,
    5815,
    5252,
    5924,
    5113,
    4880,
    4614,
    4598
  ],
  "Throughputs": [
    1.1001100110011002,
    0.9738994935722632,
    1.8083182640144666,
    1.5984261650067628,
    2.127218013904742,
    1.9764621327823195,
    2.255996200427452
  ],
  "AverageDelays": [
    6854.875,
    6506.9,
    6620.958333333333,
    6491.2307692307695,
    6406.829268292683,
    6385.636363636364,
    6260.631578947368
  ]
}