{
  "transactionTimestamps": [
    1706180845227,
    1706180844617,
    1706180845678,
    1706180846600,
    1706180848174,
    1706180847925,
    1706180848675,
    1706180848596,
    1706180848954,
    1706180849066,
    1706180848456,
    1706180849298,
    1706180849611,
    1706180850127,
    1706180851218,
    1706180852009,
    1706180852025,
    1706180852555,
    1706180853680,
    1706180854225,
    1706180854099,
    1706180854521,
    1706180855039,
    1706180854537,
    1706180854991,
    1706180855240,
    1706180856423,
    1706180856938,
    1706180856688,
    1706180857609,
    1706180858483,
    1706180860215,
    1706180860526,
    1706180861056,
    1706180860729,
    1706180861336,
    1706180860760,
    1706180861275,
    1706180861892,
    1706180863000,
    1706180862890,
    1706180863967
  ],
  "blockTimestamps": [
    1706180851187,
    1706180854185,
    1706180857187,
    1706180860186,
    1706180863190,
    1706180866181,
    1706180869184
  ],
  "blockTimes": [
    1706180851,
    1706180854,
    1706180857,
    1706180860,
    1706180863,
    1706180866,
    1706180869
  ],
  "blockTransactions": [
    4,
    8,
    5,
    9,
    4,
    7,
    5
  ],
  "Delays": [
    5960,
    6570,
    5509,
    4587,
    6011,
    6260,
    5510,
    5589,
    5231,
    5119,
    5729,
    4887,
    7576,
    7060,
    5969,
    5178,
    5162,
    7631,
    6506,
    5961,
    6087,
    5665,
    5147,
    5649,
    5195,
    4946,
    6767,
    6252,
    6502,
    5581,
    7698,
    5966,
    5655,
    5125,
    5452,
    4845,
    5421,
    7909,
    7292,
    6184,
    6294,
    5217
  ],
  "Throughputs": [
    0.6711409395973155,
    1.3395847287340925,
    1.4214046822742474,
    1.7380840965305169,
    1.6700996492790736,
    1.7657726448410804,
    1.753141044371165
  ],
  "AverageDelays": [
    5656.5,
    5580.166666666667,
    5759.235294117647,
    5795.923076923077,
    5859.866666666667,
    5836.7027027027025,
    5925.0952380952385
  ]
}