{
  "transactionTimestamps": [
    1706181046785,
    1706181047481,
    1706181048152,
    1706181050182,
    1706181048277,
    1706181048291,
    1706181049245,
    1706181049041,
    1706181049010,
    1706181051569,
    1706181050181,
    1706181050133,
    1706181049977,
    1706181050521,
    1706181050960,
    1706181052988,
    1706181052800,
    1706181053999,
    1706181053846,
    1706181054516,
    1706181054967,
    1706181054983,
    1706181055449,
    1706181055853,
    1706181056363,
    1706181056925,
    1706181056970,
    1706181057267,
    1706181057439,
    1706181058965,
    1706181057595,
    1706181059636,
    1706181060677,
    1706181059822,
    1706181060492,
    1706181060305,
    1706181061238,
    1706181061741
  ],
  "blockTimestamps": [
    1706181052213,
    1706181055223,
    1706181058215,
    1706181061211,
    1706181064237,
    1706181067215
  ],
  "blockTimes": [
    1706181052,
    1706181055,
    1706181058,
    1706181061,
    1706181064,
    1706181067
  ],
  "blockTransactions": [
    1,
    12,
    4,
    7,
    8,
    6
  ],
  "Delays": [
    5428,
    7742,
    7071,
    5041,
    6946,
    6932,
    5978,
    6182,
    6213,
    3654,
    5042,
    5090,
    5246,
    7694,
    7255,
    5227,
    5415,
    7212,
    7365,
    6695,
    6244,
    6228,
    5762,
    5358,
    7874,
    7312,
    7267,
    6970,
    6798,
    5272,
    6642,
    4601,
    6538,
    7393,
    6723,
    6910,
    5977,
    5474
  ],
  "Throughputs": [
    0.18422991893883567,
    1.5406494429959705,
    1.4873140857392826,
    1.663662830999584,
    1.8336007334402933,
    1.8600097895252081
  ],
  "AverageDelays": [
    5428,
    5889.615384615385,
    6009.176470588235,
    6125.833333333333,
    6242.375,
    6283.4473684210525
  ]
}