{
  "transactionTimestamps": [
    1706180924633,
    1706180925821,
    1706180926350,
    1706180927131,
    1706180927644,
    1706180927848,
    1706180928345,
    1706180928297,
    1706180929298,
    1706180930155,
    1706180929811,
    1706180930232,
    1706180930156,
    1706180931197,
    1706180931756,
    1706180932737,
    1706180933078,
    1706180933841,
    1706180933948,
    1706180934198,
    1706180934995,
    1706180934604,
    1706180935852,
    1706180936557,
    1706180936715,
    1706180936963,
    1706180937539,
    1706180937679,
    1706180938395,
    1706180938911,
    1706180939549,
    1706180940173,
    1706180940454,
    1706180940889,
    1706180941471,
    1706180942261
  ],
  "blockTimestamps": [
    1706180932213,
    1706180935213,
    1706180938210,
    1706180941220,
    1706180944237,
    1706180947216
  ],
  "blockTimes": [
    1706180932,
    1706180935,
    1706180938,
    1706180941,
    1706180944,
    1706180947
  ],
  "blockTransactions": [
    4,
    8,
    5,
    7,
    6,
    6
  ],
  "Delays": [
    7580,
    6392,
    5863,
    5082,
    7569,
    7365,
    6868,
    6916,
    5915,
    5058,
    5402,
    4981,
    8054,
    7013,
    6454,
    5473,
    5132,
    7379,
    7272,
    7022,
    6225,
    6616,
    5368,
    4663,
    7522,
    7274,
    6698,
    6558,
    5842,
    5326,
    7667,
    7043,
    6762,
    6327,
    5745,
    4955
  ],
  "Throughputs": [
    0.5277044854881267,
    1.1342155009451795,
    1.2521175517419165,
    1.4469162597214686,
    1.5302999387880025,
    1.5941194703980872
  ],
  "AverageDelays": [
    6229.25,
    6249.25,
    6301,
    6319.25,
    6362.733333333334,
    6371.694444444444
  ]
}