{
  "transactionTimestamps": [
    1706180942484,
    1706180942901,
    1706180943292,
    1706180943323,
    1706180944694,
    1706180944133,
    1706180945205,
    1706180945971,
    1706180947312,
    1706180946689,
    1706180947951,
    1706180948155,
    1706180948794,
    1706180949013,
    1706180949765,
    1706180950157,
    1706180950157,
    1706180949655,
    1706180950265,
    1706180950157,
    1706180950688,
    1706180951203,
    1706180951971,
    1706180952792,
    1706180953212,
    1706180953995,
    1706180954372,
    1706180955024,
    1706180955773,
    1706180956583,
    1706180956382,
    1706180956553,
    1706180956552,
    1706180956054,
    1706180956365,
    1706180956992,
    1706180956804,
    1706180957319,
    1706180957472,
    1706180958609,
    1706180959263,
    1706180959263,
    1706180959989,
    1706180960881,
    1706180961774,
    1706180962396,
    1706180961976,
    1706180962414,
    1706180962583,
    1706180962053,
    1706180962865,
    1706180962584,
    1706180963203,
    1706180963409
  ],
  "blockTimestamps": [
    1706180950223,
    1706180953233,
    1706180956224,
    1706180959218,
    1706180962225,
    1706180965208,
    1706180968226
  ],
  "blockTimes": [
    1706180950,
    1706180953,
    1706180956,
    1706180959,
    1706180962,
    1706180965,
    1706180968
  ],
  "blockTransactions": [
    7,
    5,
    10,
    4,
    13,
    4,
    11
  ],
  "Delays": [
    7739,
    7322,
    6931,
    6900,
    5529,
    6090,
    5018,
    7262,
    5921,
    6544,
    5282,
    5078,
    7430,
    7211,
    6459,
    6067,
    6067,
    6569,
    5959,
    6067,
    5536,
    5021,
    7247,
    6426,
    6006,
    5223,
    7853,
    7201,
    6452,
    5642,
    5843,
    5672,
    5673,
    6171,
    5860,
    5233,
    5421,
    4906,
    4753,
    6599,
    5945,
    5945,
    5219,
    7345,
    6452,
    5830,
    6250,
    5812,
    5643,
    6173,
    5361,
    5642,
    5023,
    4817
  ],
  "Throughputs": [
    0.9045096265667399,
    1.116382919341334,
    1.6011644832605532,
    1.5537229592446515,
    1.9755838103439542,
    1.8922724872381622,
    2.097739103410768
  ],
  "AverageDelays": [
    6504.142857142857,
    6301.333333333333,
    6272.818181818182,
    6265.538461538462,
    6143.179487179487,
    6123.069767441861,
    6067.407407407408
  ]
}