{
  "transactionTimestamps": [
    1706180963425,
    1706180965486,
    1706180965906,
    1706180966030,
    1706180966483,
    1706180967293,
    1706180968168,
    1706180968450,
    1706180967904,
    1706180968449,
    1706180969088,
    1706180969102,
    1706180968371,
    1706180969212,
    1706180969323,
    1706180969149,
    1706180970164,
    1706180969837,
    1706180970165,
    1706180971689,
    1706180972188,
    1706180972018,
    1706180972870,
    1706180973677,
    1706180974064,
    1706180974205,
    1706180974549,
    1706180974721,
    1706180974674,
    1706180975127,
    1706180974832,
    1706180975468,
    1706180975468,
    1706180975407,
    1706180975936,
    1706180976292,
    1706180976323,
    1706180977228,
    1706180977026,
    1706180978159,
    1706180978533,
    1706180978734,
    1706180979127,
    1706180979095,
    1706180980029,
    1706180980093,
    1706180980796,
    1706180980545,
    1706180981012,
    1706180981406,
    1706180981873,
    1706180981327,
    1706180981873,
    1706180982809,
    1706180982983,
    1706180983277,
    1706180982732,
    1706180984043,
    1706180983560,
    1706180984418
  ],
  "blockTimestamps": [
    1706180971212,
    1706180974245,
    1706180977212,
    1706180980216,
    1706180983218,
    1706180986217,
    1706180989216
  ],
  "blockTimes": [
    1706180971,
    1706180974,
    1706180977,
    1706180980,
    1706180983,
    1706180986,
    1706180989
  ],
  "blockTransactions": [
    4,
    12,
    6,
    9,
    9,
    10,
    10
  ],
  "Delays": [
    7787,
    5726,
    5306,
    5182,
    7762,
    6952,
    6077,
    5795,
    6341,
    5796,
    5157,
    5143,
    5874,
    5033,
    4922,
    5096,
    7048,
    7375,
    7047,
    5523,
    5024,
    5194,
    7346,
    6539,
    6152,
    6011,
    5667,
    5495,
    5542,
    5089,
    5384,
    7750,
    7750,
    7811,
    7282,
    6926,
    6895,
    5990,
    6192,
    5059,
    7684,
    7483,
    7090,
    7122,
    6188,
    6124,
    5421,
    5672,
    5205,
    4811,
    7343,
    7889,
    7343,
    6407,
    6233,
    5939,
    6484,
    5173,
    5656,
    4798
  ],
  "Throughputs": [
    0.5136766405547708,
    1.478743068391867,
    1.5957060999492274,
    1.8462271454946102,
    2.0209164856262314,
    2.1937521937521938,
    2.3263929277654998
  ],
  "AverageDelays": [
    6000.25,
    5871.8125,
    5961.818181818182,
    5947.903225806452,
    6151,
    6176.8,
    6201.75
  ]
}