{
  "transactionTimestamps": [
    1706180822610,
    1706180823078,
    1706180823454,
    1706180823888,
    1706180823966,
    1706180823327,
    1706180823981,
    1706180824686,
    1706180825932,
    1706180826192,
    1706180826542,
    1706180826919,
    1706180827179,
    1706180827897,
    1706180827490,
    1706180828614,
    1706180829857,
    1706180829982,
    1706180829487,
    1706180829343,
    1706180830029,
    1706180830127,
    1706180830482,
    1706180830124,
    1706180830576,
    1706180832431,
    1706180832069,
    1706180832229,
    1706180832712,
    1706180832868,
    1706180833385,
    1706180834880,
    1706180834319,
    1706180835754,
    1706180836081,
    1706180836441,
    1706180836765,
    1706180836531,
    1706180836812,
    1706180836362,
    1706180837402,
    1706180837278,
    1706180837074,
    1706180838305,
    1706180839055,
    1706180839133,
    1706180838885,
    1706180840261,
    1706180841209,
    1706180841819,
    1706180842114,
    1706180842334,
    1706180842536,
    1706180842520,
    1706180842411,
    1706180843219,
    1706180842645,
    1706180843528,
    1706180843079
  ],
  "blockTimestamps": [
    1706180830187,
    1706180833182,
    1706180836193,
    1706180839187,
    1706180842789,
    1706180845181,
    1706180848186
  ],
  "blockTimes": [
    1706180830,
    1706180833,
    1706180836,
    1706180839,
    1706180842,
    1706180845,
    1706180848
  ],
  "blockTransactions": [
    8,
    8,
    9,
    8,
    10,
    5,
    11
  ],
  "Delays": [
    7577,
    7109,
    6733,
    6299,
    6221,
    6860,
    6206,
    5501,
    7250,
    6990,
    6640,
    6263,
    6003,
    5285,
    5692,
    4568,
    6336,
    6211,
    6706,
    6850,
    6164,
    6066,
    5711,
    6069,
    5617,
    6756,
    7118,
    6958,
    6475,
    6319,
    5802,
    4307,
    4868,
    7035,
    6708,
    6348,
    6024,
    6258,
    5977,
    6427,
    5387,
    5511,
    5715,
    6876,
    6126,
    6048,
    6296,
    4920,
    6977,
    6367,
    6072,
    5852,
    5650,
    5666,
    5775,
    4967,
    5541,
    4658,
    5107
  ],
  "Throughputs": [
    1.0558268443975187,
    1.513431706394249,
    1.840535964072738,
    1.9907100199071,
    2.130928192675554,
    2.126622657392229,
    2.306850172036284
  ],
  "AverageDelays": [
    6563.25,
    6324.8125,
    6277.08,
    6228.181818181818,
    6207.441860465116,
    6191.375,
    6098.610169491525
  ]
}