{
  "transactionTimestamps": [
    1706180804765,
    1706180805341,
    1706180806339,
    1706180806747,
    1706180807291,
    1706180807011,
    1706180807477,
    1706180808536,
    1706180807988,
    1706180808209,
    1706180808209,
    1706180807944,
    1706180809224,
    1706180809100,
    1706180808895,
    1706180809021,
    1706180809084,
    1706180810188,
    1706180810110,
    1706180810125,
    1706180810110,
    1706180810110,
    1706180811198,
    1706180811881,
    1706180812192,
    1706180812536,
    1706180812846,
    1706180813063,
    1706180813657,
    1706180814284,
    1706180814501,
    1706180814877,
    1706180814562,
    1706180814957,
    1706180814237,
    1706180814221,
    1706180814812,
    1706180815466,
    1706180815356,
    1706180815246,
    1706180816418,
    1706180816540,
    1706180817324,
    1706180816980,
    1706180817104,
    1706180817980,
    1706180817667,
    1706180818634,
    1706180818790,
    1706180819629,
    1706180819675,
    1706180820141,
    1706180820830,
    1706180820580,
    1706180820643,
    1706180821203,
    1706180821047,
    1706180821671,
    1706180821797,
    1706180821702
  ],
  "blockTimestamps": [
    1706180812197,
    1706180815186,
    1706180818192,
    1706180821195,
    1706180824216,
    1706180827190
  ],
  "blockTimes": [
    1706180812,
    1706180815,
    1706180818,
    1706180821,
    1706180824,
    1706180827
  ],
  "blockTransactions": [
    6,
    14,
    8,
    13,
    8,
    11
  ],
  "Delays": [
    7432,
    6856,
    5858,
    5450,
    4906,
    5186,
    7709,
    6650,
    7198,
    6977,
    6977,
    7242,
    5962,
    6086,
    6291,
    6165,
    6102,
    4998,
    5076,
    5061,
    8082,
    8082,
    6994,
    6311,
    6000,
    5656,
    5346,
    5129,
    7538,
    6911,
    6694,
    6318,
    6633,
    6238,
    6958,
    6974,
    6383,
    5729,
    5839,
    5949,
    4777,
    7676,
    6892,
    7236,
    7112,
    6236,
    6549,
    5582,
    5426,
    7561,
    7515,
    7049,
    6360,
    6610,
    6547,
    5987,
    6143,
    5519,
    5393,
    5488
  ],
  "Throughputs": [
    0.8073196986006458,
    1.9192016121293543,
    2.0853504133462426,
    2.4954351795496046,
    2.519150686340034,
    2.6755852842809364
  ],
  "AverageDelays": [
    5948,
    6209.1,
    6277.928571428572,
    6310.317073170731,
    6355.755102040816,
    6360.066666666667
  ]
}