{
  "transactionTimestamps": [
    1706180903410,
    1706180904266,
    1706180903830,
    1706180903862,
    1706180904608,
    1706180906683,
    1706180907996,
    1706180906714,
    1706180907232,
    1706180906730,
    1706180907389,
    1706180907326,
    1706180908597,
    1706180908432,
    1706180910150,
    1706180908854,
    1706180909198,
    1706180909231,
    1706180910151,
    1706180909521,
    1706180909869,
    1706180910853,
    1706180911246,
    1706180911393,
    1706180912973,
    1706180913613,
    1706180912973,
    1706180913409,
    1706180913923,
    1706180913486,
    1706180914576,
    1706180915135,
    1706180915758,
    1706180915383,
    1706180916085,
    1706180916476,
    1706180916195,
    1706180917039,
    1706180916865,
    1706180917692,
    1706180918640,
    1706180919393,
    1706180919953,
    1706180920483,
    1706180920187,
    1706180921047,
    1706180920734,
    1706180921248,
    1706180921824,
    1706180922839,
    1706180922513,
    1706180923277,
    1706180923478,
    1706180924041
  ],
  "blockTimestamps": [
    1706180911227,
    1706180914231,
    1706180917215,
    1706180920214,
    1706180923214,
    1706180926223,
    1706180929216
  ],
  "blockTimes": [
    1706180911,
    1706180914,
    1706180917,
    1706180920,
    1706180923,
    1706180926,
    1706180929
  ],
  "blockTransactions": [
    5,
    12,
    7,
    9,
    7,
    7,
    7
  ],
  "Delays": [
    7817,
    6961,
    7397,
    7365,
    6619,
    7548,
    6235,
    7517,
    6999,
    7501,
    6842,
    6905,
    5634,
    5799,
    4081,
    5377,
    5033,
    7984,
    7064,
    7694,
    7346,
    6362,
    5969,
    5822,
    7241,
    6601,
    7241,
    6805,
    6291,
    6728,
    5638,
    5079,
    4456,
    7831,
    7129,
    6738,
    7019,
    6175,
    6349,
    5522,
    7583,
    6830,
    6270,
    5740,
    6036,
    5176,
    5489,
    7968,
    7392,
    6377,
    6703,
    5939,
    5738,
    5175
  ],
  "Throughputs": [
    0.6396315722144045,
    1.5710193142962758,
    1.7385005432814198,
    1.9638181385384434,
    2.0197939810139367,
    2.0602288169026433,
    2.0925366193908395
  ],
  "AverageDelays": [
    7231.8,
    6566.470588235294,
    6661.291666666667,
    6543.969696969697,
    6567.85,
    6507.191489361702,
    6502.407407407408
  ]
}