{
  "transactionTimestamps": [
    1706180670778,
    1706180670814,
    1706180676741,
    1706180676787,
    1706180677321,
    1706180677381,
    1706180682178,
    1706180683140,
    1706180683249,
    1706180683934
  ],
  "blockTimestamps": [
    1706180677191,
    1706180683193,
    1706180689185
  ],
  "blockTimes": [
    1706180677,
    1706180683,
    1706180689
  ],
  "blockTransactions": [
    2,
    4,
    4
  ],
  "Delays": [
    6413,
    6377,
    6452,
    6406,
    5872,
    5812,
    7007,
    6045,
    5936,
    5251
  ],
  "Throughputs": [
    0.3118665211289568,
    0.48328634716069274,
    0.5432715814635737
  ],
  "AverageDelays": [
    6395,
    6222,
    6157.1
  ]
}