{
  "transactionTimestamps": [
    1706180744481,
    1706180745446,
    1706180746548,
    1706180746892,
    1706180746814,
    1706180746364,
    1706180747252,
    1706180746987,
    1706180747490,
    1706180747703,
    1706180748203,
    1706180748296,
    1706180748871,
    1706180749119,
    1706180748855,
    1706180749714,
    1706180749195,
    1706180750071,
    1706180750072,
    1706180750073,
    1706180749728,
    1706180750740,
    1706180751738,
    1706180753018,
    1706180752362,
    1706180752425,
    1706180753255,
    1706180753050,
    1706180753034,
    1706180753722,
    1706180754080,
    1706180753972,
    1706180754577,
    1706180754716,
    1706180755200,
    1706180755514,
    1706180755186,
    1706180755856,
    1706180756119,
    1706180756041,
    1706180755734,
    1706180755933,
    1706180756553,
    1706180756646,
    1706180756707,
    1706180756816,
    1706180757459,
    1706180758880,
    1706180759405,
    1706180759703,
    1706180760249,
    1706180759546,
    1706180759686,
    1706180759906,
    1706180760390,
    1706180760469,
    1706180761140,
    1706180761140,
    1706180761967,
    1706180761513,
    1706180761809,
    1706180762436,
    1706180762185,
    1706180762201
  ],
  "blockTimestamps": [
    1706180752190,
    1706180755192,
    1706180758199,
    1706180761184,
    1706180764187,
    1706180767194
  ],
  "blockTimes": [
    1706180752,
    1706180755,
    1706180758,
    1706180761,
    1706180764,
    1706180767
  ],
  "blockTransactions": [
    10,
    11,
    8,
    14,
    7,
    14
  ],
  "Delays": [
    7709,
    6744,
    5642,
    5298,
    5376,
    5826,
    4938,
    5203,
    4700,
    4487,
    6989,
    6896,
    6321,
    6073,
    6337,
    5478,
    5997,
    5121,
    5120,
    5119,
    5464,
    7459,
    6461,
    5181,
    5837,
    5774,
    4944,
    5149,
    5165,
    7462,
    7104,
    7212,
    6607,
    6468,
    5984,
    5670,
    5998,
    5328,
    5065,
    5143,
    5450,
    5251,
    4631,
    7541,
    7480,
    7371,
    6728,
    5307,
    4782,
    4484,
    6945,
    7648,
    7508,
    7288,
    6804,
    6725,
    6054,
    6054,
    5227,
    5681,
    5385,
    4758,
    5009,
    4993
  ],
  "Throughputs": [
    1.2971851083149566,
    1.9606012510503221,
    2.114010788744715,
    2.5743878345207447,
    2.5372982847863597,
    2.8177695592832297
  ],
  "AverageDelays": [
    5592.3,
    5754.190476190476,
    5752,
    5818.162790697675,
    5877.48,
    5936.765625
  ]
}