{
  "transactionTimestamps": [
    1706180985399,
    1706180984914,
    1706180985788,
    1706180986474,
    1706180986101,
    1706180986614,
    1706180987599,
    1706180986707,
    1706180988071,
    1706180988267,
    1706180988999,
    1706180988720,
    1706180989078,
    1706180989577,
    1706180990077,
    1706180990173,
    1706180990174,
    1706180989562,
    1706180990219,
    1706180990176,
    1706180990686,
    1706180991090,
    1706180991558,
    1706180992459,
    1706180992335,
    1706180992946,
    1706180993696,
    1706180993230,
    1706180994431,
    1706180995163,
    1706180995037,
    1706180995397,
    1706180995723,
    1706180995753,
    1706180996067,
    1706180995833,
    1706180996503,
    1706180996145,
    1706180996238,
    1706180996751,
    1706180996705,
    1706180997110,
    1706180997297,
    1706180997235,
    1706180998494,
    1706180999088,
    1706180998838,
    1706181000039,
    1706181001719,
    1706181001594,
    1706181001207,
    1706181002265,
    1706181002173,
    1706181001580,
    1706181002485,
    1706181002531
  ],
  "blockTimestamps": [
    1706180992218,
    1706180995224,
    1706180998225,
    1706181001212,
    1706181004243,
    1706181007216
  ],
  "blockTimes": [
    1706180992,
    1706180995,
    1706180998,
    1706181001,
    1706181004,
    1706181007
  ],
  "blockTransactions": [
    8,
    13,
    7,
    13,
    6,
    9
  ],
  "Delays": [
    6819,
    7304,
    6430,
    5744,
    6117,
    5604,
    4619,
    5511,
    7153,
    6957,
    6225,
    6504,
    6146,
    5647,
    5147,
    5051,
    5050,
    5662,
    5005,
    5048,
    4538,
    7135,
    6667,
    5766,
    5890,
    5279,
    4529,
    4995,
    6781,
    6049,
    6175,
    5815,
    5489,
    5459,
    5145,
    5379,
    4709,
    5067,
    4974,
    4461,
    4507,
    7133,
    6946,
    7008,
    5749,
    5155,
    5405,
    7177,
    5497,
    5622,
    6009,
    4951,
    5043,
    5636,
    4731,
    4685
  ],
  "Throughputs": [
    1.1731925502273062,
    2.1374045801526718,
    2.1830656479026977,
    2.5928033896161384,
    2.4941625981744853,
    2.5668057019755235
  ],
  "AverageDelays": [
    6018.5,
    5822.9047619047615,
    5805.071428571428,
    5672,
    5743.574468085107,
    5701.767857142857
  ]
}