{
  "transactionTimestamps": [
    1706180723634,
    1706180724276,
    1706180724775,
    1706180725631,
    1706180726241,
    1706180727161,
    1706180727003,
    1706180728080,
    1706180728316,
    1706180728002,
    1706180727985,
    1706180728985,
    1706180728519,
    1706180728646,
    1706180729079,
    1706180729283,
    1706180729797,
    1706180730063,
    1706180730071,
    1706180730064,
    1706180730452,
    1706180731107,
    1706180732357,
    1706180732077,
    1706180732684,
    1706180733509,
    1706180733041,
    1706180734058,
    1706180734231,
    1706180734183,
    1706180735117,
    1706180735257,
    1706180734727,
    1706180735055,
    1706180735607,
    1706180735912,
    1706180736025,
    1706180736099,
    1706180736411,
    1706180736927,
    1706180736692,
    1706180736743,
    1706180737348,
    1706180737146,
    1706180738143,
    1706180738753,
    1706180738471,
    1706180738986,
    1706180739748,
    1706180740620,
    1706180740902,
    1706180740356,
    1706180741197,
    1706180740573,
    1706180741337,
    1706180742057,
    1706180741901,
    1706180742309,
    1706180742058,
    1706180742950,
    1706180743011,
    1706180742965,
    1706180742953,
    1706180743793,
    1706180743965
  ],
  "blockTimestamps": [
    1706180731186,
    1706180734196,
    1706180737183,
    1706180740188,
    1706180743195,
    1706180746197,
    1706180749192
  ],
  "blockTimes": [
    1706180731,
    1706180734,
    1706180737,
    1706180740,
    1706180743,
    1706180746,
    1706180749
  ],
  "blockTransactions": [
    5,
    11,
    9,
    10,
    11,
    9,
    10
  ],
  "Delays": [
    7552,
    6910,
    6411,
    5555,
    4945,
    7035,
    7193,
    6116,
    5880,
    6194,
    6211,
    5211,
    5677,
    5550,
    5117,
    4913,
    7386,
    7120,
    7112,
    7119,
    6731,
    6076,
    4826,
    5106,
    4499,
    6679,
    7147,
    6130,
    5957,
    6005,
    5071,
    4931,
    5461,
    5133,
    4581,
    7283,
    7170,
    7096,
    6784,
    6268,
    6503,
    6452,
    5847,
    6049,
    5052,
    4442,
    7726,
    7211,
    6449,
    5577,
    5295,
    5841,
    5000,
    5624,
    4860,
    7135,
    7291,
    6883,
    7134,
    6242,
    6181,
    6227,
    6239,
    5399,
    5227
  ],
  "Throughputs": [
    0.6620762711864407,
    1.5148646089755728,
    1.8451546239574876,
    2.114292618098345,
    2.3516180154388837,
    2.43761911093383,
    2.5432349949135302
  ],
  "AverageDelays": [
    6274.6,
    6029.375,
    6097.8,
    5986.857142857143,
    6054.04347826087,
    6037.618181818182,
    6092.723076923077
  ]
}