{
  "transactionTimestamps": [
    1706180687896,
    1706180689407,
    1706180688876,
    1706180690187,
    1706180690049,
    1706180690049,
    1706180690054,
    1706180693538,
    1706180694491,
    1706180694909,
    1706180695709,
    1706180696099,
    1706180696271,
    1706180697096,
    1706180697472,
    1706180697069,
    1706180696878,
    1706180699451,
    1706180700025,
    1706180700963,
    1706180701508,
    1706180702860
  ],
  "blockTimestamps": [
    1706180695189,
    1706180698187,
    1706180701181,
    1706180704203,
    1706180707189
  ],
  "blockTimes": [
    1706180695,
    1706180698,
    1706180701,
    1706180704,
    1706180707
  ],
  "blockTransactions": [
    6,
    2,
    4,
    5,
    5
  ],
  "Delays": [
    7293,
    5782,
    6313,
    5002,
    5140,
    5140,
    8133,
    4649,
    6690,
    6272,
    5472,
    5082,
    7932,
    7107,
    6731,
    7134,
    7325,
    7738,
    7164,
    6226,
    5681,
    4329
  ],
  "Throughputs": [
    0.8227067050596463,
    0.777378291711204,
    0.9032743695897629,
    1.042497087140492,
    1.1403099569792152
  ],
  "AverageDelays": [
    5778.333333333333,
    5931.5,
    5914,
    6305.705882352941,
    6287.954545454545
  ]
}