{"a": 0.6, "b": 0.4, "communities0": [[0, 37], [1, 4, 36, 38, 10, 12, 15, 22, 24, 27], [2, 44, 45, 14], [3, 20, 7], [35, 5], [34, 6], [8, 16, 18, 26], [9, 43], [40, 11, 19], [13, 23], [17, 31], [21, 30], [25, 41], [32, 28], [29, 46], [33, 42], [39, 47]], "q0": 0.4605843681519358, "f0": 0.7902881456501997}