{"a": 0.3, "b": 0.7, "communities0": [[0, 195], [1, 126], [2, 38], [3, 31], [251, 4], [5, 71], [201, 6], [77, 134, 7], [8, 224], [9, 225], [10, 99], [11, 181], [12, 190], [217, 13], [174, 14], [221, 15], [16, 283], [17, 212], [18, 228], [42, 19], [20, 252], [89, 21, 237], [49, 22], [185, 23], [24, 90], [25, 245], [26, 95], [96, 27], [256, 28], [137, 29], [30, 199], [32, 147], [33, 124], [192, 34, 85, 106], [35, 92], [36, 68], [152, 37], [159, 148, 39], [40, 131], [41, 262], [43, 117], [116, 44], [45, 166], [243, 46], [265, 47], [48, 169], [50, 69], [51, 143], [66, 52], [53, 62], [54, 207], [110, 55], [56, 86], [200, 57], [58, 91], [80, 59], [60, 109], [144, 61], [285, 63], [64, 257], [65, 258, 240, 242, 255], [67, 150], [266, 70], [72, 161], [73, 173, 229, 223], [74, 278], [75, 279], [196, 76], [94, 78], [154, 79], [81, 149], [88, 82], [105, 83], [84, 157], [204, 87], [232, 93, 182], [97, 122, 102], [176, 98], [219, 100], [113, 101], [241, 103], [104, 130], [107, 213], [108, 198], [210, 111], [112, 183], [194, 114], [115, 171], [250, 118], [202, 119], [120, 270], [121, 268], [123, 180], [218, 125], [216, 127], [128, 156], [264, 129], [193, 132], [153, 133], [206, 135], [136, 276], [138, 260], [139, 277], [140, 269], [188, 141], [142, 254], [145, 211], [146, 151], [155, 165], [280, 158], [160, 203], [162, 222], [163, 187], [272, 164], [179, 167], [168, 184], [208, 170], [282, 172], [274, 175], [177, 236], [281, 178], [186, 247], [189, 231], [273, 191], [235, 197], [261, 205], [209, 244], [275, 214], [227, 215], [220, 271], [226, 284], [259, 230], [233, 267], [234, 253], [238, 246], [249, 239], [248, 263]], "q0": 0.49773333333333336, "f0": 0.9562368732354897}