{"a": 0.2, "b": 0.8, "communities0": [[0, 37, 69, 41, 58, 63], [1, 33, 35, 36, 38, 42, 15, 92, 81, 18, 83, 85, 86, 25, 28, 29], [96, 2, 98, 103, 106, 75, 80, 19, 52, 84, 60], [3, 20], [34, 4], [24, 5, 78, 7], [70, 46, 6], [8, 82, 31], [99, 9, 48, 55, 27], [67, 39, 59, 10, 13, 21, 91, 61, 30], [56, 73, 11], [12, 62], [93, 14], [16, 65, 47], [17, 26, 43, 51], [57, 22], [64, 44, 23, 89, 94, 95], [32, 72, 76, 45], [40, 50, 74, 90], [49, 105], [53, 77], [107, 54], [104, 66, 108], [68, 102], [101, 71], [88, 100, 79], [97, 87]], "q0": 0.4548901006023433, "f0": 0.9326767001595044}