{"a": 0.3, "b": 0.7, "communities0": [[0, 42], [1, 3, 5, 7, 11, 16, 17, 18, 19, 20, 21, 25, 27, 28, 29, 31, 34, 36, 39, 40, 41, 43, 45, 46, 47, 50, 53, 55, 56, 59, 62], [2, 60], [35, 4, 37, 6, 44, 52, 23], [8, 38], [9, 26], [10, 12], [24, 13], [32, 58, 14], [51, 15], [48, 22], [54, 30], [33, 61], [49, 57]], "communities1": [[0, 42], [1, 3, 5, 7, 11, 16, 17, 18, 19, 20, 21, 25, 28, 29, 31, 34, 36, 39, 40, 41, 43, 45, 46, 47, 50, 53, 55, 56, 59, 62], [2, 60], [35, 4, 37, 6, 44, 52, 23, 27], [8, 38], [9, 26], [10, 12], [24, 13], [32, 58, 14], [51, 15], [48, 22], [54, 30], [33, 61], [49, 57]], "communities2": [[0, 42], [1, 5, 11, 18, 19, 21, 23, 25, 27, 28, 29, 31, 34, 35, 39, 46, 47, 50, 53, 56, 62], [2, 60], [3, 36, 7, 40, 41, 43, 45, 16, 17, 20, 55, 59], [4, 37], [44, 6, 52], [8, 38], [9, 26], [10, 12], [24, 13], [32, 58, 14], [51, 15], [48, 22], [54, 30], [33, 61], [49, 57]], "communities3": [[13, 46, 53, 61, 31], [35, 5, 41, 49, 27], [1, 38, 12, 18, 62], [4, 10, 21, 25, 58], [0, 34, 50, 57, 60], [39, 9, 11, 47, 22], [37, 7, 42, 19, 28], [3, 45, 30, 23], [56, 16, 59, 54], [48, 26, 32, 44], [43, 36, 29, 14], [40, 17, 2, 8], [24, 20, 6, 55], [33, 51, 52, 15]], "q0": 0.43541826756229196, "f0": 0.6925973224153243, "q1": 0.43693206786912786, "f1": 0.664196584237253}