{
  "transactionTimestamps": [
    1705997453185,
    1705997453185,
    1705997453185,
    1705997454800,
    1705997454334,
    1705997455367,
    1705997455641,
    1705997455234,
    1705997456312,
    1705997457100,
    1705997456968,
    1705997457671,
    1705997457441,
    1705997457936,
    1705997458373,
    1705997459119,
    1705997459667,
    1705997460011,
    1705997460079,
    1705997460616,
    1705997460694,
    1705997461513,
    1705997462394,
    1705997462171,
    1705997462435,
    1705997463159,
    1705997463159,
    1705997464218,
    1705997464942,
    1705997464861,
    1705997464887,
    1705997465749,
    1705997465639,
    1705997466677,
    1705997467343,
    1705997467394,
    1705997467184,
    1705997468168,
    1705997469070,
    1705997469742,
    1705997470075,
    1705997470753,
    1705997471513,
    1705997472208,
    1705997472560,
    1705997473395,
    1705997473745,
    1705997474434,
    1705997474852,
    1705997475753,
    1705997475620,
    1705997476449,
    1705997477672,
    1705997478130,
    1705997478443,
    1705997478897,
    1705997480635,
    1705997480415,
    1705997481312,
    1705997483410
  ],
  "blockTimestamps": [
    1705997460685,
    1705997460731,
    1705997468097,
    1705997468697,
    1705997471585,
    1705997474363,
    1705997482037,
    1705997482550,
    1705997482838,
    1705997486321
  ],
  "blockTimes": [
    1705997452,
    1705997459,
    1705997461,
    1705997467,
    1705997469,
    1705997470,
    1705997473,
    1705997481,
    1705997482,
    1705997485
  ],
  "blockTransactions": [
    9,
    7,
    15,
    3,
    3,
    2,
    15,
    2,
    2,
    2
  ],
  "Delays": [
    7500,
    7500,
    7500,
    5885,
    6351,
    5318,
    5044,
    5451,
    4373,
    3631,
    3763,
    3060,
    3290,
    2795,
    2358,
    1612,
    8430,
    8086,
    8018,
    7481,
    7403,
    6584,
    5703,
    5926,
    5662,
    4938,
    4938,
    3879,
    3155,
    3236,
    3210,
    2948,
    3058,
    2020,
    4242,
    4191,
    4401,
    6195,
    5293,
    12295,
    11962,
    11284,
    10524,
    9829,
    9477,
    8642,
    8292,
    7603,
    7185,
    6284,
    6417,
    5588,
    4365,
    3907,
    4107,
    3653,
    2203,
    2423,
    5009,
    2911
  ],
  "Throughputs": [
    1.2,
    2.1203286509408956,
    2.078862660944206,
    2.191851469829809,
    2.0108695652173916,
    1.8415336670129379,
    1.871620684874532,
    1.9070321811680573,
    1.9559572387279534,
    1.8107194591984548
  ],
  "AverageDelays": [
    6102.444444444444,
    4714.4375,
    5228.387096774193,
    5003.117647058823,
    4944.324324324324,
    4985.333333333333,
    5890.407407407408,
    5818.607142857143,
    5697.724137931034,
    5639.8
  ]
}