{
  "transactionTimestamps": [
    1705997254657,
    1705997254654,
    1705997254654,
    1705997256347,
    1705997256215,
    1705997257133,
    1705997256934,
    1705997257276,
    1705997257713,
    1705997259659,
    1705997258906,
    1705997259337,
    1705997259227,
    1705997259813,
    1705997260251,
    1705997260312,
    1705997262032,
    1705997261815,
    1705997262394,
    1705997262680,
    1705997262792,
    1705997263135,
    1705997264048,
    1705997265657,
    1705997264801,
    1705997264735,
    1705997264973,
    1705997265315,
    1705997266601,
    1705997266609,
    1705997267154,
    1705997267282,
    1705997268045,
    1705997268554,
    1705997268951,
    1705997269470,
    1705997270112,
    1705997271382,
    1705997272104,
    1705997274178,
    1705997274978,
    1705997276503,
    1705997277245,
    1705997278468,
    1705997279425,
    1705997280955,
    1705997281908,
    1705997284010,
    1705997284781,
    1705997286423,
    1705997287201,
    1705997288701,
    1705997289275,
    1705997291629,
    1705997290966,
    1705997292798,
    1705997293681,
    1705997295281
  ],
  "blockTimestamps": [
    1705997278722,
    1705997348834
  ],
  "blockTimes": [
    1705997200,
    1705997276
  ],
  "blockTransactions": [
    41,
    17
  ],
  "Delays": [
    24065,
    24068,
    24068,
    22375,
    22507,
    21589,
    21788,
    21446,
    21009,
    19063,
    19816,
    19385,
    19495,
    18909,
    18471,
    18410,
    16690,
    16907,
    16328,
    16042,
    15930,
    15587,
    14674,
    13065,
    13921,
    13987,
    13749,
    13407,
    12121,
    12113,
    11568,
    11440,
    10677,
    10168,
    9771,
    9252,
    8610,
    7340,
    6618,
    4544,
    3744,
    72331,
    71589,
    70366,
    69409,
    67879,
    66926,
    64824,
    64053,
    62411,
    61633,
    60133,
    59559,
    57205,
    57868,
    56036,
    55153,
    53553
  ],
  "Throughputs": [
    1.7037190941200913,
    0.6158616222644594
  ],
  "AverageDelays": [
    15480.90243902439,
    29407.672413793105
  ]
}