{
  "transactionTimestamps": [
    1705997154435,
    1705997154435,
    1705997154435,
    1705997156367,
    1705997156365,
    1705997157025,
    1705997156654,
    1705997157289,
    1705997157242,
    1705997158352,
    1705997158807,
    1705997159091,
    1705997159455,
    1705997160047,
    1705997159332,
    1705997161190,
    1705997160956,
    1705997161958,
    1705997161404,
    1705997161927,
    1705997162114,
    1705997163392,
    1705997164223,
    1705997163785,
    1705997164281,
    1705997165198,
    1705997164623,
    1705997166303,
    1705997166355,
    1705997166766,
    1705997166902,
    1705997167181,
    1705997167541,
    1705997168470,
    1705997168701,
    1705997168653,
    1705997169550,
    1705997169535,
    1705997170714,
    1705997171614,
    1705997171627,
    1705997172191,
    1705997172864,
    1705997173708,
    1705997173531,
    1705997174638,
    1705997175630,
    1705997176579,
    1705997176442,
    1705997177403,
    1705997178089,
    1705997178629,
    1705997178929,
    1705997179518,
    1705997180442,
    1705997181322,
    1705997180779,
    1705997181370,
    1705997182555,
    1705997182740
  ],
  "blockTimestamps": [
    1705997158088,
    1705997158212,
    1705997160705,
    1705997163657,
    1705997172193,
    1705997176348,
    1705997177000,
    1705997180035,
    1705997180168,
    1705997185005,
    1705997202177
  ],
  "blockTimes": [
    1705997158,
    1705997159,
    1705997161,
    1705997162,
    1705997163,
    1705997170,
    1705997175,
    1705997176,
    1705997179,
    1705997182,
    1705997184
  ],
  "blockTransactions": [
    3,
    1,
    2,
    6,
    21,
    9,
    3,
    5,
    1,
    7,
    2
  ],
  "Delays": [
    3653,
    3653,
    3653,
    1845,
    4340,
    3680,
    7003,
    6368,
    6415,
    5305,
    4850,
    4566,
    12738,
    12146,
    12861,
    11003,
    11237,
    10235,
    10789,
    10266,
    10079,
    8801,
    7970,
    8408,
    7912,
    6995,
    7570,
    5890,
    5838,
    5427,
    5291,
    5012,
    4652,
    7878,
    7647,
    7695,
    6798,
    6813,
    5634,
    4734,
    4721,
    4157,
    4136,
    3292,
    3469,
    5397,
    4405,
    3456,
    3593,
    2632,
    2079,
    6376,
    6076,
    5487,
    4563,
    3683,
    4226,
    3635,
    19622,
    19437
  ],
  "Throughputs": [
    0.8212428141253764,
    1.0590415673815197,
    0.9569377990430623,
    1.3012361743656475,
    1.8583173780831175,
    1.9166704695842651,
    1.9942388654996674,
    1.953125,
    1.9818909571367505,
    1.897284919856068,
    1.2567550584391103
  ],
  "AverageDelays": [
    3653,
    3201,
    3470.6666666666665,
    4610.916666666667,
    7165.181818181818,
    6964.952380952381,
    6742.777777777777,
    6458.16,
    6372.294117647059,
    6190.224137931034,
    6634.866666666667
  ]
}