{
  "transactionTimestamps": [
    1705997370437,
    1705997371281,
    1705997370582,
    1705997371431,
    1705997372185,
    1705997371437,
    1705997372523,
    1705997373528,
    1705997373339,
    1705997373217,
    1705997373930,
    1705997374495,
    1705997375096,
    1705997376048,
    1705997376055,
    1705997376474,
    1705997376616,
    1705997377366,
    1705997378091,
    1705997378496,
    1705997378988,
    1705997379379,
    1705997379420,
    1705997380822,
    1705997381343,
    1705997381055,
    1705997381872,
    1705997382829,
    1705997383547,
    1705997383510,
    1705997384400,
    1705997385438,
    1705997386203,
    1705997386102,
    1705997387113,
    1705997387744,
    1705997388580,
    1705997388562,
    1705997389519,
    1705997389794,
    1705997390315,
    1705997390651,
    1705997392099
  ],
  "blockTimestamps": [
    1705997375893,
    1705997376883,
    1705997382228,
    1705997383706,
    1705997385365,
    1705997386519,
    1705997392000,
    1705997392296,
    1705997393921,
    1705997394045
  ],
  "blockTimes": [
    1705997372,
    1705997375,
    1705997376,
    1705997381,
    1705997383,
    1705997384,
    1705997385,
    1705997391,
    1705997392,
    1705997393
  ],
  "blockTransactions": [
    4,
    6,
    9,
    4,
    4,
    2,
    7,
    4,
    2,
    1
  ],
  "Delays": [
    5456,
    4612,
    5311,
    4462,
    4698,
    5446,
    4360,
    3355,
    3544,
    3666,
    8298,
    7733,
    7132,
    6180,
    6173,
    5754,
    5612,
    4862,
    4137,
    5210,
    4718,
    4327,
    4286,
    4543,
    4022,
    4310,
    3493,
    3690,
    2972,
    8490,
    7600,
    6562,
    5797,
    5898,
    4887,
    4256,
    3716,
    3734,
    2777,
    2502,
    3606,
    3270,
    1946
  ],
  "Throughputs": [
    0.7331378299120234,
    1.5513496742165684,
    1.6113985242981934,
    1.7333634787851382,
    1.8086816720257233,
    1.8032583012063175,
    1.669526503733247,
    1.8299098769385607,
    1.7884517118037813,
    1.8214164689935615
  ],
  "AverageDelays": [
    4960.25,
    4491,
    5304.789473684211,
    5188.347826086957,
    5025.925925925926,
    4909.0344827586205,
    5162.555555555556,
    4964.525,
    4891.833333333333,
    4823.325581395349
  ]
}