{
  "transactionTimestamps": [
    1705997491701,
    1705997491701,
    1705997492805,
    1705997493088,
    1705997491701,
    1705997493710,
    1705997494625,
    1705997495237,
    1705997494194,
    1705997493991,
    1705997493437,
    1705997496280,
    1705997495612,
    1705997495430,
    1705997496155,
    1705997496421,
    1705997499086,
    1705997498217,
    1705997498281,
    1705997498884,
    1705997500070,
    1705997500683,
    1705997501579,
    1705997501206,
    1705997501766,
    1705997504127,
    1705997503231,
    1705997503015,
    1705997503770,
    1705997504857,
    1705997505536,
    1705997506943,
    1705997507659
  ],
  "blockTimestamps": [
    1705997497255,
    1705997499905,
    1705997503205,
    1705997510427,
    1705997510642
  ],
  "blockTimes": [
    1705997492,
    1705997496,
    1705997499,
    1705997502,
    1705997509
  ],
  "blockTransactions": [
    9,
    3,
    10,
    10,
    1
  ],
  "Delays": [
    5554,
    5554,
    4450,
    4167,
    5554,
    3545,
    2630,
    2018,
    3061,
    5914,
    6468,
    3625,
    7593,
    7775,
    7050,
    6784,
    4119,
    4988,
    4924,
    4321,
    3135,
    2522,
    8848,
    9221,
    8661,
    6300,
    7196,
    7412,
    6657,
    5570,
    4891,
    3484,
    2983
  ],
  "Throughputs": [
    1.6204537270435722,
    1.462701121404193,
    1.9123783031988875,
    1.7088539997863934,
    1.7422522570086059
  ],
  "AverageDelays": [
    4059.222222222222,
    4378.333333333333,
    4806.863636363636,
    5437.21875,
    5362.848484848485
  ]
}