{"a": 0.5, "b": 0.5, "communities0": [[0, 2, 6, 8, 9, 11, 13, 18, 19, 24, 28], [1, 7], [16, 27, 3], [4, 5, 30], [10, 21], [12, 29], [14, 23], [20, 15], [17, 22], [25, 26]], "q0": 0.4191597294484912, "f0": 0.7721294658185278}