{
  "transactionTimestamps": [
    1706169133791,
    1706169133771,
    1706169133750,
    1706169134611,
    1706169134749,
    1706169134905,
    1706169133784,
    1706169135622,
    1706169135746,
    1706169135714,
    1706169136402,
    1706169136635,
    1706169136681,
    1706169137355,
    1706169137386,
    1706169137762,
    1706169139457,
    1706169140645,
    1706169145827,
    1706169146622
  ],
  "blockTimestamps": [
    1706169136301,
    1706169142246,
    1706169145243,
    1706169148224,
    1706169151243
  ],
  "blockTimes": [
    1706169136,
    1706169142,
    1706169145,
    1706169148,
    1706169151
  ],
  "blockTransactions": [
    10,
    6,
    1,
    1,
    2
  ],
  "Delays": [
    2510,
    2530,
    2551,
    1690,
    1552,
    1396,
    2517,
    679,
    555,
    587,
    5844,
    5611,
    5565,
    4891,
    4860,
    4484,
    5786,
    7579,
    5416,
    4621
  ],
  "Throughputs": [
    3.9840637450199208,
    1.8923713778829094,
    1.4844568634299686,
    1.247141966327167,
    1.1460004584001833
  ],
  "AverageDelays": [
    1656.7,
    2988.875,
    3153.4117647058824,
    3399.277777777778,
    3561.2
  ]
}