{
  "transactionTimestamps": [
    1706169233052,
    1706169238730,
    1706169240126,
    1706169244986
  ],
  "blockTimestamps": [
    1706169238193,
    1706169244231,
    1706169247190,
    1706169250258
  ],
  "blockTimes": [
    1706169238,
    1706169244,
    1706169247,
    1706169250
  ],
  "blockTransactions": [
    1,
    1,
    1,
    1
  ],
  "Delays": [
    5141,
    5501,
    7064,
    5272
  ],
  "Throughputs": [
    0.19451468585878234,
    0.17890687896949636,
    0.2121940868581129,
    0.23247704289201443
  ],
  "AverageDelays": [
    5141,
    5321,
    5902,
    5744.5
  ]
}