{
  "transactionTimestamps": [
    1706169173025,
    1706169173026,
    1706169173941,
    1706169174249,
    1706169174686,
    1706169175264,
    1706169175685,
    1706169176056,
    1706169176664,
    1706169176835
  ],
  "blockTimestamps": [
    1706169178247,
    1706169181231
  ],
  "blockTimes": [
    1706169178,
    1706169181
  ],
  "blockTransactions": [
    5,
    5
  ],
  "Delays": [
    5222,
    5221,
    4306,
    3998,
    3561,
    5967,
    5546,
    5175,
    4567,
    4396
  ],
  "Throughputs": [
    0.9574875526618153,
    1.2186205215695833
  ],
  "AverageDelays": [
    4461.6,
    4795.9
  ]
}