{
  "transactionTimestamps": [
    1706169213049,
    1706169213051,
    1706169213933,
    1706169214183,
    1706169214663,
    1706169214910,
    1706169215740,
    1706169216067,
    1706169216534,
    1706169217126
  ],
  "blockTimestamps": [
    1706169217228,
    1706169220210,
    1706169223447
  ],
  "blockTimes": [
    1706169217,
    1706169220,
    1706169223
  ],
  "blockTransactions": [
    3,
    6,
    1
  ],
  "Delays": [
    4179,
    4177,
    3295,
    6027,
    5547,
    5300,
    4470,
    4143,
    3676,
    6321
  ],
  "Throughputs": [
    0.7178750897343862,
    1.2568077084206117,
    0.9617234083477593
  ],
  "AverageDelays": [
    3883.6666666666665,
    4534.888888888889,
    4713.5
  ]
}