{
  "transactionTimestamps": [
    1706169193035,
    1706169193035,
    1706169194046,
    1706169194046,
    1706169194887,
    1706169195151,
    1706169195967,
    1706169196014,
    1706169196867,
    1706169197132
  ],
  "blockTimestamps": [
    1706169199330,
    1706169202266
  ],
  "blockTimes": [
    1706169199,
    1706169202
  ],
  "blockTransactions": [
    6,
    4
  ],
  "Delays": [
    6295,
    6295,
    5284,
    5284,
    4443,
    4179,
    6299,
    6252,
    5399,
    5134
  ],
  "Throughputs": [
    0.9531374106433678,
    1.0833062506770663
  ],
  "AverageDelays": [
    5296.666666666667,
    5486.4
  ]
}