{
  "transactionTimestamps": [
    1706169147138,
    1706169147668,
    1706169153018,
    1706169153018,
    1706169153018,
    1706169153729,
    1706169153823,
    1706169153870,
    1706169154727,
    1706169154696,
    1706169154787,
    1706169155586,
    1706169155571,
    1706169155915,
    1706169154759,
    1706169156474,
    1706169156474,
    1706169157036,
    1706169157222,
    1706169157486,
    1706169158077,
    1706169158498,
    1706169158749,
    1706169159481,
    1706169159543,
    1706169160245,
    1706169160241,
    1706169161237
  ],
  "blockTimestamps": [
    1706169154233,
    1706169157258,
    1706169160198,
    1706169163222,
    1706169166252
  ],
  "blockTimes": [
    1706169154,
    1706169157,
    1706169160,
    1706169163,
    1706169166
  ],
  "blockTransactions": [
    2,
    6,
    9,
    8,
    3
  ],
  "Delays": [
    7095,
    6565,
    4240,
    4240,
    4240,
    3529,
    3435,
    3388,
    5471,
    5502,
    5411,
    4612,
    4627,
    4283,
    5439,
    3724,
    3724,
    6186,
    6000,
    5736,
    5145,
    4724,
    4473,
    3741,
    3679,
    6007,
    6011,
    5015
  ],
  "Throughputs": [
    0.28188865398167723,
    0.790513833992095,
    1.3016845329249616,
    1.5543397164884358,
    1.464894841477451
  ],
  "AverageDelays": [
    6830,
    4591.5,
    4677.941176470588,
    4768.36,
    4865.785714285715
  ]
}