{
  "transactionTimestamps": [
    1706169246002,
    1706169250721,
    1706169253064,
    1706169253066,
    1706169252017,
    1706169253904,
    1706169254231,
    1706169255044,
    1706169255295,
    1706169256008,
    1706169256273,
    1706169257114,
    1706169257205,
    1706169256568,
    1706169258017,
    1706169263031
  ],
  "blockTimestamps": [
    1706169253198,
    1706169256212,
    1706169259210,
    1706169262228,
    1706169265201,
    1706169268219
  ],
  "blockTimes": [
    1706169253,
    1706169256,
    1706169259,
    1706169262,
    1706169265,
    1706169268
  ],
  "blockTransactions": [
    1,
    1,
    7,
    5,
    1,
    1
  ],
  "Delays": [
    7196,
    5491,
    6146,
    6144,
    7193,
    5306,
    4979,
    4166,
    3915,
    6220,
    5955,
    5114,
    5023,
    5660,
    7184,
    5188
  ],
  "Throughputs": [
    0.13896609227348528,
    0.1958863858961802,
    0.681405208964264,
    0.8628127696289906,
    0.7812906922235533,
    0.7201692397713463
  ],
  "AverageDelays": [
    7196,
    6343.5,
    5615.111111111111,
    5607.714285714285,
    5712.8,
    5680
  ]
}