{"a": 0.5, "b": 0.5, "communities0": [[0, 14], [80, 1], [2, 3], [121, 4], [83, 5], [163, 6], [60, 7], [8, 19], [9, 51], [24, 10], [11, 94], [120, 12], [21, 13], [110, 15], [16, 146], [17, 147], [18, 39], [20, 46], [164, 101, 22], [107, 23], [25, 103], [26, 123, 77], [58, 27], [28, 92], [85, 29], [179, 30], [160, 161, 78, 47, 177, 126, 31], [32, 140, 53], [33, 125], [34, 151], [35, 37], [132, 36, 141], [90, 38], [40, 118], [168, 41, 157], [42, 158], [43, 70], [89, 170, 44], [45, 79], [48, 162], [49, 97], [50, 98], [106, 52], [56, 54], [130, 55], [96, 57], [59, 134], [129, 61], [114, 62], [176, 63], [64, 116], [81, 65], [66, 82], [67, 149], [131, 68, 175], [180, 69], [137, 71], [72, 145], [73, 178], [74, 95], [75, 84], [169, 76, 111], [86, 159], [102, 87], [88, 148], [154, 91, 174], [113, 93], [99, 100, 117, 150], [104, 124], [105, 153], [108, 133], [144, 109], [112, 155], [128, 115], [173, 119], [122, 156], [142, 127], [165, 135], [136, 143], [152, 138], [139, 181], [166, 167], [171, 182], [172, 183]], "q0": 0.49555744417832026, "f0": 0.9260033386726925}