{
  "transactionTimestamps": [
    1706101136202,
    1706101137125,
    1706101137818,
    1706101138605,
    1706101139409,
    1706101140060,
    1706101140676,
    1706101141204,
    1706101139585,
    1706101142293,
    1706101142385,
    1706101143602,
    1706101143992,
    1706101143356,
    1706101145341,
    1706101145231,
    1706101146857
  ],
  "blockTimestamps": [
    1706101139651,
    1706101141771,
    1706101144779,
    1706101148510
  ],
  "blockTimes": [
    1706101138,
    1706101141,
    1706101144,
    1706101147
  ],
  "blockTransactions": [
    4,
    1,
    4,
    8
  ],
  "Delays": [
    3449,
    2526,
    1833,
    1046,
    2362,
    4719,
    4103,
    3575,
    5194,
    6217,
    6125,
    4908,
    4518,
    5154,
    3169,
    3279,
    1653
  ],
  "Throughputs": [
    1.1597564511452596,
    0.897827258035554,
    1.0493179433368311,
    1.3812154696132597
  ],
  "AverageDelays": [
    2213.5,
    2243.2,
    3200.777777777778,
    3754.705882352941
  ]
}