{
  "transactionTimestamps": [
    1706101087645,
    1706101088051,
    1706101088332,
    1706101088364,
    1706101086421,
    1706101089395,
    1706101089778,
    1706101089158,
    1706101090710,
    1706101091100,
    1706101089716,
    1706101091181,
    1706101091972,
    1706101092638,
    1706101092779,
    1706101092857,
    1706101091801,
    1706101093320,
    1706101092593,
    1706101093827,
    1706101094029,
    1706101094044,
    1706101093468,
    1706101094947,
    1706101095165,
    1706101095665,
    1706101095307,
    1706101096676,
    1706101096692,
    1706101096723,
    1706101097921,
    1706101098015,
    1706101098125,
    1706101099368,
    1706101099399,
    1706101100639,
    1706101100795,
    1706101101942,
    1706101102262
  ],
  "blockTimestamps": [
    1706101094258,
    1706101097045,
    1706101100033,
    1706101103052
  ],
  "blockTimes": [
    1706101093,
    1706101096,
    1706101099,
    1706101102
  ],
  "blockTransactions": [
    18,
    3,
    14,
    4
  ],
  "Delays": [
    6613,
    6207,
    5926,
    5894,
    7837,
    4863,
    4480,
    5100,
    3548,
    3158,
    4542,
    3077,
    2286,
    1620,
    1479,
    1401,
    2457,
    938,
    4452,
    3218,
    3016,
    5989,
    6565,
    5086,
    4868,
    4368,
    4726,
    3357,
    3341,
    3310,
    2112,
    2018,
    1908,
    665,
    634,
    2413,
    2257,
    1110,
    790
  ],
  "Throughputs": [
    2.721911386662634,
    2.234042553191489,
    2.825314820794317,
    2.531316933861232
  ],
  "AverageDelays": [
    3968.1111111111113,
    3910.095238095238,
    3744.542857142857,
    3528.948717948718
  ]
}