{
  "transactionTimestamps": [
    1706101148421,
    1706101149579,
    1706101149903,
    1706101147865,
    1706101148082,
    1706101151033,
    1706101151048,
    1706101152183,
    1706101152245,
    1706101153469,
    1706101153547,
    1706101151935,
    1706101154892,
    1706101154908,
    1706101156105,
    1706101156490,
    1706101156167,
    1706101157560,
    1706101157685,
    1706101158800,
    1706101158939
  ],
  "blockTimestamps": [
    1706101152109,
    1706101154527,
    1706101157537,
    1706101162784
  ],
  "blockTimes": [
    1706101150,
    1706101153,
    1706101156,
    1706101162
  ],
  "blockTransactions": [
    7,
    5,
    4,
    5
  ],
  "Delays": [
    3688,
    2530,
    2206,
    4244,
    4027,
    1076,
    1061,
    2344,
    2282,
    1058,
    980,
    2592,
    2645,
    2629,
    1432,
    1047,
    6617,
    5224,
    5099,
    3984,
    3845
  ],
  "Throughputs": [
    1.898047722342733,
    1.965280052407468,
    1.7551557700745941,
    1.4620900925990392
  ],
  "AverageDelays": [
    2690.285714285714,
    2340.6666666666665,
    2240.0625,
    2886.190476190476
  ]
}