{
  "transactionTimestamps": [
    1706100950729,
    1706100951203,
    1706100951254,
    1706100952289,
    1706100952753,
    1706100951394,
    1706100953488,
    1706100954201,
    1706100954909,
    1706100955448,
    1706100956100,
    1706100956100,
    1706100956438,
    1706100956780,
    1706100957399,
    1706100955448,
    1706100957508,
    1706100957956,
    1706100958189,
    1706100958654,
    1706100958715,
    1706100959289,
    1706100959397,
    1706100960049,
    1706100960775,
    1706100960961,
    1706100959927,
    1706100961396,
    1706100962026,
    1706100962444,
    1706100962867,
    1706100963270,
    1706100963685,
    1706100963748,
    1706100962398,
    1706100964773,
    1706100964972,
    1706100965051,
    1706100966130,
    1706100966407
  ],
  "blockTimestamps": [
    1706100956234,
    1706100959532,
    1706100961816,
    1706100964776,
    1706100967828
  ],
  "blockTimes": [
    1706100955,
    1706100958,
    1706100961,
    1706100964,
    1706100967
  ],
  "blockTransactions": [
    10,
    11,
    1,
    6,
    12
  ],
  "Delays": [
    5505,
    5031,
    4980,
    3945,
    3481,
    4840,
    2746,
    2033,
    1325,
    786,
    3432,
    3432,
    3094,
    2752,
    2133,
    4084,
    2024,
    1576,
    1343,
    878,
    817,
    2527,
    5379,
    4727,
    4001,
    3815,
    4849,
    3380,
    5802,
    5384,
    4961,
    4558,
    4143,
    4080,
    5430,
    3055,
    2856,
    2777,
    1698,
    1421
  ],
  "Throughputs": [
    1.8165304268846503,
    2.3855503805520843,
    1.9843059438982593,
    1.9933081796824943,
    2.3393180887771217
  ],
  "AverageDelays": [
    3467.2,
    2868.4285714285716,
    2852.909090909091,
    3175.535714285714,
    3377
  ]
}