{
  "transactionTimestamps": [
    1706100817631,
    1706100817708,
    1706100819247,
    1706100819324,
    1706100820767,
    1706100820813,
    1706100821045,
    1706100821996,
    1706100821970,
    1706100822544,
    1706100823242,
    1706100823396,
    1706100824789,
    1706100824867,
    1706100823955,
    1706100826201,
    1706100826497,
    1706100827844,
    1706100827875,
    1706100826585,
    1706100828044,
    1706100829208,
    1706100829240,
    1706100829626,
    1706100830358,
    1706100830840,
    1706100831024,
    1706100829678,
    1706100831734,
    1706100832202,
    1706100832219
  ],
  "blockTimestamps": [
    1706100824421,
    1706100830429,
    1706100833350,
    1706100835792
  ],
  "blockTimes": [
    1706100823,
    1706100829,
    1706100832,
    1706100835
  ],
  "blockTransactions": [
    12,
    11,
    1,
    7
  ],
  "Delays": [
    6790,
    6713,
    5174,
    5097,
    3654,
    3608,
    3376,
    2425,
    2451,
    1877,
    1179,
    1025,
    5640,
    5562,
    6474,
    4228,
    3932,
    2585,
    2554,
    3844,
    2385,
    1221,
    1189,
    3724,
    5434,
    4952,
    4768,
    6114,
    4058,
    3590,
    3573
  ],
  "Throughputs": [
    1.7673048600883652,
    1.7971558055946242,
    1.526814682867867,
    1.7069544628599747
  ],
  "AverageDelays": [
    3614.0833333333335,
    3607.9565217391305,
    3612.7916666666665,
    3845.032258064516
  ]
}