{
  "transactionTimestamps": [
    1706101070044,
    1706101070184,
    1706101070369,
    1706101071426,
    1706101071598,
    1706101072047,
    1706101073046,
    1706101073138,
    1706101072273,
    1706101073746,
    1706101074507,
    1706101074741,
    1706101075424,
    1706101076137,
    1706101076168,
    1706101076184,
    1706101074796,
    1706101077084,
    1706101077623,
    1706101077704,
    1706101077719,
    1706101076094,
    1706101078657,
    1706101079122,
    1706101079154,
    1706101079201,
    1706101077842,
    1706101080163,
    1706101080474,
    1706101080566,
    1706101080800,
    1706101081454,
    1706101081829,
    1706101082017,
    1706101082249,
    1706101083319,
    1706101083470,
    1706101083780,
    1706101083084,
    1706101085133,
    1706101085180,
    1706101085382,
    1706101086730,
    1706101086621,
    1706101086822
  ],
  "blockTimestamps": [
    1706101076656,
    1706101079497,
    1706101082955,
    1706101084964,
    1706101087849,
    1706101090899
  ],
  "blockTimes": [
    1706101075,
    1706101078,
    1706101081,
    1706101084,
    1706101087,
    1706101090
  ],
  "blockTransactions": [
    13,
    2,
    8,
    11,
    4,
    7
  ],
  "Delays": [
    6612,
    6472,
    6287,
    5230,
    5058,
    4609,
    3610,
    3518,
    4383,
    2910,
    2149,
    1915,
    1232,
    3360,
    3329,
    6771,
    8159,
    5871,
    5332,
    5251,
    5236,
    6861,
    4298,
    5842,
    5810,
    5763,
    7122,
    4801,
    4490,
    4398,
    4164,
    3510,
    3135,
    2947,
    5600,
    4530,
    4379,
    4069,
    7815,
    5766,
    5719,
    5517,
    4169,
    4278,
    4077
  ],
  "Throughputs": [
    1.9661222020568663,
    1.5867978419549351,
    1.7814266904190226,
    2.278820375335121,
    2.134231957315361,
    2.157755933828818
  ],
  "AverageDelays": [
    4152.692307692308,
    4044.9333333333334,
    4715.347826086957,
    4718.676470588235,
    4710.868421052632,
    4807.866666666667
  ]
}