{
  "transactionTimestamps": [
    1706100761808,
    1706100763412,
    1706100765051,
    1706100766269,
    1706100767595,
    1706100769049
  ],
  "blockTimestamps": [
    1706100766772,
    1706100770654
  ],
  "blockTimes": [
    1706100766,
    1706100769
  ],
  "blockTransactions": [
    2,
    4
  ],
  "Delays": [
    4964,
    3360,
    5603,
    4385,
    3059,
    1605
  ],
  "Throughputs": [
    0.40290088638195,
    0.6782726656115758
  ],
  "AverageDelays": [
    4162,
    3829.3333333333335
  ]
}