{
  "transactionTimestamps": [
    1706101103510,
    1706101103730,
    1706101104952,
    1706101105250,
    1706101106182,
    1706101106197,
    1706101106568,
    1706101107374,
    1706101107449,
    1706101107698,
    1706101108692,
    1706101108833,
    1706101108926,
    1706101110109,
    1706101110140,
    1706101110312,
    1706101111480,
    1706101111528,
    1706101111883,
    1706101112960,
    1706101113287,
    1706101113455,
    1706101114617,
    1706101115147
  ],
  "blockTimestamps": [
    1706101108896,
    1706101111961,
    1706101115839,
    1706101118570
  ],
  "blockTimes": [
    1706101108,
    1706101111,
    1706101114,
    1706101117
  ],
  "blockTransactions": [
    4,
    13,
    5,
    2
  ],
  "Delays": [
    5386,
    5166,
    3944,
    3646,
    5779,
    5764,
    5393,
    4587,
    4512,
    4263,
    3269,
    3128,
    3035,
    1852,
    1821,
    1649,
    481,
    4311,
    3956,
    2879,
    2552,
    2384,
    3953,
    3423
  ],
  "Throughputs": [
    0.7426661715558857,
    2.0115962607975386,
    1.784410738908265,
    1.593625498007968
  ],
  "AverageDelays": [
    4535.5,
    3745.5882352941176,
    3625.318181818182,
    3630.5416666666665
  ]
}