{
  "transactionTimestamps": [
    1706101114062,
    1706101115881,
    1706101116645,
    1706101117404,
    1706101118023,
    1706101118754,
    1706101119360,
    1706101120099,
    1706101120551,
    1706101121186,
    1706101121463,
    1706101122115,
    1706101122811,
    1706101122950,
    1706101123463,
    1706101124299,
    1706101124344,
    1706101125555,
    1706101125786,
    1706101124687,
    1706101126856,
    1706101127258,
    1706101128330,
    1706101128314,
    1706101127075,
    1706101128444,
    1706101127973,
    1706101129770,
    1706101129908,
    1706101128039,
    1706101130913,
    1706101131179,
    1706101132389,
    1706101132419,
    1706101133535,
    1706101134031,
    1706101134850,
    1706101135546
  ],
  "blockTimestamps": [
    1706101121194,
    1706101123769,
    1706101126769,
    1706101130729,
    1706101132911,
    1706101135987
  ],
  "blockTimes": [
    1706101120,
    1706101123,
    1706101126,
    1706101129,
    1706101132,
    1706101135
  ],
  "blockTransactions": [
    5,
    4,
    6,
    12,
    3,
    8
  ],
  "Delays": [
    7132,
    5313,
    4549,
    3790,
    3171,
    5015,
    4409,
    3670,
    3218,
    5583,
    5306,
    4654,
    3958,
    3819,
    3306,
    6430,
    6385,
    5174,
    4943,
    6042,
    3873,
    3471,
    2399,
    2415,
    3654,
    2285,
    2756,
    3141,
    3003,
    4872,
    5074,
    4808,
    3598,
    3568,
    2452,
    1956,
    1137,
    441
  ],
  "Throughputs": [
    0.7010656197420079,
    0.9271659627073245,
    1.1804517195246713,
    1.6199676006479868,
    1.5915963711602736,
    1.7331812998859748
  ],
  "AverageDelays": [
    4791,
    4474.111111111111,
    4459.533333333334,
    4322.962962962963,
    4257.866666666667,
    3967.6315789473683
  ]
}