{
  "transactionTimestamps": [
    1706100889131,
    1706100889770,
    1706100889771,
    1706100890486,
    1706100890549,
    1706100890579,
    1706100891244,
    1706100891246,
    1706100891725,
    1706100891978,
    1706100892503,
    1706100892644,
    1706100892909,
    1706100893509,
    1706100891914,
    1706100893882,
    1706100893944,
    1706100894176,
    1706100894846,
    1706100895358,
    1706100895373,
    1706100895774,
    1706100896080,
    1706100896423,
    1706100896439,
    1706100896494,
    1706100896632,
    1706100895003,
    1706100897444,
    1706100897586,
    1706100897696,
    1706100897897,
    1706100897897,
    1706100898209,
    1706100899048,
    1706100899080,
    1706100899127,
    1706100899406,
    1706100899514,
    1706100898988,
    1706100898519,
    1706100900211,
    1706100900260,
    1706100900445,
    1706100900755,
    1706100900940,
    1706100901451,
    1706100901744,
    1706100901870,
    1706100902224,
    1706100902364,
    1706100902520,
    1706100901498,
    1706100903203,
    1706100903235,
    1706100903499,
    1706100903637,
    1706100904166,
    1706100902738,
    1706100904760,
    1706100905750,
    1706100904804,
    1706100906001,
    1706100904570,
    1706100905736,
    1706100907077,
    1706100907263
  ],
  "blockTimestamps": [
    1706100897373,
    1706100898900,
    1706100902300,
    1706100905419,
    1706100910778
  ],
  "blockTimes": [
    1706100895,
    1706100898,
    1706100901,
    1706100904,
    1706100910
  ],
  "blockTransactions": [
    21,
    5,
    21,
    13,
    7
  ],
  "Delays": [
    8242,
    7603,
    7602,
    6887,
    6824,
    6794,
    6129,
    6127,
    5648,
    5395,
    4870,
    4729,
    4464,
    3864,
    5459,
    3491,
    3429,
    3197,
    2527,
    2015,
    2000,
    3126,
    2820,
    2477,
    2461,
    2406,
    5668,
    7297,
    4856,
    4714,
    4604,
    4403,
    4403,
    4091,
    3252,
    3220,
    3173,
    2894,
    2786,
    3312,
    3781,
    2089,
    2040,
    1855,
    1545,
    1360,
    849,
    3675,
    3549,
    3195,
    3055,
    2899,
    3921,
    2216,
    2184,
    1920,
    1782,
    1253,
    2681,
    659,
    5028,
    5974,
    4777,
    6208,
    5042,
    3701,
    3515
  ],
  "Throughputs": [
    2.5479252608590146,
    2.6614801924454907,
    3.568987774318475,
    3.6836935166994107,
    3.0951171062964846
  ],
  "AverageDelays": [
    5109.333333333333,
    4637.923076923077,
    4101.659574468085,
    3762.7833333333333,
    3880.776119402985
  ]
}