{
  "transactionTimestamps": [
    1706101040877,
    1706101041016,
    1706101041158,
    1706101042450,
    1706101042464,
    1706101042819,
    1706101043795,
    1706101043969,
    1706101044277,
    1706101044990,
    1706101045376,
    1706101045745,
    1706101046147,
    1706101046551,
    1706101046754,
    1706101047018,
    1706101047470,
    1706101047812,
    1706101048494,
    1706101048697,
    1706101049019,
    1706101049899,
    1706101049975,
    1706101050413,
    1706101051516,
    1706101052045,
    1706101052745,
    1706101051406,
    1706101053307,
    1706101054005,
    1706101054451,
    1706101055535,
    1706101055676,
    1706101056139,
    1706101056935,
    1706101057185
  ],
  "blockTimestamps": [
    1706101046299,
    1706101051771,
    1706101054810,
    1706101059028
  ],
  "blockTimes": [
    1706101045,
    1706101051,
    1706101054,
    1706101057
  ],
  "blockTransactions": [
    12,
    7,
    6,
    11
  ],
  "Delays": [
    5422,
    5283,
    5141,
    3849,
    3835,
    3480,
    2504,
    2330,
    2022,
    1309,
    923,
    554,
    5624,
    5220,
    5017,
    4753,
    4301,
    3959,
    3277,
    6113,
    5791,
    4911,
    4835,
    4397,
    3294,
    6983,
    6283,
    7622,
    5721,
    5023,
    4577,
    3493,
    3352,
    2889,
    2093,
    1843
  ],
  "Throughputs": [
    2.213205459240133,
    1.744079309711768,
    1.7943012990741405,
    1.9833617982480305
  ],
  "AverageDelays": [
    3054.3333333333335,
    3621.2105263157896,
    3925.76,
    4111.75
  ]
}