{
  "transactionTimestamps": [
    1706101013818,
    1706101013878,
    1706101015147,
    1706101015192,
    1706101016122,
    1706101016323,
    1706101016338,
    1706101017590,
    1706101017590,
    1706101015845,
    1706101017354,
    1706101018946,
    1706101019008,
    1706101020169,
    1706101020563,
    1706101019967,
    1706101021220,
    1706101021607,
    1706101021978,
    1706101022738,
    1706101022799,
    1706101023230,
    1706101024162,
    1706101024377,
    1706101024625,
    1706101023135,
    1706101025612,
    1706101025643
  ],
  "blockTimestamps": [
    1706101018768,
    1706101022516,
    1706101025285,
    1706101029142
  ],
  "blockTimes": [
    1706101018,
    1706101021,
    1706101024,
    1706101027
  ],
  "blockTransactions": [
    4,
    13,
    2,
    9
  ],
  "Delays": [
    4950,
    4890,
    3621,
    3576,
    6394,
    6193,
    6178,
    4926,
    4926,
    6671,
    5162,
    3570,
    3508,
    2347,
    1953,
    2549,
    1296,
    3678,
    3307,
    6404,
    6343,
    5912,
    4980,
    4765,
    4517,
    6007,
    3530,
    3499
  ],
  "Throughputs": [
    0.8080808080808081,
    1.95447229248103,
    1.6569285776576261,
    1.8271991647089534
  ],
  "AverageDelays": [
    4259.25,
    4277.058823529412,
    4194.473684210527,
    4487.571428571428
  ]
}