{
  "transactionTimestamps": [
    1706100907637,
    1706100908352,
    1706100908544,
    1706100907514,
    1706100908772,
    1706100908788,
    1706100909053,
    1706100909895,
    1706100910206,
    1706100910237,
    1706100910358,
    1706100911088,
    1706100910030,
    1706100911491,
    1706100911661,
    1706100911724,
    1706100911864,
    1706100912299,
    1706100912701,
    1706100912873,
    1706100913103,
    1706100913539,
    1706100914257,
    1706100914304,
    1706100914364,
    1706100912984,
    1706100914739,
    1706100915466,
    1706100915510,
    1706100915988,
    1706100916163,
    1706100916661,
    1706100917360,
    1706100917591,
    1706100918011,
    1706100918675,
    1706100918787,
    1706100916942,
    1706100919189,
    1706100919950,
    1706100920185,
    1706100920572,
    1706100921163,
    1706100920029,
    1706100921207,
    1706100921450,
    1706100921812,
    1706100922473,
    1706100922623,
    1706100922670
  ],
  "blockTimestamps": [
    1706100914383,
    1706100917377,
    1706100922892,
    1706100925774
  ],
  "blockTimes": [
    1706100913,
    1706100916,
    1706100922,
    1706100925
  ],
  "blockTransactions": [
    22,
    10,
    7,
    11
  ],
  "Delays": [
    6746,
    6031,
    5839,
    6869,
    5611,
    5595,
    5330,
    4488,
    4177,
    4146,
    4025,
    3295,
    4353,
    2892,
    2722,
    2659,
    2519,
    2084,
    1682,
    1510,
    1280,
    844,
    3120,
    3073,
    3013,
    4393,
    2638,
    1911,
    1867,
    1389,
    1214,
    716,
    5532,
    5301,
    4881,
    4217,
    4105,
    5950,
    3703,
    5824,
    5589,
    5202,
    4611,
    5745,
    4567,
    4324,
    3962,
    3301,
    3151,
    3104
  ],
  "Throughputs": [
    3.261191817373258,
    3.2854209445585214,
    2.55653883972468,
    2.7567955009097425
  ],
  "AverageDelays": [
    3849.8636363636365,
    3375.96875,
    3633.846153846154,
    3822
  ]
}