{
  "transactionTimestamps": [
    1706101058532,
    1706101058392,
    1706101059993,
    1706101060041,
    1706101061163,
    1706101061410,
    1706101062808,
    1706101062950,
    1706101063978,
    1706101064087,
    1706101064347,
    1706101062529,
    1706101065426,
    1706101065442,
    1706101065926,
    1706101065525,
    1706101066855,
    1706101067041,
    1706101067241,
    1706101068453,
    1706101068578,
    1706101068767
  ],
  "blockTimestamps": [
    1706101064463,
    1706101067509,
    1706101072893
  ],
  "blockTimes": [
    1706101063,
    1706101066,
    1706101072
  ],
  "blockTransactions": [
    5,
    13,
    4
  ],
  "Delays": [
    5931,
    6071,
    4470,
    4422,
    3300,
    6099,
    4701,
    4559,
    3531,
    3422,
    3162,
    4980,
    2083,
    2067,
    1583,
    1984,
    654,
    468,
    5652,
    4440,
    4315,
    4126
  ],
  "Throughputs": [
    0.8430281571404484,
    2.0051242063050014,
    1.5319267460483252
  ],
  "AverageDelays": [
    4838.8,
    3527.0555555555557,
    3728.181818181818
  ]
}