{
  "transactionTimestamps": [
    1706100797994,
    1706100800017,
    1706100799677,
    1706100801061,
    1706100801638,
    1706100802357,
    1706100803045,
    1706100803842,
    1706100804198,
    1706100805222,
    1706100805592,
    1706100806043,
    1706100806614,
    1706100806787,
    1706100807458,
    1706100807771,
    1706100807926,
    1706100808813,
    1706100809143,
    1706100809423,
    1706100810341,
    1706100810544,
    1706100810760,
    1706100811726,
    1706100811834,
    1706100812239,
    1706100813294,
    1706100813702,
    1706100814881,
    1706100814896,
    1706100813299,
    1706100816109,
    1706100816438
  ],
  "blockTimestamps": [
    1706100807024,
    1706100809449,
    1706100813360,
    1706100815499,
    1706100817777,
    1706100820786
  ],
  "blockTimes": [
    1706100805,
    1706100808,
    1706100811,
    1706100814,
    1706100817,
    1706100820
  ],
  "blockTransactions": [
    10,
    2,
    11,
    3,
    5,
    2
  ],
  "Delays": [
    9030,
    7007,
    7347,
    5963,
    5386,
    4667,
    3979,
    3182,
    2826,
    1802,
    3857,
    3406,
    6746,
    6573,
    5902,
    5589,
    5434,
    4547,
    4217,
    3937,
    3019,
    2816,
    2600,
    3773,
    3665,
    3260,
    4483,
    4075,
    2896,
    2881,
    4478,
    4677,
    4348
  ],
  "Throughputs": [
    1.1074197120708749,
    1.0475774770842428,
    1.4968111414811922,
    1.485289917166524,
    1.5670019713895769,
    1.4478764478764479
  ],
  "AverageDelays": [
    5118.9,
    4871,
    4775.304347826087,
    4635.7692307692305,
    4494.935483870968,
    4496
  ]
}