{
  "transactionTimestamps": [
    1706100923213,
    1706100923945,
    1706100924023,
    1706100924660,
    1706100924002,
    1706100925357,
    1706100925449,
    1706100925938,
    1706100926898,
    1706100927240,
    1706100926093,
    1706100928315,
    1706100926821,
    1706100928703,
    1706100929756,
    1706100929896,
    1706100931193,
    1706100931226,
    1706100930358,
    1706100932640,
    1706100932717,
    1706100933941,
    1706100934174,
    1706100934938,
    1706100935417,
    1706100935540,
    1706100936528,
    1706100936762,
    1706100937149
  ],
  "blockTimestamps": [
    1706100928772,
    1706100932137,
    1706100937882
  ],
  "blockTimes": [
    1706100928,
    1706100931,
    1706100937
  ],
  "blockTransactions": [
    7,
    11,
    11
  ],
  "Delays": [
    5559,
    4827,
    4749,
    4112,
    4770,
    3415,
    3323,
    6199,
    5239,
    4897,
    6044,
    3822,
    5316,
    3434,
    2381,
    2241,
    944,
    911,
    7524,
    5242,
    5165,
    3941,
    3708,
    2944,
    2465,
    2342,
    1354,
    1120,
    733
  ],
  "Throughputs": [
    1.2592192840438927,
    2.0170327207530256,
    1.9769582111936737
  ],
  "AverageDelays": [
    4393.571428571428,
    4010.1666666666665,
    3749
  ]
}