{
  "transactionTimestamps": [
    1706100878531,
    1706100878710,
    1706100878875,
    1706100879407,
    1706100879809,
    1706100879864,
    1706100880040,
    1706100878642,
    1706100878145,
    1706100880736,
    1706100881075,
    1706100881212,
    1706100881289,
    1706100882144,
    1706100881076,
    1706100882360,
    1706100881337,
    1706100882702,
    1706100882700,
    1706100883415,
    1706100883835,
    1706100883943,
    1706100884314,
    1706100883508,
    1706100884798,
    1706100884795,
    1706100883432,
    1706100885399,
    1706100885445,
    1706100885445,
    1706100885678,
    1706100886145,
    1706100886149,
    1706100884364,
    1706100886701,
    1706100886985,
    1706100887047,
    1706100887063,
    1706100887619,
    1706100887712,
    1706100887911,
    1706100888235,
    1706100888388,
    1706100888419,
    1706100889163,
    1706100889334,
    1706100889459
  ],
  "blockTimestamps": [
    1706100884465,
    1706100889789,
    1706100892775
  ],
  "blockTimes": [
    1706100883,
    1706100889,
    1706100892
  ],
  "blockTransactions": [
    22,
    13,
    12
  ],
  "Delays": [
    5934,
    5755,
    5590,
    5058,
    4656,
    4601,
    4425,
    5823,
    6320,
    3729,
    3390,
    3253,
    3176,
    2321,
    3389,
    2105,
    3128,
    1763,
    1765,
    1050,
    630,
    522,
    5475,
    6281,
    4991,
    4994,
    6357,
    4390,
    4344,
    4344,
    4111,
    3644,
    3640,
    5425,
    3088,
    5790,
    5728,
    5712,
    5156,
    5063,
    4864,
    4540,
    4387,
    4356,
    3612,
    3441,
    3316
  ],
  "Throughputs": [
    3.707448601280755,
    3.1089003375377513,
    3.2996349340073015
  ],
  "AverageDelays": [
    3562.8636363636365,
    3984.7714285714287,
    4158.127659574468
  ]
}