{
  "transactionTimestamps": [
    1706100863694,
    1706100863957,
    1706100864220,
    1706100865152,
    1706100865244,
    1706100865446,
    1706100866068,
    1706100866069,
    1706100866581,
    1706100866596,
    1706100866768,
    1706100867578,
    1706100867640,
    1706100868059,
    1706100868329,
    1706100869022,
    1706100869216,
    1706100869240,
    1706100869879,
    1706100870348,
    1706100870441,
    1706100870551,
    1706100869820,
    1706100871453,
    1706100871480,
    1706100871625,
    1706100871905,
    1706100872853,
    1706100872993,
    1706100873056,
    1706100873101,
    1706100874078,
    1706100874281,
    1706100874420,
    1706100874633,
    1706100875475,
    1706100875912,
    1706100876033,
    1706100875546,
    1706100875599,
    1706100877060,
    1706100877448,
    1706100877556
  ],
  "blockTimestamps": [
    1706100866548,
    1706100869297,
    1706100871778,
    1706100874768,
    1706100878600
  ],
  "blockTimes": [
    1706100865,
    1706100868,
    1706100871,
    1706100874,
    1706100877
  ],
  "blockTransactions": [
    6,
    2,
    8,
    9,
    18
  ],
  "Delays": [
    2854,
    2591,
    2328,
    1396,
    1304,
    1102,
    3229,
    3228,
    5197,
    5182,
    5010,
    4200,
    4138,
    3719,
    3449,
    2756,
    5552,
    5528,
    4889,
    4420,
    4327,
    4217,
    4948,
    3315,
    3288,
    6975,
    6695,
    5747,
    5607,
    5544,
    5499,
    4522,
    4319,
    4180,
    3967,
    3125,
    2688,
    2567,
    3054,
    3001,
    1540,
    1152,
    1044
  ],
  "Throughputs": [
    2.102312543798178,
    1.427806532214885,
    1.9792182088075212,
    2.257540184215279,
    2.884744398228901
  ],
  "AverageDelays": [
    1929.1666666666667,
    2254,
    3230.1875,
    3686.68,
    3799.8372093023254
  ]
}