{
  "transactionTimestamps": [
    1706101026222,
    1706101027013,
    1706101027788,
    1706101028437,
    1706101026811,
    1706101029118,
    1706101029704,
    1706101030579,
    1706101031041,
    1706101031135,
    1706101031210,
    1706101030027,
    1706101031808,
    1706101032455,
    1706101032501,
    1706101032574,
    1706101033057,
    1706101033872,
    1706101033888,
    1706101033950,
    1706101035055,
    1706101035321,
    1706101035336,
    1706101034449,
    1706101036191,
    1706101036652,
    1706101036841,
    1706101038032,
    1706101038328,
    1706101038407,
    1706101037290,
    1706101039634,
    1706101039649,
    1706101039778
  ],
  "blockTimestamps": [
    1706101031558,
    1706101036789,
    1706101040202,
    1706101043756
  ],
  "blockTimes": [
    1706101030,
    1706101036,
    1706101039,
    1706101042
  ],
  "blockTransactions": [
    11,
    6,
    14,
    3
  ],
  "Delays": [
    5336,
    4545,
    3770,
    3121,
    4747,
    2440,
    1854,
    979,
    517,
    423,
    348,
    6762,
    4981,
    4334,
    4288,
    4215,
    3732,
    6330,
    6314,
    6252,
    5147,
    4881,
    4866,
    5753,
    4011,
    3550,
    3361,
    2170,
    1874,
    1795,
    2912,
    4122,
    4107,
    3978
  ],
  "Throughputs": [
    2.0614692653673163,
    1.6087820573483487,
    2.217453505007153,
    1.939089768449869
  ],
  "AverageDelays": [
    2552.7272727272725,
    3317.176470588235,
    3729.2903225806454,
    3759.264705882353
  ]
}