{
  "transactionTimestamps": [
    1706100845742,
    1706100845971,
    1706100846049,
    1706100847324,
    1706100847419,
    1706100847465,
    1706100848618,
    1706100848695,
    1706100848884,
    1706100850122,
    1706100850231,
    1706100850261,
    1706100851059,
    1706100851059,
    1706100851554,
    1706100851614,
    1706100851877,
    1706100852445,
    1706100852631,
    1706100852888,
    1706100853085,
    1706100853372,
    1706100854013,
    1706100854385,
    1706100854478,
    1706100854649,
    1706100855195,
    1706100853858,
    1706100855600,
    1706100856158,
    1706100856560,
    1706100856901,
    1706100857384,
    1706100857551,
    1706100857985,
    1706100858138,
    1706100858669,
    1706100858716,
    1706100859198,
    1706100859604,
    1706100860081,
    1706100860299,
    1706100860653,
    1706100860992,
    1706100861443,
    1706100862293,
    1706100862557,
    1706100862824
  ],
  "blockTimestamps": [
    1706100851419,
    1706100853780,
    1706100856781,
    1706100860196,
    1706100863187
  ],
  "blockTimes": [
    1706100850,
    1706100853,
    1706100856,
    1706100859,
    1706100862
  ],
  "blockTransactions": [
    12,
    2,
    8,
    17,
    9
  ],
  "Delays": [
    5677,
    5448,
    5370,
    4095,
    4000,
    3954,
    2801,
    2724,
    2535,
    1297,
    1188,
    1158,
    2721,
    2721,
    5227,
    5167,
    4904,
    4336,
    4150,
    3893,
    3696,
    3409,
    6183,
    5811,
    5718,
    5547,
    5001,
    6338,
    4596,
    4038,
    3636,
    3295,
    2812,
    2645,
    2211,
    2058,
    1527,
    1480,
    998,
    3583,
    3106,
    2888,
    2534,
    2195,
    1744,
    894,
    630,
    363
  ],
  "Throughputs": [
    2.1137924960366394,
    1.7417267977108732,
    1.9929341425853793,
    2.69821502698215,
    2.751504729148753
  ],
  "AverageDelays": [
    3353.9166666666665,
    3263.5,
    3657.7727272727275,
    3701.6666666666665,
    3381.2916666666665
  ]
}