{
  "transactionTimestamps": [
    1706100776026,
    1706100776032,
    1706100777378,
    1706100777347,
    1706100778517,
    1706100778667,
    1706100780081,
    1706100780206,
    1706100781235,
    1706100781746,
    1706100782603,
    1706100783089,
    1706100784105,
    1706100784447,
    1706100785285,
    1706100785844,
    1706100786653,
    1706100786996,
    1706100785732
  ],
  "blockTimestamps": [
    1706100779349,
    1706100781774,
    1706100784769,
    1706100788627
  ],
  "blockTimes": [
    1706100778,
    1706100781,
    1706100784,
    1706100787
  ],
  "blockTransactions": [
    2,
    4,
    3,
    10
  ],
  "Delays": [
    3323,
    3317,
    4396,
    4427,
    3257,
    3107,
    4688,
    4563,
    3534,
    6881,
    6024,
    5538,
    4522,
    4180,
    3342,
    2783,
    1974,
    1631,
    2895
  ],
  "Throughputs": [
    0.6018657839301835,
    1.04384133611691,
    1.0293949445270503,
    1.5078168399333385
  ],
  "AverageDelays": [
    3320,
    3637.8333333333335,
    3845.777777777778,
    3914.842105263158
  ]
}