{
  "transactionTimestamps": [
    1706100967678,
    1706100966379,
    1706100967584,
    1706100969098,
    1706100970514,
    1706100969890,
    1706100971108,
    1706100971262,
    1706100971868,
    1706100972675,
    1706100973091,
    1706100972474,
    1706100974129,
    1706100974668,
    1706100973182,
    1706100975656,
    1706100976160,
    1706100976300,
    1706100977084,
    1706100977474,
    1706100977675,
    1706100978652,
    1706100978917,
    1706100978932
  ],
  "blockTimestamps": [
    1706100971176,
    1706100974781,
    1706100977757,
    1706100979764,
    1706100983383
  ],
  "blockTimes": [
    1706100970,
    1706100973,
    1706100976,
    1706100979,
    1706100982
  ],
  "blockTransactions": [
    5,
    7,
    6,
    2,
    4
  ],
  "Delays": [
    3498,
    4797,
    3592,
    2078,
    662,
    4891,
    3673,
    3519,
    2913,
    2106,
    1690,
    2307,
    3628,
    3089,
    4575,
    2101,
    1597,
    1457,
    2680,
    2290,
    5708,
    4731,
    4466,
    4451
  ],
  "Throughputs": [
    1.4293882218410519,
    1.689427002674926,
    1.7858914574858615,
    1.6548072149594573,
    1.5281757402101241
  ],
  "AverageDelays": [
    2925.4,
    2977.1666666666665,
    2898.5,
    2857.15,
    3187.4583333333335
  ]
}