{
  "transactionTimestamps": [
    1706100997983,
    1706100998382,
    1706100999377,
    1706100999632,
    1706101000779,
    1706101001245,
    1706101001120,
    1706101002219,
    1706101002653,
    1706101003779,
    1706101004150,
    1706101004508,
    1706101003347,
    1706101005379,
    1706101005425,
    1706101005999,
    1706101006649,
    1706101006881,
    1706101007363,
    1706101007918,
    1706101006525,
    1706101008459,
    1706101008640,
    1706101009264,
    1706101009777,
    1706101009948,
    1706101010893,
    1706101011128,
    1706101012550,
    1706101012658
  ],
  "blockTimestamps": [
    1706101004562,
    1706101007173,
    1706101010192,
    1706101015777
  ],
  "blockTimes": [
    1706101003,
    1706101006,
    1706101009,
    1706101015
  ],
  "blockTransactions": [
    9,
    2,
    15,
    4
  ],
  "Delays": [
    6579,
    6180,
    5185,
    4930,
    3783,
    3317,
    3442,
    2343,
    1909,
    3394,
    3023,
    5684,
    6845,
    4813,
    4767,
    4193,
    3543,
    3311,
    2829,
    2274,
    3667,
    1733,
    1552,
    928,
    415,
    244,
    4884,
    4649,
    3227,
    3119
  ],
  "Throughputs": [
    1.3679890560875514,
    1.1969532100108815,
    2.129576541895323,
    1.6859615600764302
  ],
  "AverageDelays": [
    4185.333333333333,
    4007.7272727272725,
    3495.5,
    3558.733333333333
  ]
}