{
  "transactionTimestamps": [
    1706100788302,
    1706100788584,
    1706100789750,
    1706100790139,
    1706100791030,
    1706100791262,
    1706100791525,
    1706100792466,
    1706100792650,
    1706100792747,
    1706100793884,
    1706100794005,
    1706100794101,
    1706100795703,
    1706100795796,
    1706100795578,
    1706100797059,
    1706100797276,
    1706100798768,
    1706100798768,
    1706100799486
  ],
  "blockTimestamps": [
    1706100791664,
    1706100794756,
    1706100797152,
    1706100799882,
    1706100802774
  ],
  "blockTimes": [
    1706100790,
    1706100793,
    1706100796,
    1706100799,
    1706100802
  ],
  "blockTransactions": [
    6,
    1,
    6,
    3,
    5
  ],
  "Delays": [
    3362,
    3080,
    1914,
    1525,
    634,
    402,
    3231,
    4686,
    4502,
    4405,
    3268,
    3147,
    3051,
    4179,
    4086,
    4304,
    5715,
    5498,
    4006,
    4006,
    3288
  ],
  "Throughputs": [
    1.784651992861392,
    1.0845986984815619,
    1.4689265536723164,
    1.381692573402418,
    1.451077943615257
  ],
  "AverageDelays": [
    1819.5,
    2021.142857142857,
    2862.076923076923,
    3111,
    3442.3333333333335
  ]
}