{
  "transactionTimestamps": [
    1706100937983,
    1706100938025,
    1706100938545,
    1706100939303,
    1706100939607,
    1706100940059,
    1706100940879,
    1706100941094,
    1706100941095,
    1706100941186,
    1706100941571,
    1706100942065,
    1706100942331,
    1706100942515,
    1706100942744,
    1706100941528,
    1706100942836,
    1706100941188,
    1706100943436,
    1706100943759,
    1706100943882,
    1706100944113,
    1706100944160,
    1706100944900,
    1706100945334,
    1706100945442,
    1706100945581,
    1706100943745,
    1706100946494,
    1706100946775,
    1706100945193,
    1706100947106,
    1706100946402,
    1706100947955,
    1706100947971,
    1706100948452,
    1706100949538,
    1706100948282,
    1706100949632,
    1706100949634,
    1706100950202
  ],
  "blockTimestamps": [
    1706100941443,
    1706100943798,
    1706100946782,
    1706100950710,
    1706100953047
  ],
  "blockTimes": [
    1706100940,
    1706100943,
    1706100946,
    1706100949,
    1706100952
  ],
  "blockTransactions": [
    6,
    4,
    9,
    18,
    4
  ],
  "Delays": [
    3460,
    3418,
    2898,
    2140,
    1836,
    1384,
    2919,
    2704,
    2703,
    2612,
    5211,
    4717,
    4451,
    4267,
    4038,
    5254,
    3946,
    5594,
    3346,
    6951,
    6828,
    6597,
    6550,
    5810,
    5376,
    5268,
    5129,
    6965,
    4216,
    3935,
    5517,
    3604,
    4308,
    2755,
    2739,
    2258,
    1172,
    4765,
    3415,
    3413,
    2845
  ],
  "Throughputs": [
    1.7341040462427746,
    1.7196904557179706,
    2.15933628821457,
    2.9072051543961654,
    2.7217206585236324
  ],
  "AverageDelays": [
    2522.6666666666665,
    2607.4,
    3520.9473684210525,
    4131.783783783784,
    4080.829268292683
  ]
}