{
  "transactionTimestamps": [
    1706180191397,
    1706180197044,
    1706180197044,
    1706180197045,
    1706180197045,
    1706180198351,
    1706180198616,
    1706180198647,
    1706180198741,
    1706180198087,
    1706180199915,
    1706180199958,
    1706180199958,
    1706180200270,
    1706180201171,
    1706180201406,
    1706180201498,
    1706180201655,
    1706180202760,
    1706180202806,
    1706180202913,
    1706180203039,
    1706180204192,
    1706180204300,
    1706180204376,
    1706180204520,
    1706180205703,
    1706180205736,
    1706180205857,
    1706180205935,
    1706180206986,
    1706180207126,
    1706180207345,
    1706180207580,
    1706180208154,
    1706180208994,
    1706180209429,
    1706180210173,
    1706180210893
  ],
  "blockTimestamps": [
    1706180197204,
    1706180203258,
    1706180206211,
    1706180209206,
    1706180212213,
    1706180215214
  ],
  "blockTimes": [
    1706180197,
    1706180203,
    1706180206,
    1706180209,
    1706180212,
    1706180215
  ],
  "blockTransactions": [
    1,
    12,
    8,
    9,
    6,
    3
  ],
  "Delays": [
    5807,
    6214,
    6214,
    6213,
    6213,
    4907,
    4642,
    4611,
    4517,
    5171,
    3343,
    3300,
    3300,
    5941,
    5040,
    4805,
    4713,
    4556,
    3451,
    3405,
    3298,
    6167,
    5014,
    4906,
    4830,
    4686,
    3503,
    3470,
    3349,
    3271,
    5227,
    5087,
    4868,
    4633,
    4059,
    3219,
    5785,
    5041,
    4321
  ],
  "Throughputs": [
    0.17220595832615807,
    1.0960290026136075,
    1.4175779667881734,
    1.6845415239485653,
    1.7294388931591085,
    1.637485829449553
  ],
  "AverageDelays": [
    5807,
    4957.846153846154,
    4745.761904761905,
    4628.566666666667,
    4609.722222222223,
    4643.51282051282
  ]
}