{
  "transactionTimestamps": [
    1706180117740,
    1706180117737,
    1706180117767,
    1706180119095,
    1706180119390,
    1706180117765,
    1706180120433,
    1706180119296,
    1706180120982,
    1706180121979,
    1706180122323,
    1706180123557,
    1706180123731,
    1706180124445,
    1706180124926,
    1706180125035,
    1706180125145,
    1706180125009,
    1706180126421,
    1706180126468,
    1706180125906,
    1706180127619,
    1706180126062,
    1706180126468,
    1706180128772,
    1706180127574,
    1706180130411
  ],
  "blockTimestamps": [
    1706180122215,
    1706180125211,
    1706180128213,
    1706180131213,
    1706180134216
  ],
  "blockTimes": [
    1706180122,
    1706180125,
    1706180128,
    1706180131,
    1706180134
  ],
  "blockTransactions": [
    3,
    7,
    5,
    8,
    4
  ],
  "Delays": [
    4475,
    4478,
    4448,
    6116,
    5821,
    7446,
    4778,
    5915,
    4229,
    3232,
    5890,
    4656,
    4482,
    3768,
    3287,
    6178,
    6068,
    6204,
    4792,
    4745,
    5307,
    3594,
    5151,
    7748,
    5444,
    6642,
    3805
  ],
  "Throughputs": [
    0.670391061452514,
    1.3385089010841922,
    1.4322543683758235,
    1.7071179395828693,
    1.6387472687545521
  ],
  "AverageDelays": [
    4467,
    5093.8,
    4868.066666666667,
    5002.608695652174,
    5137
  ]
}