{
  "transactionTimestamps": [
    1706180452681,
    1706180454210,
    1706180455723,
    1706180456842,
    1706180457157,
    1706180457158,
    1706180458379,
    1706180458425,
    1706180459879,
    1706180461433,
    1706180462834,
    1706180464389,
    1706180464530,
    1706180465643,
    1706180465673,
    1706180465157,
    1706180467126,
    1706180467218,
    1706180468607,
    1706180470102,
    1706180471548
  ],
  "blockTimestamps": [
    1706180458192,
    1706180461182,
    1706180464186,
    1706180467180,
    1706180470183,
    1706180473187,
    1706180476181
  ],
  "blockTimes": [
    1706180458,
    1706180461,
    1706180464,
    1706180467,
    1706180470,
    1706180473,
    1706180476
  ],
  "blockTransactions": [
    2,
    4,
    3,
    2,
    5,
    3,
    2
  ],
  "Delays": [
    5511,
    3982,
    5459,
    4340,
    4025,
    4024,
    5807,
    5761,
    4307,
    5747,
    4346,
    5794,
    5653,
    4540,
    4510,
    5026,
    6061,
    5969,
    4580,
    6079,
    4633
  ],
  "Throughputs": [
    0.3629105425512611,
    0.7057993177273263,
    0.7822685788787483,
    0.7586730119318573,
    0.9141812364301223,
    0.9265580805617868,
    0.8936170212765957
  ],
  "AverageDelays": [
    4746.5,
    4556.833333333333,
    4801.777777777777,
    4846.272727272727,
    4927,
    5023.263157894737,
    5054.952380952381
  ]
}