{
  "transactionTimestamps": [
    1706180332220,
    1706180337106,
    1706180337106,
    1706180337106,
    1706180338492,
    1706180337060,
    1706180338742,
    1706180339641,
    1706180340305,
    1706180341881,
    1706180340979,
    1706180343021,
    1706180343005,
    1706180344472,
    1706180344502,
    1706180345619,
    1706180343725,
    1706180345792,
    1706180347020,
    1706180347190,
    1706180347252,
    1706180348404,
    1706180349697,
    1706180347952,
    1706180348622,
    1706180351131
  ],
  "blockTimestamps": [
    1706180338188,
    1706180341180,
    1706180344198,
    1706180347188,
    1706180350193,
    1706180353194,
    1706180356185
  ],
  "blockTimes": [
    1706180338,
    1706180341,
    1706180344,
    1706180347,
    1706180350,
    1706180353,
    1706180356
  ],
  "blockTransactions": [
    1,
    2,
    6,
    4,
    6,
    5,
    2
  ],
  "Delays": [
    5968,
    4074,
    4074,
    7092,
    5706,
    7138,
    5456,
    4557,
    3893,
    5307,
    6209,
    4167,
    4183,
    5721,
    5691,
    4574,
    6468,
    4401,
    3173,
    6004,
    5942,
    4790,
    3497,
    5242,
    7563,
    5054
  ],
  "Throughputs": [
    0.1675603217158177,
    0.33482142857142855,
    0.7513775254633495,
    0.8685195082843399,
    1.0571412674567406,
    1.1442738628778488,
    1.0849155017734196
  ],
  "AverageDelays": [
    5968,
    4705.333333333333,
    5328.666666666667,
    5217.2307692307695,
    5150.105263157895,
    5138.625,
    5228.615384615385
  ]
}