{
  "transactionTimestamps": [
    1706180173611,
    1706180175154,
    1706180174297,
    1706180176352,
    1706180177037,
    1706180177039,
    1706180177627,
    1706180178343,
    1706180178703,
    1706180179044,
    1706180179667,
    1706180179961,
    1706180180401,
    1706180180511,
    1706180181183,
    1706180181806,
    1706180180853,
    1706180182431,
    1706180181135,
    1706180183693,
    1706180185271,
    1706180186861,
    1706180187265,
    1706180188559,
    1706180189933,
    1706180188000
  ],
  "blockTimestamps": [
    1706180179209,
    1706180182226,
    1706180185213,
    1706180188210,
    1706180191214,
    1706180194809
  ],
  "blockTimes": [
    1706180179,
    1706180182,
    1706180185,
    1706180188,
    1706180191,
    1706180194
  ],
  "blockTransactions": [
    3,
    6,
    7,
    4,
    3,
    3
  ],
  "Delays": [
    5598,
    4055,
    4912,
    5874,
    5189,
    5187,
    4599,
    3883,
    3523,
    6169,
    5546,
    5252,
    4812,
    4702,
    4030,
    3407,
    7357,
    5779,
    7075,
    4517,
    5943,
    4353,
    3949,
    6250,
    4876,
    6809
  ],
  "Throughputs": [
    0.5359056806002144,
    1.044689495066744,
    1.3790725736941907,
    1.3699568463593397,
    1.3065954666818156,
    1.2265308047929049
  ],
  "AverageDelays": [
    4855,
    4757.777777777777,
    4796.125,
    5073.3,
    5030.913043478261,
    5140.2307692307695
  ]
}