{
  "transactionTimestamps": [
    1706180152209,
    1706180152756,
    1706180153007,
    1706180153769,
    1706180154408,
    1706180153069,
    1706180153458,
    1706180155312,
    1706180153537,
    1706180155751,
    1706180154566,
    1706180154596,
    1706180156765,
    1706180157029,
    1706180157030,
    1706180157029,
    1706180158308,
    1706180158478,
    1706180157147,
    1706180159584,
    1706180159847,
    1706180160803,
    1706180160986,
    1706180161237,
    1706180162157,
    1706180162220,
    1706180162516,
    1706180162532,
    1706180161566,
    1706180163000,
    1706180163373,
    1706180163482,
    1706180164013,
    1706180164029,
    1706180164637,
    1706180164683,
    1706180163455,
    1706180163701,
    1706180165384,
    1706180165465,
    1706180166085,
    1706180166224,
    1706180166677,
    1706180166847,
    1706180167472,
    1706180167971,
    1706180168782,
    1706180169421,
    1706180170169,
    1706180170761,
    1706180171544,
    1706180172025,
    1706180172862
  ],
  "blockTimestamps": [
    1706180158212,
    1706180161208,
    1706180164208,
    1706180167211,
    1706180170214,
    1706180173249,
    1706180176213
  ],
  "blockTimes": [
    1706180158,
    1706180161,
    1706180164,
    1706180167,
    1706180170,
    1706180173,
    1706180176
  ],
  "blockTransactions": [
    7,
    8,
    8,
    10,
    11,
    4,
    5
  ],
  "Delays": [
    6003,
    5456,
    5205,
    4443,
    3804,
    5143,
    4754,
    5896,
    7671,
    5457,
    6642,
    6612,
    4443,
    4179,
    4178,
    7179,
    5900,
    5730,
    7061,
    4624,
    4361,
    3405,
    3222,
    5974,
    5054,
    4991,
    4695,
    4679,
    5645,
    4211,
    3838,
    3729,
    3198,
    6185,
    5577,
    5531,
    6759,
    6513,
    4830,
    4749,
    4129,
    3990,
    3537,
    3367,
    5777,
    5278,
    4467,
    3828,
    6044,
    5452,
    4669,
    4188,
    3351
  ],
  "Throughputs": [
    1.1660836248542394,
    1.6668518724302699,
    1.9168264022001833,
    2.1997067057725634,
    2.4437656206609275,
    2.2813688212927756,
    2.207965339110148
  ],
  "AverageDelays": [
    4972.571428571428,
    5325.733333333334,
    5276.869565217391,
    5072.181818181818,
    5057.931818181818,
    5039.5625,
    5011.377358490566
  ]
}