{
  "transactionTimestamps": [
    1706180354823,
    1706180355787,
    1706180357108,
    1706180357108,
    1706180357109,
    1706180356206,
    1706180358423,
    1706180358530,
    1706180358670,
    1706180359856,
    1706180359962,
    1706180359995,
    1706180361304,
    1706180361442,
    1706180361458,
    1706180362657,
    1706180362923,
    1706180362954,
    1706180363967,
    1706180364217,
    1706180363204,
    1706180364573,
    1706180365148,
    1706180365631,
    1706180366067,
    1706180366379,
    1706180366848,
    1706180367622
  ],
  "blockTimestamps": [
    1706180359198,
    1706180362191,
    1706180365188,
    1706180368192,
    1706180371182
  ],
  "blockTimes": [
    1706180359,
    1706180362,
    1706180365,
    1706180368,
    1706180371
  ],
  "blockTransactions": [
    1,
    8,
    6,
    7,
    6
  ],
  "Delays": [
    4375,
    6404,
    5083,
    5083,
    5082,
    5985,
    3768,
    3661,
    3521,
    5332,
    5226,
    5193,
    3884,
    3746,
    3730,
    5535,
    5269,
    5238,
    4225,
    3975,
    4988,
    3619,
    6034,
    5551,
    5115,
    4803,
    4334,
    3560
  ],
  "Throughputs": [
    0.22857142857142856,
    1.2214983713355048,
    1.447178002894356,
    1.6455980252823696,
    1.7115960633290541
  ],
  "AverageDelays": [
    4375,
    4773.555555555556,
    4671.533333333334,
    4678.272727272727,
    4725.678571428572
  ]
}