{
  "transactionTimestamps": [
    1706180429968,
    1706180432193,
    1706180431060,
    1706180437153,
    1706180438633,
    1706180437746,
    1706180439992,
    1706180441115,
    1706180442534,
    1706180443893,
    1706180445278,
    1706180446541,
    1706180447714,
    1706180448990,
    1706180450375,
    1706180451529
  ],
  "blockTimestamps": [
    1706180437194,
    1706180443204,
    1706180446198,
    1706180449184,
    1706180452190,
    1706180455189
  ],
  "blockTimes": [
    1706180437,
    1706180443,
    1706180446,
    1706180449,
    1706180452,
    1706180455
  ],
  "blockTransactions": [
    3,
    4,
    2,
    2,
    3,
    2
  ],
  "Delays": [
    7226,
    5001,
    6134,
    6051,
    4571,
    5458,
    3212,
    5083,
    3664,
    5291,
    3906,
    5649,
    4476,
    3200,
    4814,
    3660
  ],
  "Throughputs": [
    0.41516745087185164,
    0.5288606829857962,
    0.5545286506469501,
    0.5724396336386345,
    0.6300063000630006,
    0.634391974941517
  ],
  "AverageDelays": [
    6120.333333333333,
    5379,
    5155.555555555556,
    5054.272727272727,
    4923,
    4837.25
  ]
}