{
  "transactionTimestamps": [
    1706180377120,
    1706180377120,
    1706180378379,
    1706180378379,
    1706180379968,
    1706180379781,
    1706180381544,
    1706180382700,
    1706180384067,
    1706180385363,
    1706180385739,
    1706180386612,
    1706180386737,
    1706180391229
  ],
  "blockTimestamps": [
    1706180383214,
    1706180386194,
    1706180389185,
    1706180392191,
    1706180395189
  ],
  "blockTimes": [
    1706180383,
    1706180386,
    1706180389,
    1706180392,
    1706180395
  ],
  "blockTransactions": [
    5,
    3,
    2,
    3,
    1
  ],
  "Delays": [
    6094,
    6094,
    4835,
    4835,
    3246,
    6413,
    4650,
    3494,
    5118,
    3822,
    6452,
    5579,
    5454,
    3960
  ],
  "Throughputs": [
    0.8204791598293403,
    0.8816398501212255,
    0.8288437629506838,
    0.8625837701546015,
    0.7748076816647297
  ],
  "AverageDelays": [
    5020.8,
    4957.625,
    4860.1,
    5083.538461538462,
    5003.285714285715
  ]
}