{
  "transactionTimestamps": [
    1706180212372,
    1706180211481,
    1706180213916,
    1706180215239,
    1706180217056,
    1706180217057,
    1706180217837,
    1706180218241,
    1706180218661,
    1706180219441,
    1706180219502,
    1706180219862,
    1706180218414,
    1706180220844,
    1706180220876,
    1706180221062,
    1706180221453,
    1706180222250,
    1706180222250,
    1706180222265,
    1706180223079,
    1706180223473,
    1706180223537,
    1706180223862,
    1706180222125,
    1706180224716,
    1706180224873,
    1706180226134,
    1706180226178,
    1706180225355,
    1706180222125,
    1706180224716,
    1706180224873,
    1706180226134,
    1706180226178,
    1706180225355,
    1706180227425,
    1706180227285,
    1706180228795,
    1706180231607
  ],
  "blockTimestamps": [
    1706180218206,
    1706180221220,
    1706180224227,
    1706180227215,
    1706180230222,
    1706180230224,
    1706180233199,
    1706180236213
  ],
  "blockTimes": [
    1706180218,
    1706180221,
    1706180224,
    1706180227,
    1706180230,
    1706180230,
    1706180233,
    1706180236
  ],
  "blockTransactions": [
    3,
    4,
    8,
    9,
    6,
    6,
    2,
    2
  ],
  "Delays": [
    5834,
    6725,
    4290,
    5981,
    4164,
    4163,
    3383,
    5986,
    5566,
    4786,
    4725,
    4365,
    5813,
    3383,
    3351,
    6153,
    5762,
    4965,
    4965,
    4950,
    4136,
    3742,
    3678,
    3353,
    8097,
    5506,
    5349,
    4088,
    4044,
    4867,
    8099,
    5508,
    5351,
    4090,
    4046,
    4869,
    5774,
    5914,
    7418,
    4606
  ],
  "Throughputs": [
    0.5142269454919438,
    0.791139240506329,
    1.2652889076339098,
    1.6169238024658088,
    1.6806722689075628,
    2.0165807752632756,
    1.8245546646180437,
    1.6777819722327083
  ],
  "AverageDelays": [
    5616.333333333333,
    4934.285714285715,
    4834.333333333333,
    4759.125,
    4872.333333333333,
    4948.138888888889,
    4995.289473684211,
    5046.125
  ]
}