{
  "transactionTimestamps": [
    1706180233232,
    1706180232339,
    1706180234431,
    1706180235446,
    1706180233949,
    1706180236070,
    1706180236865,
    1706180237069,
    1706180237068,
    1706180237270,
    1706180236384,
    1706180238094,
    1706180238389,
    1706180238454,
    1706180238671,
    1706180239749,
    1706180240026,
    1706180240120,
    1706180241045,
    1706180239948,
    1706180241513,
    1706180241639,
    1706180242341,
    1706180243090,
    1706180243697,
    1706180244597,
    1706180242981,
    1706180245064,
    1706180245750,
    1706180246203,
    1706180246359,
    1706180247186,
    1706180247574,
    1706180247587,
    1706180247011,
    1706180248800,
    1706180249079,
    1706180249452,
    1706180250109,
    1706180250233,
    1706180250780
  ],
  "blockTimestamps": [
    1706180239216,
    1706180242232,
    1706180245213,
    1706180248205,
    1706180251226,
    1706180254217
  ],
  "blockTimes": [
    1706180239,
    1706180242,
    1706180245,
    1706180248,
    1706180251,
    1706180254
  ],
  "blockTransactions": [
    5,
    10,
    7,
    5,
    7,
    7
  ],
  "Delays": [
    5984,
    6877,
    4785,
    3770,
    5267,
    6162,
    5367,
    5163,
    5164,
    4962,
    5848,
    4138,
    3843,
    3778,
    3561,
    5464,
    5187,
    5093,
    4168,
    5265,
    3700,
    3574,
    5864,
    5115,
    4508,
    3608,
    5224,
    6162,
    5476,
    5023,
    4867,
    4040,
    3652,
    3639,
    7206,
    5417,
    5138,
    4765,
    4108,
    3984,
    3437
  ],
  "Throughputs": [
    0.8355614973262032,
    1.6666666666666667,
    1.836240714464569,
    1.8032458425165296,
    1.8895187284650439,
    1.9537765070288302
  ],
  "AverageDelays": [
    5336.6,
    4977.933333333333,
    4869.090909090909,
    4868.111111111111,
    4832.294117647059,
    4837.878048780488
  ]
}