{
  "transactionTimestamps": [
    1706180477166,
    1706180477167,
    1706180478318,
    1706180478490,
    1706180479534,
    1706180479949,
    1706180478380,
    1706180480886,
    1706180481464,
    1706180482324,
    1706180482976,
    1706180483764,
    1706180484228,
    1706180485087,
    1706180485631,
    1706180486659,
    1706180486786
  ],
  "blockTimestamps": [
    1706180482800,
    1706180485180,
    1706180488194,
    1706180491188
  ],
  "blockTimes": [
    1706180482,
    1706180485,
    1706180488,
    1706180491
  ],
  "blockTransactions": [
    4,
    5,
    4,
    4
  ],
  "Delays": [
    5634,
    5633,
    4482,
    4310,
    5646,
    5231,
    6800,
    4294,
    3716,
    5870,
    5218,
    4430,
    3966,
    6101,
    5557,
    4529,
    4402
  ],
  "Throughputs": [
    0.7099751508697195,
    1.123034689293736,
    1.1788175553137468,
    1.2123805448580802
  ],
  "AverageDelays": [
    5014.75,
    5082.888888888889,
    5017.692307692308,
    5048.176470588235
  ]
}