{
  "transactionTimestamps": [
    1706180417139,
    1706180417140,
    1706180418715,
    1706180418744,
    1706180419976,
    1706180420037,
    1706180421432,
    1706180421368,
    1706180422708,
    1706180427070,
    1706180428393,
    1706180427988,
    1706180429408,
    1706180429889,
    1706180430793
  ],
  "blockTimestamps": [
    1706180422194,
    1706180425183,
    1706180428188,
    1706180431185,
    1706180434190
  ],
  "blockTimes": [
    1706180422,
    1706180425,
    1706180428,
    1706180431,
    1706180434
  ],
  "blockTransactions": [
    4,
    3,
    2,
    1,
    5
  ],
  "Delays": [
    5055,
    5054,
    3479,
    3450,
    5207,
    5146,
    3751,
    6820,
    5480,
    4115,
    5797,
    6202,
    4782,
    4301,
    3397
  ],
  "Throughputs": [
    0.7912957467853611,
    0.870213823968175,
    0.8145533532446375,
    0.7119464616260858,
    0.8797137997771393
  ],
  "AverageDelays": [
    4259.5,
    4448.857142857143,
    4826.888888888889,
    4755.7,
    4802.4
  ]
}