{
  "transactionTimestamps": [
    1706180131904,
    1706180131998,
    1706180132809,
    1706180133180,
    1706180133525,
    1706180134089,
    1706180134289,
    1706180134477,
    1706180132874,
    1706180133807,
    1706180135585,
    1706180135617,
    1706180135632,
    1706180134730,
    1706180134682,
    1706180136867,
    1706180136928,
    1706180137022,
    1706180137022,
    1706180138267,
    1706180138302,
    1706180138348,
    1706180137022,
    1706180138504,
    1706180137206,
    1706180139485,
    1706180139549,
    1706180139610,
    1706180140046,
    1706180140752,
    1706180140799,
    1706180140873,
    1706180141060,
    1706180141511,
    1706180141905,
    1706180142043,
    1706180142242,
    1706180142977,
    1706180143101,
    1706180143209,
    1706180143509,
    1706180143554,
    1706180141654,
    1706180143625,
    1706180142279,
    1706180144178,
    1706180144629,
    1706180144676,
    1706180145003,
    1706180145112,
    1706180145446,
    1706180146068,
    1706180144041,
    1706180144162,
    1706180146508,
    1706180146131,
    1706180146730,
    1706180146627,
    1706180148539,
    1706180147338,
    1706180150084,
    1706180149179,
    1706180151371
  ],
  "blockTimestamps": [
    1706180137208,
    1706180140217,
    1706180143210,
    1706180146224,
    1706180149224,
    1706180152209,
    1706180155210
  ],
  "blockTimes": [
    1706180137,
    1706180140,
    1706180143,
    1706180146,
    1706180149,
    1706180152,
    1706180155
  ],
  "blockTransactions": [
    5,
    12,
    11,
    10,
    13,
    8,
    4
  ],
  "Delays": [
    5304,
    5210,
    4399,
    4028,
    3683,
    6128,
    5928,
    5740,
    7343,
    6410,
    4632,
    4600,
    4585,
    5487,
    5535,
    3350,
    3289,
    6188,
    6188,
    4943,
    4908,
    4862,
    6188,
    4706,
    6004,
    3725,
    3661,
    3600,
    6178,
    5472,
    5425,
    5351,
    5164,
    4713,
    4319,
    4181,
    3982,
    3247,
    6123,
    6015,
    5715,
    5670,
    7570,
    5599,
    6945,
    5046,
    4595,
    4548,
    4221,
    4112,
    3778,
    6141,
    8168,
    8047,
    5701,
    6078,
    5479,
    5582,
    3670,
    7872,
    5126,
    6031,
    3839
  ],
  "Throughputs": [
    0.942684766214178,
    2.044989775051125,
    2.476561117990448,
    2.653631284916201,
    2.9445727482678983,
    2.9056882541246,
    2.7031665665493865
  ],
  "AverageDelays": [
    4524.8,
    5038.294117647059,
    5022.285714285715,
    4964.631578947368,
    5070.450980392156,
    5211.169491525424,
    5243.285714285715
  ]
}