{
  "transactionTimestamps": [
    1706180392819,
    1706180391995,
    1706180393996,
    1706180393370,
    1706180395431,
    1706180397129,
    1706180397130,
    1706180397131,
    1706180398252,
    1706180398361,
    1706180398656,
    1706180397131,
    1706180399642,
    1706180399641,
    1706180399892,
    1706180400997,
    1706180401044,
    1706180401184,
    1706180402388,
    1706180402419,
    1706180402435,
    1706180403607,
    1706180403703,
    1706180403811,
    1706180403827,
    1706180405024,
    1706180405102,
    1706180405210,
    1706180405363,
    1706180404355,
    1706180406394,
    1706180406409,
    1706180406690,
    1706180406816,
    1706180407937,
    1706180409107,
    1706180410479,
    1706180411741
  ],
  "blockTimestamps": [
    1706180398184,
    1706180401186,
    1706180404190,
    1706180407187,
    1706180410191,
    1706180413200,
    1706180416186
  ],
  "blockTimes": [
    1706180398,
    1706180401,
    1706180404,
    1706180407,
    1706180410,
    1706180413,
    1706180416
  ],
  "blockTransactions": [
    4,
    4,
    8,
    9,
    9,
    2,
    2
  ],
  "Delays": [
    5365,
    6189,
    4188,
    4814,
    5755,
    4057,
    4056,
    4055,
    5938,
    5829,
    5534,
    7059,
    4548,
    4549,
    4298,
    3193,
    6143,
    6003,
    4799,
    4768,
    4752,
    3580,
    3484,
    3376,
    3360,
    5167,
    5089,
    4981,
    4828,
    5836,
    3797,
    3782,
    3501,
    3375,
    5263,
    4093,
    5707,
    4445
  ],
  "Throughputs": [
    0.7455731593662628,
    0.9561372056890163,
    1.4070882068419663,
    1.739977728285078,
    1.9571724614321897,
    1.7663510131985674,
    1.6262250181880429
  ],
  "AverageDelays": [
    5139,
    4809.875,
    4964.1875,
    4787.68,
    4707.294117647059,
    4705.666666666667,
    4725.1578947368425
  ]
}