{
  "transactionTimestamps": [
    1706180251434,
    1706180251465,
    1706180250420,
    1706180252010,
    1706180252927,
    1706180253647,
    1706180251434,
    1706180251465,
    1706180250420,
    1706180252010,
    1706180252927,
    1706180253647,
    1706180255025,
    1706180256572,
    1706180257073,
    1706180257074,
    1706180258070,
    1706180258397,
    1706180258584,
    1706180259303,
    1706180259894,
    1706180260550,
    1706180261536,
    1706180261736,
    1706180259847,
    1706180263151,
    1706180263183,
    1706180264586,
    1706180264744,
    1706180265917,
    1706180266088,
    1706180266540,
    1706180267550,
    1706180267970,
    1706180267084,
    1706180269281,
    1706180270427,
    1706180271973
  ],
  "blockTimestamps": [
    1706180257210,
    1706180257225,
    1706180260223,
    1706180263254,
    1706180266215,
    1706180269205,
    1706180272209,
    1706180275214
  ],
  "blockTimes": [
    1706180257,
    1706180257,
    1706180260,
    1706180263,
    1706180266,
    1706180269,
    1706180272,
    1706180275
  ],
  "blockTransactions": [
    6,
    6,
    2,
    7,
    4,
    5,
    5,
    3
  ],
  "Delays": [
    5776,
    5745,
    6790,
    5200,
    4283,
    3563,
    5791,
    5760,
    6805,
    5215,
    4298,
    3578,
    5198,
    3651,
    6181,
    6180,
    5184,
    4857,
    4670,
    3951,
    3360,
    5665,
    4679,
    4479,
    6368,
    6054,
    6022,
    4619,
    4461,
    3288,
    6121,
    5669,
    4659,
    4239,
    5125,
    5933,
    4787,
    3241
  ],
  "Throughputs": [
    1.0387811634349031,
    2.072180970471421,
    1.592900216179315,
    1.7766497461928934,
    1.6913605304106623,
    1.6881436047493106,
    1.6847172081829123,
    1.5979814970563497
  ],
  "AverageDelays": [
    5226.166666666667,
    5233.666666666667,
    5118.071428571428,
    5049.333333333333,
    5089.08,
    5055.7,
    5070.971428571429,
    5038.026315789473
  ]
}