{
  "transactionTimestamps": [
    1706180297081,
    1706180297081,
    1706180297082,
    1706180298419,
    1706180298748,
    1706180298764,
    1706180299745,
    1706180299917,
    1706180300042,
    1706180301053,
    1706180301338,
    1706180301385,
    1706180302535,
    1706180302814,
    1706180302907,
    1706180304093,
    1706180304153,
    1706180304293,
    1706180305419,
    1706180305463,
    1706180305822,
    1706180306823,
    1706180306994,
    1706180307055
  ],
  "blockTimestamps": [
    1706180302221,
    1706180305214,
    1706180308213,
    1706180311181
  ],
  "blockTimes": [
    1706180302,
    1706180305,
    1706180308,
    1706180311
  ],
  "blockTransactions": [
    6,
    6,
    6,
    6
  ],
  "Delays": [
    5140,
    5140,
    5139,
    3802,
    3473,
    3457,
    5469,
    5297,
    5172,
    4161,
    3876,
    3829,
    5678,
    5399,
    5306,
    4120,
    4060,
    3920,
    5762,
    5718,
    5359,
    4358,
    4187,
    4126
  ],
  "Throughputs": [
    1.1673151750972763,
    1.4754703061600887,
    1.6169601149838304,
    1.702127659574468
  ],
  "AverageDelays": [
    4358.5,
    4496.25,
    4579.888888888889,
    4664.5
  ]
}