{
  "transactionTimestamps": [
    1706180497181,
    1706180497183,
    1706180498582,
    1706180498659,
    1706180499811,
    1706180499856,
    1706180501244,
    1706180501275,
    1706180502404,
    1706180507677,
    1706180507972,
    1706180509296,
    1706180509374,
    1706180508518,
    1706180508753,
    1706180510526,
    1706180510837,
    1706180511960
  ],
  "blockTimestamps": [
    1706180503211,
    1706180506182,
    1706180509189,
    1706180512199,
    1706180515193
  ],
  "blockTimes": [
    1706180503,
    1706180506,
    1706180509,
    1706180512,
    1706180515
  ],
  "blockTransactions": [
    6,
    2,
    1,
    2,
    7
  ],
  "Delays": [
    6030,
    6028,
    4629,
    4552,
    3400,
    3355,
    4938,
    4907,
    6785,
    4522,
    4227,
    5897,
    5819,
    6675,
    6440,
    4667,
    4356,
    3233
  ],
  "Throughputs": [
    0.9950248756218905,
    0.8887901344295079,
    0.7495003331112592,
    0.7324543880676521,
    0.9993337774816788
  ],
  "AverageDelays": [
    4665.666666666667,
    4729.875,
    4958.222222222223,
    4852.090909090909,
    5025.555555555556
  ]
}