{
  "transactionTimestamps": [
    1706180517197,
    1706180517196,
    1706180523423,
    1706180524559,
    1706180523596,
    1706180526018,
    1706180524373,
    1706180524559,
    1706180527576,
    1706180529944,
    1706180530444
  ],
  "blockTimestamps": [
    1706180524183,
    1706180527186,
    1706180530195,
    1706180533188,
    1706180536187
  ],
  "blockTimes": [
    1706180524,
    1706180527,
    1706180530,
    1706180533,
    1706180536
  ],
  "blockTransactions": [
    2,
    1,
    5,
    2,
    1
  ],
  "Delays": [
    6986,
    6987,
    3763,
    5636,
    6599,
    4177,
    5822,
    5636,
    5612,
    3244,
    5743
  ],
  "Throughputs": [
    0.286286859433152,
    0.3003303633997397,
    0.615479304508386,
    0.6253517603652055,
    0.5792522380200106
  ],
  "AverageDelays": [
    6986.5,
    5912,
    5700.75,
    5446.2,
    5473.181818181818
  ]
}