{
  "transactionTimestamps": [
    1706180277078,
    1706180277078,
    1706180278529,
    1706180278684,
    1706180279698,
    1706180280261,
    1706180281150,
    1706180281806,
    1706180282778,
    1706180284074,
    1706180283339,
    1706180285448,
    1706180286770,
    1706180289664,
    1706180291223,
    1706180290206,
    1706180292581
  ],
  "blockTimestamps": [
    1706180281210,
    1706180284205,
    1706180287212,
    1706180290225,
    1706180293211,
    1706180296213
  ],
  "blockTimes": [
    1706180281,
    1706180284,
    1706180287,
    1706180290,
    1706180293,
    1706180296
  ],
  "blockTransactions": [
    2,
    4,
    3,
    4,
    1,
    3
  ],
  "Delays": [
    4132,
    4132,
    5676,
    5521,
    4507,
    3944,
    6062,
    5406,
    4434,
    6151,
    6886,
    4777,
    3455,
    3547,
    4990,
    6007,
    3632
  ],
  "Throughputs": [
    0.48402710551790906,
    0.8418689490669287,
    0.8880994671403197,
    0.9888187419183083,
    0.8677865245149694,
    0.888424353279331
  ],
  "AverageDelays": [
    4132,
    4652,
    4868.222222222223,
    5006.384615384615,
    4902.142857142857,
    4897.588235294118
  ]
}