{
  "transactionTimestamps": [
    1706180317096,
    1706180317098,
    1706180318345,
    1706180319904,
    1706180321404,
    1706180322699,
    1706180322838,
    1706180324149,
    1706180324304,
    1706180325300,
    1706180323840,
    1706180326637,
    1706180325827,
    1706180328102,
    1706180329554,
    1706180331674,
    1706180330796
  ],
  "blockTimestamps": [
    1706180323199,
    1706180326185,
    1706180329184,
    1706180332191,
    1706180335187
  ],
  "blockTimes": [
    1706180323,
    1706180326,
    1706180329,
    1706180332,
    1706180335
  ],
  "blockTransactions": [
    4,
    3,
    4,
    3,
    3
  ],
  "Delays": [
    6103,
    6101,
    4854,
    3295,
    4781,
    3486,
    3347,
    5035,
    4880,
    3884,
    5344,
    5554,
    6364,
    4089,
    5633,
    3513,
    4391
  ],
  "Throughputs": [
    0.6554153694904146,
    0.7701617339641325,
    0.9099933818663137,
    0.9274594236502153,
    0.9396937703830633
  ],
  "AverageDelays": [
    5088.25,
    4566.714285714285,
    4646.363636363636,
    4794.071428571428,
    4744.35294117647
  ]
}