{
  "transactionTimestamps": [
    1706081895193,
    1706081895193,
    1706081896019,
    1706081896265,
    1706081897010,
    1706081897121,
    1706081897759,
    1706081897898,
    1706081898721,
    1706081898893,
    1706081899393,
    1706081899779
  ],
  "blockTimestamps": [
    1706081898734,
    1706081901743,
    1706081904738
  ],
  "blockTimes": [
    1706081898,
    1706081901,
    1706081904
  ],
  "blockTransactions": [
    2,
    6,
    4
  ],
  "Delays": [
    3541,
    3541,
    5724,
    5478,
    4733,
    4622,
    3984,
    3845,
    6017,
    5845,
    5345,
    4959
  ],
  "Throughputs": [
    0.5648121999435188,
    1.2213740458015268,
    1.2572027239392352
  ],
  "AverageDelays": [
    3541,
    4433.5,
    4802.833333333333
  ]
}