{
  "transactionTimestamps": [
    1706081925227,
    1706081925228,
    1706081925230,
    1706081926006,
    1706081926237,
    1706081926377,
    1706081926842,
    1706081927107,
    1706081927185,
    1706081927744,
    1706081927822,
    1706081928303,
    1706081928689,
    1706081928782,
    1706081929388,
    1706081929494,
    1706081929543,
    1706081930508
  ],
  "blockTimestamps": [
    1706081928747,
    1706081931747,
    1706081934745
  ],
  "blockTimes": [
    1706081928,
    1706081931,
    1706081934
  ],
  "blockTransactions": [
    3,
    9,
    6
  ],
  "Delays": [
    3520,
    3519,
    3517,
    5741,
    5510,
    5370,
    4905,
    4640,
    4562,
    4003,
    3925,
    3444,
    6056,
    5963,
    5357,
    5251,
    5202,
    4237
  ],
  "Throughputs": [
    0.8522727272727273,
    1.8404907975460123,
    1.8911536036982557
  ],
  "AverageDelays": [
    3518.6666666666665,
    4388,
    4706.777777777777
  ]
}