{
  "transactionTimestamps": [
    1706081805155,
    1706081805156,
    1706081805904,
    1706081805904,
    1706081806978,
    1706081806978,
    1706081807674,
    1706081808065,
    1706081808315,
    1706081808809,
    1706081808996,
    1706081809865
  ],
  "blockTimestamps": [
    1706081808752,
    1706081811740,
    1706081814746
  ],
  "blockTimes": [
    1706081808,
    1706081811,
    1706081814
  ],
  "blockTransactions": [
    2,
    7,
    3
  ],
  "Delays": [
    3597,
    3596,
    5836,
    5836,
    4762,
    4762,
    4066,
    3675,
    3425,
    5937,
    5750,
    4881
  ],
  "Throughputs": [
    0.5560189046427578,
    1.366742596810934,
    1.2511729746637474
  ],
  "AverageDelays": [
    3596.5,
    4395,
    4676.916666666667
  ]
}