{
  "transactionTimestamps": [
    1706082190391,
    1706082195397,
    1706082195401,
    1706082195400,
    1706082196110,
    1706082196358,
    1706082196483,
    1706082197187,
    1706082197218,
    1706082197424,
    1706082197843,
    1706082198139,
    1706082198462,
    1706082198634,
    1706082198926,
    1706082199299,
    1706082199376,
    1706082200001,
    1706082200297
  ],
  "blockTimestamps": [
    1706082195746,
    1706082198739,
    1706082201747,
    1706082204748
  ],
  "blockTimes": [
    1706082195,
    1706082198,
    1706082201,
    1706082204
  ],
  "blockTransactions": [
    1,
    3,
    9,
    6
  ],
  "Delays": [
    5355,
    3342,
    3338,
    3339,
    5637,
    5389,
    5264,
    4560,
    4529,
    4323,
    3904,
    3608,
    3285,
    6114,
    5822,
    5449,
    5372,
    4747,
    4451
  ],
  "Throughputs": [
    0.18674136321195142,
    0.47915668423574503,
    1.1447692849594928,
    1.323396252699032
  ],
  "AverageDelays": [
    5355,
    3843.5,
    4297.923076923077,
    4622.526315789473
  ]
}