{
  "transactionTimestamps": [
    1706081985266,
    1706081985267,
    1706081986215,
    1706081986309,
    1706081986914,
    1706081987161,
    1706081987863,
    1706081987988,
    1706081988502,
    1706081988685,
    1706081989384,
    1706081989585,
    1706081992744
  ],
  "blockTimestamps": [
    1706081988740,
    1706081991742,
    1706081994745,
    1706081997740
  ],
  "blockTimes": [
    1706081988,
    1706081991,
    1706081994,
    1706081997
  ],
  "blockTransactions": [
    2,
    7,
    3,
    1
  ],
  "Delays": [
    3474,
    3473,
    5527,
    5433,
    4828,
    4581,
    3879,
    3754,
    3240,
    6060,
    5361,
    5160,
    4996
  ],
  "Throughputs": [
    0.5757052389176741,
    1.3897467572575664,
    1.2659563245068046,
    1.0421677088343755
  ],
  "AverageDelays": [
    3473.5,
    4243.222222222223,
    4564.166666666667,
    4597.384615384615
  ]
}