{
  "transactionTimestamps": [
    1706081859698,
    1706081859806,
    1706081859898,
    1706081860206,
    1706081860440,
    1706081860488,
    1706081860905,
    1706081861168,
    1706081861429,
    1706081861492,
    1706081861523,
    1706081862079,
    1706081862218,
    1706081862496,
    1706081862867,
    1706081862883,
    1706081863286,
    1706081863534,
    1706081863872,
    1706081863995,
    1706081864257,
    1706081864564,
    1706081865157,
    1706081865188,
    1706081864702,
    1706081865188,
    1706081865387,
    1706081865449,
    1706081865898,
    1706081866254,
    1706081866269,
    1706081866347,
    1706081866410,
    1706081866824,
    1706081866982,
    1706081867091,
    1706081867227,
    1706081867243,
    1706081867743,
    1706081868007,
    1706081868054,
    1706081868084,
    1706081868131,
    1706081868375,
    1706081868929,
    1706081868933,
    1706081869084,
    1706081869053,
    1706081869069,
    1706081869716,
    1706081869839,
    1706081870072,
    1706081870805,
    1706081871468,
    1706081872117,
    1706081872812,
    1706081873432,
    1706081874148
  ],
  "blockTimestamps": [
    1706081865750,
    1706081868743,
    1706081872344,
    1706081874746,
    1706081877736
  ],
  "blockTimes": [
    1706081865,
    1706081868,
    1706081871,
    1706081874,
    1706081877
  ],
  "blockTransactions": [
    14,
    14,
    16,
    10,
    4
  ],
  "Delays": [
    6052,
    5944,
    5852,
    5544,
    5310,
    5262,
    4845,
    4582,
    4321,
    4258,
    4227,
    3671,
    3532,
    3254,
    5876,
    5860,
    5457,
    5209,
    4871,
    4748,
    4486,
    4179,
    3586,
    3555,
    4041,
    3555,
    3356,
    3294,
    6446,
    6090,
    6075,
    5997,
    5934,
    5520,
    5362,
    5253,
    5117,
    5101,
    4601,
    4337,
    4290,
    4260,
    4213,
    3969,
    5817,
    5813,
    5662,
    5693,
    5677,
    5030,
    4907,
    4674,
    3941,
    3278,
    5619,
    4924,
    4304,
    3588
  ],
  "Throughputs": [
    2.313284864507601,
    3.095632946379215,
    3.479361062786652,
    3.588516746411483,
    3.215434083601286
  ],
  "AverageDelays": [
    4761,
    4597.392857142857,
    4802.090909090909,
    4847.851851851852,
    4831.362068965517
  ]
}