{
  "transactionTimestamps": [
    1706081829595,
    1706081830120,
    1706081830153,
    1706081830243,
    1706081830924,
    1706081831048,
    1706081831254,
    1706081831807,
    1706081831991,
    1706081832288,
    1706081832486,
    1706081832873,
    1706081833197,
    1706081833322,
    1706081833551,
    1706081833863,
    1706081833988,
    1706081834283,
    1706081834684,
    1706081834715,
    1706081835009,
    1706081835180,
    1706081835182,
    1706081835334,
    1706081835694,
    1706081835800,
    1706081836066,
    1706081836406,
    1706081836603,
    1706081836634,
    1706081836789,
    1706081837204,
    1706081835754,
    1706081837418,
    1706081837575,
    1706081837606,
    1706081838196,
    1706081838242,
    1706081838409,
    1706081838604,
    1706081838840,
    1706081839025,
    1706081839257,
    1706081839288,
    1706081839552,
    1706081839583,
    1706081840110,
    1706081840282,
    1706081838700,
    1706081840636,
    1706081840883,
    1706081840946,
    1706081841687,
    1706081841777,
    1706081841977,
    1706081842578,
    1706081842594,
    1706081843059,
    1706081843213,
    1706081843319,
    1706081844110,
    1706081844247,
    1706081844247
  ],
  "blockTimestamps": [
    1706081835745,
    1706081838742,
    1706081841749,
    1706081844757,
    1706081847737
  ],
  "blockTimes": [
    1706081835,
    1706081838,
    1706081841,
    1706081844,
    1706081847
  ],
  "blockTransactions": [
    11,
    13,
    15,
    13,
    11
  ],
  "Delays": [
    6150,
    5625,
    5592,
    5502,
    4821,
    4697,
    4491,
    3938,
    3754,
    3457,
    3259,
    5869,
    5545,
    5420,
    5191,
    4879,
    4754,
    4459,
    4058,
    4027,
    3733,
    3562,
    3560,
    3408,
    6055,
    5949,
    5683,
    5343,
    5146,
    5115,
    4960,
    4545,
    5995,
    4331,
    4174,
    4143,
    3553,
    3507,
    3340,
    6153,
    5917,
    5732,
    5500,
    5469,
    5205,
    5174,
    4647,
    4475,
    6057,
    4121,
    3874,
    3811,
    6050,
    5960,
    5760,
    5159,
    5143,
    4678,
    4524,
    4418,
    3627,
    3490,
    3490
  ],
  "Throughputs": [
    1.7886178861788617,
    2.6238110856018366,
    3.208820141517196,
    3.429626698324759,
    3.4726050049608643
  ],
  "AverageDelays": [
    4662.363636363636,
    4572.958333333333,
    4656.153846153846,
    4763.942307692308,
    4762.285714285715
  ]
}