{
  "transactionTimestamps": [
    1706082270446,
    1706082270445,
    1706082271377,
    1706082271564,
    1706082272206,
    1706082272376,
    1706082273076,
    1706082273155,
    1706082273963,
    1706082274259,
    1706082274726,
    1706082275021
  ],
  "blockTimestamps": [
    1706082273741,
    1706082276742,
    1706082279742
  ],
  "blockTimes": [
    1706082273,
    1706082276,
    1706082279
  ],
  "blockTransactions": [
    2,
    6,
    4
  ],
  "Delays": [
    3295,
    3296,
    5365,
    5178,
    4536,
    4366,
    3666,
    3587,
    5779,
    5483,
    5016,
    4721
  ],
  "Throughputs": [
    0.6069802731411229,
    1.2706480304955527,
    1.2908777969018934
  ],
  "AverageDelays": [
    3295.5,
    4161.125,
    4524
  ]
}