{
  "transactionTimestamps": [
    1706082090344,
    1706082090344,
    1706082090344,
    1706082091056,
    1706082091088,
    1706082091366,
    1706082091833,
    1706082091849,
    1706082092328,
    1706082092500,
    1706082092874,
    1706082093416,
    1706082093463,
    1706082093788,
    1706082094208,
    1706082094412,
    1706082094719,
    1706082095123
  ],
  "blockTimestamps": [
    1706082094336,
    1706082096741,
    1706082099740
  ],
  "blockTimes": [
    1706082093,
    1706082096,
    1706082099
  ],
  "blockTransactions": [
    3,
    10,
    5
  ],
  "Delays": [
    3992,
    3992,
    3992,
    5685,
    5653,
    5375,
    4908,
    4892,
    4413,
    4241,
    3867,
    3325,
    3278,
    5952,
    5532,
    5328,
    5021,
    4617
  ],
  "Throughputs": [
    0.751503006012024,
    2.03220259496639,
    1.9157088122605361
  ],
  "AverageDelays": [
    3992,
    4431.7692307692305,
    4670.166666666667
  ]
}