{
  "transactionTimestamps": [
    1706082105359,
    1706082106070,
    1706082107020,
    1706082107654,
    1706082108761,
    1706082109680,
    1706082110692,
    1706082111796,
    1706082112820,
    1706082113546
  ],
  "blockTimestamps": [
    1706082108738,
    1706082111742,
    1706082114739,
    1706082117742
  ],
  "blockTimes": [
    1706082108,
    1706082111,
    1706082114,
    1706082117
  ],
  "blockTransactions": [
    1,
    3,
    3,
    3
  ],
  "Delays": [
    3379,
    5672,
    4722,
    4088,
    5978,
    5059,
    4047,
    5946,
    4922,
    4196
  ],
  "Throughputs": [
    0.2959455460195324,
    0.6266645777847407,
    0.7462686567164178,
    0.8075587498990552
  ],
  "AverageDelays": [
    3379,
    4465.25,
    4706.428571428572,
    4800.9
  ]
}