{
  "transactionTimestamps": [
    1706082390502,
    1706082391561,
    1706082392291,
    1706082393086,
    1706082394158,
    1706082395202,
    1706082396150,
    1706082397111,
    1706082397922,
    1706082398560,
    1706082399555
  ],
  "blockTimestamps": [
    1706082393737,
    1706082396746,
    1706082399740,
    1706082402738
  ],
  "blockTimes": [
    1706082393,
    1706082396,
    1706082399,
    1706082402
  ],
  "blockTransactions": [
    1,
    3,
    3,
    4
  ],
  "Delays": [
    3235,
    5185,
    4455,
    3660,
    5582,
    4538,
    3590,
    5627,
    4816,
    4178,
    3183
  ],
  "Throughputs": [
    0.3091190108191654,
    0.6406149903907752,
    0.7577397705130982,
    0.8989865969271003
  ],
  "AverageDelays": [
    3235,
    4133.75,
    4320.714285714285,
    4368.090909090909
  ]
}