{
  "transactionTimestamps": [
    1706082114619,
    1706082115316,
    1706082120376,
    1706082120376,
    1706082121062,
    1706082121376,
    1706082122092,
    1706082122341,
    1706082123200,
    1706082123230,
    1706082124020,
    1706082124051,
    1706082124937,
    1706082125031
  ],
  "blockTimestamps": [
    1706082120738,
    1706082123741,
    1706082126742,
    1706082129740
  ],
  "blockTimes": [
    1706082120,
    1706082123,
    1706082126,
    1706082129
  ],
  "blockTransactions": [
    2,
    2,
    6,
    4
  ],
  "Delays": [
    6119,
    5422,
    3365,
    3365,
    5680,
    5366,
    4650,
    4401,
    3542,
    3512,
    5720,
    5689,
    4803,
    4709
  ],
  "Throughputs": [
    0.3268507926131721,
    0.43850032887524665,
    0.8248783304462592,
    0.9258646914886581
  ],
  "AverageDelays": [
    5770.5,
    4567.75,
    4542.2,
    4738.785714285715
  ]
}