{
  "transactionTimestamps": [
    1706082210416,
    1706082210417,
    1706082211225,
    1706082211846,
    1706082211427,
    1706082212218,
    1706082212869,
    1706082213242,
    1706082213888,
    1706082214258,
    1706082214584,
    1706082214943
  ],
  "blockTimestamps": [
    1706082213739,
    1706082216745,
    1706082219744
  ],
  "blockTimes": [
    1706082213,
    1706082216,
    1706082219
  ],
  "blockTransactions": [
    2,
    6,
    4
  ],
  "Delays": [
    3323,
    3322,
    5520,
    4899,
    5318,
    4527,
    3876,
    3503,
    5856,
    5486,
    5160,
    4801
  ],
  "Throughputs": [
    0.6018657839301835,
    1.2640227524095433,
    1.2864493996569468
  ],
  "AverageDelays": [
    3322.5,
    4286,
    4632.583333333333
  ]
}