{
  "transactionTimestamps": [
    1706081940239,
    1706081940238,
    1706081940894,
    1706081941267,
    1706081941502,
    1706081941987,
    1706081942406,
    1706081942732,
    1706081943404,
    1706081943607,
    1706081944276,
    1706081944557
  ],
  "blockTimestamps": [
    1706081943739,
    1706081946743,
    1706081949737
  ],
  "blockTimes": [
    1706081943,
    1706081946,
    1706081949
  ],
  "blockTransactions": [
    2,
    7,
    3
  ],
  "Delays": [
    3500,
    3501,
    5849,
    5476,
    5241,
    4756,
    4337,
    4011,
    3339,
    6130,
    5461,
    5180
  ],
  "Throughputs": [
    0.5714285714285714,
    1.3837638376383765,
    1.2634238787113077
  ],
  "AverageDelays": [
    3500.5,
    4445.555555555556,
    4731.75
  ]
}