{
  "transactionTimestamps": [
    1706082060325,
    1706082060324,
    1706082060323,
    1706082060325,
    1706082060977,
    1706082061164,
    1706082061226,
    1706082061441,
    1706082061829,
    1706082061907,
    1706082061922,
    1706082062295,
    1706082062529,
    1706082062544,
    1706082062666,
    1706082063183,
    1706082063276,
    1706082063338,
    1706082063416,
    1706082064036,
    1706082064144,
    1706082064161,
    1706082064253,
    1706082064652,
    1706082064762,
    1706082064855,
    1706082064932,
    1706082065487,
    1706082065611,
    1706082065658,
    1706082065736,
    1706082066229,
    1706082066538,
    1706082066600,
    1706082066707,
    1706082067063,
    1706082067437,
    1706082067482,
    1706082067747,
    1706082068007,
    1706082068360,
    1706082068360,
    1706082068438,
    1706082068917,
    1706082068992,
    1706082069054,
    1706082069102
  ],
  "blockTimestamps": [
    1706082063733,
    1706082066741,
    1706082069744,
    1706082072739
  ],
  "blockTimes": [
    1706082063,
    1706082066,
    1706082069,
    1706082072
  ],
  "blockTransactions": [
    4,
    15,
    14,
    14
  ],
  "Delays": [
    3408,
    3409,
    3410,
    3408,
    5764,
    5577,
    5515,
    5300,
    4912,
    4834,
    4819,
    4446,
    4212,
    4197,
    4075,
    3558,
    3465,
    3403,
    3325,
    5708,
    5600,
    5583,
    5491,
    5092,
    4982,
    4889,
    4812,
    4257,
    4133,
    4086,
    4008,
    3515,
    3206,
    6139,
    6032,
    5676,
    5302,
    5257,
    4992,
    4732,
    4379,
    4379,
    4301,
    3822,
    3747,
    3685,
    3637
  ],
  "Throughputs": [
    1.1737089201877935,
    2.9613466334164587,
    3.5035566408323597,
    3.7860480103109393
  ],
  "AverageDelays": [
    3408.75,
    4265.105263157895,
    4436.333333333333,
    4520.829787234043
  ]
}