{
  "transactionTimestamps": [
    1706082180387,
    1706082181523,
    1706082182225,
    1706082182973,
    1706082184032,
    1706082184779,
    1706082185664,
    1706082186583,
    1706082187467,
    1706082188308,
    1706082189321
  ],
  "blockTimestamps": [
    1706082183738,
    1706082186739,
    1706082189741,
    1706082192769
  ],
  "blockTimes": [
    1706082183,
    1706082186,
    1706082189,
    1706082192
  ],
  "blockTransactions": [
    1,
    3,
    4,
    3
  ],
  "Delays": [
    3351,
    5216,
    4514,
    3766,
    5709,
    4962,
    4077,
    3158,
    5302,
    4461,
    3448
  ],
  "Throughputs": [
    0.29841838257236647,
    0.6297229219143576,
    0.8552490912978405,
    0.8883863673073817
  ],
  "AverageDelays": [
    3351,
    4211.75,
    4344.125,
    4360.363636363636
  ]
}