{
  "transactionTimestamps": [
    1706082300459,
    1706082301270,
    1706082301940,
    1706082302968,
    1706082303935,
    1706082304713,
    1706082305783,
    1706082309475
  ],
  "blockTimestamps": [
    1706082303738,
    1706082306738,
    1706082309742,
    1706082312749
  ],
  "blockTimes": [
    1706082303,
    1706082306,
    1706082309,
    1706082312
  ],
  "blockTransactions": [
    1,
    3,
    2,
    2
  ],
  "Delays": [
    3279,
    5468,
    4798,
    3770,
    5807,
    5029,
    6966,
    3274
  ],
  "Throughputs": [
    0.3049710277523635,
    0.6370441153049848,
    0.6463427771194658,
    0.6509357200976404
  ],
  "AverageDelays": [
    3279,
    4328.75,
    4691.833333333333,
    4798.875
  ]
}