{
  "transactionTimestamps": [
    1706082150383,
    1706082150381,
    1706082151285,
    1706082151332,
    1706082152278,
    1706082152432,
    1706082153053,
    1706082153069,
    1706082153676,
    1706082153893,
    1706082154677,
    1706082154733
  ],
  "blockTimestamps": [
    1706082153742,
    1706082156741,
    1706082159744
  ],
  "blockTimes": [
    1706082153,
    1706082156,
    1706082159
  ],
  "blockTransactions": [
    2,
    6,
    4
  ],
  "Delays": [
    3359,
    3361,
    5456,
    5409,
    4463,
    4309,
    3688,
    3672,
    6068,
    5851,
    5067,
    5011
  ],
  "Throughputs": [
    0.5954153021732659,
    1.2582573136206354,
    1.2819143253925862
  ],
  "AverageDelays": [
    3360,
    4214.625,
    4642.833333333333
  ]
}