{
  "transactionTimestamps": [
    1706082000284,
    1706082000285,
    1706082000964,
    1706082001196,
    1706082001644,
    1706082002051,
    1706082002328,
    1706082003012,
    1706082003371,
    1706082004007,
    1706082004023,
    1706082004876
  ],
  "blockTimestamps": [
    1706082003753,
    1706082006749,
    1706082009738
  ],
  "blockTimes": [
    1706082003,
    1706082006,
    1706082009
  ],
  "blockTransactions": [
    2,
    7,
    3
  ],
  "Delays": [
    3469,
    3468,
    5785,
    5553,
    5105,
    4698,
    4421,
    3737,
    3378,
    5731,
    5715,
    4862
  ],
  "Throughputs": [
    0.5765350245027385,
    1.3921113689095128,
    1.2693039983075947
  ],
  "AverageDelays": [
    3468.5,
    4401.555555555556,
    4660.166666666667
  ]
}