{
  "transactionTimestamps": [
    1706082370633,
    1706082375488,
    1706082375489,
    1706082376423,
    1706082376577,
    1706082377124,
    1706082377526,
    1706082378178,
    1706082378457,
    1706082379142,
    1706082379241,
    1706082380032,
    1706082380047
  ],
  "blockTimestamps": [
    1706082375738,
    1706082379338,
    1706082381742,
    1706082384740
  ],
  "blockTimes": [
    1706082375,
    1706082378,
    1706082381,
    1706082384
  ],
  "blockTransactions": [
    1,
    2,
    6,
    4
  ],
  "Delays": [
    5105,
    3850,
    3849,
    5319,
    5165,
    4618,
    4216,
    3564,
    3285,
    5598,
    5499,
    4708,
    4693
  ],
  "Throughputs": [
    0.1958863858961802,
    0.3446295232624928,
    0.8101539292465568,
    0.9215283192741193
  ],
  "AverageDelays": [
    5105,
    4268,
    4330.111111111111,
    4574.538461538462
  ]
}