{
  "transactionTimestamps": [
    1706081820167,
    1706081820168,
    1706081820173,
    1706081820176,
    1706081820970,
    1706081820970,
    1706081821344,
    1706081820988,
    1706081821653,
    1706081821763,
    1706081821885,
    1706081822582,
    1706081822614,
    1706081822677,
    1706081823188,
    1706081823470,
    1706081823501,
    1706081823871,
    1706081824198,
    1706081822395,
    1706081824524,
    1706081824729,
    1706081825005,
    1706081825144,
    1706081825530,
    1706081825917,
    1706081825871,
    1706081826351,
    1706081826586,
    1706081826602,
    1706081826771,
    1706081825824,
    1706081827190,
    1706081827573,
    1706081827712,
    1706081827728,
    1706081828206,
    1706081828452,
    1706081828545,
    1706081828591,
    1706081829286,
    1706081829410,
    1706081829429
  ],
  "blockTimestamps": [
    1706081823744,
    1706081826748,
    1706081829753,
    1706081832758
  ],
  "blockTimes": [
    1706081823,
    1706081826,
    1706081829,
    1706081832
  ],
  "blockTransactions": [
    4,
    13,
    12,
    14
  ],
  "Delays": [
    3577,
    3576,
    3571,
    3568,
    5778,
    5778,
    5404,
    5760,
    5095,
    4985,
    4863,
    4166,
    4134,
    4071,
    3560,
    3278,
    3247,
    5882,
    5555,
    7358,
    5229,
    5024,
    4748,
    4609,
    4223,
    3836,
    3882,
    3402,
    3167,
    6156,
    5987,
    6934,
    5568,
    5185,
    5046,
    5030,
    4552,
    4306,
    4213,
    4167,
    3472,
    3348,
    3329
  ],
  "Throughputs": [
    1.1182555213866368,
    2.5831940434584406,
    3.0252451491758814,
    3.415137796839012
  ],
  "AverageDelays": [
    3573,
    4377.117647058823,
    4528.482758620689,
    4619.046511627907
  ]
}