{
  "transactionTimestamps": [
    1706082069804,
    1706082075334,
    1706082075338,
    1706082076276,
    1706082076337,
    1706082076959,
    1706082077378,
    1706082077750,
    1706082078483,
    1706082078453,
    1706082079510,
    1706082079526,
    1706082080473
  ],
  "blockTimestamps": [
    1706082075735,
    1706082078743,
    1706082081741,
    1706082084747
  ],
  "blockTimes": [
    1706082075,
    1706082078,
    1706082081,
    1706082084
  ],
  "blockTransactions": [
    1,
    2,
    7,
    3
  ],
  "Delays": [
    5931,
    3409,
    3405,
    5465,
    5404,
    4782,
    4363,
    3991,
    3258,
    3288,
    5237,
    5221,
    4274
  ],
  "Throughputs": [
    0.1686056314280897,
    0.3356080098445016,
    0.8377314233056883,
    0.8699725624038012
  ],
  "AverageDelays": [
    5931,
    4248.333333333333,
    4329.6,
    4463.692307692308
  ]
}