{
  "transactionTimestamps": [
    1706082360488,
    1706082361270,
    1706082361923,
    1706082362733,
    1706082363790,
    1706082364784,
    1706082365842,
    1706082366716,
    1706082367821,
    1706082368863,
    1706082369530
  ],
  "blockTimestamps": [
    1706082363736,
    1706082366745,
    1706082369738,
    1706082372740
  ],
  "blockTimes": [
    1706082363,
    1706082366,
    1706082369,
    1706082372
  ],
  "blockTransactions": [
    1,
    3,
    3,
    4
  ],
  "Delays": [
    3248,
    5475,
    4822,
    4012,
    5948,
    4954,
    3896,
    6024,
    4919,
    3877,
    3210
  ],
  "Throughputs": [
    0.30788177339901474,
    0.6392840019178521,
    0.7567567567567568,
    0.8978126020241592
  ],
  "AverageDelays": [
    3248,
    4389.25,
    4622.142857142857,
    4580.454545454545
  ]
}