{
  "transactionTimestamps": [
    1706082015298,
    1706082015298,
    1706082016061,
    1706082016439,
    1706082016810,
    1706082017091,
    1706082017745,
    1706082017949,
    1706082018462,
    1706082018661,
    1706082019141,
    1706082019466
  ],
  "blockTimestamps": [
    1706082018744,
    1706082021749,
    1706082024743
  ],
  "blockTimes": [
    1706082018,
    1706082021,
    1706082024
  ],
  "blockTransactions": [
    2,
    7,
    3
  ],
  "Delays": [
    3446,
    3446,
    5688,
    5310,
    4939,
    4658,
    4004,
    3800,
    3287,
    6082,
    5602,
    5277
  ],
  "Throughputs": [
    0.5803830528148578,
    1.3951325375910713,
    1.270513499205929
  ],
  "AverageDelays": [
    3446,
    4286.444444444444,
    4628.25
  ]
}