{
  "transactionTimestamps": [
    1706082345477,
    1706082345477,
    1706082346409,
    1706082346579,
    1706082347079,
    1706082347607,
    1706082348103,
    1706082348458,
    1706082349172,
    1706082349372,
    1706082349996,
    1706082350336
  ],
  "blockTimestamps": [
    1706082348741,
    1706082351739,
    1706082354739
  ],
  "blockTimes": [
    1706082348,
    1706082351,
    1706082354
  ],
  "blockTransactions": [
    2,
    6,
    4
  ],
  "Delays": [
    3264,
    3264,
    5330,
    5160,
    4660,
    4132,
    3636,
    3281,
    5567,
    5367,
    4743,
    4403
  ],
  "Throughputs": [
    0.6127450980392157,
    1.2775471095496647,
    1.295616497516735
  ],
  "AverageDelays": [
    3264,
    4090.875,
    4400.583333333333
  ]
}