{
  "transactionTimestamps": [
    1706081874772,
    1706081875377,
    1706081876421,
    1706081877520,
    1706081878218,
    1706081879089,
    1706081880190,
    1706081880190,
    1706081880945,
    1706081881176,
    1706081881970,
    1706081882032,
    1706081882701,
    1706081883044,
    1706081883649,
    1706081884039,
    1706081884472,
    1706081884735
  ],
  "blockTimestamps": [
    1706081880740,
    1706081883737,
    1706081886737,
    1706081889735
  ],
  "blockTimes": [
    1706081880,
    1706081883,
    1706081886,
    1706081889
  ],
  "blockTransactions": [
    4,
    4,
    6,
    4
  ],
  "Delays": [
    5968,
    5363,
    4319,
    3220,
    5519,
    4648,
    3547,
    3547,
    5792,
    5561,
    4767,
    4705,
    4036,
    3693,
    6086,
    5696,
    5263,
    5000
  ],
  "Throughputs": [
    0.6702412868632708,
    0.8923591745677636,
    1.170079398244881,
    1.2029673193878234
  ],
  "AverageDelays": [
    4717.5,
    4516.375,
    4620.357142857143,
    4818.333333333333
  ]
}