{
  "transactionTimestamps": [
    1706082255436,
    1706082255436,
    1706082256448,
    1706082256479,
    1706082257242,
    1706082257319,
    1706082258049,
    1706082258362,
    1706082258782,
    1706082259106,
    1706082259497,
    1706082259778
  ],
  "blockTimestamps": [
    1706082258735,
    1706082261742,
    1706082264736
  ],
  "blockTimes": [
    1706082258,
    1706082261,
    1706082264
  ],
  "blockTransactions": [
    2,
    6,
    4
  ],
  "Delays": [
    3299,
    3299,
    5294,
    5263,
    4500,
    4423,
    3693,
    3380,
    5954,
    5630,
    5239,
    4958
  ],
  "Throughputs": [
    0.6062443164595333,
    1.2686330478908976,
    1.2903225806451613
  ],
  "AverageDelays": [
    3299,
    4143.875,
    4577.666666666667
  ]
}