{
  "transactionTimestamps": [
    1706081790140,
    1706081790140,
    1706081790852,
    1706081790948,
    1706081791474,
    1706081791695,
    1706081792487,
    1706081792718,
    1706081793356,
    1706081793544,
    1706081793980,
    1706081794304
  ],
  "blockTimestamps": [
    1706081793743,
    1706081796744,
    1706081800348
  ],
  "blockTimes": [
    1706081793,
    1706081796,
    1706081799
  ],
  "blockTransactions": [
    2,
    8,
    2
  ],
  "Delays": [
    3603,
    3603,
    5892,
    5796,
    5270,
    5049,
    4257,
    4026,
    3388,
    3200,
    6368,
    6044
  ],
  "Throughputs": [
    0.5550929780738273,
    1.5142337976983646,
    1.1755485893416928
  ],
  "AverageDelays": [
    3603,
    4408.4,
    4708
  ]
}