{
  "transactionTimestamps": [
    1706082135381,
    1706082135378,
    1706082136075,
    1706082136295,
    1706082136792,
    1706082137009,
    1706082137556,
    1706082137972,
    1706082138316,
    1706082138876,
    1706082139311,
    1706082139857
  ],
  "blockTimestamps": [
    1706082139336,
    1706082141742,
    1706082144744
  ],
  "blockTimes": [
    1706082138,
    1706082141,
    1706082144
  ],
  "blockTransactions": [
    2,
    7,
    3
  ],
  "Delays": [
    3955,
    3958,
    5667,
    5447,
    4950,
    4733,
    4186,
    3770,
    3426,
    5868,
    5433,
    4887
  ],
  "Throughputs": [
    0.5056890012642224,
    1.414871875491275,
    1.281640499839795
  ],
  "AverageDelays": [
    3956.5,
    4454.666666666667,
    4690
  ]
}