{
  "transactionTimestamps": [
    1706082225416,
    1706082225416,
    1706082226115,
    1706082226362,
    1706082226736,
    1706082227204,
    1706082227372,
    1706082228011,
    1706082228479,
    1706082228618,
    1706082229304,
    1706082229677
  ],
  "blockTimestamps": [
    1706082228737,
    1706082231740,
    1706082234738
  ],
  "blockTimes": [
    1706082228,
    1706082231,
    1706082234
  ],
  "blockTransactions": [
    2,
    7,
    3
  ],
  "Delays": [
    3321,
    3321,
    5625,
    5378,
    5004,
    4536,
    4368,
    3729,
    3261,
    6120,
    5434,
    5061
  ],
  "Throughputs": [
    0.6022282445046673,
    1.4231499051233396,
    1.2872774082814848
  ],
  "AverageDelays": [
    3321,
    4282.555555555556,
    4596.5
  ]
}