{
  "transactionTimestamps": [
    1706081955243,
    1706081955242,
    1706081955953,
    1706081956001,
    1706081956608,
    1706081956947,
    1706081957273,
    1706081957568,
    1706081958020,
    1706081958583,
    1706081958721,
    1706081959556
  ],
  "blockTimestamps": [
    1706081958743,
    1706081962344,
    1706081964735
  ],
  "blockTimes": [
    1706081958,
    1706081961,
    1706081964
  ],
  "blockTransactions": [
    2,
    8,
    2
  ],
  "Delays": [
    3500,
    3501,
    6391,
    6343,
    5736,
    5397,
    5071,
    4776,
    4324,
    3761,
    6014,
    5179
  ],
  "Throughputs": [
    0.5714285714285714,
    1.408252358822701,
    1.264222503160556
  ],
  "AverageDelays": [
    3500.5,
    4880,
    4999.416666666667
  ]
}