{
  "transactionTimestamps": [
    1706082045314,
    1706082045314,
    1706082046276,
    1706082046354,
    1706082047223,
    1706082047270,
    1706082048108,
    1706082048328,
    1706082048793,
    1706082049195,
    1706082049483,
    1706082050015
  ],
  "blockTimestamps": [
    1706082048746,
    1706082051742,
    1706082054743
  ],
  "blockTimes": [
    1706082048,
    1706082051,
    1706082054
  ],
  "blockTransactions": [
    2,
    6,
    4
  ],
  "Delays": [
    3432,
    3432,
    5466,
    5388,
    4519,
    4472,
    3634,
    3414,
    5950,
    5548,
    5260,
    4728
  ],
  "Throughputs": [
    0.5827505827505828,
    1.2445550715619167,
    1.2726694241170855
  ],
  "AverageDelays": [
    3432,
    4219.625,
    4603.583333333333
  ]
}