{
  "transactionTimestamps": [
    1706081970254,
    1706081971200,
    1706081972197,
    1706081973182,
    1706081974069,
    1706081975129,
    1706081975892,
    1706081976592,
    1706081977245,
    1706081977952,
    1706081978686,
    1706081979430
  ],
  "blockTimestamps": [
    1706081973733,
    1706081976741,
    1706081979737,
    1706081982737
  ],
  "blockTimes": [
    1706081973,
    1706081976,
    1706081979,
    1706081982
  ],
  "blockTransactions": [
    1,
    3,
    3,
    5
  ],
  "Delays": [
    3479,
    5541,
    4544,
    3559,
    5668,
    4608,
    3845,
    6145,
    5492,
    4785,
    4051,
    3307
  ],
  "Throughputs": [
    0.2874389192296637,
    0.6166178510867889,
    0.7381630285774543,
    0.9613073780341264
  ],
  "AverageDelays": [
    3479,
    4280.75,
    4463.428571428572,
    4585.333333333333
  ]
}