{
  "transactionTimestamps": [
    1706082240421,
    1706082240422,
    1706082241119,
    1706082241352,
    1706082242080,
    1706082242219,
    1706082242857,
    1706082243231,
    1706082243742,
    1706082244257,
    1706082244519,
    1706082245078
  ],
  "blockTimestamps": [
    1706082243742,
    1706082246746,
    1706082249737
  ],
  "blockTimes": [
    1706082243,
    1706082246,
    1706082249
  ],
  "blockTransactions": [
    2,
    6,
    4
  ],
  "Delays": [
    3321,
    3320,
    5627,
    5394,
    4666,
    4527,
    3889,
    3515,
    5995,
    5480,
    5218,
    4659
  ],
  "Throughputs": [
    0.6022282445046673,
    1.2648221343873518,
    1.2881064834693001
  ],
  "AverageDelays": [
    3320.5,
    4282.375,
    4634.25
  ]
}