{
  "transactionTimestamps": [
    1706082330471,
    1706082330471,
    1706082331575,
    1706082331607,
    1706082332415,
    1706082332662,
    1706082333315,
    1706082333454,
    1706082334169,
    1706082334512,
    1706082334929,
    1706082335409
  ],
  "blockTimestamps": [
    1706082333738,
    1706082336748,
    1706082339742
  ],
  "blockTimes": [
    1706082333,
    1706082336,
    1706082339
  ],
  "blockTransactions": [
    2,
    6,
    4
  ],
  "Delays": [
    3267,
    3267,
    5173,
    5141,
    4333,
    4086,
    3433,
    3294,
    5573,
    5230,
    4813,
    4333
  ],
  "Throughputs": [
    0.6121824303642486,
    1.2744941851202805,
    1.2943587531010676
  ],
  "AverageDelays": [
    3267,
    3999.25,
    4328.583333333333
  ]
}