{
  "transactionTimestamps": [
    1706081776288,
    1706081776212,
    1706081777222,
    1706081777333,
    1706081778025,
    1706081778182,
    1706081778838,
    1706081779276,
    1706081779837,
    1706081780320,
    1706081780834,
    1706081781108
  ],
  "blockTimestamps": [
    1706081779005,
    1706081782340,
    1706081784745
  ],
  "blockTimes": [
    1706081778,
    1706081781,
    1706081784
  ],
  "blockTransactions": [
    6,
    1,
    5
  ],
  "Delays": [
    2717,
    2793,
    1783,
    1672,
    980,
    823,
    3502,
    5469,
    4908,
    4425,
    3911,
    3637
  ],
  "Throughputs": [
    2.208317997791682,
    1.1566424322538005,
    1.418942887548776
  ],
  "AverageDelays": [
    1794.6666666666667,
    2038.5714285714287,
    3051.6666666666665
  ]
}