{
  "transactionTimestamps": [
    1706082285446,
    1706082285446,
    1706082286097,
    1706082286236,
    1706082287133,
    1706082287180,
    1706082287847,
    1706082287879,
    1706082288797,
    1706082288922,
    1706082289571,
    1706082289711
  ],
  "blockTimestamps": [
    1706082288743,
    1706082291739,
    1706082294740
  ],
  "blockTimes": [
    1706082288,
    1706082291,
    1706082294
  ],
  "blockTransactions": [
    2,
    6,
    4
  ],
  "Delays": [
    3297,
    3297,
    5642,
    5503,
    4606,
    4559,
    3892,
    3860,
    5943,
    5818,
    5169,
    5029
  ],
  "Throughputs": [
    0.6066120715802245,
    1.2712537740346417,
    1.2911555842479019
  ],
  "AverageDelays": [
    3297,
    4332,
    4717.916666666667
  ]
}